acc_x, acc_y, angular_z, stamp, 
0.0038565993309020996,0.019730746746063232,2.8810711455173335e-06,1791553490498548687,
0.0057724714279174805,-0.005571424961090088,1.8486403967009197e-06,1791553490530793408,
0.00736391544342041,0.010545432567596436,1.6091935034515664e-06,1791553490567839751,
0.0018163323402404785,-0.01823270320892334,1.5471117032942402e-10,1791553490596508682,
0.003041565418243408,0.008504867553710938,7.903773671045463e-11,1791553490657532258,
0.0023260116577148438,0.006331205368041992,-2.8432063272331743e-11,1791553490717459437,
-0.007073044776916504,0.004062294960021973,-1.8319596936521202e-10,1791553490777208558,
0.030384540557861328,0.005585074424743652,-2.828346783514896e-10,1791553490807220630,
0.004841268062591553,-0.007192373275756836,-1.991530427172323e-06,1791553490837156214,
-0.0025976896286010742,0.021351158618927002,-5.958541441540052e-10,1791553490866568992,
0.0009414553642272949,0.004914581775665283,-1.8700512535894938e-06,1791553490898453351,
-0.006305694580078125,-0.0023156404495239258,-6.668377486517436e-10,1791553490929489858,
0.015279591083526611,0.0047307610511779785,-2.159417221428878e-06,1791553490957101393,
-0.019086241722106934,-0.004394471645355225,-7.884858571043994e-10,1791553490986978232,
-0.0012552738189697266,-0.002716660499572754,-1.996661125184289e-06,1791553491016843241,
-0.0011970996856689453,-0.0028330087661743164,-8.493210899994487e-10,1791553491046786964,
0.00228041410446167,-0.0011405348777770996,-1.9909603078901395e-06,1791553491106618779,
-0.02294212579727173,0.0060863494873046875,-7.093678476789056e-10,1791553491137500181,
-0.02265840768814087,-0.013644576072692871,-2.043467840191862e-06,1791553491166677180,
0.0027454495429992676,0.007804811000823975,-4.3833954146810975e-10,1791553491196831430,
-0.013213515281677246,-0.0013282299041748047,-3.5408246626020455e-10,1791553491226447546,
0.010171234607696533,-0.008586108684539795,-2.9440910058246294e-10,1791553491256370654,
-0.004271805286407471,-0.003131866455078125,-2.7779059263852595e-10,1791553491286335932,
-0.004143238067626953,-0.011951804161071777,-2.2442082799987804e-10,1791553491316430077,
-0.01841437816619873,0.025894880294799805,-1.4756158300039011e-10,1791553491346576790,
0.0032873153686523438,-0.0009899139404296875,-1.8329216052941101e-06,1791553491379096989,
0.021232187747955322,-0.01333463191986084,-7.041153433869348e-11,1791553491405531236,
-0.0004967451095581055,0.008611142635345459,-6.642165255333607e-11,1791553491436250702,
-0.015071213245391846,0.010846555233001709,-4.832026795467638e-11,1791553491466031412,
-0.009601831436157227,0.003926694393157959,6.480679901713842e-13,1791553491496009552,
-0.002263784408569336,-0.0067250728607177734,1.2399263966837774e-11,1791553491526104244,
0.006710231304168701,-0.0012418627738952637,1.7153455983885635e-11,1791553491555835753,
-0.016550421714782715,0.0006126761436462402,1.988630489952203e-11,1791553491586954010,
0.01225811243057251,0.02032405138015747,1.1058678381983825e-11,1791553491618631007,
0.02482396364212036,0.009377479553222656,4.958586818752234e-12,1791553491645888845,
0.019110441207885742,-0.010603725910186768,-7.065696834760356e-12,1791553491675765854,
-0.0009940862655639648,-0.006947696208953857,-2.0038329901596092e-11,1791553491705592783,
-0.013928055763244629,-0.006800830364227295,3.2767602854474846e-12,1791553491735552718,
-0.01755434274673462,0.005869686603546143,4.3614603054464983e-11,1791553491765495408,
0.00949704647064209,0.009510993957519531,4.9785401341294325e-11,1791553491795489928,
0.013106286525726318,0.0023264288902282715,4.752296338315013e-11,1791553491826957333,
-0.004850625991821289,0.009650111198425293,6.238310250325467e-11,1791553491859077712,
-0.026546597480773926,0.007839024066925049,6.418809830371498e-11,1791553491884525277,
-0.020996034145355225,0.032848358154296875,4.992377807079139e-11,1791553491915459042,
-0.0028203725814819336,-0.003354966640472412,-2.7747988106316793e-13,1791553491945323456,
0.01343226432800293,-0.010656118392944336,-2.511656664271552e-11,1791553491975367915,
-0.01533597707748413,-0.019541621208190918,-1.9642905612483163e-11,1791553492005321596,
-0.013309776782989502,0.0003465414047241211,-5.722944957705559e-12,1791553492035257458,
0.004905104637145996,0.023742198944091797,2.0827840514198709e-13,1791553492066602114,
0.006880819797515869,-0.001423180103302002,2.5513313227991335e-12,1791553492097669014,
-0.009367287158966064,-0.02458333969116211,-8.604311826416634e-12,1791553492125325374,
-0.018536269664764404,-0.01881951093673706,-4.25004052728173e-12,1791553492156035248,
0.0013009905815124512,-0.007561206817626953,-1.9279930400262854e-12,1791553492185233036,
-0.00020015239715576172,0.014332175254821777,1.9871308892609053e-06,1791553492215227657,
0.01950705051422119,-0.0035140514373779297,-1.0332194959938508e-10,1791553492245329807,
-0.0020192861557006836,-0.024824559688568115,-9.835450251707515e-11,1791553492275272246,
0.010447978973388672,-0.00827491283416748,-6.314789469857948e-11,1791553492306937451,
-0.009456932544708252,-0.009792983531951904,-1.9372365564476136e-11,1791553492335037715,
0.0013456344604492188,0.006543278694152832,2.023771015258574e-06,1791553492364489266,
0.0032964348793029785,-0.002404928207397461,-4.506640586480558e-11,1791553492386541231,
0.0031586885452270508,0.006488204002380371,1.5773707319811072e-06,1791553492424326229,
-0.03433561325073242,-0.016887247562408447,-7.476550711002501e-11,1791553492454290314,
-0.008974254131317139,0.02088826894760132,1.991877683026472e-06,1791553492484211647,
-0.008691787719726562,0.010031044483184814,-2.396285453930949e-10,1791553492514699494,
0.012895584106445312,0.002599954605102539,-2.630415175670938e-10,1791553492546626838,
0.018275201320648193,-0.02265310287475586,-2.5742028496395447e-10,1791553492574362173,
0.005570769309997559,-0.006422936916351318,-1.9576662143980815e-10,1791553492605101949,
-0.0034875869750976562,0.009756207466125488,-1.6909569192484825e-10,1791553492632970966,
0.01446455717086792,-0.006369173526763916,-1.3113994226605272e-10,1791553492663961757,
0.032212913036346436,-0.019004881381988525,-8.260517814820945e-11,1791553492694041562,
-0.00775831937789917,0.007907330989837646,2.297170929725571e-11,1791553492723845249,
0.0027655363082885742,-0.002846360206604004,-1.913198359462054e-06,1791553492754998118,
-0.013592839241027832,0.0204390287399292,1.2803533856260704e-10,1791553492786991115,
0.018549025058746338,0.023788869380950928,1.519882034784221e-10,1791553492813663771,
0.0050438642501831055,0.003381788730621338,5.742684338171357e-11,1791553492843538498,
0.024901390075683594,0.012525379657745361,0.00021541670556664608,1791553492867057233,
-0.2593337297439575,0.3127480745315552,0.032835296452906775,1791553492903687516,
-0.16618365049362183,0.5866586565971375,0.43439978675287794,1791553492933395578,
-0.32247990369796753,0.7088609933853149,0.8090577126822289,1791553492963317464,
-0.12996721267700195,0.06273424625396729,0.9723926346652243,1791553492994774465,
0.09756356477737427,-0.48417139053344727,1.1009652315845628,1791553493026596744,
0.10050386190414429,0.016851305961608887,1.311201902590745,1791553493053170620,
0.32305121421813965,-0.05699038505554199,1.108686942450284,1791553493083131379,
0.13880062103271484,-0.4505649209022522,1.0880464579097824,1791553493113096184,
0.0002881288528442383,0.05515366792678833,1.051560069940604,1791553493142982192,
-0.004338204860687256,-0.024397611618041992,1.0121168298378977,1791553493172954952,
-0.30083876848220825,-0.1522616744041443,0.9899919573437458,1791553493203121787,
0.3742556571960449,-0.13177376985549927,0.9105395332961068,1791553493235627672,
-0.3180806040763855,0.03085923194885254,0.9499339521467703,1791553493264856226,
0.1596372127532959,-0.2612735629081726,0.9902273588797448,1791553493293390217,
-0.22323590517044067,-0.01315760612487793,1.0242370378030758,1791553493322716959,
-0.13428878784179688,0.11373937129974365,0.8671396293523734,1791553493345878083,
-0.0750609040260315,-0.013053536415100098,1.0832194026602642,1791553493373427879,
-0.182794451713562,-0.3207550644874573,1.0390981479999757,1791553493402786320,
0.3919854164123535,0.020860254764556885,1.074867103800767,1791553493431501734,
-0.5648067593574524,0.2790924906730652,0.959765692812352,1791553493462439144,
0.2901908755302429,-0.4423055052757263,1.0061976075708619,1791553493492409396,
-0.5293959975242615,-0.04845362901687622,0.9959743432998218,1791553493523119051,
0.4682791829109192,0.22490280866622925,0.930406498325403,1791553493555175839,
-0.4255911707878113,-0.07995843887329102,1.0751232827353918,1791553493582370810,
0.13251221179962158,-0.1644197702407837,1.0032678707961074,1791553493612394600,
-0.23391681909561157,0.169746994972229,0.9807537400801923,1791553493642180092,
0.15880197286605835,-0.02360212802886963,0.9785748813560028,1791553493672324517,
-0.24017757177352905,-0.04891842603683472,1.0360615084673281,1791553493702152280,
0.21404218673706055,-0.20502221584320068,1.0368213509732545,1791553493732048973,
-0.09271740913391113,-0.10069888830184937,0.9725133653374375,1791553493762303601,
0.23442554473876953,0.1131628155708313,0.8984764124915412,1791553493794714890,
0.1936490535736084,-0.390097975730896,1.1177694513528715,1791553493821863725,
0.026471495628356934,-0.04912346601486206,1.010627822494282,1791553493851875623,
-0.17313843965530396,0.35341334342956543,1.0183443052634105,1791553493881687188,
0.005337715148925781,-0.3035607933998108,1.0057661505441244,1791553493911985757,
0.03848809003829956,-0.3177539110183716,1.0294774542298284,1791553493941606064,
0.07913625240325928,0.3089179992675781,1.0187195297142762,1791553493971559294,
-0.16938507556915283,-0.06381213665008545,0.9174531748000302,1791553494003403645,
0.2988463044166565,-0.5183702111244202,0.956645164301581,1791553494034214765,
-0.4910515546798706,0.3164503574371338,1.102676979161529,1791553494061440589,
-0.009413599967956543,-0.029954731464385986,1.0283497799387362,1791553494090544821,
0.23486506938934326,0.06769430637359619,0.8486918288615635,1791553494114206862,
0.2442517876625061,-0.058667898178100586,1.1305636131089827,1791553494151225900,
-0.35024529695510864,-0.10034918785095215,1.0127832797952983,1791553494181201777,
0.19111698865890503,-0.16432011127471924,0.9883442838016949,1791553494211170519,
-0.330665647983551,0.04410618543624878,0.9715218289775193,1791553494242842862,
0.15076041221618652,-0.03845787048339844,0.9915561909578055,1791553494273634329,
-0.5549598336219788,0.14040762186050415,1.0636043713736032,1791553494301095651,
0.07348412275314331,-0.20662343502044678,1.0024213208717758,1791553494331166308,
0.08945006132125854,-0.1694071888923645,1.00832886642658,1791553494360884028,
-0.07198643684387207,0.022291362285614014,0.9744265981209874,1791553494390783174,
-0.09716391563415527,-0.045632362365722656,0.9923514055441841,1791553494420779523,
0.10238528251647949,-0.029947102069854736,0.9942410896639486,1791553494451575381,
-0.08157616853713989,-0.03771770000457764,0.987689391673906,1791553494483106404,
0.025845825672149658,-0.20925796031951904,1.088548206862974,1791553494511251016,
0.3436289429664612,-0.120613694190979,1.0117667581921395,1791553494540997989,
-0.21373945474624634,-0.07091975212097168,1.0398564968717143,1791553494570483885,
-0.18490147590637207,-0.1507551670074463,1.0113829532272602,1791553494600455323,
0.5964603424072266,-0.0531044602394104,0.9623826999244462,1791553494630635240,
-0.8202491998672485,0.10477447509765625,0.9831888220065543,1791553494660364895,
0.18920022249221802,-0.22025519609451294,0.9720692706503428,1791553494691267358,
-0.26832497119903564,-0.06921577453613281,0.9465779910553002,1791553494722899899,
-0.09480106830596924,0.3318726420402527,1.1107246061929805,1791553494750253286,
-0.41848260164260864,0.14648795127868652,1.009864156659545,1791553494780192842,
-1.7940998077392578e-05,-0.325151264667511,1.0337811977698255,1791553494810030724,
0.0034148693084716797,0.0254555344581604,1.0271557810300174,1791553494840044187,
0.04793405532836914,0.11647188663482666,0.9867001980331934,1791553494869970776,
-0.5499281287193298,0.01630699634552002,0.9995823602957935,1791553494900111217,
0.03870224952697754,-0.3613179922103882,0.9936563800278478,1791553494930855297,
0.03000509738922119,-0.23821145296096802,0.9150197931936845,1791553494963411350,
-0.0009505152702331543,0.010230660438537598,1.087734732679282,1791553494999751090,
0.25068938732147217,-0.29068315029144287,1.0140309731173867,1791553495029678765,
-0.018267929553985596,-0.12468826770782471,1.0417072948040669,1791553495059706694,
-0.07518082857131958,-0.003764808177947998,0.9459743484015681,1791553495091118213,
-0.12970560789108276,-0.14478939771652222,0.9104279125097481,1791553495123136705,
-0.1636548638343811,0.056265950202941895,1.1248450996003139,1791553495159433239,
0.16314655542373657,-0.03721737861633301,0.9926833765998868,1791553495189454643,
0.08708232641220093,-0.0985143780708313,0.9965130838239363,1791553495219368279,
-0.11014819145202637,0.005714237689971924,0.9515361317316816,1791553495250746069,
-0.14150458574295044,-0.35069799423217773,0.9418670420222586,1791553495282685820,
0.4213852286338806,-0.1190904974937439,1.162793067071997,1791553495309184822,
-0.06049007177352905,-0.04820936918258667,0.978101612376079,1791553495339378909,
0.03378349542617798,-0.3296152949333191,0.9916076683911298,1791553495369344817,
-0.21337038278579712,-0.04813617467880249,1.048956943614359,1791553495399008948,
0.08923381567001343,-0.2468203902244568,1.0399736811922073,1791553495428985812,
0.12282669544219971,-0.13397884368896484,0.9810951908320357,1791553495459060823,
0.27135854959487915,-0.27507179975509644,0.9000692972217752,1791553495490788207,
-0.12722015380859375,-0.17782819271087646,1.0077350033026689,1791553495519347846,
-0.1906285285949707,0.26650458574295044,0.9932845497595048,1791553495549230699,
0.15882569551467896,-0.12483090162277222,1.0131721332925452,1791553495578655599,
0.01725846529006958,-0.24571430683135986,1.02037478162669,1791553495608703734,
0.0660744309425354,-0.138683021068573,1.0566076582131438,1791553495638684897,
-0.12845486402511597,-0.13513582944869995,1.0081467216884703,1791553495669052569,
0.019837379455566406,-0.09472644329071045,0.9934404389597205,1791553495698937492,
-0.2618159055709839,-0.16126525402069092,0.9362217928716917,1791553495731135029,
-0.11225956678390503,-0.036280274391174316,1.0987895101560445,1791553495758657847,
0.10056793689727783,-0.017350375652313232,1.0351454818291685,1791553495788666486,
0.21617186069488525,-0.3317333459854126,1.0353975457631648,1791553495818251071,
0.07930153608322144,-0.0981324315071106,1.0121455208613088,1791553495848274528,
-0.38281601667404175,0.10227018594741821,0.9996141695562162,1791553495878201687,
0.2423851490020752,-0.09880727529525757,0.9732316506725972,1791553495908144579,
0.01197749376296997,-0.23053133487701416,0.9640522717554915,1791553495938958353,
0.13876760005950928,-0.14122796058654785,0.934660131924811,1791553495970811410,
0.14219820499420166,0.041486382484436035,1.0865413436713753,1791553495998301484,
0.09143924713134766,-0.22280162572860718,1.0230411060694744,1791553496028457282,
0.08886522054672241,-0.2093261480331421,1.0501012693536405,1791553496057835469,
0.2087675929069519,-0.026960432529449463,1.019093739027775,1791553496087871725,
-0.3984159231185913,-0.24478298425674438,0.995054811948639,1791553496117788342,
-0.19866567850112915,0.04554253816604614,0.9640724941340236,1791553496148643803,
-0.002142488956451416,0.04219335317611694,1.0078767302628169,1791553496179458043,
-0.07304590940475464,0.05966395139694214,0.9770563020206918,1791553496210747422,
0.1910199522972107,-0.14153265953063965,1.113835488306199,1791553496237657760,
-0.12543755769729614,-0.1670382022857666,1.0141654158867934,1791553496266513110,
0.005133330821990967,-0.16347938776016235,0.9588027467097463,1791553496297427505,
-0.3912184238433838,0.04673624038696289,1.02160463741617,1791553496327412508,
0.10314226150512695,0.019253849983215332,0.9896325133506219,1791553496357389978,
-0.3575378656387329,0.0009520649909973145,0.9844436529160018,1791553496387361739,
0.01664447784423828,-0.2174825668334961,0.9748410326225109,1791553496418746667,
-0.5681792497634888,-0.11710518598556519,0.9840010880566467,1791553496449862364,
0.1896209716796875,-0.07797122001647949,1.0944170530959543,1791553496477386653,
-0.5078313946723938,-0.03446614742279053,0.9840994525675993,1791553496507104218,
-0.18126899003982544,-0.03470313549041748,1.0345495558463613,1791553496536122265,
-0.46227240562438965,-0.09951961040496826,0.9859831730056461,1791553496567044068,
-0.1341671347618103,-0.12674349546432495,1.0351284236638276,1791553496596900381,
-0.290343701839447,0.007940232753753662,1.0243916685796586,1791553496627196178,
0.11988431215286255,-0.030121326446533203,0.9532145840603242,1791553496658748439,
-0.44472736120224,0.028820931911468506,1.0680903835361544,1791553496686842098,
0.08074337244033813,-0.1735074520111084,0.9952997848912115,1791553496716830959,
-0.023938357830047607,-0.09942543506622314,0.9999995841498339,1791553496746619974,
0.4096030592918396,0.09062039852142334,0.9830372973373288,1791553496776627667,
-0.3177008032798767,-0.186395525932312,0.9813499387527459,1791553496806550350,
-0.3101828098297119,-0.08387672901153564,1.0164625978909558,1791553496836495502,
-0.07542818784713745,-0.06465232372283936,1.0083189714681018,1791553496866815970,
-0.021577954292297363,0.09890639781951904,0.9450374482547997,1791553496899202595,
-0.2589413523674011,-0.2269870638847351,1.1173943705690612,1791553496926384679,
-0.01895129680633545,-0.02570784091949463,0.9693127890066776,1791553496956311540,
-0.11157947778701782,-0.2101570963859558,1.0020205194041734,1791553496986214424,
0.38189107179641724,0.07674700021743774,1.0242468611601285,1791553497016162871,
-0.4454873204231262,0.16243857145309448,1.052820895774794,1791553497045110187,
0.4047292470932007,-0.08567821979522705,0.9709315318157083,1791553497076069072,
-0.1796981692314148,-0.15550154447555542,0.9724642081658897,1791553497106902933,
-0.04468667507171631,0.10957837104797363,0.9312633363598891,1791553497139289513,
0.18840903043746948,0.03989517688751221,1.1361306836625262,1791553497165897455,
0.07025587558746338,-0.07980293035507202,1.0348005972682097,1791553497195888883,
0.349368691444397,0.014503121376037598,1.0090762678210963,1791553497225789218,
-0.08974158763885498,-0.030361652374267578,1.0075117253757209,1791553497255760708,
-0.3150973916053772,0.03249150514602661,0.983942057615503,1791553497285713200,
-0.16654694080352783,-0.10707920789718628,1.00842724726579,1791553497315759143,
-0.15782833099365234,-0.19212985038757324,0.9849053307870586,1791553497347065806,
0.16019940376281738,-0.18087071180343628,0.9282442862053848,1791553497378994652,
-0.5484582781791687,-0.07120400667190552,1.055767716273839,1791553497415664083,
-0.08981984853744507,0.285161554813385,0.9884029016386434,1791553497445669842,
0.6525259017944336,-0.1985630989074707,1.0765330591051847,1791553497475568827,
-0.23520779609680176,-0.04006075859069824,1.0562690572088484,1791553497506837385,
0.005804002285003662,0.17514163255691528,1.0106652666723537,1791553497537928911,
-0.008655846118927002,-0.09524208307266235,1.1166896003179176,1791553497564534652,
-0.5390689373016357,-0.08815872669219971,0.9112808179833953,1791553497595486285,
0.012868285179138184,-0.2085016965866089,0.9859273948450663,1791553497625494380,
0.3526213765144348,0.48879408836364746,0.997881184567709,1791553497655450305,
-0.07739001512527466,-0.022699415683746338,1.0085276883135745,1791553497685448860,
0.1400812268257141,0.09307849407196045,0.9743227446709444,1791553497715655950,
-0.6281029582023621,0.2702291011810303,0.9733488029736619,1791553497746827098,
0.09531372785568237,0.2179698348045349,1.0242322531645176,1791553497776886227,
-0.2283332347869873,-0.1587667465209961,1.1152261313626342,1791553497804500253,
-0.1172252893447876,-0.16913527250289917,0.9959532544758956,1791553497835348292,
0.024029970169067383,0.17348390817642212,0.9804904235943682,1791553497865347567,
-0.1793806552886963,0.17668777704238892,0.9580700269774255,1791553497894680546,
-0.28673267364501953,-0.08950245380401611,0.9778268933002472,1791553497924818550,
0.10395544767379761,-0.16035526990890503,1.0159896808328217,1791553497955277788,
-0.02804797887802124,0.2086278796195984,0.9715026586042337,1791553497986832011,
-0.22546058893203735,0.20148932933807373,1.1121313171483564,1791553498014467157,
-0.022616982460021973,-0.13132226467132568,0.9892443804576345,1791553498044380090,
-0.40619415044784546,0.16219651699066162,0.9794866356103593,1791553498074320495,
0.12689363956451416,0.05961740016937256,1.0021043153718674,1791553498104306226,
0.10046213865280151,-0.09175151586532593,1.0352258598735693,1791553498134260279,
0.20443785190582275,0.07997894287109375,1.0347719103853477,1791553498164130520,
-0.10118120908737183,-0.040366291999816895,0.9729390907739349,1791553498194938909,
0.05351531505584717,0.2487252950668335,0.9078800510514992,1791553498227662832,
-0.18296104669570923,0.145327627658844,1.1287847038889205,1791553498254306761,
-0.4730203151702881,0.299213707447052,1.0284640749422205,1791553498283909294,
-0.11803996562957764,-0.002774178981781006,1.0322497860751825,1791553498313904892,
-0.004435181617736816,0.22667545080184937,1.0178379513706788,1791553498343902929,
0.2870360016822815,0.009089529514312744,1.0144690680724255,1791553498374124753,
-0.2506055235862732,0.05319786071777344,1.046119069757617,1791553498403893806,
-0.0564693808555603,-0.03703659772872925,0.9485367236938199,1791553498435229450,
-0.40765899419784546,0.06822484731674194,0.883382339681767,1791553498467186324,
-0.08284401893615723,0.03461098670959473,1.1003821974330534,1791553498493750203,
0.27107709646224976,0.042583584785461426,1.010655616745704,1791553498523487215,
-0.06806737184524536,0.20021319389343262,0.8788665092331195,1791553498546509812,
-0.040549516677856445,0.011911392211914062,1.0991668594447472,1791553498573578319,
-0.030413150787353516,0.07249921560287476,1.036124830822107,1791553498602541712,
-0.137062668800354,0.16826236248016357,0.9824848128545284,1791553498633407643,
0.07378208637237549,-0.03516817092895508,1.0382094556826604,1791553498663270677,
0.090096116065979,-0.13714468479156494,1.0749759992915757,1791553498692236258,
0.22318637371063232,0.0179976224899292,0.9994787632500668,1791553498723165699,
-0.43646472692489624,-0.10085684061050415,0.9577439199334349,1791553498754960885,
0.6957569718360901,0.28942275047302246,0.9432008184242057,1791553498785451939,
-0.3865915536880493,-0.10549825429916382,1.0371107848268728,1791553498823002349,
-0.2881537079811096,0.03139775991439819,1.0284346406641491,1791553498852936660,
-0.2177531123161316,-0.0814698338508606,1.0253256749551392,1791553498883532223,
0.18546801805496216,-0.013182282447814941,0.9623513445243719,1791553498915285909,
0.015028119087219238,-0.20837217569351196,1.1158952060374867,1791553498942760936,
0.36775875091552734,0.1900227665901184,0.9959025655933439,1791553498972724189,
-0.29877662658691406,0.019696712493896484,0.9711041182628398,1791553499002672914,
-0.06698936223983765,-0.05514490604400635,0.9725522804614442,1791553499032653086,
-0.5265325903892517,0.03175860643386841,1.0144375848638025,1791553499062630083,
0.23757481575012207,0.33004623651504517,1.01162371287812,1791553499092584495,
-0.13587069511413574,-0.04586976766586304,0.9826815447543588,1791553499123615857,
0.41782450675964355,-0.0930822491645813,0.9505006698671012,1791553499154966861,
-0.23177951574325562,0.04395872354507446,1.0767205842435383,1791553499182639639,
0.12980568408966064,0.2718966007232666,0.9839460622348237,1791553499212418094,
-0.08037054538726807,-0.16205298900604248,0.8868438490686216,1791553499234970419,
-0.17725008726119995,0.05335509777069092,1.1146166619730653,1791553499271230461,
0.2278660535812378,-0.03146404027938843,0.9925147873104583,1791553499302168003,
-0.30020761489868164,0.04782181978225708,1.0053868455458348,1791553499332126241,
-0.12944060564041138,-0.0005916953086853027,0.9600138928441193,1791553499363585385,
-0.5133906602859497,-0.054601073265075684,0.9357699767729749,1791553499395027820,
0.2041659951210022,-0.024719417095184326,1.097466585279165,1791553499422006559,
-0.11736732721328735,0.08897590637207031,0.9907832635172432,1791553499451842963,
0.24872368574142456,0.02292954921722412,1.0159260563227936,1791553499481837427,
0.10373479127883911,-0.010943591594696045,1.023035861299829,1791553499511781213,
-0.23812121152877808,0.0056359171867370605,1.0306032594196006,1791553499541700007,
-0.1301392912864685,-0.09773242473602295,1.0167241459609464,1791553499571688402,
-0.012466609477996826,0.2005751132965088,0.9420194899898894,1791553499603154068,
0.3231554627418518,0.17327845096588135,0.9485917323044875,1791553499634487078,
0.012942373752593994,0.03718924522399902,1.094673238504867,1791553499661581482,
0.00448077917098999,-0.1413639783859253,1.0036010350518354,1791553499691464714,
-0.2316814661026001,0.0995551347732544,1.028572050367826,1791553499721416152,
0.09207606315612793,-0.0022172927856445312,1.0398114863181716,1791553499751367019,
0.2122575044631958,-0.1598796844482422,1.0475177802897835,1791553499780280432,
-0.059826791286468506,-0.07664668560028076,0.9549225738384752,1791553499811308076,
-0.05622285604476929,0.20188748836517334,0.9012290424384604,1791553499843284064,
-0.11227071285247803,0.282744824886322,0.9700537217146016,1791553499873143358,
-0.2851336598396301,-0.07845884561538696,1.0608562787977456,1791553499901092302,
-0.48830074071884155,0.12359768152236938,1.009229314298531,1791553499931044165,
0.19448137283325195,-0.06307905912399292,1.0240032103679633,1791553499960984664,
-0.4280267357826233,-0.15948575735092163,1.0253390978490422,1791553499990972874,
0.37856918573379517,0.01261812448501587,1.0089693325180458,1791553500020848155,
-0.20642000436782837,-0.07257908582687378,0.9969973785036764,1791553500051184219,
-0.01915872097015381,-0.007211565971374512,0.9412033566095284,1791553500082518764,
-0.2676622271537781,-0.0006076693534851074,1.045196737167869,1791553500110790842,
-0.0037069320678710938,0.02064335346221924,0.9861141457346018,1791553500140702165,
-0.13448095321655273,-0.021667540073394775,0.9888683766809331,1791553500170674862,
-0.14485234022140503,0.17874622344970703,0.9932778094098232,1791553500200655744,
0.17735600471496582,-0.02998870611190796,1.0354142777171096,1791553500230610709,
-0.03177565336227417,0.025740385055541992,1.0524145308829715,1791553500260488845,
0.13732749223709106,0.007994532585144043,1.0317668291592579,1791553500291151685,
0.285028338432312,-0.1334449052810669,0.9493542792164016,1791553500323126963,
-0.15580898523330688,-0.03431898355484009,1.080873876136684,1791553500350381677,
0.17892378568649292,-0.01216578483581543,0.99838035089334,1791553500379419864,
-0.47248393297195435,0.17169123888015747,0.9264157635206302,1791553500410196069,
-0.32198482751846313,-0.19144850969314575,0.9897901275965687,1791553500440119169,
-0.19189023971557617,-0.011252522468566895,1.0092642348150442,1791553500470051184,
0.019662022590637207,-0.12493830919265747,1.035296744426183,1791553500500058731,
0.1294756531715393,-0.10837435722351074,0.9804562780401446,1791553500531479770,
0.3201032876968384,0.05420374870300293,0.9442316815025891,1791553500563229606,
0.013630807399749756,-0.16886812448501587,1.092320548482603,1791553500589892978,
-0.18423134088516235,0.0192679762840271,0.9721143616625744,1791553500619776301,
0.3900523781776428,0.0385206937789917,0.9715381938364303,1791553500649815629,
-0.07976830005645752,-0.12649881839752197,0.9911291982855471,1791553500679741689,
-0.214971125125885,0.019755184650421143,1.0071407090477025,1791553500709655408,
-0.03260701894760132,-0.10893970727920532,1.0326751884254732,1791553500739672718,
0.44619208574295044,0.0676150918006897,0.9693031613500915,1791553500770963398,
-0.1578403115272522,-0.051797688007354736,0.9525409481797944,1791553500802298221,
0.03187042474746704,0.02979940176010132,1.1026292725096094,1791553500829454993,
0.0845041275024414,-0.07305586338043213,1.0154052430657792,1791553500859344869,
-0.35203564167022705,-0.045342981815338135,1.0053700520270068,1791553500889333660,
0.27218562364578247,-0.04580777883529663,1.0069388867714442,1791553500919281070,
0.5384488701820374,0.0001773238182067871,0.9892978949477736,1791553500949213572,
-0.05040186643600464,-0.00990992784500122,0.9656984539545402,1791553500979681224,
0.016415119171142578,0.11269009113311768,0.9454507468663944,1791553501010986544,
-0.21445941925048828,0.04207330942153931,1.0835240475769536,1791553501039106015,
-0.22740542888641357,-0.10474783182144165,1.030483627067273,1791553501069037105,
-0.19114595651626587,-0.10613769292831421,1.032562667268188,1791553501098976633,
0.008684158325195312,-0.11483174562454224,1.0201955680181258,1791553501128908565,
-0.19103991985321045,-0.09802806377410889,1.0071718491633355,1791553501159155940,
0.09799730777740479,-0.03995245695114136,0.988431854762723,1791553501188868228,
0.0871691107749939,0.16392451524734497,0.9717273772165316,1791553501219104862,
-0.041867077350616455,-0.014252722263336182,0.943404762592546,1791553501251028950,
0.04026353359222412,0.10574352741241455,1.0504105345610935,1791553501279423412,
-0.37230080366134644,-0.06900346279144287,1.0012505444506956,1791553501309284188,
0.04082190990447998,0.10823124647140503,1.028676537571651,1791553501338583915,
0.06887441873550415,-0.10266268253326416,1.0078587060165285,1791553501368552723,
-0.3177473545074463,0.11986029148101807,1.0048860321872042,1791553501398460686,
-0.07787352800369263,-0.32586950063705444,1.0302489418494947,1791553501428397880,
-0.3102138042449951,-0.10514628887176514,1.0334298169529519,1791553501458060279,
0.29834097623825073,0.014899790287017822,0.8831749158731125,1791553501492781905,
0.07068818807601929,0.03183770179748535,1.185316839014874,1791553501518410655,
-0.044123291969299316,0.017943978309631348,1.0228183269123492,1791553501548152901,
0.22354775667190552,-0.03204047679901123,1.0057280383310927,1791553501578162830,
-0.13094347715377808,-0.13999080657958984,0.9869749688744717,1791553501608087489,
-0.0731847882270813,0.02235633134841919,0.9694712734898827,1791553501638020363,
-0.2763875722885132,0.036636292934417725,0.9648032651721609,1791553501667993060,
-0.10888469219207764,0.12720876932144165,0.9761994606998267,1791553501699301761,
-0.17940425872802734,0.2608991861343384,0.9993450523135091,1791553501731298810,
-0.23533761501312256,-0.015972912311553955,1.2490038094825668,1791553501757870136,
-0.0006996989250183105,-0.20812839269638062,1.1182353451195974,1791553501787835981,
0.20574986934661865,0.06200379133224487,1.1387646864768441,1791553501817725241,
-0.5111899375915527,-0.11977875232696533,1.127408425925377,1791553501848016492,
0.22396928071975708,0.1839665174484253,1.1280986763494765,1791553501877916524,
0.15451538562774658,-0.04245269298553467,1.1048120109538917,1791553501907802354,
0.292300820350647,-0.3426280617713928,1.038452832268997,1791553501939711103,
-0.03339344263076782,0.15973490476608276,1.0677567254991411,1791553501970653035,
-0.179462730884552,-0.09482747316360474,1.2646403529984631,1791553501997817553,
0.1390681266784668,0.21075654029846191,1.2179684681605785,1791553502027346987,
-0.012514829635620117,0.3834390640258789,1.2231575522994034,1791553502057248410,
-0.38348066806793213,-0.3764946460723877,1.2384692475226893,1791553502087281261,
-0.07565319538116455,-0.20089179277420044,1.2913750950462946,1791553502117356885,
0.23088353872299194,0.6127722263336182,1.3082198911399017,1791553502147460210,
-0.4932800531387329,0.04489779472351074,1.2090892118307486,1791553502179425578,
0.3817340135574341,-0.7349022030830383,1.3761933033460092,1791553502207636525,
0.4282796382904053,0.2917020916938782,1.3777328159151077,1791553502236972221,
0.019584178924560547,0.6793296337127686,1.3305693206319262,1791553502267181721,
-0.6394150853157043,-0.8605894446372986,1.3240166404470595,1791553502296849093,
-0.35117971897125244,-0.2961689829826355,1.2865008907434805,1791553502326849071,
0.2032979130744934,1.0648950338363647,1.296324300733931,1791553502356803611,
-0.1522735357284546,0.26183944940567017,1.2756872866351745,1791553502387737212,
0.10748851299285889,-1.05930757522583,1.3270510126548474,1791553502419260684,
-0.15903371572494507,0.23833352327346802,1.511096318660359,1791553502447610158,
0.06835126876831055,0.895276665687561,1.5145841761797745,1791553502476552862,
-0.47309988737106323,-0.04674124717712402,1.5140479776088498,1791553502506494025,
0.007270216941833496,0.0930945873260498,1.5563821244755653,1791553502536464131,
-0.295105516910553,0.04501616954803467,1.5615561484299982,1791553502566368918,
-0.12956219911575317,0.26323968172073364,1.5450704872083876,1791553502596373282,
-0.1612878441810608,-0.3295300602912903,1.447683016041564,1791553502628040376,
0.010428905487060547,-0.3490491509437561,1.4719343872324133,1791553502659080152,
0.26373034715652466,0.7467992305755615,1.671427520545834,1791553502686263429,
-0.4979478120803833,0.35312801599502563,1.5266254434743554,1791553502716156626,
-0.0007777810096740723,-0.18177366256713867,1.5120720551103657,1791553502746054832,
-0.107913076877594,-0.002724945545196533,1.5098323421264246,1791553502776053850,
-0.49607717990875244,-0.05656665563583374,1.5006682206174087,1791553502806000985,
0.31027305126190186,-0.34889060258865356,1.4826761314021675,1791553502836060421,
-0.31786882877349854,0.23062604665756226,1.4364004145026257,1791553502867144601,
-0.07512563467025757,0.5066133141517639,1.438092637852067,1791553502899659182,
-0.5698726177215576,0.8751984238624573,1.858157961406484,1791553502925547496,
-0.6829385161399841,0.19066554307937622,1.554959899720552,1791553502956173974,
-0.5928496718406677,-0.0028824210166931152,1.5727531029514992,1791553502985867055,
-0.15665316581726074,-0.2599976658821106,1.5382009069652272,1791553503015868879,
-0.05894237756729126,-0.10752016305923462,1.5524874346310227,1791553503045824933,
0.03217869997024536,0.04118192195892334,1.5677207580952826,1791553503075856601,
-0.1750582456588745,0.1919727921485901,1.4996076719855935,1791553503106569480,
-0.3082925081253052,0.3749871850013733,1.4379620472979648,1791553503137659361,
0.4776872396469116,0.7287765741348267,1.5606223307608158,1791553503165820064,
-0.4392384886741638,0.08922445774078369,1.4794804793914864,1791553503196452542,
-0.12385666370391846,-0.020084023475646973,1.5828590153039346,1791553503225727758,
-0.3160083293914795,-0.116874098777771,1.5418004861175638,1791553503255821034,
-0.005841732025146484,0.16521883010864258,1.512325637891896,1791553503285972453,
-0.6877984404563904,-0.33023303747177124,1.4516033826048167,1791553503315789914,
-0.11145257949829102,-0.3848664164543152,1.2074027157940657,1791553503347594115,
-0.46869540214538574,-0.009771406650543213,1.139845366204487,1791553503375052216,
0.25855201482772827,-0.109707772731781,0.8566250014746569,1791553503405538000,
-0.07505333423614502,0.07338261604309082,0.8046327739526152,1791553503435021180,
0.10912460088729858,0.39258038997650146,0.8214842399714639,1791553503464825065,
-0.06891775131225586,0.2491500973701477,0.9293975107319797,1791553503494745894,
-0.0965082049369812,-0.011987447738647461,0.9744683031247394,1791553503524721088,
0.27928340435028076,-0.01833510398864746,0.975965152322917,1791553503554502309,
-0.1044427752494812,0.24216753244400024,0.8924478327730528,1791553503587192200,
0.14538365602493286,0.02087080478668213,1.0814414573618463,1791553503614688649,
0.09551012516021729,0.4695620536804199,0.9931723188698474,1791553503644591711,
-0.32652926445007324,-0.12402641773223877,1.0355019292428869,1791553503673685915,
0.5346648097038269,-0.10567808151245117,0.9621455318322598,1791553503704429483,
-0.4272412657737732,0.34659767150878906,0.956985024462215,1791553503734387662,
0.4934464693069458,-0.08855593204498291,0.9417638639080776,1791553503764259802,
0.12171220779418945,0.16312378644943237,0.9389152922086255,1791553503795686883,
0.006551980972290039,0.22448617219924927,0.9474527113187965,1791553503827138702,
-0.37691622972488403,0.09897887706756592,1.0913660244503256,1791553503854243265,
-0.32364994287490845,0.08679848909378052,0.9871510208597423,1791553503884081015,
0.27987754344940186,0.035167694091796875,0.9715388818111758,1791553503914025322,
0.2329120635986328,0.2433730959892273,0.9602460217863226,1791553503944219149,
-0.25578367710113525,0.03843623399734497,1.000283665407995,1791553503973934014,
0.45913249254226685,0.315000057220459,0.9952338549417151,1791553504003882568,
0.03128772974014282,0.06933945417404175,0.9384446674605676,1791553504035433880,
-0.30096614360809326,-0.18260592222213745,0.916397105263075,1791553504067041631,
0.34757453203201294,0.46094030141830444,1.0800949067193562,1791553504094213632,
-0.33055680990219116,0.1257495880126953,1.005036536922788,1791553504123711054,
-0.053038060665130615,0.03341633081436157,0.9973545922678925,1791553504153572380,
0.27277088165283203,-0.009663105010986328,0.9982641521048287,1791553504173671556,
-0.48132044076919556,0.08230948448181152,1.0213207806486322,1791553504212510220,
0.5186432003974915,0.2535521984100342,0.9634299078551025,1791553504243869217,
0.05078136920928955,0.13118654489517212,0.9530912829299218,1791553504275353895,
-0.48533064126968384,-0.1234317421913147,0.9639679589774347,1791553504306436395,
0.026610970497131348,0.2430204153060913,1.1308700637291877,1791553504333388136,
-0.28019195795059204,-0.0052727460861206055,1.0216431416436302,1791553504363223948,
0.006405174732208252,0.31270068883895874,0.9940956098503412,1791553504393216604,
-0.23653805255889893,0.09302645921707153,0.9838774410261684,1791553504423106650,
-0.2447318434715271,-0.02284020185470581,1.0054961524934074,1791553504453128583,
-0.08407425880432129,0.14186310768127441,1.0085045981975729,1791553504483391405,
-0.17303675413131714,0.13213366270065308,0.9433978378114724,1791553504515693904,
-0.08430957794189453,0.2435954213142395,1.0929832145530107,1791553504543452530,
0.2169649600982666,0.03963160514831543,1.0194039246553808,1791553504572945831,
-0.21890807151794434,-0.12452888488769531,1.0023318746956482,1791553504612896186,
-0.22972643375396729,-0.2988550662994385,1.0134969604853026,1791553504643390006,
-0.3050347566604614,0.2971400022506714,1.0015196631040064,1791553504674520993,
-0.31533360481262207,0.10372728109359741,1.0923384237577554,1791553504702815854,
0.10383588075637817,-0.2256758213043213,0.9855222001332411,1791553504733192215,
0.023148655891418457,0.36458414793014526,1.0647498785116907,1791553504761499535,
-0.22711151838302612,-0.058944642543792725,1.0282182484947977,1791553504791512817,
0.3652053475379944,0.003439009189605713,1.0115722415163322,1791553504822414031,
-0.30497807264328003,0.19769716262817383,1.0383102064040899,1791553504852375156,
-0.00012117624282836914,-0.14681470394134521,0.9916663811242081,1791553504883989217,
0.2631196975708008,0.21421372890472412,0.9971805414876213,1791553504915241357,
0.1472429633140564,0.08503228425979614,1.1436091943112174,1791553504942273582,
-0.3194201588630676,-0.09000462293624878,1.0186638596621191,1791553504972192418,
0.3393227458000183,0.19766563177108765,1.0350842177144697,1791553505002054019,
-0.2776097059249878,0.1759914755821228,1.0230624108549284,1791553505032079551,
-0.2096928358078003,0.09570175409317017,1.0189664384642634,1791553505061997246,
-0.2962977886199951,0.19170242547988892,1.0234919725326803,1791553505091952775,
-0.4142199158668518,-0.10617935657501221,0.9884614458720065,1791553505123367734,
0.0745244026184082,0.17562603950500488,0.9922312110117616,1791553505154641867,
-0.13465803861618042,0.11261892318725586,1.1160496060877565,1791553505181818970,
0.26877540349960327,-0.0702216625213623,1.030045109454352,1791553505211774099,
0.06722009181976318,0.20643454790115356,1.0523935739721861,1791553505241665053,
-0.09201759099960327,-0.002385377883911133,1.057468954553721,1791553505271601868,
-0.0364764928817749,-0.1774195432662964,1.0564119268023064,1791553505301548068,
-0.23358571529388428,0.3157363533973694,1.1004634674560485,1791553505330655010,
0.36714237928390503,0.13689815998077393,0.9418106165295358,1791553505363433562,
0.2913225293159485,-0.09824872016906738,1.0262156003195841,1791553505393469627,
-0.3288630247116089,0.03935724496841431,1.1464255641578096,1791553505421331454,
0.030161023139953613,-0.06706315279006958,1.0833530695362164,1791553505451320611,
0.09017139673233032,0.17500382661819458,1.0577394169716612,1791553505481299913,
-0.19368594884872437,0.16746819019317627,1.0367951964189166,1791553505511199949,
-0.04301804304122925,-0.26906609535217285,1.0490894714403949,1791553505541187871,
-0.34590911865234375,0.07701963186264038,1.0832809207046237,1791553505570505466,
0.1836080551147461,0.18093621730804443,0.9825201688591533,1791553505603389974,
0.19420677423477173,0.10984158515930176,1.1395882556409855,1791553505631089375,
0.09885263442993164,0.39224547147750854,1.0673422069186993,1791553505660944349,
-0.016913533210754395,-0.028153181076049805,1.064518525159804,1791553505690886462,
0.10062909126281738,-0.30271804332733154,1.0697665629174424,1791553505720870808,
-0.39109504222869873,0.4044259190559387,1.0784428114118148,1791553505750836646,
0.11790883541107178,0.03964698314666748,1.0818615837571306,1791553505780758411,
0.4240025281906128,-0.015105903148651123,1.1093550373036625,1791553505811398322,
0.5650942325592041,0.9426417350769043,1.205310491601088,1791553505843747107,
0.7246902585029602,0.5818729996681213,1.6675837761532375,1791553505869702788,
0.49133074283599854,-0.32344311475753784,1.4763157788074441,1791553505899610786,
0.203058660030365,-0.10615181922912598,1.4268238936701767,1791553505930441026,
0.3049418330192566,0.37538373470306396,1.442647607154191,1791553505960470381,
-0.3507065773010254,0.31449490785598755,1.4535086917422877,1791553505990362375,
-0.43210989236831665,-0.12839269638061523,1.455813209572005,1791553506020283736,
-0.2890092730522156,0.2949519753456116,1.388740097255357,1791553506051301651,
-0.862794816493988,0.24729067087173462,1.3351839831417611,1791553506083891103,
-0.3076779246330261,-0.1312076449394226,1.7114766423218237,1791553506110140255,
0.3713212013244629,0.2442675232887268,1.5275233982312981,1791553506140124361,
0.18640410900115967,0.17298132181167603,1.5487716774466675,1791553506170028526,
-0.4105653762817383,0.19990134239196777,1.5248283232829942,1791553506199995108,
-0.22140294313430786,0.1734408140182495,1.5012232339919058,1791553506229991653,
-0.10825192928314209,0.009004175662994385,1.4831558660634185,1791553506259891800,
-0.14539897441864014,0.08004939556121826,1.3929025547764444,1791553506291690273,
-0.3717992305755615,0.08948075771331787,1.4729118749007029,1791553506321509278,
0.0158461332321167,0.031404972076416016,1.5577596941406906,1791553506349697386,
-0.48826730251312256,0.20482885837554932,1.4732132729677132,1791553506379691061,
0.1392498016357422,-0.2594143748283386,1.479295913007923,1791553506409607257,
-0.4407460689544678,0.05176997184753418,1.5143651187540315,1791553506439548858,
-0.2847216725349426,0.5910179018974304,1.6097410062772692,1791553506468532519,
-0.007145285606384277,-0.07415252923965454,1.528496342090071,1791553506499485561,
-0.2625117301940918,-0.06427407264709473,1.4909987292872837,1791553506530498909,
0.3917296528816223,0.0941573977470398,1.5585567155256284,1791553506559457411,
-0.33629822731018066,0.11989307403564453,1.4898435424293794,1791553506589297787,
0.1869293451309204,-0.1274908185005188,1.4582324398419442,1791553506619209187,
-0.00024086236953735352,0.3602965474128723,1.4051057515756853,1791553506649212469,
-0.4043956398963928,0.0508304238319397,1.3629920506499367,1791553506679103673,
-0.15095525979995728,-0.5740042924880981,1.3146266243763287,1791553506709149095,
-0.3910694718360901,-0.023803234100341797,1.24562658568999,1791553506739692438,
-0.11263871192932129,0.3784996271133423,1.2244132364704603,1791553506771289413,
-0.16106700897216797,-0.273728609085083,1.455816501974423,1791553506798960396,
-0.1934417486190796,0.08181214332580566,1.3381040469607914,1791553506828946665,
-0.6991112232208252,1.0421286821365356,1.3313146522676569,1791553506858787907,
0.11603105068206787,0.18642252683639526,1.3307395302377936,1791553506888828484,
-0.34633147716522217,-0.19098007678985596,1.323867311052505,1791553506918740290,
-0.018880724906921387,-0.31932753324508667,1.2942240641098888,1791553506948692253,
-0.28746384382247925,-0.29242974519729614,1.220318015085132,1791553506978529895,
-0.03898954391479492,-0.2342936396598816,1.0633138857376658,1791553507011496665,
0.16603922843933105,0.38013434410095215,1.2794678741257441,1791553507038547485,
-0.6231517791748047,0.5825743675231934,1.1356434170921548,1791553507068456860,
0.2795572280883789,-0.019505858421325684,1.1189003232970502,1791553507098364510,
-0.5767731070518494,-0.5068811774253845,1.1354596035990192,1791553507128394151,
-0.020945310592651367,-0.22329801321029663,1.1535293912558484,1791553507157727586,
-0.3784291744232178,0.588854193687439,1.1069902496168524,1791553507188248640,
0.09881705045700073,0.24048471450805664,1.0744834227906295,1791553507219563532,
-0.2914353609085083,-0.2129126787185669,1.01648341938567,1791553507251705828,
-0.19454097747802734,-0.2984875440597534,1.257452473732247,1791553507278257762,
0.15084248781204224,0.19015055894851685,1.0947080299760947,1791553507308091888,
-0.1737583875656128,-0.023459553718566895,1.0475593771460878,1791553507338216395,
-0.22451359033584595,0.06644338369369507,1.032702114748153,1791553507368219357,
0.12000656127929688,-0.08639663457870483,1.0263873090204074,1791553507398075674,
-0.03535425662994385,-0.23277747631072998,1.0073334023860405,1791553507427932416,
-0.4020876884460449,0.36882829666137695,0.9616370363175004,1791553507459338836,
-0.23005938529968262,0.27193254232406616,0.9378269625880821,1791553507490644385,
-0.7275822758674622,-0.2477359175682068,1.1395925464306367,1791553507516608112,
0.143557608127594,-0.005282461643218994,0.9999085175041883,1791553507547583881,
-0.38977134227752686,0.3593026399612427,1.048780680917474,1791553507577563952,
0.5244476795196533,-0.28609490394592285,1.0551319714781586,1791553507607455904,
-0.0037451982498168945,0.23852866888046265,1.058910295530366,1791553507637473677,
0.050483763217926025,0.41316765546798706,1.0578526832896908,1791553507667459397,
-0.14970701932907104,-0.4563779830932617,0.9647606009358454,1791553507699749148,
-0.19189351797103882,-0.4457448124885559,1.112496440501649,1791553507727321563,
0.02740001678466797,0.935952365398407,1.0092742818713785,1791553507757227247,
0.1322035789489746,0.26192981004714966,0.9762323161462296,1791553507787185771,
-0.25821399688720703,-0.8870617747306824,0.9820250522148816,1791553507817184336,
-0.11474859714508057,0.44892001152038574,0.9877917135119566,1791553507847105909,
0.1587856411933899,0.8007495403289795,0.9802594344537668,1791553507877023493,
-0.1955033540725708,-0.6538265943527222,0.9866880498241399,1791553507907336357,
0.0516318678855896,-0.1706295609474182,0.9435203577498248,1791553507939609266,
-0.0314212441444397,0.9274976849555969,1.1275045010790614,1791553507966921644,
-0.13978230953216553,-0.04950857162475586,1.0399957989229835,1791553507996860981,
-0.3387235403060913,-0.8240788578987122,1.0208569158402552,1791553508026746467,
-0.08602005243301392,0.4095558524131775,1.0044063199013327,1791553508056768956,
0.4686751961708069,0.6084457039833069,1.0323484112052272,1791553508085687875,
-0.10015302896499634,-0.470747709274292,0.9624856238732346,1791553508116620419,
-0.02217686176300049,0.034575581550598145,0.9446754846145279,1791553508147774635,
-0.2634287476539612,0.544436514377594,0.9335712032232694,1791553508179348330,
-0.21967613697052002,0.03417253494262695,1.0947541606204505,1791553508206483352,
-0.198652982711792,-0.26914119720458984,0.9947804600174522,1791553508236438860,
-0.31318241357803345,0.307570219039917,0.993379393916997,1791553508266330054,
-0.1472456455230713,0.5885530710220337,0.9917254622452472,1791553508296318487,
-0.27509719133377075,-0.2962578535079956,1.0011632460191437,1791553508326255326,
0.3544847369194031,-0.22254204750061035,1.0276309802441623,1791553508356282539,
-0.26782262325286865,0.5482628345489502,0.9835757461176087,1791553508387395398,
-0.21884602308273315,-0.04630112648010254,0.918181833399995,1791553508419667236,
-0.08087372779846191,-0.3412070870399475,1.0867736072082796,1791553508446312782,
-0.30967044830322266,0.7755237817764282,0.975165217806078,1791553508476207284,
-0.18503880500793457,0.5450676679611206,1.0074026147768218,1791553508506119163,
-0.5448063611984253,-0.7460168600082397,1.02142220190805,1791553508536132382,
-0.1907811164855957,-0.3895722031593323,1.020664706180251,1791553508566060606,
0.15800416469573975,1.4220219850540161,1.0020169692159528,1791553508596239062,
-0.026843011379241943,0.34163206815719604,1.0182208409615014,1791553508627390248,
-0.41294658184051514,-1.0520182847976685,1.073962201233842,1791553508657226659,
0.6269665956497192,-0.0665503740310669,1.0659180772961365,1791553508686135933,
-2.0503997802734375e-05,1.2236241102218628,0.977423078760045,1791553508716054091,
0.4034882187843323,-0.1301526427268982,0.9585733349403123,1791553508746020447,
-0.37451624870300293,-0.5394409894943237,0.9831648057093526,1791553508776063649,
-0.5804619789123535,0.6457740664482117,0.9990506532433219,1791553508805997863,
-0.29935216903686523,0.6708583235740662,1.0033332072477072,1791553508836013928,
-0.13981133699417114,-0.4654766917228699,0.9645890566172952,1791553508867435349,
-0.10796874761581421,-0.19022011756896973,1.0967998067444855,1791553508895286654,
0.11479711532592773,0.5410521626472473,1.011894513558354,1791553508925222169,
-0.20635777711868286,0.15920329093933105,0.9873719935593863,1791553508955167516,
-0.4791870713233948,-0.12203770875930786,0.9665374246589354,1791553508985125420,
0.5163701176643372,0.2490020990371704,0.9687443885575963,1791553509015041376,
-0.09262824058532715,0.355499804019928,1.0001227898198222,1791553509044967736,
-0.10971242189407349,0.279685378074646,1.0371471998362494,1791553509074510968,
-0.15929728746414185,-0.3920319080352783,0.9071469083375384,1791553509108399466,
0.14515453577041626,0.15561985969543457,1.1416197806123587,1791553509134855831,
-0.0019301772117614746,0.7400124073028564,0.9942298126084257,1791553509164851464,
-0.004303097724914551,-0.09383618831634521,1.0382307499994015,1791553509193748150,
-0.23572081327438354,-0.4021153450012207,0.9677989531649677,1791553509224712134,
-0.1837482452392578,0.41568523645401,0.9795323352323885,1791553509254625220,
0.3389633297920227,0.826833963394165,0.9755291476101401,1791553509284633702,
-0.3261162042617798,-0.16059058904647827,0.981253683125303,1791553509315472012,
-0.1476067304611206,-0.5311779975891113,0.946378129753535,1791553509347688399,
-0.4641137719154358,0.17352861166000366,1.1586623561823706,1791553509374442249,
0.7104408740997314,1.0629632472991943,1.0342227737019136,1791553509404309317,
-0.0724295973777771,-0.13862758874893188,1.0050704986274217,1791553509434287976,
0.021263599395751953,-0.7813970446586609,0.9974805535119402,1791553509464206586,
0.11416709423065186,0.46228301525115967,0.9981535544403379,1791553509494182470,
-0.08306008577346802,1.1003254652023315,1.0206958345677617,1791553509523533025,
-0.030704915523529053,0.0950244665145874,0.9255740072755335,1791553509556345783,
-0.6750913858413696,-0.615351676940918,0.9918346056155468,1791553509587430982,
0.21538519859313965,0.15886998176574707,1.1505873560248658,1791553509614026292,
0.008039474487304688,0.6432920098304749,0.9998838205063787,1791553509643905256,
0.36251866817474365,0.15642863512039185,0.9647800288462842,1791553509673923070,
0.272835910320282,-0.302787184715271,0.9651542969045969,1791553509703817746,
-0.41033822298049927,0.22283482551574707,1.018875314063064,1791553509732763048,
-0.3352031111717224,0.5136021375656128,0.9486059564676668,1791553509763701533,
0.7414469122886658,0.20212489366531372,0.9257841800197193,1791553509795550563,
-0.056702256202697754,-0.0550915002822876,1.0324412956653315,1791553509825544954,
0.6932819485664368,0.04315453767776489,1.116503406368854,1791553509853556052,
0.3030799627304077,0.49272584915161133,1.0098542089790858,1791553509883458842,
0.37508338689804077,0.3060905337333679,0.9799879850593879,1791553509913453453,
-0.48507624864578247,-0.1039590835571289,0.9777789208466902,1791553509943399653,
-0.18872785568237305,0.02327364683151245,0.9972107968840755,1791553509973319675,
0.09319418668746948,0.3411053419113159,0.9760481286634529,1791553510004235724,
-0.1497877836227417,0.44930440187454224,0.9499293706773324,1791553510035570690,
0.16363704204559326,-0.10057926177978516,1.0672644246877492,1791553510063209185,
0.0839533805847168,-0.392936110496521,1.0049140007961221,1791553510093227361,
-0.35508108139038086,0.596953272819519,0.8849140840215122,1791553510116183694,
-0.22270363569259644,0.905799388885498,1.0974908224079913,1791553510153080150,
0.14688515663146973,1.1843534708023071,1.0266274377752858,1791553510183309260,
-0.054810523986816406,-0.13265985250473022,1.0665682427793808,1791553510213147918,
-0.1904171109199524,-0.9364722967147827,1.0335629488210583,1791553510243614179,
0.31797724962234497,0.12932872772216797,0.9508046500232441,1791553510275600841,
0.45019662380218506,1.25299870967865,1.080718601980115,1791553510302147993,
-0.10262149572372437,0.15300589799880981,0.9309031313743332,1791553510332786990,
-0.24484741687774658,-0.4088711738586426,1.0094793551631136,1791553510362651884,
-0.3019252419471741,0.12226134538650513,1.0244482620520983,1791553510392916209,
-0.13365572690963745,0.35135549306869507,1.0379203312253085,1791553510422664309,
0.28391504287719727,0.4695335030555725,1.0033365000839125,1791553510452629069,
-0.0579569935798645,-0.0077075958251953125,0.9404505753889306,1791553510483836739,
0.0019472837448120117,-0.0844419002532959,0.9225824329701203,1791553510515785061,
-0.2570614814758301,0.15341097116470337,1.1053639292787885,1791553510542431494,
-0.32612109184265137,0.4351801872253418,0.9862386006423297,1791553510572281101,
0.23390990495681763,0.002443671226501465,0.8829159709951689,1791553510594746674,
-0.35344672203063965,-0.12786394357681274,1.100250538312772,1791553510632198339,
-0.13919615745544434,-0.32685524225234985,1.006037770570854,1791553510662429964,
-0.31134694814682007,0.44910895824432373,1.000174928172396,1791553510692135271,
0.4386112093925476,0.3439168334007263,0.9521267063644264,1791553510723711759,
-0.09790730476379395,-0.01578158140182495,1.0328724718624964,1791553510754466767,
0.11580687761306763,0.20720499753952026,1.129193611851092,1791553510791904025,
0.025239229202270508,-0.31742948293685913,1.0009325832216585,1791553510821877463,
-0.17960071563720703,-0.19787514209747314,1.0069965585532183,1791553510850848599,
-0.017658770084381104,0.6228336095809937,0.8832480822222212,1791553510883898782,
-0.21870678663253784,0.682312548160553,1.0113892034157437,1791553510913801416,
0.3619692325592041,1.0296368598937988,1.081765156321382,1791553510951824521,
-0.02198338508605957,0.005171656608581543,1.0185525445146235,1791553510981571869,
-0.09084826707839966,-0.8083227872848511,0.9699536133823418,1791553511011818354,
0.2774973511695862,-0.039392709732055664,0.9288143335585288,1791553511043918047,
-0.3234593868255615,0.9369257092475891,1.0764302601897273,1791553511071754382,
0.1337066888809204,0.3846573233604431,1.0123039591600551,1791553511101369301,
-0.33803629875183105,-0.26218724250793457,1.0041304620352094,1791553511131305814,
0.19214892387390137,-0.3462618589401245,1.0005760759100437,1791553511161234090,
-0.025422215461730957,0.03524810075759888,1.0114885509508937,1791553511191231594,
0.2636295557022095,0.526121973991394,0.9797298907561524,1791553511221188271,
-0.3998115062713623,0.2632347345352173,0.9354859941340661,1791553511252283213,
-0.2968602776527405,-0.015012979507446289,0.9257617901429003,1791553511284345834,
-0.3073278069496155,-0.21296441555023193,1.1275301337292243,1791553511311262782,
0.1796576976776123,0.1635953187942505,1.027378356198824,1791553511340950909,
-0.31156468391418457,0.2316136360168457,1.0119000415465977,1791553511370928973,
0.4311733841896057,0.3921087980270386,1.00874499204961,1791553511400827548,
-0.5166469216346741,-0.11764132976531982,0.9948399561077279,1791553511430768941,
0.47029316425323486,-0.30827218294143677,0.9948152652552337,1791553511460778098,
-0.08170729875564575,0.23253893852233887,0.9714222689713802,1791553511491652536,
0.060298383235931396,0.06599318981170654,0.9134063545532081,1791553511524305710,
-0.054312169551849365,0.412373423576355,1.1203360416006323,1791553511550732559,
-0.08863800764083862,0.15862762928009033,0.9645312134189175,1791553511581271404,
-0.13947534561157227,-0.459018349647522,1.0217229125638039,1791553511610816915,
-0.30961108207702637,-0.18334370851516724,1.046446569448748,1791553511640404432,
0.07748854160308838,0.48715507984161377,1.026227009777394,1791553511670335515,
0.01729649305343628,0.6670594811439514,1.00902420527808,1791553511699590428,
-0.1602824330329895,-0.19528144598007202,0.8919731024391545,1791553511731970830,
0.10631740093231201,-0.30700618028640747,0.9517733038394364,1791553511762922289,
-0.6293957233428955,-0.13319063186645508,1.0965501930495511,1791553511790431879,
0.36883705854415894,0.6482399702072144,1.0140063251333384,1791553511820322193,
0.061053335666656494,-0.1481795310974121,0.9071254164472177,1791553511842874239,
0.05798846483230591,-0.20286011695861816,1.1120455865185912,1791553511880018889,
-0.06065136194229126,-0.12279027700424194,1.0279272599129268,1791553511910003486,
-0.26352810859680176,-0.03418469429016113,1.059542186338004,1791553511938895434,
0.05339914560317993,-0.06151801347732544,0.9623465971379096,1791553511970605948,
-0.13606297969818115,0.2369471788406372,0.9729597978408658,1791553512001866005,
0.07242822647094727,0.18752992153167725,1.0747155464124996,1791553512029734075,
-0.05975782871246338,-0.1089906096458435,0.9902989387270705,1791553512059714341,
0.5550129413604736,0.1644628643989563,1.006019548704646,1791553512089573079,
-0.14857876300811768,-0.02019733190536499,1.0147432429579877,1791553512119582191,
-0.15450149774551392,-0.024894237518310547,0.9903908773447014,1791553512149546791,
-0.0030265450477600098,0.6809592843055725,0.9524104084367525,1791553512180239429,
-0.19587790966033936,0.1397864818572998,0.9586937906808011,1791553512210526109,
0.41445106267929077,-0.3827240467071533,1.0397298946491889,1791553512239456284,
-0.08849990367889404,-0.21418017148971558,1.036906007864232,1791553512269294702,
-0.02769404649734497,0.09982609748840332,1.0052594882120132,1791553512299251375,
0.33377605676651,0.7284736633300781,1.0020886437978416,1791553512329226493,
-0.004059135913848877,0.3899528384208679,1.0260869138570368,1791553512359170209,
-0.1990114450454712,-0.3597472906112671,1.0446714096398262,1791553512389401612,
-0.08793938159942627,-0.6609075665473938,1.051223091289417,1791553512419550693,
0.4077354073524475,0.10716456174850464,0.9310205615539313,1791553512451541165,
0.15317803621292114,0.2724226713180542,1.078499511145349,1791553512479106571,
0.19320708513259888,0.19516080617904663,1.0144143609288219,1791553512509041139,
-0.13017123937606812,0.4754689335823059,1.015142755519672,1791553512538840186,
-0.2139858603477478,0.06882649660110474,0.9721449930491733,1791553512568794897,
-0.2534022927284241,-0.42055654525756836,0.9789943764424571,1791553512598684787,
-0.18838268518447876,-0.1217603087425232,0.9768129377405862,1791553512628719342,
-0.14814889430999756,0.08872747421264648,0.9538853957362282,1791553512659559436,
-0.053949058055877686,0.48235833644866943,0.9094946254759553,1791553512692269167,
-0.4373738765716553,0.17313694953918457,1.1152717080786254,1791553512718748319,
0.15849894285202026,-0.02514702081680298,0.9991236006247243,1791553512748657909,
-0.47419965267181396,-0.17782622575759888,1.0377621773720667,1791553512778445293,
0.30562031269073486,0.22949594259262085,1.0348371259126732,1791553512808391409,
-0.692717969417572,-0.10954117774963379,1.0170904304992285,1791553512838326865,
-0.07123404741287231,0.2357882857322693,0.9972996907597451,1791553512868317652,
-0.01985180377960205,0.5692974328994751,0.9463696463345069,1791553512899800748,
0.20796644687652588,-0.043611347675323486,0.9496607155256354,1791553512931397622,
-0.07356572151184082,-0.4115448594093323,1.1263544776446666,1791553512958649589,
-0.12180840969085693,-0.1364668607711792,1.0192835121610127,1791553512988129933,
0.16856491565704346,0.0868304967880249,0.9637436159593368,1791553513018254378,
-0.3738362193107605,-0.2004833221435547,0.9902034356980179,1791553513048035734,
0.11890101432800293,-0.09042584896087646,1.017167432230357,1791553513078250375,
-0.5495598912239075,0.4159165620803833,1.0295440376161016,1791553513107847559,
0.2336018681526184,0.7842254042625427,0.8987340885228704,1791553513140652613,
-0.8796017169952393,0.019899308681488037,0.998380571370292,1791553513170719662,
0.16630160808563232,0.29907459020614624,1.0995548509543485,1791553513207648386,
-0.6142843961715698,0.16216540336608887,0.9946147574136367,1791553513237928878,
0.29320991039276123,0.09781759977340698,1.001997993304259,1791553513268012613,
-0.42656517028808594,-0.22048091888427734,0.9824922797982275,1791553513299590600,
-0.15629172325134277,-0.20547783374786377,1.1431707915386933,1791553513326535666,
-0.14090734720230103,0.01037442684173584,0.9643824856723441,1791553513357614260,
-0.23183834552764893,0.5459916591644287,0.9811452311581047,1791553513387352653,
0.26267486810684204,0.1865282654762268,0.9884776738687877,1791553513417296459,
-0.5392669439315796,-0.20701628923416138,1.0059158168320217,1791553513447184846,
0.4941244125366211,0.16142123937606812,1.0144003274763447,1791553513477206552,
-0.49633216857910156,0.28192126750946045,1.0122775209901762,1791553513507851865,
-0.18413126468658447,-0.03899586200714111,0.9385639226167223,1791553513539609326,
-0.32328546047210693,-0.1271992325782776,1.0586266090614391,1791553513567435236,
0.03111100196838379,0.589294970035553,0.9995921746309433,1791553513596966165,
-0.3148406744003296,0.32115697860717773,1.0559012781973525,1791553513625926427,
-0.24900025129318237,0.0077866315841674805,1.0060499630842656,1791553513656934857,
0.02700895071029663,0.035881876945495605,1.0358302970140305,1791553513686783946,
-0.5336201190948486,-0.43881964683532715,1.019075635789038,1791553513716801235,
0.4894907474517822,-0.048489511013031006,0.9670391621236323,1791553513748022505,
-0.5880742073059082,0.39322179555892944,0.9146629668955739,1791553513780295940,
-0.027926206588745117,0.36718475818634033,1.1196579404041151,1791553513806655841,
-0.5895467400550842,0.6448825001716614,1.0077636065231315,1791553513836635787,
-0.16764360666275024,0.21795469522476196,1.0294409147910575,1791553513866550769,
-0.33113402128219604,0.0109596848487854,1.0124468470965522,1791553513896588806,
-0.14778858423233032,-0.4900871515274048,0.999280329131486,1791553513926617647,
-0.2704005837440491,-0.12882959842681885,0.9970281026608911,1791553513956832298,
-0.314328670501709,0.22285395860671997,0.9891497209667527,1791553513987716208,
0.07151210308074951,0.2804223895072937,0.9560429997535005,1791553514019575482,
-0.7394871711730957,0.2681077718734741,1.118743443275869,1791553514046773702,
-0.140261709690094,0.3287157416343689,1.027076558113425,1791553514076393352,
0.053703129291534424,-0.007557511329650879,0.9864225488161484,1791553514106294821,
-0.004811525344848633,0.12076401710510254,0.9908615805993202,1791553514136374086,
-0.6114158034324646,0.019042372703552246,1.0174270251419448,1791553514166265843,
-0.1141507625579834,0.16825133562088013,0.9987205329945007,1791553514196374507,
-0.020437300205230713,-0.11839932203292847,0.9051869964200177,1791553514228079504,
0.006839752197265625,0.23729556798934937,0.9761568590235565,1791553514257943498,
-0.1745206117630005,0.9257547855377197,1.090898603390807,1791553514286282561,
-0.12717366218566895,0.07734423875808716,1.064914726568967,1791553514315502662,
-0.099734365940094,0.003892958164215088,0.9812028995659994,1791553514346181531,
-0.8065507411956787,0.32303881645202637,0.9689010709005794,1791553514376276226,
0.19411981105804443,-0.09407806396484375,0.9641131560132656,1791553514406455882,
0.10237157344818115,-0.5566869378089905,1.046756424947006,1791553514435939645,
-0.2409023642539978,0.0535045862197876,0.9701951981988598,1791553514468039523,
-0.6704033613204956,0.3650641441345215,1.1236517796130217,1791553514495486211,
0.1351867914199829,0.6272731423377991,1.0012468535123085,1791553514526027833,
0.09252804517745972,0.33902645111083984,1.007396102899351,1791553514555324019,
-0.0534786581993103,0.3193959593772888,1.003825418605614,1791553514585251185,
-0.4037548899650574,0.23743146657943726,1.0193847035090942,1791553514615232564,
-0.18941372632980347,0.0958508849143982,1.0316438880990775,1791553514645147438,
-0.3690246343612671,-0.2546863555908203,0.9947491655330579,1791553514676219838,
-0.42707616090774536,-0.05468451976776123,0.9799155502333564,1791553514706889293,
0.23945975303649902,0.05876779556274414,1.0446438524779298,1791553514735186280,
0.20347362756729126,0.2300165891647339,0.9916806856407071,1791553514764894178,
-0.05122858285903931,0.19883650541305542,0.8804280560872532,1791553514787768826,
0.0898633599281311,0.35317671298980713,1.0790879698148765,1791553514824810873,
-0.28907859325408936,0.11493110656738281,0.979999969870636,1791553514854814113,
0.26979392766952515,0.23947036266326904,0.9994557106373616,1791553514884699293,
-0.05637246370315552,0.13912039995193481,0.9678976409807017,1791553514915834948,
-0.28658878803253174,-0.2931440472602844,0.9449915674107153,1791553514947700723,
-0.06754904985427856,0.28236621618270874,1.1227318810975881,1791553514974617235,
0.017741680145263672,0.1937660574913025,1.0655111866844336,1791553515003512339,
-0.13328272104263306,0.04933512210845947,0.9768216448928566,1791553515034801405,
-0.3886032700538635,0.3936980366706848,1.0184382997578332,1791553515064466714,
-0.3824627995491028,0.791536808013916,1.0210165900090096,1791553515093582039,
0.30170875787734985,0.31401383876800537,0.95887283696831,1791553515124632376,
-0.4976217746734619,0.36180055141448975,0.9376831245253153,1791553515156847055,
-0.3753955364227295,0.05460929870605469,1.0229288354480939,1791553515187194201,
0.46447378396987915,-0.20550769567489624,1.1471990815735613,1791553515214186133,
0.004465281963348389,-0.0974382758140564,1.0230050179444148,1791553515244088054,
-0.44866353273391724,-0.06063467264175415,1.0427092308797923,1791553515273082328,
0.12575531005859375,0.1991788148880005,0.9757824459754003,1791553515303975577,
-0.2349739670753479,0.25795722007751465,0.9896105683786945,1791553515333958741,
-0.22883987426757812,0.45922112464904785,0.9788541741915796,1791553515363907719,
-0.1741430163383484,0.48912280797958374,0.9336277195922947,1791553515396183592,
0.2970554828643799,0.5677298307418823,1.035481629419415,1791553515425679881,
-0.6333388090133667,0.11816263198852539,1.0737342227265638,1791553515453651083,
-0.15219569206237793,0.0972057580947876,1.0026082911855148,1791553515483658678,
-0.11701518297195435,0.15945672988891602,1.019716744937611,1791553515513589809,
-0.26924073696136475,0.2560243606567383,1.0691651625193306,1791553515542517845,
-0.27023231983184814,0.11832469701766968,0.9762332479521656,1791553515573575069,
-0.5032446384429932,-0.4163514971733093,0.9793594534486146,1791553515604600789,
0.511058509349823,0.33863627910614014,0.9344522406483149,1791553515636829179,
0.10724830627441406,0.4001525044441223,1.1000016358443039,1791553515663407428,
-0.27819323539733887,-0.006918609142303467,0.9711660370520225,1791553515693621147,
-0.46101200580596924,0.5069199800491333,1.0163419797051685,1791553515723217092,
0.30169928073883057,0.8417712450027466,1.0050580234865938,1791553515753253821,
0.152704656124115,0.3593655228614807,1.0033650732318722,1791553515783100834,
-0.24891400337219238,0.09829568862915039,1.010516207063019,1791553515813137814,
0.12732917070388794,0.37365883588790894,1.009191998836707,1791553515842986092,
-0.27382582426071167,0.14248311519622803,0.9365508298992188,1791553515875856896,
-0.10865306854248047,0.3659086227416992,1.123132627690631,1791553515903706667,
0.177575945854187,0.2596791982650757,1.0511545838840035,1791553515933155964,
-0.13641852140426636,0.4070241451263428,1.0089562870308086,1791553515963139350,
0.12858664989471436,0.3132045269012451,1.0451142468065906,1791553515992814490,
-0.49810129404067993,-0.14464467763900757,1.0337201008961785,1791553516022686692,
-0.1017845869064331,0.1941368579864502,0.97469796917395,1791553516053121951,
0.026413381099700928,0.18884360790252686,0.9551265564869891,1791553516084549143,
-0.31432777643203735,-0.008130788803100586,1.015311612026819,1791553516115330788,
0.323836088180542,0.06959038972854614,1.1377220179396814,1791553516142492830,
-0.5820698738098145,0.268671452999115,1.0078366450770624,1791553516172440275,
-0.1154031753540039,-0.07320725917816162,1.0156167262305555,1791553516202335340,
-0.17289286851882935,0.11762791872024536,1.0366779658625451,1791553516232357840,
-0.007530689239501953,0.7689437866210938,1.0199819125246163,1791553516262266575,
0.34298771619796753,0.35258710384368896,0.9988810948454874,1791553516292237815,
0.08899158239364624,-0.12156611680984497,0.959628329860029,1791553516323937834,
0.08212417364120483,0.7273328304290771,1.007303873937415,1791553516354167609,
0.5362258553504944,0.8101285696029663,1.0947137489950869,1791553516382136007,
0.02445697784423828,-0.008378028869628906,1.031000849563904,1791553516411997848,
0.28238481283187866,0.46369653940200806,1.0178004958786906,1791553516441928559,
-0.4937560558319092,0.6091915965080261,1.0015466540766207,1791553516471867607,
-0.34896910190582275,-0.15441089868545532,0.9896136648509032,1791553516501810993,
-0.12282794713973999,0.01597517728805542,0.9851958555959721,1791553516532273949,
-0.24465817213058472,-0.08614552021026611,0.9714364906429732,1791553516564006637,
0.6865800023078918,0.17539942264556885,1.1214052284605527,1791553516591726257,
-0.02029496431350708,-0.054444313049316406,1.016092774743618,1791553516621633847,
-0.04025310277938843,-0.07901233434677124,0.9966304148445027,1791553516651553977,
0.25103312730789185,0.13846033811569214,1.0437614840829883,1791553516680531916,
0.19624990224838257,0.32337725162506104,0.9599652412840245,1791553516711475024,
0.37106090784072876,0.22127336263656616,0.9811199913528161,1791553516741445230,
0.14121794700622559,0.09991037845611572,0.9869073805298604,1791553516771970500,
-0.6073884963989258,0.38377875089645386,0.9399626043410696,1791553516803899448,
0.14471542835235596,0.317834734916687,1.0999618837779899,1791553516831322929,
-0.2730996012687683,0.25633782148361206,1.033007959252807,1791553516861207486,
0.6750238537788391,0.6189392805099487,1.0248423644041913,1791553516891133491,
0.24765348434448242,0.34228962659835815,1.0251071377923753,1791553516920139302,
0.22257494926452637,0.08652150630950928,0.9714729328158513,1791553516951043348,
0.6233972907066345,0.43732261657714844,0.974813196363687,1791553516981013304,
-0.24486345052719116,0.3036578893661499,0.9375072065951876,1791553517011932644,
0.5345421433448792,-0.15763747692108154,0.9305790240388783,1791553517044393322,
-0.042027950286865234,-0.008008003234863281,1.1594862110900905,1791553517070822428,
-0.7809805274009705,-0.05623263120651245,0.9976411430799127,1791553517100903659,
0.38641512393951416,0.10562026500701904,1.0053271610666858,1791553517130709206,
-0.20548748970031738,-0.27264082431793213,1.0311538818408672,1791553517160737720,
0.38778746128082275,-0.2618042230606079,1.0182342560472348,1791553517190713993,
0.4657691717147827,0.205122709274292,1.0141848750390476,1791553517220756472,
-0.08381682634353638,0.17746829986572266,0.9677576550886562,1791553517251905929,
0.40134620666503906,-0.09771853685379028,0.9547589656585204,1791553517283093429,
0.1769515872001648,0.12132453918457031,1.0803462052356925,1791553517310372860,
0.520061194896698,0.5029686093330383,0.9827473227955927,1791553517340380664,
-0.03601634502410889,0.19648116827011108,0.9981368258452487,1791553517370307447,
-0.4663996696472168,-0.061621785163879395,0.9977974181282362,1791553517400258151,
-0.041426122188568115,0.4159879684448242,1.0059791612332656,1791553517430222174,
0.2242441177368164,0.2834703326225281,1.0371194484568949,1791553517460254218,
0.5149240493774414,0.21777552366256714,0.9781293507223593,1791553517492281963,
-0.1556243896484375,0.6825354695320129,0.9896902354917764,1791553517522032633,
0.005916178226470947,0.12034767866134644,1.0367915746680763,1791553517549955515,
-0.0601421594619751,0.04703402519226074,0.9914386808509971,1791553517579951482,
-0.14722508192062378,0.648870587348938,0.9986506863557266,1791553517609921240,
0.41523200273513794,0.4745696783065796,0.9884563825935951,1791553517639821255,
-0.34435224533081055,-0.10663354396820068,0.9880316500514026,1791553517669768272,
-0.21809500455856323,0.3315027356147766,1.0081283952186877,1791553517699895329,
0.18567430973052979,0.3939099907875061,0.9826499997223457,1791553517732149212,
0.1417275071144104,0.1234557032585144,1.1037955346110637,1791553517759772191,
-0.6154114007949829,0.13445442914962769,0.9997493731473441,1791553517789568980,
-0.2888032793998718,-0.14985430240631104,1.003643257610637,1791553517819481872,
-0.5978195071220398,-0.004751443862915039,0.9876487122446048,1791553517849463752,
-1.078665852546692,-0.21205854415893555,0.9142796688834468,1791553517879491653,
-1.1662111282348633,-0.2609928250312805,0.7922389912334747,1791553517909313229,
-0.579989492893219,-0.14739060401916504,0.6639403724469262,1791553517940291839,
-0.0025333762168884277,0.38108450174331665,0.5623382684900152,1791553517972223218,
0.40569955110549927,0.08336383104324341,0.6506047129204564,1791553517999256465,
0.7552242875099182,0.2776590585708618,0.8211885150259871,1791553518029139833,
1.2499399185180664,0.4800029397010803,0.9928860004621164,1791553518059051959,
0.7421892285346985,0.10436427593231201,0.9730157247132059,1791553518089071161,
0.6582602858543396,0.13441210985183716,1.0201490114994167,1791553518119001733,
0.18931925296783447,0.4781745672225952,1.0306458550075184,1791553518148945606,
-0.7648450136184692,0.12180143594741821,0.9754802784967338,1791553518180412047,
0.27781713008880615,0.009539663791656494,0.9518449230415399,1791553518211866318,
-0.33695751428604126,0.27854645252227783,1.0929495435242997,1791553518238772382,
-0.2644237279891968,0.15834742784500122,0.9769183680508492,1791553518268883634,
-0.3217781186103821,0.17618566751480103,0.9675646420976703,1791553518298659407,
0.03930950164794922,0.04960733652114868,0.9874833068141909,1791553518328632164,
0.283517062664032,0.2655067443847656,1.0512919359041566,1791553518358560429,
-0.2015078067779541,0.0008111000061035156,1.0742270204987845,1791553518387536629,
0.05304819345474243,0.1286037564277649,0.9362262480964385,1791553518420148954,
-0.19991618394851685,0.1146695613861084,0.9702307097999843,1791553518452016266,
-0.49952369928359985,-0.2358466386795044,1.1416137514088973,1791553518478611495,
0.35545724630355835,0.2027861475944519,0.9949500585612975,1791553518508305320,
-0.19018113613128662,0.02735447883605957,1.0013245888791789,1791553518538297767,
0.23287874460220337,-0.07283735275268555,1.0363978806759662,1791553518567204801,
-0.8513743281364441,0.08433789014816284,0.9458720553632399,1791553518598221638,
-0.26005738973617554,-0.3397666811943054,0.8807203525904088,1791553518628137792,
-1.793642520904541,-0.1000855565071106,0.7104898798829739,1791553518659903572,
-0.7580999732017517,-0.17902934551239014,0.6633324994171725,1791553518690780613,
-0.4899834394454956,-0.026927709579467773,0.6388893776756558,1791553518718269351,
0.1604677438735962,-0.023334801197052002,0.5395685393586692,1791553518747934212,
0.4273112416267395,0.40627187490463257,0.530743918241932,1791553518778025655,
1.0991666316986084,0.1847231388092041,0.7259594199046395,1791553518807798618,
0.5869134664535522,-0.383134663105011,0.855445327526296,1791553518837723314,
1.2518788576126099,0.3579384684562683,0.855082902297764,1791553518867866351,
0.18627691268920898,0.5046513676643372,0.8452972629910017,1791553518900336799,
-0.11723732948303223,-0.1369091272354126,1.1302528397395746,1791553518927588985,
-0.6783193945884705,0.03131842613220215,1.108487356711997,1791553518956523018,
-0.00360029935836792,0.3879646062850952,1.0260955851598443,1791553518987448205,
-0.047569990158081055,-0.2775317430496216,1.016290124350164,1791553519017417379,
-0.7649217247962952,-0.48209482431411743,1.009674277540268,1791553519047360110,
0.15398693084716797,0.4291462302207947,0.9850289174881531,1791553519077322213,
-0.1365402340888977,0.0991058349609375,0.9295068591628207,1791553519107909362,
-0.24594444036483765,-0.5916263461112976,0.9334492084409209,1791553519140294488,
0.04050236940383911,0.32890254259109497,1.1830406024530526,1791553519166499921,
0.13045907020568848,0.15705722570419312,0.9722923822030074,1791553519197125620,
0.0483744740486145,-0.22017693519592285,0.9911983378961965,1791553519227021899,
0.5503970980644226,0.2917882800102234,1.0245613122972004,1791553519256988068,
-0.3959317207336426,0.21162617206573486,1.011697667109519,1791553519286946007,
0.24681633710861206,-0.1865101456642151,0.9948126655670344,1791553519316909570,
-0.2904948592185974,-0.050567567348480225,0.9136108036198692,1791553519348884866,
-0.10555869340896606,0.3675588369369507,0.9414087486952656,1791553519379908656,
-0.3044546842575073,-0.2389858365058899,1.109629385313314,1791553519406932714,
-0.33367592096328735,-0.467582106590271,1.0037666298227481,1791553519436851911,
0.10062205791473389,0.31310123205184937,0.9911424465237977,1791553519466781572,
-0.31726646423339844,0.22678977251052856,0.9826778597261032,1791553519496750443,
0.17149901390075684,-0.36811310052871704,1.008877244460963,1791553519526966120,
-0.3282608389854431,-0.22654902935028076,1.0232247727336163,1791553519556802590,
-0.11744505167007446,0.2134379744529724,0.947745885226017,1791553519587901643,
0.5542083382606506,0.08154654502868652,0.9534009385030321,1791553519619118447,
-0.275141179561615,-0.17763501405715942,1.0694307962469178,1791553519647370327,
0.3205142617225647,0.1304447054862976,1.045852070239299,1791553519676659010,
-0.18415099382400513,0.1549939513206482,1.0174941703677842,1791553519706615645,
0.527947187423706,-0.41574203968048096,1.002932290259263,1791553519736618488,
-0.013022661209106445,0.32347261905670166,1.062860825582671,1791553519765522016,
-0.19113630056381226,0.39633190631866455,0.9558260925794017,1791553519796850098,
0.13553208112716675,-0.15966099500656128,0.9144058314695388,1791553519828372683,
-0.16261780261993408,0.10347247123718262,0.9786217388936821,1791553519858280854,
-0.03264802694320679,0.22465550899505615,1.1162591225681793,1791553519885562271,
0.15106201171875,0.20878088474273682,0.9785158532281153,1791553519916668139,
-0.07798987627029419,-0.03522634506225586,1.0373051593038678,1791553519945502362,
-0.10576170682907104,0.4543082118034363,1.0008464647249755,1791553519975917867,
0.22332996129989624,0.4807578921318054,1.033512529304977,1791553520005699223,
-0.24271583557128906,0.28648287057876587,0.9681775609654093,1791553520036494917,
-0.07876300811767578,0.1614406704902649,0.9465209907458554,1791553520067919177,
0.08698761463165283,0.4664918780326843,1.082042577639401,1791553520095616192,
-0.2825724482536316,0.48193472623825073,0.9720048854764035,1791553520125963084,
-0.4908211827278137,0.40407001972198486,1.01213057680526,1791553520155458987,
-0.15558981895446777,-0.07686775922775269,1.0498206839281286,1791553520185365183,
0.07642841339111328,0.3668195605278015,1.0541559875478035,1791553520215333087,
-0.04425370693206787,0.617928147315979,1.0148394868373363,1791553520245287433,
0.05831402540206909,-0.1903848648071289,0.9653862195365184,1791553520276188067,
-0.10234969854354858,0.21294718980789185,0.9126098593734512,1791553520308577812,
-0.6932637691497803,0.3497457504272461,1.084582784821766,1791553520335245188,
0.20578068494796753,0.044549524784088135,0.9699035034963475,1791553520365012370,
-0.31277602910995483,0.0635802149772644,0.9925963142041466,1791553520395005784,
-0.28697019815444946,0.07346105575561523,1.023528619646391,1791553520424964366,
0.19324976205825806,0.5243032574653625,1.030518081063801,1791553520454894336,
0.35517895221710205,0.08650559186935425,1.0162947966585758,1791553520485129809,
-0.30372029542922974,0.0804169774055481,0.9510951282492011,1791553520516104885,
0.3532978892326355,0.36176472902297974,0.9435271299731627,1791553520548187503,
-0.15544235706329346,0.5538884401321411,1.0987359507651808,1791553520584687135,
-0.04556041955947876,0.3110347390174866,0.9751091722988292,1791553520614743137,
-0.23413532972335815,0.03971409797668457,0.9785925046017426,1791553520644595823,
-0.38739192485809326,0.22456789016723633,0.963130732854252,1791553520676068414,
1.2949113845825195,0.562517523765564,0.9900807164632224,1791553520706860963,
-0.6060031056404114,0.6782798171043396,1.1010678700830268,1791553520734721475,
0.08476316928863525,-0.10089385509490967,1.024047013527298,1791553520764566745,
-0.48508912324905396,0.12355858087539673,1.00818913265662,1791553520794275339,
0.18703824281692505,0.5291348695755005,1.0002437900376995,1791553520824709470,
-0.3980669379234314,-0.020839273929595947,1.025765492142813,1791553520854144054,
0.03855764865875244,-0.4734542965888977,1.001157981389556,1791553520884575487,
-0.19738471508026123,0.39227139949798584,0.977990590742888,1791553520916108632,
0.1188650131225586,0.47029954195022583,0.9967443429881212,1791553520946239491,
0.40244150161743164,-0.2108939290046692,1.0902143881520132,1791553520973966457,
-1.0710283517837524,0.25719428062438965,0.9823454298359701,1791553521003912917,
0.3501669764518738,0.44194769859313965,0.9856534470228339,1791553521033856334,
-0.35507065057754517,0.1586458683013916,1.0022912349335606,1791553521063792680,
-0.24197107553482056,0.016467928886413574,0.9863774473266366,1791553521093815524,
-0.017124831676483154,0.5224182605743408,0.9838613747246069,1791553521124494990,
-0.14731240272521973,0.439705491065979,0.970994640184535,1791553521156192231,
-0.3598583936691284,0.19964110851287842,1.0872214943614589,1791553521183983591,
0.3985673785209656,0.1311779022216797,0.9973569287123417,1791553521213568826,
-0.4905046224594116,0.31252479553222656,1.0401048842131888,1791553521242500435,
-0.5062121152877808,0.4340518116950989,0.9597876062121538,1791553521273415337,
0.4441676735877991,0.2787719964981079,0.993748343219266,1791553521303413610,
-0.431115984916687,-0.05482059717178345,1.0313267912515502,1791553521332353872,
0.03690493106842041,-0.10412877798080444,0.9549831316642091,1791553521364940617,
0.06888008117675781,0.38929498195648193,0.9661426481550976,1791553521396482670,
-0.28937405347824097,0.05225163698196411,1.1206659229306997,1791553521423290966,
0.2695951461791992,-0.2164236307144165,1.012603512075444,1791553521453448225,
-0.10932981967926025,0.4389672875404358,0.8745255678717029,1791553521476240316,
-0.040147483348846436,0.27583473920822144,1.0847669564265836,1791553521513467756,
-0.6583499908447266,0.16275030374526978,0.9927101048165159,1791553521543122099,
-0.020753026008605957,0.25795477628707886,0.9991021655952247,1791553521572975331,
-0.4493563175201416,0.279965877532959,0.9571281771357354,1791553521604323267,
-0.019649207592010498,0.11242187023162842,0.9665855974884919,1791553521634960440,
-0.2737400531768799,0.517694354057312,1.0311506532963761,1791553521672761240,
-0.12800592184066772,0.4374040365219116,0.9930071296274032,1791553521702706319,
-0.46091365814208984,0.29589325189590454,1.0202542079407002,1791553521732651806,
0.28850865364074707,0.282794713973999,0.9640091916862498,1791553521764406098,
0.1357315182685852,0.2648497223854065,0.9969289773736184,1791553521795304564,
0.2788568139076233,0.1486639380455017,1.0942586018419276,1791553521822908503,
-0.30583101511001587,0.6292734146118164,1.0083806131330055,1791553521851955267,
-0.2554696798324585,0.014619886875152588,0.9941091771624588,1791553521881374015,
-0.22804558277130127,-0.29429274797439575,0.95974810174534,1791553521912341317,
0.3289734721183777,0.48532503843307495,1.0007319373890282,1791553521942258045,
0.054811716079711914,0.04979503154754639,1.0245153670974505,1791553521972555442,
0.30875158309936523,-0.09151256084442139,0.9870415484849877,1791553522004121223,
0.503237783908844,0.748613715171814,1.1010617951448867,1791553522031524624,
-1.0023554563522339,0.42477214336395264,0.9774741061126572,1791553522062089213,
0.31595873832702637,0.27729320526123047,0.9966947340067938,1791553522091977141,
-0.5932077765464783,0.39226430654525757,0.9865402499323557,1791553522121925010,
0.31281256675720215,0.2926687002182007,0.9793775474077948,1791553522151886462,
-0.5202152729034424,0.06423699855804443,0.9931926710165113,1791553522181873813,
0.611459493637085,0.2525630593299866,0.9899355413484205,1791553522212634964,
-0.4760408401489258,0.18200784921646118,0.9551471041601302,1791553522244355245,
-0.36107540130615234,-0.13060873746871948,1.0955986641838518,1791553522271849043,
-0.04912668466567993,0.6879900693893433,0.9914025644664467,1791553522301674762,
0.5970869064331055,0.13292312622070312,0.994054239543111,1791553522331708962,
-0.04068160057067871,0.1983441710472107,1.03548772439352,1791553522361491831,
0.057846665382385254,0.6106204986572266,1.0038600371277349,1791553522391452720,
-0.1515592336654663,0.27684348821640015,0.9952936706458216,1791553522421437532,
-0.0019590258598327637,0.5161619186401367,0.9855785621118509,1791553522452037878,
-0.010222792625427246,0.6911984086036682,0.930998201851286,1791553522484616807,
0.2771987318992615,-0.07849186658859253,1.0977584093169326,1791553522511592879,
-0.07591134309768677,0.10690683126449585,1.042351961226526,1791553522540512362,
-0.7035414576530457,0.6838161945343018,0.9797573636934447,1791553522571133674,
-0.12875187397003174,-0.14464783668518066,1.0110656471139035,1791553522601121631,
-0.32823312282562256,-0.09947878122329712,1.0214719033656479,1791553522630995820,
-0.1044994592666626,0.5301859974861145,1.026158265105244,1791553522661027575,
-0.15092438459396362,0.3890783190727234,0.9669076226325649,1791553522692197252,
0.15798187255859375,0.2651066780090332,0.9435302290483143,1791553522723922851,
0.37598758935928345,0.294794499874115,1.04710280510518,1791553522760861711,
0.370373010635376,0.11487162113189697,0.9895981879973094,1791553522790770539,
-0.6329219937324524,-0.04687851667404175,0.9690852791061639,1791553522820972923,
0.3106103539466858,0.5237663388252258,0.9598033260602142,1791553522852181772,
-0.2332552671432495,0.25795572996139526,0.9865621783613495,1791553522883037651,
-0.19866925477981567,0.22475391626358032,1.1005687749026987,1791553522910662845,
0.07644391059875488,0.9482896327972412,0.9990991645634828,1791553522940457955,
0.05312371253967285,0.20476508140563965,1.0388551244596091,1791553522969459967,
-0.5651919841766357,0.21625417470932007,0.9956119858240771,1791553522999416379,
0.08589929342269897,0.5045368075370789,0.9746062366696002,1791553523030383247,
-0.06070852279663086,-0.1805824637413025,1.0053355631671739,1791553523060855090,
0.5306753516197205,-0.2756969928741455,0.9684658336895994,1791553523092069762,
0.05085176229476929,0.6558306813240051,1.0569598475546509,1791553523120243467,
0.2959635853767395,0.3415829539299011,1.0086547138508906,1791553523150321560,
-0.023473620414733887,0.4530189633369446,0.9917653499976454,1791553523180678647,
0.3801320195198059,0.6273685693740845,1.0122498400787276,1791553523209986781,
-0.3008115887641907,0.33725202083587646,0.9876544164975287,1791553523240018067,
0.639706552028656,0.1476304531097412,1.0211409822116517,1791553523269944329,
-1.00947904586792,0.3378639221191406,0.9764560127115736,1791553523300389097,
0.38475507497787476,-0.2783135175704956,0.9170129473041234,1791553523332415778,
-0.006246447563171387,-0.12082374095916748,1.0682815031567447,1791553523359846856,
0.2525321841239929,0.6148932576179504,0.9678908832977716,1791553523389742369,
-0.4876099228858948,-0.07785999774932861,0.9900002604645853,1791553523419666826,
0.4349856972694397,0.3450825810432434,1.0242153725624545,1791553523449575697,
0.06110799312591553,1.0066978931427002,1.0176138662304426,1791553523479537587,
0.5840258002281189,0.09366130828857422,1.0297118746783012,1791553523509484795,
-0.009988129138946533,0.2648448348045349,1.0259910875623757,1791553523539131392,
-0.39277583360671997,0.4386986494064331,0.8949615428608426,1791553523572550734,
-0.5378344058990479,-0.2898372411727905,1.1061815385412177,1791553523599412258,
0.45810556411743164,-0.2916329503059387,1.0190402481583065,1791553523629247573,
-0.43224525451660156,0.4910516142845154,0.9990065418504174,1791553523659262775,
0.3282849192619324,0.559420108795166,0.9750357617168224,1791553523689194293,
0.004972219467163086,0.25274622440338135,0.9631987440683218,1791553523719105845,
0.16442620754241943,0.6549551486968994,0.9901680545645839,1791553523749095311,
0.10715663433074951,0.43851184844970703,0.9195618176084028,1791553523780713261,
0.42532896995544434,-0.14449113607406616,0.9206494613430438,1791553523812166290,
-0.6275453567504883,-0.07176285982131958,1.1224818936251733,1791553523839002468,
0.2412465214729309,-0.04645371437072754,1.023516508159532,1791553523868862392,
-0.3903176784515381,-0.04599940776824951,0.9783640651424196,1791553523898788873,
0.5058351755142212,0.5661033987998962,0.9409960213587231,1791553523928801049,
-0.03669935464859009,0.42793548107147217,0.9449893202070344,1791553523958713231,
-0.08280211687088013,0.33071213960647583,0.9424038182795439,1791553523988647521,
-0.8206928372383118,0.5227864980697632,0.9129771248713557,1791553524020643721,
0.30005258321762085,0.24873846769332886,0.9929036111610844,1791553524051243444,
0.24027222394943237,-0.18593138456344604,1.168142111857716,1791553524077510815,
0.2478923201560974,0.1976606249809265,0.9858735242262354,1791553524108395529,
0.05923837423324585,-0.20254331827163696,0.9886275888478256,1791553524138382467,
0.07820338010787964,0.017401516437530518,0.9603609531864907,1791553524168361439,
0.05909156799316406,0.7227652668952942,0.9868921128444251,1791553524198312080,
0.10788273811340332,0.5771726369857788,1.0018340744968603,1791553524228717735,
-0.16721993684768677,0.009715616703033447,0.920773174769521,1791553524260146319,
-0.13443678617477417,0.3327952027320862,0.9281600591816209,1791553524290227376,
-0.09207713603973389,0.2826075553894043,1.020068969666998,1791553524318373014,
-0.16922330856323242,0.35670173168182373,0.9396285418276146,1791553524348115354,
0.37875545024871826,0.4994170069694519,0.936266908217139,1791553524378078410,
-0.05978900194168091,0.3052902817726135,0.9896510594729097,1791553524407987750,
0.045850276947021484,0.5278456807136536,1.0048042837940827,1791553524437937490,
-0.0683562159538269,-0.045128822326660156,0.939932386047026,1791553524468630379,
-0.47963547706604004,-0.21558672189712524,0.9204481219251842,1791553524500233393,
0.5248459577560425,0.0509258508682251,1.0308066329168708,1791553524527772858,
-0.07287663221359253,0.3172661066055298,0.9494359251078635,1791553524557610698,
0.13292819261550903,0.44875824451446533,0.9834745031685058,1791553524587627570,
-0.2151709794998169,0.6315545439720154,1.0293407817155893,1791553524616537028,
0.7551035284996033,-0.02213108539581299,0.9399570322999471,1791553524647449172,
-0.5679669976234436,0.20270603895187378,0.9611664618685165,1791553524677447334,
0.040294110774993896,0.24698233604431152,0.9347412458924158,1791553524708247681,
-0.7920970320701599,-0.12760835886001587,0.8874159676990075,1791553524740236852,
-0.005800783634185791,-0.1636626124382019,1.052331674683247,1791553524767310803,
0.2526337504386902,0.5107604265213013,0.968530893910864,1791553524797222626,
0.3732675313949585,0.300790011882782,0.9714370485297742,1791553524827146530,
0.05339515209197998,0.146112859249115,0.9350947134254667,1791553524857154160,
0.3654823303222656,0.39302968978881836,0.9222710914706563,1791553524887135055,
-0.20964843034744263,-0.16205060482025146,0.9234211761030706,1791553524917180922,
-0.37674182653427124,0.0017516613006591797,0.9095031952098956,1791553524948196169,
0.14761888980865479,0.549285352230072,0.8744056871150923,1791553524980940231,
-0.7061530947685242,-0.14037317037582397,1.0971994429425318,1791553525007091188,
0.6192902326583862,0.15413451194763184,0.9485748500658349,1791553525037071555,
-0.15377962589263916,0.7397763729095459,0.9469040010080904,1791553525066928171,
-0.008704423904418945,0.17524057626724243,0.9508946875178245,1791553525096957060,
-0.014063835144042969,0.06380313634872437,0.955228138090745,1791553525126919695,
0.06203716993331909,0.42244744300842285,0.9489610143022308,1791553525156945308,
0.013882279396057129,-0.2070906162261963,0.8971795328810735,1791553525188431381,
-0.25745177268981934,-0.30984485149383545,0.9154651346455289,1791553525219379246,
-0.20692336559295654,0.4388464093208313,0.9948743982454227,1791553525246881768,
0.18289458751678467,0.4261261820793152,0.9369627662228974,1791553525276828716,
0.06705236434936523,0.14354640245437622,0.9333527213571821,1791553525307012855,
-0.3677940368652344,0.6333956718444824,0.9544122578416036,1791553525336865642,
0.3758854866027832,-0.11222672462463379,0.9600658080341946,1791553525366779799,
-0.23577165603637695,-0.0023923516273498535,0.9236356589653063,1791553525396760549,
0.4289998412132263,0.2836013436317444,0.843909904613181,1791553525428965043,
-0.43829452991485596,0.23388022184371948,0.9432842632584195,1791553525466755752,
-0.07741957902908325,0.27245432138442993,0.9097339036129508,1791553525495985896,
0.9025331139564514,0.27976661920547485,0.8989549917031623,1791553525525980319,
-0.5907257795333862,0.036861300468444824,0.9001235819372201,1791553525557192573,
0.37026870250701904,0.024920523166656494,0.8918822210340082,1791553525588302813,
0.3498707413673401,0.1196126937866211,0.9975914544549229,1791553525615859648,
-0.6138443350791931,0.07861119508743286,0.9305728367233208,1791553525645702202,
-0.20362448692321777,0.07937902212142944,0.9461045207489073,1791553525675675626,
-0.534550666809082,0.4671695828437805,0.930486478155631,1791553525705653847,
0.2221422791481018,0.4128895401954651,0.9337883491829966,1791553525734785833,
-0.007718145847320557,0.35394275188446045,0.8952658103712487,1791553525765574153,
-0.10198026895523071,-0.2835652828216553,0.9034609423836704,1791553525796629334,
-0.212011456489563,0.017634212970733643,0.8662335690855195,1791553525828419741,
0.27626854181289673,0.3444989323616028,0.9938878568884925,1791553525855685614,
-0.244188129901886,-0.18355613946914673,0.9649379432597309,1791553525884691111,
-0.3176026940345764,0.41164761781692505,0.9138205691222157,1791553525915293099,
-0.3726663589477539,0.34913188219070435,0.9044364182345802,1791553525945267337,
0.2704833745956421,0.25500810146331787,0.9018929670533921,1791553525975154551,
0.1123306155204773,-0.07079511880874634,0.9084087249920741,1791553526005015150,
-0.14551961421966553,0.3886203169822693,0.8659089134215853,1791553526036355483,
0.12144702672958374,-0.017434418201446533,0.8651049843810465,1791553526069112522,
-0.007593989372253418,-0.028484702110290527,1.072280446574177,1791553526095011827,
0.2591021656990051,0.5162513256072998,0.9242123442033773,1791553526124928973,
-0.3693251609802246,0.10436147451400757,0.9334499562235742,1791553526154810003,
-0.37114518880844116,0.437716007232666,0.9133338731435561,1791553526184782686,
0.1256866455078125,0.3984552025794983,0.8976175100088684,1791553526214770497,
0.22002476453781128,-0.4735797047615051,0.9286869469053405,1791553526244935335,
-0.31278014183044434,-0.10194605588912964,0.864475011454942,1791553526276656976,
0.34109240770339966,0.6641544699668884,0.8494709264148357,1791553526307450534,
0.19989222288131714,0.18212682008743286,0.9858458630390464,1791553526334921014,
-0.36215877532958984,0.07973265647888184,0.9145280841309814,1791553526364456952,
-0.6405779719352722,0.27699583768844604,0.7671518368394781,1791553526387856830,
0.3776324391365051,0.1642085313796997,1.0184957174200022,1791553526414798400,
-0.8490076065063477,0.3987554907798767,0.941366459157058,1791553526444338745,
0.4139172434806824,0.1358005404472351,0.9020598704759611,1791553526474295376,
0.4379991292953491,0.20647066831588745,0.8680054309340806,1791553526504221141,
-0.5238850116729736,-0.046535491943359375,0.8907689631070268,1791553526534163653,
-0.006322503089904785,0.35297179222106934,0.8777742785410478,1791553526564544536,
-0.1497601866722107,0.14603173732757568,0.8460266346985305,1791553526596329064,
-0.35317355394363403,-0.0043447017669677734,0.9575241846482703,1791553526624089693,
-0.27139008045196533,0.5706258416175842,0.8905342227823931,1791553526653998891,
-0.3823862075805664,0.22781533002853394,0.8929414460211054,1791553526683917028,
0.13544702529907227,0.03011387586593628,0.9225204459067281,1791553526713890956,
0.33483272790908813,0.6866862773895264,0.9124716293137142,1791553526743831500,
-0.4131057858467102,-0.5684658885002136,0.8884827462152064,1791553526773773032,
-0.12419980764389038,-0.2607885003089905,0.847050472966768,1791553526804690800,
0.3521549701690674,0.741835355758667,0.8214280507177807,1791553526836935862,
-0.49815648794174194,0.34354138374328613,1.022559688384037,1791553526862733507,
-0.47518956661224365,0.43387651443481445,0.8589478481458686,1791553526893741345,
0.11360746622085571,0.29209989309310913,0.9137458746725514,1791553526923471797,
0.06426924467086792,0.3407666087150574,0.8842040142416155,1791553526953463336,
0.14081835746765137,-0.13916021585464478,0.8760254903455432,1791553526983409344,
-0.4344146251678467,0.4437686800956726,0.8746700101689294,1791553527013448735,
0.3321768641471863,0.33887314796447754,0.8733698757068399,1791553527043508226,
-0.748611330986023,-0.3449040651321411,0.8270928134310589,1791553527076365930,
0.17828190326690674,-0.30626243352890015,0.9979116257265593,1791553527103553580,
0.35201120376586914,0.1716536283493042,0.9200549464752055,1791553527132501327,
-0.02408379316329956,0.1542959213256836,0.8266154730145202,1791553527163156341,
-0.5077282786369324,0.2558552622795105,0.854044370667572,1791553527193196145,
0.1573876142501831,0.35117626190185547,0.8783944717614982,1791553527223325519,
-0.744600236415863,0.5802137851715088,0.9033864319830605,1791553527252970436,
-0.09129303693771362,-0.046374619007110596,0.8344794744395743,1791553527285111788,
-0.2327752709388733,-0.2255062460899353,0.8790845408728496,1791553527315036002,
0.35663747787475586,0.4638221859931946,0.9465208601058063,1791553527342828332,
-0.22536814212799072,-0.0303611159324646,0.8913110436534205,1791553527372727717,
-0.45830005407333374,0.26994389295578003,0.9214072425396376,1791553527401639078,
0.3405301570892334,0.7984723448753357,0.8255445174726034,1791553527432546648,
-0.3191218376159668,-0.06488430500030518,0.8430898180082671,1791553527462569426,
-0.40479397773742676,0.22036701440811157,0.8704153433417494,1791553527492431086,
0.03945815563201904,0.5429819822311401,0.7989281917064304,1791553527524477328,
0.13982272148132324,-0.04251736402511597,0.9394842425994703,1791553527552679224,
0.023948967456817627,-0.15747427940368652,0.947047895588334,1791553527581580905,
-0.15965861082077026,0.4187605381011963,0.8419425613641575,1791553527612256257,
-0.3457968831062317,0.3829920291900635,0.8418148530023086,1791553527642247605,
-0.09999370574951172,0.31413352489471436,0.8460550593727219,1791553527672135324,
-0.18128597736358643,0.18183022737503052,0.8791138677866928,1791553527702152999,
-0.6036657094955444,0.08568185567855835,0.8674073940753545,1791553527732773703,
0.38768690824508667,-0.20890700817108154,0.8140281378406661,1791553527764818293,
0.04720824956893921,0.6203087568283081,0.9409712872576026,1791553527792490758,
0.18836796283721924,0.5536935329437256,0.8811526055426303,1791553527822068408,
-0.647303581237793,0.10439789295196533,0.853169906699425,1791553527851888029,
0.42565304040908813,0.4605410695075989,0.8656342899714018,1791553527881835560,
0.1890999674797058,0.3452405333518982,0.8895773598331111,1791553527911775826,
-0.5381147861480713,-0.10280764102935791,0.8857541936952399,1791553527940781209,
0.4123624563217163,0.2997894287109375,0.7888521577328856,1791553527972924249,
-0.2580479383468628,0.21813946962356567,0.7954559522109962,1791553528004554188,
-0.6594581007957458,0.1882648468017578,0.919987592004355,1791553528032068383,
0.03357595205307007,0.5680568814277649,0.9108941911660254,1791553528061482087,
-0.3439851999282837,0.3881162405014038,0.8650546392337348,1791553528091435827,
0.8648483157157898,0.8175042271614075,0.8544494560756527,1791553528121417370,
-0.29842787981033325,-0.3305758237838745,0.8610166439112737,1791553528151469727,
-0.4129886031150818,0.14922797679901123,0.8627141738411462,1791553528181262889,
0.2179727554321289,0.44864213466644287,0.802090998255438,1791553528212821742,
-0.08697742223739624,-0.09572464227676392,0.8301742721193055,1791553528244406970,
-0.3959420919418335,0.8609073162078857,0.9942003375065875,1791553528270680088,
0.6210880875587463,0.6796163320541382,0.8140093484302243,1791553528311358093,
-0.7039659023284912,-0.16814512014389038,0.8477961049604782,1791553528341021062,
-0.2617194652557373,0.17667025327682495,0.7963993495735834,1791553528373024536,
0.5589852333068848,0.8699575662612915,0.8684187874624801,1791553528403418691,
-0.5900062918663025,0.4275427460670471,0.939184762643541,1791553528430805814,
-0.09390872716903687,0.12570995092391968,0.8422753034532973,1791553528460809617,
0.09965628385543823,0.20071756839752197,0.8694681492990797,1791553528489741699,
-0.2848183512687683,0.045451223850250244,0.8337709432853064,1791553528520730622,
-0.3848682641983032,0.10106676816940308,0.8469458745908904,1791553528550942526,
-0.12692540884017944,0.5423518419265747,0.834989453627059,1791553528580693659,
0.059309422969818115,0.3851354718208313,0.814574377370527,1791553528612340401,
-0.23026597499847412,0.4764981269836426,0.877506153598538,1791553528640903067,
-0.4282018542289734,-0.030119657516479492,0.8203799869943369,1791553528670806219,
-0.03296881914138794,0.26320987939834595,0.8763667363177805,1791553528700320348,
0.3667009472846985,0.018105268478393555,0.8507555112488965,1791553528730291024,
-0.020391345024108887,0.3510936498641968,0.832303955501505,1791553528760271329,
-0.5039567947387695,0.30637669563293457,0.8308603696768925,1791553528790482303,
-0.2516554594039917,0.34923410415649414,0.8264764387726106,1791553528821097199,
0.30441588163375854,0.563125729560852,0.7967970791467021,1791553528853736991,
-0.3044682741165161,0.3374324440956116,0.9834852783943981,1791553528880106712,
0.03710472583770752,0.09509044885635376,0.8338120698741043,1791553528910002031,
0.4021115303039551,-0.12083405256271362,0.829763572746779,1791553528939923392,
-0.6636271476745605,0.04065549373626709,0.8400464182803308,1791553528969870204,
-0.5697119235992432,0.49576640129089355,0.8345348401071009,1791553528999833782,
0.04079759120941162,0.17274326086044312,0.868450904197564,1791553529029725539,
0.18508827686309814,0.555610716342926,0.8269615468564335,1791553529060712699,
0.1682889461517334,0.618715226650238,0.7958680323020021,1791553529092398242,
0.0063127875328063965,-0.12754082679748535,0.9055471202487549,1791553529119637005,
0.15024018287658691,-0.057048797607421875,0.8500659172905284,1791553529148534637,
0.22128719091415405,0.669610857963562,0.8144870423938511,1791553529179587836,
-0.19962632656097412,0.021789610385894775,0.8564198413824604,1791553529209427342,
-0.4061048626899719,0.44085007905960083,0.815277071397539,1791553529239700728,
0.3794991374015808,0.7641476392745972,0.8406974400847402,1791553529269414925,
-0.4469214677810669,-0.02675551176071167,0.808750649275788,1791553529300393341,
-0.005868315696716309,0.03651946783065796,0.7694401054915085,1791553529332858447,
0.41176944971084595,0.5125847458839417,0.9557308630409507,1791553529359228209,
-0.019061803817749023,-0.0994635820388794,0.8462333895393775,1791553529389132739,
-0.3506903648376465,0.1562190055847168,0.8305271521572608,1791553529419106546,
0.335627019405365,0.6640661954879761,0.8317256740587878,1791553529449017294,
0.3274029493331909,0.3718995451927185,0.8461154757864281,1791553529479008148,
0.08797448873519897,0.24258238077163696,0.8310069420135655,1791553529508951788,
-0.18200618028640747,0.2967444658279419,0.7713992050494759,1791553529540402195,
0.33488577604293823,0.27086377143859863,0.8155076044472472,1791553529571493251,
-0.4105834364891052,0.1905462145805359,0.88968576141906,1791553529598847622,
-0.40947794914245605,0.2907788157463074,0.8146870552866519,1791553529628693529,
0.04543948173522949,0.49973100423812866,0.8432474241036564,1791553529658679548,
0.058545470237731934,0.36517333984375,0.8195146062216321,1791553529688589598,
0.2302621603012085,0.2491028904914856,0.7856058885687686,1791553529718563777,
-0.49334216117858887,0.0717703104019165,0.8159258791182984,1791553529748622291,
-0.02292490005493164,-0.056819021701812744,0.7647070762330453,1791553529781042186,
0.35627293586730957,0.3930748701095581,0.8885788351993303,1791553529809589018,
0.36365509033203125,0.7348018288612366,0.8561250483022895,1791553529838646074,
-0.010325372219085693,0.577410876750946,0.8195673404794275,1791553529868449959,
-0.644745945930481,-0.4575558304786682,0.8368198059684283,1791553529898280579,
-0.19954776763916016,-0.2200181484222412,0.838607973725743,1791553529928325266,
0.6328510046005249,0.5578705668449402,0.8375565200490999,1791553529958160199,
-0.18656527996063232,0.6606971621513367,0.8085411842538398,1791553529988456110,
0.08004724979400635,0.2595446705818176,0.7510807861602801,1791553530020417002,
-0.17637521028518677,0.3666068911552429,0.8756813301735483,1791553530047955531,
0.012594521045684814,0.42072606086730957,0.7861587506825315,1791553530077985126,
-0.18299007415771484,-0.12075108289718628,0.7936711393545065,1791553530107876338,
-0.3441150188446045,0.19707441329956055,0.843972965400665,1791553530137843831,
0.26214951276779175,0.22804325819015503,0.8695247851084912,1791553530166753811,
-0.34976726770401,-0.1101609468460083,0.7642902515015318,1791553530197748568,
0.2834402322769165,0.46047312021255493,0.7315496691052878,1791553530229301758,
-0.06553232669830322,0.3202515244483948,0.7810029507970477,1791553530260757647,
0.11467361450195312,0.21312099695205688,0.9097283260404093,1791553530287664900,
-0.015155315399169922,0.6365513801574707,0.7867288175924531,1791553530317574727,
-0.2699921727180481,-0.08954304456710815,0.7959331284575992,1791553530347423858,
0.27291256189346313,-0.5549745559692383,0.7942459038896883,1791553530377417902,
0.1524640917778015,0.8295480608940125,0.8230641501040445,1791553530407389152,
0.10856121778488159,0.5316452383995056,0.8295434247923443,1791553530437424135,
-0.5854688882827759,-0.09282952547073364,0.7705652826218016,1791553530468481717,
0.8806478977203369,0.5152943730354309,0.7368067005791539,1791553530500776831,
-0.5978881120681763,0.29499930143356323,0.8879828448695526,1791553530527323343,
-0.23787826299667358,-0.6117531061172485,0.7778451461463999,1791553530557282656,
0.38731569051742554,0.7035326957702637,0.8135134674942801,1791553530587297629,
0.4408149719238281,0.21162080764770508,0.8223336478517004,1791553530617246315,
-0.1853712797164917,-0.16444891691207886,0.7815491812856074,1791553530647161743,
-0.24784016609191895,0.8156476616859436,0.7822805737060443,1791553530677242121,
0.33587735891342163,0.12160027027130127,0.7856794970592571,1791553530708547135,
-0.23191803693771362,0.5872669816017151,0.8361894366310605,1791553530738061118,
0.03285282850265503,-0.047747790813446045,0.8010178745250012,1791553530767114411,
-0.25318509340286255,-0.3365445137023926,0.7656404277473617,1791553530797141665,
0.540858805179596,0.5475466251373291,0.7944466705032451,1791553530827075437,
0.05872905254364014,0.31365543603897095,0.793202302085945,1791553530857267531,
-0.4896036386489868,-0.1478806734085083,0.7881133368223057,1791553530887060940,
0.1056675910949707,0.9948635101318359,0.8056331865249893,1791553530917090782,
0.3280378580093384,0.15911567211151123,0.7743586253695843,1791553530948743187,
-0.4247077703475952,-0.5019039511680603,0.8781967826814638,1791553530976438160,
0.10257893800735474,0.5727355480194092,0.7804884505948985,1791553531006337990,
-0.08407139778137207,-0.2349076271057129,0.7683098125135023,1791553531036263915,
-0.7077828645706177,-0.06901669502258301,0.8142211725339962,1791553531066164730,
-0.04010802507400513,0.931003987789154,0.8105933802319364,1791553531096240764,
0.35162878036499023,-0.01666945219039917,0.8055909401105431,1791553531125666923,
0.08527970314025879,0.19561225175857544,0.7475755640139774,1791553531156800826,
-0.010159969329833984,0.45430320501327515,0.7578467131216913,1791553531188932930,
0.2206457257270813,-0.08478230237960815,0.8992054621010157,1791553531216055528,
-0.02964937686920166,-0.08705610036849976,0.7936652627332917,1791553531245850537,
0.2068232297897339,0.6286780834197998,0.7906475041384342,1791553531275914184,
-0.09200018644332886,-0.27046746015548706,0.795757592145095,1791553531305794484,
-0.030093729496002197,0.28894954919815063,0.7852441088223513,1791553531335724030,
0.2989451289176941,0.8486934304237366,0.7926134917984275,1791553531365744842,
-0.5719201564788818,-0.6067218780517578,0.7689790659070974,1791553531396987796,
0.4475715160369873,-0.05083727836608887,0.7756458379009827,1791553531427507508,
-0.007300734519958496,0.7642186880111694,0.8164187699322222,1791553531455739540,
-0.1033635139465332,-0.5757631063461304,0.810127488704067,1791553531485429494,
-0.05780637264251709,0.5285831689834595,0.7884180071004202,1791553531515670872,
0.9720884561538696,0.7161120176315308,0.8050403441321057,1791553531545616811,
-0.2794429063796997,-0.2233814001083374,0.8085796778420753,1791553531575281641,
-0.4561554193496704,0.24312597513198853,0.7639178441573876,1791553531605285069,
0.6694263815879822,0.11940699815750122,0.7144877968734836,1791553531637020504,
-0.2624940276145935,-0.40013790130615234,0.7868808604692974,1791553531667528526,
-0.4320772886276245,0.4570685029029846,0.8559419639534075,1791553531695254323,
0.5862627029418945,0.642975389957428,0.7988326529850723,1791553531725023168,
0.08619052171707153,0.19688206911087036,0.7009301575279058,1791553531748028575,
-0.41481947898864746,0.7868626117706299,0.8413610896064788,1791553531784943435,
0.17174583673477173,-0.3745806813240051,0.8151231278175485,1791553531813883997,
-0.09574568271636963,-0.18499940633773804,0.7592988184940958,1791553531844955265,
0.44488340616226196,0.39472252130508423,0.7146056391126565,1791553531876923055,
-0.3442378640174866,-0.13928908109664917,0.7451534296301424,1791553531907090231,
-0.23164582252502441,-0.13930469751358032,0.8002000252380792,1791553531944714207,
-0.02707827091217041,0.6674998998641968,0.8148806005262836,1791553531974682602,
0.5683730840682983,-0.20231962203979492,0.7927867944176334,1791553532004688882,
0.0885995626449585,-0.6113495230674744,0.6938358584490062,1791553532037047987,
0.34757786989212036,0.2176395058631897,0.832540999289533,1791553532074366698,
0.40465593338012695,0.4764074683189392,0.8124345645713554,1791553532104355215,
-0.26073741912841797,-0.2287392020225525,0.7783190637659251,1791553532134380518,
0.3033638000488281,-0.11304372549057007,0.7645647521659984,1791553532164766777,
-0.020237863063812256,0.560683012008667,0.7400154517912191,1791553532196655540,
-0.525886058807373,-0.11341673135757446,0.834398878020473,1791553532224185892,
-0.21058380603790283,0.06255030632019043,0.7680853939700558,1791553532254245007,
0.5975902080535889,0.8230187892913818,0.7675239174307484,1791553532284050934,
0.07177579402923584,0.17692303657531738,0.7398115710984545,1791553532313969273,
-0.0793725848197937,-0.29023081064224243,0.7601681825129208,1791553532343955915,
-0.4833025336265564,0.4719768166542053,0.8049406421366775,1791553532372884483,
0.2642289996147156,-0.16505533456802368,0.7386726124601009,1791553532405376132,
-0.3171689510345459,-0.0851672887802124,0.7922537817835584,1791553532436756457,
-0.014182686805725098,0.7069698572158813,0.8784347769750183,1791553532463868652,
0.6209708452224731,0.4396887421607971,0.7501710523291164,1791553532493665480,
-0.46845734119415283,-0.3510446548461914,0.7795926254503147,1791553532523637492,
-0.2581021785736084,-0.1280718445777893,0.7826659405648719,1791553532553624064,
0.31485360860824585,0.2792137861251831,0.7864484110656648,1791553532583581363,
-0.18893319368362427,-0.0542302131652832,0.7799154792595111,1791553532613546745,
-0.07332015037536621,0.14219319820404053,0.7289757807886379,1791553532645315239,
0.06377929449081421,0.19972288608551025,0.7272707031666177,1791553532676728313,
0.5513014197349548,0.14499449729919434,0.8668701727386016,1791553532713335180,
-0.37197279930114746,0.01711881160736084,0.7736337154826544,1791553532743339759,
0.06807702779769897,0.3923221826553345,0.7519862013603785,1791553532773229763,
0.13172626495361328,-0.1317819356918335,0.7066841450809948,1791553532805177601,
-0.14157408475875854,0.21944713592529297,0.7464631740939508,1791553532835159902,
-0.22958368062973022,0.0833548903465271,0.8086201214808424,1791553532873019533,
-0.001577138900756836,0.48574012517929077,0.7652587297757402,1791553532902913830,
-0.4183332324028015,0.2638980746269226,0.7476980816870343,1791553532932240228,
-0.4953368306159973,-0.6192233562469482,0.6911763836621003,1791553532965239044,
0.18312138319015503,0.04455721378326416,0.8506487585804213,1791553532992954156,
0.8679654002189636,0.443623423576355,0.7994945886909144,1791553533022761116,
-0.28984469175338745,0.2504245638847351,0.7799332819555033,1791553533052669500,
0.14041131734848022,0.638873279094696,0.7576835812301452,1791553533082806665,
-0.02774113416671753,0.02432239055633545,0.750632159055665,1791553533112569092,
-0.3217077851295471,-0.17185384035110474,0.757612806288486,1791553533142552958,
0.5309903621673584,0.30334752798080444,0.7884962819958405,1791553533173012509,
0.33312487602233887,0.028615713119506836,0.7325971889533154,1791553533205268010,
-0.5982236862182617,0.014512419700622559,0.8136448329214435,1791553533233136149,
-0.08236759901046753,0.31425362825393677,0.7704639485273288,1791553533262331051,
0.322390079498291,0.25310999155044556,0.7813859019345473,1791553533292284687,
-0.4388408660888672,-0.0007804632186889648,0.7590074130156439,1791553533322170458,
0.08578431606292725,0.7977025508880615,0.7467467912647134,1791553533352160613,
0.5569928884506226,-0.2619973421096802,0.7531343185636846,1791553533382166966,
-0.5145033597946167,-0.40161699056625366,0.7399726365512982,1791553533412887908,
0.16650092601776123,0.5609655976295471,0.7063755813896833,1791553533444732159,
0.2079048752784729,0.2029438614845276,0.8384088461255397,1791553533471966643,
-0.06513774394989014,0.08901041746139526,0.7877196413340724,1791553533500979466,
-0.4820576310157776,0.9245020747184753,0.7312590578813262,1791553533531860604,
0.07800614833831787,-0.3482035994529724,0.7677214043242829,1791553533561805496,
-0.40395206212997437,-0.9017296433448792,0.7731271717235288,1791553533591762781,
-0.35127943754196167,0.7222351431846619,0.7751451056232915,1791553533621702532,
-0.015259981155395508,0.23613429069519043,0.7487948030749388,1791553533652969305,
-0.05343317985534668,-0.34781497716903687,0.7067786857589692,1791553533685245386,
0.01552271842956543,1.0035426616668701,0.8484132529000689,1791553533711835464,
-0.11073946952819824,0.13422495126724243,0.7867788416185836,1791553533741455351,
-0.6955920457839966,0.241837739944458,0.6735821662918262,1791553533764285560,
-0.3993162512779236,0.6123050451278687,0.77480841220362,1791553533801604212,
-0.4817640781402588,0.10272330045700073,0.7339852769089482,1791553533831296465,
-0.32599395513534546,-0.5432597398757935,0.7305340398115049,1791553533861991312,
0.49488627910614014,0.5330484509468079,0.7180295653034603,1791553533892993725,
-0.46457886695861816,0.427606999874115,0.7553642943227,1791553533923381946,
0.09205019474029541,-0.09810221195220947,0.8199325801171706,1791553533951104617,
-0.3467333912849426,0.31432098150253296,0.723063327175405,1791553533981600846,
-0.3357733488082886,0.04870718717575073,0.7916134013860373,1791553534009962616,
0.11853218078613281,-0.6770110726356506,0.7896262048230718,1791553534039966878,
0.23798948526382446,0.3930538296699524,0.72842654881756,1791553534071007733,
-0.011378049850463867,0.9840753674507141,0.7482918633122206,1791553534100913355,
-0.6928406953811646,0.12142741680145264,0.6958765491443457,1791553534133023803,
0.2859802842140198,-0.3609502911567688,0.8309491484294304,1791553534161139469,
-0.21140092611312866,0.7641445398330688,0.7949582556255085,1791553534190751536,
-0.4962611198425293,-0.2953749895095825,0.7430766913122402,1791553534220765476,
0.14382338523864746,-0.34613877534866333,0.7022980058203636,1791553534250617925,
-0.44456255435943604,0.8346442580223083,0.7035724255742714,1791553534280600751,
-0.09027045965194702,0.1544293761253357,0.7284865842115833,1791553534310646420,
-0.40830880403518677,-0.39155077934265137,0.7551023924590491,1791553534340954940,
0.35738712549209595,0.6522170901298523,0.6886361492382638,1791553534372786613,
0.1855640411376953,0.8562255501747131,0.7754741761259307,1791553534400831220,
-0.5190591812133789,-0.7691268920898438,0.7472495651106801,1791553534430324601,
-0.11500197649002075,0.0748324990272522,0.73736479050808,1791553534460225583,
0.23293614387512207,0.7442857027053833,0.7692455713703733,1791553534490143219,
-0.21147924661636353,-0.15771621465682983,0.8014526873408341,1791553534520105822,
0.03681659698486328,0.5695649981498718,0.7716210090684176,1791553534550078906,
0.3494616150856018,0.9684866070747375,0.7409561510106312,1791553534580254520,
-0.7479313611984253,-1.1617351770401,0.6955189329259922,1791553534612709003,
0.18394982814788818,-0.5171324610710144,0.8206683902518953,1791553534639980354,
0.1078869104385376,1.2444556951522827,0.7334148592233274,1791553534670153822,
-0.39651983976364136,-0.21530169248580933,0.747400456764129,1791553534699745775,
-0.5424282550811768,-0.2027055025100708,0.7350471465864996,1791553534729769732,
0.691436767578125,1.233506202697754,0.7394229901065739,1791553534759895224,
-0.3944641947746277,0.04932296276092529,0.7597659811461759,1791553534789645073,
-0.4390215277671814,-0.48256754875183105,0.6843509335248069,1791553534821318394,
0.17040157318115234,0.8893224000930786,0.6454816987310131,1791553534853240798,
-0.23701626062393188,0.7354369759559631,0.8013396827202028,1791553534889661020,
0.39680469036102295,0.4253304600715637,0.7406077130644825,1791553534919382838,
-0.44816064834594727,-0.29333168268203735,0.7287047639626607,1791553534949353285,
-0.3073338270187378,0.33880382776260376,0.698890370719419,1791553534981751732,
0.09231925010681152,0.30042219161987305,0.7283934934859092,1791553535012336815,
0.2781190276145935,-0.2769331932067871,0.8332982339476227,1791553535039831438,
-0.8427298665046692,0.7227974534034729,0.7760476352300854,1791553535069144056,
0.35178351402282715,0.9351441860198975,0.7303981264238052,1791553535099056342,
-0.5342360734939575,-0.6156052350997925,0.7223296114779375,1791553535128060125,
-0.6754659414291382,-0.06086617708206177,0.684353755742693,1791553535159059038,
-0.02243483066558838,0.8390712141990662,0.7588082618784583,1791553535189030820,
0.26743030548095703,-0.3013298511505127,0.71864556406289,1791553535221300182,
-0.9080139398574829,0.028078138828277588,0.7409384386649308,1791553535251386477,
0.09293073415756226,0.4610109329223633,0.768543614466366,1791553535288861568,
-0.6737673282623291,0.48348426818847656,0.7272360080470621,1791553535318865536,
0.16571009159088135,-0.491424024105072,0.7202830433773222,1791553535349421828,
-0.25037968158721924,0.2428714632987976,0.6975407481849122,1791553535381150718,
-0.47276556491851807,0.9380446076393127,0.7942029524241307,1791553535409120201,
0.25320374965667725,1.0208220481872559,0.7380285271593442,1791553535438710989,
-0.5570265650749207,-0.8329065442085266,0.7558755596512164,1791553535467513966,
0.019913434982299805,-0.11843091249465942,0.7383484044767981,1791553535497503039,
0.3848634362220764,1.113377571105957,0.7160412670392879,1791553535528436470,
-0.31062090396881104,-0.023082256317138672,0.7405553181431903,1791553535558308262,
-0.3505585193634033,-0.1387948989868164,0.7174916432919058,1791553535588689555,
0.09477353096008301,0.9651951193809509,0.6866331258274126,1791553535620761870,
-0.5526303648948669,-0.16798585653305054,0.7962336509546493,1791553535648162110,
-0.1301930546760559,-0.7838440537452698,0.74726418245822,1791553535677040284,
0.4427025318145752,0.9771592020988464,0.6881507081459325,1791553535707978129,
-0.7076385617256165,0.6943575143814087,0.7136036720093923,1791553535737965233,
0.2379358410835266,-0.17515844106674194,0.7341948824413966,1791553535767840250,
-0.06086677312850952,0.6673810482025146,0.7155632412146145,1791553535797881772,
-0.06553345918655396,0.5520637631416321,0.6677726003284367,1791553535829295782,
-0.26560068130493164,-0.23640590906143188,0.6583836396735314,1791553535861090216,
0.29110729694366455,-0.20943641662597656,0.8046910797517437,1791553535887808584,
-0.1373378038406372,0.6489473581314087,0.7542356439512885,1791553535917670383,
-0.11458778381347656,-0.40101104974746704,0.6306070936292314,1791553535940746560,
0.6739153861999512,-0.10566335916519165,0.7464253802616202,1791553535977614473,
-0.46230441331863403,0.4381595849990845,0.6964114670302899,1791553536007629275,
-0.6311295628547668,0.650651216506958,0.7075752759289825,1791553536037646703,
-0.010942041873931885,-0.12971144914627075,0.6858961482851974,1791553536068706063,
-0.3281921148300171,-0.3932979106903076,0.6852601442725378,1791553536100713191,
-0.03029787540435791,0.5756096839904785,0.8598531783487118,1791553536126512621,
-0.3198477625846863,0.4019356369972229,0.681127280022289,1791553536157421822,
0.2490186095237732,0.04276907444000244,0.6951823233089898,1791553536187495992,
-0.024618327617645264,0.9395689368247986,0.7279758474601175,1791553536217403822,
-0.17255336046218872,0.22424793243408203,0.7138307699229114,1791553536247407657,
0.09174507856369019,-0.45436471700668335,0.6842546091934303,1791553536277407151,
-0.17920082807540894,0.19932878017425537,0.6447766814830181,1791553536309132785,
-0.14562928676605225,0.30119788646698,0.746150070952325,1791553536338946740,
0.7305507659912109,0.19107162952423096,0.8106795156565196,1791553536366535252,
0.024920761585235596,0.304243266582489,0.6661371423631093,1791553536397340491,
-0.5188343524932861,0.6304186582565308,0.6955586079530834,1791553536427344635,
0.27043765783309937,0.13883662223815918,0.6987918943731448,1791553536457337656,
-0.24704039096832275,0.2768740653991699,0.697695899611799,1791553536487362559,
-0.0032888054847717285,0.2915470600128174,0.6731212411530393,1791553536517176396,
-0.1091112494468689,0.11156302690505981,0.63773598857828,1791553536549005777,
0.5505115389823914,-0.14434415102005005,0.7643955436140172,1791553536576581020,
-0.39705681800842285,0.3749426007270813,0.7231753376049943,1791553536606409461,
-0.17210811376571655,0.9570426344871521,0.7070761024513441,1791553536636407262,
0.34166592359542847,0.471108078956604,0.7054820023307371,1791553536666335054,
-0.34235548973083496,-0.5826871395111084,0.7251551010659353,1791553536696262582,
-0.7813107371330261,-0.10000103712081909,0.7013231108405622,1791553536726223704,
0.9433883428573608,0.6989853978157043,0.6794782878398985,1791553536757289251,
-0.3984419107437134,-0.2996702790260315,0.6842791408589552,1791553536787880337,
-0.16798996925354004,0.5030206441879272,0.7344397730383267,1791553536816114279,
0.11666804552078247,1.152199387550354,0.6886649563882785,1791553536845990269,
0.4762953519821167,-0.1253928542137146,0.6913883427161945,1791553536875942698,
-0.12493324279785156,-0.223064124584198,0.7092477819018946,1791553536906098559,
-0.13652634620666504,0.9810545444488525,0.7065804006544083,1791553536935870135,
0.6090877652168274,-0.04692918062210083,0.7085693387302936,1791553536965826327,
-0.4640376567840576,-0.5804561972618103,0.6755669230000337,1791553536997190437,
0.35422027111053467,0.694434642791748,0.6467013331865645,1791553537028820742,
0.28370267152786255,0.6029230952262878,0.7935710301859394,1791553537055679838,
-0.17416512966156006,-0.02137291431427002,0.7044921595737121,1791553537085595418,
-0.6435481309890747,0.40401703119277954,0.7242771190686232,1791553537114506073,
0.3352421522140503,0.22917723655700684,0.6731765897483495,1791553537145492687,
-0.7126578688621521,-0.5450587272644043,0.683988780614015,1791553537175405279,
0.7163668274879456,0.34678739309310913,0.7071776483117478,1791553537205388092,
-0.02123647928237915,1.078844666481018,0.6775208135220606,1791553537237124171,
0.09318697452545166,0.4696763753890991,0.6743620807709562,1791553537268347041,
-0.43827563524246216,-0.25462716817855835,0.7602198312819693,1791553537295965293,
0.37867969274520874,0.11582928895950317,0.7231519325429219,1791553537325211322,
0.23552697896957397,0.2920387387275696,0.6043353083663897,1791553537348343211,
-0.26254552602767944,0.09001463651657104,0.7413231817236257,1791553537385030889,
0.18788135051727295,0.06972599029541016,0.6634685323651218,1791553537415020056,
-0.2657032608985901,0.28755301237106323,0.7095121103083296,1791553537445195684,
0.22018200159072876,0.6668018102645874,0.6874643720398458,1791553537476995440,
0.21020734310150146,0.15918570756912231,0.6650163012443353,1791553537507408928,
-0.3871135115623474,0.3528122901916504,0.7307203685973257,1791553537544782283,
0.031178593635559082,0.11029279232025146,0.7166677826906649,1791553537574692490,
0.05195808410644531,0.6138874888420105,0.7063639873427436,1791553537604994359,
-0.5975425839424133,0.4927937388420105,0.6316588388641303,1791553537637080219,
0.9385769367218018,-0.22212350368499756,0.7116616368027531,1791553537664808104,
-0.60420161485672,0.23899531364440918,0.6809497206960139,1791553537695090484,
-0.1926201581954956,0.5761244297027588,0.701922093369992,1791553537724457930,
0.004606306552886963,-0.6470497250556946,0.7102064435321903,1791553537754431765,
0.035898685455322266,0.3265133500099182,0.6929590804890078,1791553537784689373,
0.43943750858306885,1.326548457145691,0.7193913589051822,1791553537814288918,
-0.06564950942993164,-0.03082042932510376,0.6593973024884591,1791553537845745694,
0.07076483964920044,-0.9033962488174438,0.6489993615861285,1791553537876974641,
-0.24595153331756592,1.1256896257400513,0.7700063136220292,1791553537903189156,
0.18175721168518066,0.5794586539268494,0.6706258364809483,1791553537934053533,
0.23928004503250122,-0.87957763671875,0.6867108143088523,1791553537964024139,
-0.3744772672653198,0.8148550987243652,0.6766599249214456,1791553537993973316,
-0.1456371545791626,0.7991248965263367,0.7147985146161375,1791553538023924337,
0.2174454927444458,0.04186290502548218,0.6772360076407259,1791553538053853030,
-0.029283642768859863,-0.05576050281524658,0.6232219684571139,1791553538084963813,
-0.2706047296524048,0.326977014541626,0.6495883419313233,1791553538117113694,
0.4501035809516907,0.18526822328567505,0.8125911896820294,1791553538143781526,
-0.036749184131622314,-0.05148673057556152,0.7182233213920132,1791553538173700362,
0.18728107213974,-0.031941771507263184,0.6889148950013095,1791553538203823774,
-0.6976258754730225,0.6853155493736267,0.6886046691381745,1791553538233610660,
-0.09759551286697388,-0.1703394651412964,0.6772384507581185,1791553538263675140,
-0.2762565612792969,-0.4091373085975647,0.7191594265173104,1791553538292528921,
0.13174974918365479,0.4988560080528259,0.6312702873850762,1791553538324992114,
0.022043585777282715,0.7184979915618896,0.6854118461297743,1791553538355324766,
0.3856275677680969,0.4749820828437805,0.7229968436222979,1791553538383324031,
-0.28863847255706787,-0.020402491092681885,0.6864658129281204,1791553538413235757,
-0.3049415349960327,0.6576476097106934,0.6228310178063163,1791553538435290372,
0.3693084716796875,0.5273278951644897,0.7062069265950569,1791553538473110027,
-0.34906136989593506,0.318526029586792,0.6726301747957708,1791553538503095020,
0.1107366681098938,-0.3505735993385315,0.6633040948470637,1791553538533051937,
-0.13160932064056396,0.2893880605697632,0.6219323766567303,1791553538565460506,
0.0002611875534057617,0.6281304359436035,0.7510872825047273,1791553538592938774,
-0.16699635982513428,-0.11135643720626831,0.6716891919892246,1791553538622829610,
0.3252641558647156,-0.08675616979598999,0.6581249664445391,1791553538652782338,
-0.16250336170196533,0.6658070087432861,0.6996558066970003,1791553538682779488,
0.24883168935775757,0.1577727198600769,0.756959676566386,1791553538712681993,
-0.021318554878234863,-0.23769283294677734,0.7194758580779981,1791553538742840268,
0.297558069229126,0.5538265109062195,0.669799417394257,1791553538773205362,
-0.13663393259048462,1.0824588537216187,0.6049843995752989,1791553538805563563,
0.7398958206176758,-0.06284481287002563,0.7449439905171115,1791553538832571868,
0.056698501110076904,-0.6291917562484741,0.7101408987053542,1791553538862458679,
-0.5982726216316223,0.7331722974777222,0.6764696002741711,1791553538892376756,
0.3956557512283325,0.2806219458580017,0.6409012097236239,1791553538922339461,
0.1697031855583191,-0.37637096643447876,0.656120123133337,1791553538952327219,
-0.5031772255897522,0.31038516759872437,0.7278028801767003,1791553538981228176,
0.410844624042511,0.6424390077590942,0.6446616727388527,1791553539013221267,
-0.2555341124534607,-0.011802077293395996,0.6340972379850002,1791553539045115052,
-0.45034682750701904,-0.47225695848464966,0.7492679448729246,1791553539072049193,
0.4939170479774475,0.49825412034988403,0.6595397727096403,1791553539102105073,
0.07189905643463135,0.3105127215385437,0.6769627065133464,1791553539131919435,
-0.19223833084106445,0.021158158779144287,0.6776293603220154,1791553539161916324,
0.2203425168991089,0.49567943811416626,0.6751111085343477,1791553539191958646,
-0.1244238018989563,0.1664103865623474,0.6925839640934677,1791553539221791008,
0.054150402545928955,0.30365467071533203,0.6897751106689536,1791553539253404623,
0.776360034942627,0.1560174822807312,0.6446056055108259,1791553539285113078,
0.05938386917114258,-0.30432963371276855,0.7185582442288011,1791553539311650797,
-0.9711087346076965,0.19228923320770264,0.6451490446006922,1791553539341614235,
0.5491833090782166,0.7289592623710632,0.6717001467035475,1791553539371550577,
-0.23504436016082764,0.22275996208190918,0.7237186436900562,1791553539400502304,
-0.4359503984451294,0.0818631649017334,0.6786885577714301,1791553539430572762,
0.5389488935470581,0.709825336933136,0.636962037474412,1791553539461437535,
-0.6333300471305847,-0.1548946499824524,0.6361305595480052,1791553539492898390,
0.11972039937973022,-0.48920589685440063,0.6808151174964668,1791553539523250925,
-0.17777419090270996,0.6898430585861206,0.7619031513496282,1791553539551198102,
0.9942371249198914,0.5343283414840698,0.6684562475566793,1791553539581150201,
-0.4186519980430603,-0.05374646186828613,0.6363456729042761,1791553539611132119,
0.06706690788269043,-0.22958892583847046,0.6466731077453551,1791553539641066103,
0.007570207118988037,0.41593486070632935,0.6699593270107322,1791553539671003547,
-0.02268749475479126,0.29492074251174927,0.660632810357236,1791553539701315111,
0.6002578139305115,-0.44782471656799316,0.6443425831461317,1791553539732962633,
0.2682812213897705,0.08032435178756714,0.7252784370357438,1791553539760943939,
-0.38404154777526855,0.8597113490104675,0.68576084688169,1791553539790809324,
0.24826711416244507,0.38902926445007324,0.6976099295836999,1791553539820753885,
0.3279932737350464,-0.19908690452575684,0.6701535525710416,1791553539850708982,
-0.5872572660446167,0.14171242713928223,0.6402942924459603,1791553539880729283,
0.19671905040740967,0.14154678583145142,0.6471004976991943,1791553539910656415,
-0.4490634799003601,0.11557942628860474,0.6735845322970462,1791553539941290378,
-0.09063667058944702,0.11921608448028564,0.6381348175736776,1791553539972938606,
0.1846027374267578,0.2226908802986145,0.7241154577531898,1791553540000446777,
0.26716411113739014,0.5302172899246216,0.6684868307414318,1791553540030371091,
0.2867116928100586,0.05407309532165527,0.6963648239699813,1791553540060295165,
0.07206594944000244,-0.4111011028289795,0.6871551503114137,1791553540089249716,
0.09502971172332764,0.20785659551620483,0.6397695126256091,1791553540119564869,
0.17163145542144775,0.7988334894180298,0.6223016303580317,1791553540150171820,
0.24545544385910034,-0.3981689214706421,0.6213718021309069,1791553540181133196,
0.31882137060165405,-0.021466374397277832,0.6071368822254939,1791553540213345443,
-0.44027143716812134,1.168784260749817,0.7192743692698929,1791553540240406309,
0.10509955883026123,-0.009862065315246582,0.6707825255235913,1791553540269983527,
0.28689491748809814,-0.6592444777488708,0.6522755048673401,1791553540299863656,
-0.18635433912277222,0.07760173082351685,0.6400251069334849,1791553540329819039,
0.14996933937072754,0.3306901454925537,0.7043425554826731,1791553540359829337,
-0.3835567235946655,0.29707270860671997,0.7089226201094033,1791553540389755049,
0.20673787593841553,-0.07362669706344604,0.6373623014810872,1791553540421233501,
-0.12665152549743652,0.2931119203567505,0.6244031886479409,1791553540452965629,
0.6242494583129883,0.4664902687072754,0.7532161664345643,1791553540479684077,
0.1222771406173706,0.04935663938522339,0.6609500085210787,1791553540509834244,
-0.1473097801208496,-0.2518095374107361,0.6165095664277491,1791553540539498364,
-0.0037853121757507324,-0.11483103036880493,0.5997871581149634,1791553540569698218,
-0.43002063035964966,0.6114957928657532,0.6831994263573704,1791553540599396026,
0.5865121483802795,0.36844027042388916,0.6823818750798025,1791553540629633988,
0.30230599641799927,0.15359711647033691,0.6370190290586066,1791553540660572205,
-0.2206721305847168,0.10055762529373169,0.6134622244324092,1791553540692454070,
-0.20306086540222168,0.12973207235336304,0.7316326111682182,1791553540720033755,
0.8222505450248718,-0.30821746587753296,0.6892582394649004,1791553540749123706,
-0.043102145195007324,0.8200965523719788,0.5733333615839639,1791553540772054758,
0.13707804679870605,0.14257889986038208,0.7187433688723991,1791553540799038224,
-0.14311283826828003,-0.5926175713539124,0.6252827113173334,1791553540829477264,
0.790961503982544,-0.056840479373931885,0.6803909322287526,1791553540859296516,
-0.3261837363243103,1.164617657661438,0.6735020524583611,1791553540888943818,
-0.4379430413246155,0.2681695222854614,0.6278680992077219,1791553540919131182,
-0.3951689600944519,-0.3222217559814453,0.6492133293359965,1791553540949346129,
-0.26338261365890503,-0.2505670189857483,0.6216494864859207,1791553540981646499,
-0.20491355657577515,0.4298732280731201,0.7236530805862859,1791553541008770955,
-0.14782875776290894,0.31378495693206787,0.6300110052711122,1791553541038734946,
0.7490884065628052,0.3031822443008423,0.6056860321701683,1791553541068644203,
0.6834827661514282,-0.05063498020172119,0.6219758682795102,1791553541098483813,
-0.6742112636566162,-0.5125377774238586,0.6402310100296,1791553541128494737,
-0.23092788457870483,0.04560595750808716,0.6524499084975826,1791553541158377733,
0.9610030055046082,0.6645557880401611,0.6045643750808651,1791553541189043519,
-0.42654502391815186,-0.3062198758125305,0.5773667468635733,1791553541220996727,
-0.26015084981918335,0.05185961723327637,0.7030784632042392,1791553541248226172,
0.08281821012496948,0.9111465811729431,0.6580944032786662,1791553541278203050,
-0.7292981743812561,-0.11959052085876465,0.6523208517611561,1791553541308119510,
-0.06158804893493652,-0.8672716021537781,0.629629119610274,1791553541338067953,
0.3601687550544739,0.33360612392425537,0.6304298610346842,1791553541368039673,
-0.29512035846710205,0.3161103129386902,0.6498854101892768,1791553541397967177,
-0.11950051784515381,-0.0030562281608581543,0.6259179832713764,1791553541429457132,
0.5492966771125793,0.2514551281929016,0.5988433917618191,1791553541461241114,
-0.4222670793533325,0.5213500261306763,0.7036123196514315,1791553541488094544,
0.18131792545318604,0.14066708087921143,0.6519988707231895,1791553541517882951,
0.6401072144508362,0.12000179290771484,0.6539317013399456,1791553541547908936,
-0.7790694236755371,-0.19772940874099731,0.6162650786361888,1791553541577843243,
-0.021026015281677246,-0.174366295337677,0.6069268417561122,1791553541607826560,
-0.11643147468566895,0.48842132091522217,0.624674205506875,1791553541637886162,
-0.15915566682815552,0.4557669162750244,0.6076364501964826,1791553541669244582,
-0.04382878541946411,-0.14458543062210083,0.608955734001359,1791553541700209164,
0.4813576340675354,0.06210744380950928,0.6961967305548977,1791553541727820873,
-0.9308767318725586,0.2976919412612915,0.649324861109402,1791553541757670849,
-0.4188230037689209,-0.24069684743881226,0.6362213283384727,1791553541787736977,
1.177055835723877,-0.05348116159439087,0.6270545223449304,1791553541817697247,
-0.8564916849136353,0.13217300176620483,0.6396122401756705,1791553541847674852,
0.05867093801498413,0.7934474349021912,0.6280706604596084,1791553541877647375,
0.25958573818206787,0.2625473141670227,0.5820960167034176,1791553541909031263,
-0.133703351020813,-0.38295572996139526,0.6481742568516519,1791553541939096271,
-0.008604168891906738,0.1241571307182312,0.688494793781122,1791553541967571415,
0.455260694026947,0.48839694261550903,0.6225296671224021,1791553541997546808,
-1.1417889595031738,0.061209678649902344,0.632894306413518,1791553542026862646,
0.020539522171020508,-0.919741153717041,0.6035921350925225,1791553542056835907,
-0.1514412760734558,0.35017216205596924,0.6468587824707926,1791553542086825443,
-0.3147239089012146,1.0710945129394531,0.634033584199739,1791553542117481125,
0.14865577220916748,-0.0882943868637085,0.5763447805595169,1791553542149241117,
-0.031467437744140625,-0.7546678781509399,0.6798915990215519,1791553542176687079,
-0.48499345779418945,-0.08264803886413574,0.6601003836968672,1791553542206633988,
0.16259264945983887,0.8265779614448547,0.6367735010098691,1791553542235516006,
0.4660753607749939,0.08795249462127686,0.5704944981525875,1791553542266467319,
-0.667064905166626,-0.3243752121925354,0.6432429155376979,1791553542295410656,
-0.10831314325332642,0.4021804928779602,0.6173112387219164,1791553542326363468,
-0.1736108660697937,0.3568609356880188,0.6356893938448497,1791553542357130865,
-0.19094359874725342,-0.004824519157409668,0.6036808942170506,1791553542389461771,
0.545357882976532,0.17683762311935425,0.6979923641607033,1791553542416221830,
0.095234215259552,-0.7320334911346436,0.6215523547908772,1791553542446185574,
-0.6772754192352295,0.357171893119812,0.640847487859941,1791553542476122609,
0.4973148703575134,0.9183965921401978,0.6403217398266015,1791553542505990912,
0.17327207326889038,-0.0003133416175842285,0.6163978533992562,1791553542536054469,
-0.7396926879882812,-0.3367704153060913,0.6098822122560297,1791553542565948957,
0.8685585856437683,0.6334993839263916,0.6019034572315948,1791553542597276785,
-0.569672703742981,0.30583590269088745,0.6315764827010151,1791553542629109526,
-0.4023399353027344,-0.6247450709342957,0.7086263484931359,1791553542655854402,
0.3098198175430298,0.21273517608642578,0.607132950714708,1791553542685680715,
-0.309536874294281,0.4316490888595581,0.6212810299004323,1791553542715660219,
-0.14903056621551514,0.4615328907966614,0.6387641592791529,1791553542745620544,
0.3679063320159912,-0.22207015752792358,0.6104152013388933,1791553542775497449,
-0.12360471487045288,-0.21378368139266968,0.5934895453827195,1791553542805546377,
-0.5068192481994629,0.2635229229927063,0.5779779927914199,1791553542837576028,
0.7036684155464172,0.1860315203666687,0.6440257338409453,1791553542868280489,
0.04167062044143677,0.06884437799453735,0.6982305566631829,1791553542895430107,
-0.6263468265533447,0.13801735639572144,0.603681480243523,1791553542925262378,
0.22613400220870972,0.275144100189209,0.6227752355699346,1791553542955225069,
-0.36504775285720825,0.5335065722465515,0.6549773677559801,1791553542985220886,
-0.2316482663154602,0.12055701017379761,0.6471502643918613,1791553543015090800,
0.16723257303237915,-0.4881710410118103,0.6141873421766456,1791553543044540688,
-0.710690438747406,-0.12796664237976074,0.5629374824381896,1791553543077304228,
-0.1980310082435608,0.4699017405509949,0.6718131188110632,1791553543105031508,
0.36416012048721313,0.19675731658935547,0.6434088909732663,1791553543135237926,
-0.03126680850982666,0.04327392578125,0.6342349675938043,1791553543164869138,
-0.09434568881988525,0.1415610909461975,0.6098592748766106,1791553543194808047,
-0.20410096645355225,-0.02009040117263794,0.6105115592446289,1791553543224796838,
0.006911098957061768,0.110512375831604,0.6382197482745182,1791553543254707253,
0.32565879821777344,0.3214709758758545,0.5921966141201458,1791553543285715471,
0.24580293893814087,-0.2199561595916748,0.5716277855064321,1791553543317285524,
-0.9824568033218384,0.5293732285499573,0.6535606157370849,1791553543344628799,
0.0635373592376709,0.7297061681747437,0.6106683342327965,1791553543374547576,
0.43118250370025635,-0.37448734045028687,0.6380666974453506,1791553543404452105,
-0.6094488501548767,-0.2994040846824646,0.6232538284737991,1791553543434393575,
0.14026176929473877,0.7436705231666565,0.6014982639314255,1791553543464352957,
-0.26408815383911133,-0.042073071002960205,0.6323455464341374,1791553543494345119,
-0.1398155689239502,-0.12822341918945312,0.6335768508416156,1791553543525553106,
0.6179694533348083,0.34567195177078247,0.6069609360794578,1791553543557276510,
-0.03720444440841675,0.564632773399353,0.6757602077821983,1791553543584176090,
-0.6381009221076965,0.6042419075965881,0.6103665342929787,1791553543614097701,
0.3747061491012573,-0.04779207706451416,0.6215476663455598,1791553543644071947,
0.09151506423950195,-0.37003660202026367,0.6067105519309833,1791553543674003391,
-0.3221316933631897,0.12692564725875854,0.5954006515696743,1791553543703945257,
-0.07815635204315186,0.8268928527832031,0.6145585757162038,1791553543733931419,
-0.41069304943084717,0.37750864028930664,0.5965546846003876,1791553543765466845,
0.6483581066131592,0.6717705726623535,0.5960435512262684,1791553543796462405,
-0.2383398413658142,-0.26749080419540405,0.6666158283585673,1791553543823915793,
-0.36119985580444336,-0.14348065853118896,0.63350084677752,1791553543853775275,
-0.0676954984664917,0.5849291086196899,0.6189344625956525,1791553543883596670,
0.3432035446166992,0.47118836641311646,0.6263549309549874,1791553543912519231,
-0.15143424272537231,-0.013943374156951904,0.5823453070914375,1791553543943731079,
0.48972731828689575,0.22204715013504028,0.6438734793947734,1791553543972450692,
-1.0330259799957275,-0.6491056084632874,0.5628657873707595,1791553544005413156,
0.026530861854553223,0.3386930227279663,0.6571528203358986,1791553544033339213,
0.7141456604003906,0.5915889143943787,0.6182439675249116,1791553544063289604,
-0.4042847752571106,-0.03559964895248413,0.6090861372271322,1791553544093212791,
-0.15376538038253784,0.06711894273757935,0.5966456080531605,1791553544123164692,
0.057839930057525635,0.7768162488937378,0.5978343398518825,1791553544153152005,
-0.31634896993637085,0.12491053342819214,0.6308742885160455,1791553544183075150,
0.7466319799423218,-0.35878562927246094,0.6033985454394099,1791553544213122541,
-0.11878317594528198,0.5450376272201538,0.5278244207208961,1791553544246189343,
-0.9612205028533936,0.13669538497924805,0.6761186069113041,1791553544272909116,
0.2056870460510254,0.23886793851852417,0.6460108024554947,1791553544302860892,
0.14936649799346924,0.2458696961402893,0.6176602562383583,1791553544332809289,
-0.21945619583129883,-0.18753725290298462,0.608714264732877,1791553544362710316,
-0.27742981910705566,0.13361334800720215,0.6144731745403555,1791553544392720840,
-0.3821234107017517,0.38395196199417114,0.6211165330932172,1791553544422839925,
-0.19989627599716187,-0.06137567758560181,0.609577252649215,1791553544453154066,
0.3541474938392639,-0.204398512840271,0.5396638186517023,1791553544485461208,
-0.11144733428955078,0.45816999673843384,0.6745664135555447,1791553544511556672,
-0.3803737163543701,0.9014829993247986,0.5998770602725035,1791553544542413890,
0.08254498243331909,0.37477898597717285,0.6190094615528234,1791553544572354090,
0.05224955081939697,-0.42801952362060547,0.5969830979353408,1791553544602315417,
-0.11599099636077881,-0.29745596647262573,0.6254212432408858,1791553544632252284,
0.13831013441085815,0.3662450313568115,0.619558475791947,1791553544662253764,
-0.3451862335205078,0.43994712829589844,0.5818462780708682,1791553544693922750,
0.352433979511261,0.1428428292274475,0.5601102033334627,1791553544725316106,
-0.14144718647003174,0.20750772953033447,0.647021205798672,1791553544752081500,
-0.7639129161834717,-0.2573966383934021,0.5974659180931514,1791553544782053248,
0.031290650367736816,0.5413781404495239,0.6048222852375938,1791553544811973809,
0.1337285041809082,0.5989502668380737,0.5962233839136298,1791553544842189024,
-0.1845182180404663,-0.5970368385314941,0.5955818584165878,1791553544871844170,
0.0637858510017395,0.0339045524597168,0.5902462144693872,1791553544901843240,
0.5600351691246033,1.0061650276184082,0.5644313642813437,1791553544933267215,
-0.14171123504638672,0.3249836564064026,0.5975631642707511,1791553544964565404,
-0.45049160718917847,-0.2239093780517578,0.6822843577094657,1791553544991667616,
-0.16130000352859497,-0.0037534236907958984,0.5942188188423341,1791553545021572932,
-0.6054127216339111,-0.3601260781288147,0.5696850292534629,1791553545051644155,
0.4623503088951111,0.3249813914299011,0.6307770044015554,1791553545080510142,
0.2638862133026123,0.7383097410202026,0.6059969095742234,1791553545111505410,
-0.13253569602966309,-0.1450755000114441,0.6033600570854697,1791553545141614790,
0.12782007455825806,0.24373549222946167,0.5729493373954923,1791553545173463107,
-0.5655556917190552,0.7445096969604492,0.6728553167359513,1791553545201291542,
0.04394352436065674,0.1984580159187317,0.6114561312243804,1791553545231235088,
0.08442139625549316,-0.3376500606536865,0.5870275780812059,1791553545261161138,
-0.46036607027053833,0.3693586587905884,0.590306053074768,1791553545291111477,
0.05346190929412842,0.3012086749076843,0.620208028062353,1791553545321086104,
-0.18084800243377686,0.5174907445907593,0.5937277454770177,1791553545351265826,
0.06634193658828735,0.0979653000831604,0.5548206890494928,1791553545381208899,
0.104350745677948,-0.39654630422592163,0.5441094640349378,1791553545413149815,
-0.2772287130355835,-0.07989144325256348,0.6340488275280299,1791553545440931102,
0.08755862712860107,0.9076169729232788,0.6121799836541423,1791553545470790636,
-0.18918567895889282,0.4250752925872803,0.6255058300982325,1791553545500758721,
-0.30371344089508057,-0.05906844139099121,0.6135660568972555,1791553545530715112,
-0.05150836706161499,-0.30975526571273804,0.6139414628970614,1791553545560681938,
0.0012085437774658203,0.7388952970504761,0.6081977668335746,1791553545590702403,
-0.1881241798400879,0.6268593072891235,0.5822174018546685,1791553545620539506,
-0.24558240175247192,-0.2663652300834656,0.5265488486969243,1791553545653678358,
-0.4914892315864563,-0.29889631271362305,0.6491676474076157,1791553545680484727,
-0.15331143140792847,0.2853524684906006,0.6037943079473962,1791553545710360498,
0.11087316274642944,0.4100428819656372,0.5927249663293044,1791553545740337706,
0.4522656202316284,0.4503821134567261,0.5800908922284826,1791553545770301044,
-0.7552456259727478,-0.005712389945983887,0.5849391880810392,1791553545800200839,
0.32887858152389526,-0.1628912091255188,0.6005838287157956,1791553545830217721,
-0.5792631506919861,0.3291444182395935,0.587589710436225,1791553545861224614,
-0.2661951780319214,0.9003326892852783,0.5374899362267008,1791553545893251569,
0.1417330503463745,0.06994247436523438,0.616187705542818,1791553545920070449,
-0.5529026389122009,-0.26130038499832153,0.5692668505469666,1791553545949967494,
0.5943425893783569,0.504587709903717,0.6412228915242681,1791553545979928312,
-0.27588599920272827,0.40958964824676514,0.6181944887893012,1791553546009864429,
-0.4410737156867981,-0.11742174625396729,0.5831469117925827,1791553546039835508,
0.5470060110092163,0.18394404649734497,0.5829525606509619,1791553546069755503,
-0.5556880235671997,-0.10049402713775635,0.5564537398886078,1791553546101925510,
0.25429993867874146,0.04621767997741699,0.5857528810782893,1791553546132177733,
-0.03149896860122681,1.038360595703125,0.652135961010692,1791553546158817808,
0.3975287079811096,0.3363851308822632,0.5909291582393444,1791553546188532659,
0.011476397514343262,-0.11659914255142212,0.4995579877689,1791553546211743147,
-0.6017565131187439,1.1108484268188477,0.5983439341132499,1791553546239925934,
0.01701974868774414,0.2393733263015747,0.5844633530771374,1791553546269418118,
0.16996318101882935,0.10495012998580933,0.5728646251845767,1791553546299445425,
0.1868668794631958,-0.18797200918197632,0.582307647537762,1791553546329341050,
-0.09184062480926514,0.08889728784561157,0.6038395030911647,1791553546359258088,
-0.5141611099243164,0.5239285230636597,0.5863414890070202,1791553546389445827,
-0.026554882526397705,0.6031827926635742,0.5329910569748584,1791553546421680197,
0.06669765710830688,-0.42916059494018555,0.6321280991029842,1791553546449268744,
0.1549975872039795,0.006098151206970215,0.5933761264597238,1791553546478577615,
-0.38374513387680054,0.9251626133918762,0.5539566912543856,1791553546509449939,
-0.3891257047653198,0.7890690565109253,0.5679227598614078,1791553546539328479,
-0.35907799005508423,0.6333590745925903,0.5668759285256006,1791553546568979566,
0.3546521067619324,0.2629879117012024,0.5946494041816349,1791553546599020042,
-0.5228525996208191,0.035238683223724365,0.6131691795920393,1791553546629563976,
0.04568207263946533,-0.008644521236419678,0.5624214530243605,1791553546661414884,
-0.1778196096420288,0.21345824003219604,0.6333690462132381,1791553546689143106,
-0.18862909078598022,0.052903950214385986,0.6037191136814688,1791553546717921457,
0.1852511763572693,0.35479307174682617,0.5790315316855406,1791553546747535500,
0.26811838150024414,-0.010090947151184082,0.5319392686989626,1791553546778734541,
-0.530815064907074,0.32576435804367065,0.5717211381713406,1791553546808450328,
0.5296701788902283,0.6369680762290955,0.5803486288980344,1791553546838387598,
0.35202598571777344,0.14314556121826172,0.5429800815312921,1791553546869687047,
-0.685373067855835,-0.3747127652168274,0.5106268313226996,1791553546901243712,
0.6258673071861267,0.7293060421943665,0.6041700000329999,1791553546928406262,
-0.4012575149536133,0.1672688126564026,0.5983127793671181,1791553546958184926,
-0.11877602338790894,0.3780001401901245,0.6007476814696833,1791553546988258751,
0.3810079097747803,0.6954914331436157,0.5651436146322901,1791553547018171799,
-0.4384337067604065,-0.18047946691513062,0.5437197333660605,1791553547048153693,
-0.12007898092269897,-0.604428231716156,0.5610151548533701,1791553547078131194,
0.41519731283187866,0.8831976652145386,0.5742456292917139,1791553547109268961,
-0.42972850799560547,0.3890342712402344,0.5377141797292362,1791553547140868760,
0.3058859705924988,-0.5238733887672424,0.6036783160999659,1791553547168030900,
0.004415988922119141,0.43151557445526123,0.5525852913585664,1791553547198031284,
-0.281855046749115,0.6692671775817871,0.5775591349009024,1791553547228042333,
-0.13908082246780396,0.32908666133880615,0.5865132189458186,1791553547258012088,
0.5056231021881104,0.4938010573387146,0.561787813190594,1791553547288021252,
-0.816897988319397,-0.33003145456314087,0.5710414231982252,1791553547317967083,
0.5360404849052429,-0.5266070365905762,0.5507497063206012,1791553547349291735,
0.12672525644302368,0.6207345128059387,0.5743529548119419,1791553547379572634,
-0.46813082695007324,0.6968457698822021,0.5914443209355025,1791553547408002421,
-0.12112259864807129,0.31645989418029785,0.5535883506028969,1791553547437955250,
0.7380226850509644,-0.0714789628982544,0.5484822588844794,1791553547467871905,
0.1234046220779419,-0.06458193063735962,0.5849183249385929,1791553547497886547,
0.412835955619812,0.42484474182128906,0.5589171571050421,1791553547527901374,
-0.32340866327285767,0.35322999954223633,0.5589226621444146,1791553547557641982,
-0.2380744218826294,-0.1655152440071106,0.5333395878807706,1791553547589333925,
0.5713841319084167,0.007776200771331787,0.6253243901399761,1791553547617133664,
-0.21316856145858765,0.492159366607666,0.5617556655636362,1791553547646970551,
0.14513319730758667,0.7579848170280457,0.5652531234672552,1791553547676968591,
-0.3058313727378845,0.5782123804092407,0.576434010453592,1791553547706871239,
-0.21464121341705322,-0.27040624618530273,0.5832997618473249,1791553547736822218,
0.31759071350097656,-0.33189910650253296,0.557884778993846,1791553547766733269,
0.06262576580047607,0.0521736741065979,0.5368797068464922,1791553547797633288,
-0.45745259523391724,-0.03828310966491699,0.5540122007604588,1791553547828782881,
0.046780169010162354,0.9784461259841919,0.5992191142829946,1791553547856659271,
-0.0244443416595459,0.24975335597991943,0.5347756124578463,1791553547886571282,
0.3311609625816345,-0.5205422639846802,0.5546529142274103,1791553547916491694,
0.1846170425415039,0.3305628299713135,0.5655636099343254,1791553547946481588,
-0.01652812957763672,0.9071763157844543,0.5580293652132029,1791553547976413161,
-0.20184892416000366,0.020550191402435303,0.5647893463820279,1791553548006344616,
0.7851594686508179,-0.06104379892349243,0.5510352135270562,1791553548037547800,
-0.43307816982269287,0.5570619702339172,0.5587253497085084,1791553548069395330,
-0.08214211463928223,-0.00498354434967041,0.667614443161101,1791553548096216360,
-0.1502276062965393,0.2593640685081482,0.6135029050475677,1791553548126127485,
-0.1981911063194275,0.7075678706169128,0.5779851626142519,1791553548156074683,
0.4991281032562256,-0.4905070662498474,0.5510902308748494,1791553548186014583,
-0.5937228798866272,-0.5875693559646606,0.5554839260994986,1791553548215986477,
0.46693164110183716,0.7577432990074158,0.556116776055137,1791553548245949960,
0.24640965461730957,0.6631911993026733,0.5205235241149924,1791553548278015688,
-0.0805097222328186,0.2983381748199463,0.5177132891034344,1791553548308763252,
0.17752081155776978,0.2200440764427185,0.5809052646180697,1791553548335761874,
-0.32246214151382446,-0.20360106229782104,0.590533873385491,1791553548365696842,
-0.5018085241317749,0.1836392879486084,0.5820488717659316,1791553548395659633,
0.06350046396255493,0.728857159614563,0.5510370738666143,1791553548425564079,
0.35374879837036133,0.10456067323684692,0.5746659451933265,1791553548455562248,
-0.004150986671447754,-0.11621272563934326,0.5809527781083645,1791553548485689138,
0.014511406421661377,0.3225906491279602,0.49785931562062385,1791553548517490950,
-0.03852987289428711,0.26133567094802856,0.5592902517994518,1791553548547466475,
-0.6544565558433533,-0.1312941312789917,0.6181979518888313,1791553548575280900,
1.064556360244751,0.572708249092102,0.5851205634779892,1791553548605287514,
-0.1254953145980835,-0.039150893688201904,0.5685816245138426,1791553548635193553,
-0.3480048179626465,-0.1394612193107605,0.5611640381445485,1791553548665168355,
0.4429817795753479,0.6475879549980164,0.5691884736944096,1791553548695124481,
-0.4574461579322815,0.6777698397636414,0.5622075943675686,1791553548725934061,
0.213148295879364,0.2829791307449341,0.5385797938531044,1791553548757714345,
0.21512019634246826,-0.42335909605026245,0.6215899300835046,1791553548785014378,
-0.08851253986358643,-0.16521739959716797,0.5700627402277781,1791553548814908810,
0.24747473001480103,0.19712519645690918,0.5659922740673815,1791553548844842920,
0.17770057916641235,0.476298987865448,0.5882437343110929,1791553548874819474,
-0.053605496883392334,0.4370921850204468,0.5842935962270166,1791553548904748783,
0.5538244843482971,-0.10173308849334717,0.5793667482016316,1791553548933697776,
-0.2649129033088684,-0.39197468757629395,0.5197714358266364,1791553548965718825,
-0.00014060735702514648,0.05512577295303345,0.5364864726220783,1791553548997756744,
0.2932243347167969,0.7977073788642883,0.6160968982636983,1791553549024600226,
-0.5481329560279846,0.042503297328948975,0.542450819780509,1791553549054479629,
0.04450863599777222,-0.1614888310432434,0.5498263527762052,1791553549084389285,
0.5295208692550659,0.6151137351989746,0.5671201862974545,1791553549114408512,
-0.3871283531188965,0.10052281618118286,0.5785236991465152,1791553549144320537,
-0.11750012636184692,0.21765440702438354,0.5639690783665795,1791553549174302901,
-0.019315481185913086,0.3182681202888489,0.5261743482773301,1791553549206174738,
0.15490013360977173,-0.3478359580039978,0.5591841329336676,1791553549238071476,
0.19874650239944458,0.054697275161743164,0.6577716712488135,1791553549264287376,
0.41212737560272217,-0.23480159044265747,0.5270014326825507,1791553549294372106,
-0.1377919316291809,0.35024458169937134,0.4795250129457921,1791553549316705447,
-0.23055177927017212,0.3561757802963257,0.6059126958280333,1791553549354348895,
-0.02181631326675415,0.5461361408233643,0.5721255892226316,1791553549384193800,
0.5317330360412598,0.007099509239196777,0.5494710902648713,1791553549414011233,
-0.06620043516159058,-0.29736632108688354,0.5071573914980811,1791553549445983520,
0.7626274824142456,0.1558963656425476,0.6013291304334618,1791553549473860661,
-0.8345003724098206,0.4242786169052124,0.5643242695321128,1791553549503748123,
0.0032523274421691895,0.7193956971168518,0.542965911513934,1791553549533634079,
0.3972203731536865,-0.3532116413116455,0.5397019169115979,1791553549563548751,
-0.5801509022712708,-0.24364930391311646,0.5822913267622488,1791553549592531455,
0.23620128631591797,0.44065701961517334,0.544931799409165,1791553549623471860,
-0.16372019052505493,0.5813596844673157,0.5425974588573884,1791553549653854666,
0.2204674482345581,0.36224275827407837,0.5353401708198853,1791553549686055533,
0.68308025598526,0.011528253555297852,0.6331133332886714,1791553549713399803,
-0.06291753053665161,-0.6501732468605042,0.5658730615058922,1791553549743223340,
-0.35054218769073486,-0.02939915657043457,0.5590859072550088,1791553549773202778,
0.29052096605300903,0.8948688507080078,0.5576000431779919,1791553549803155820,
-0.2110912799835205,0.37648338079452515,0.5540951996763874,1791553549833152274,
0.3609239459037781,0.156683087348938,0.5622761159944263,1791553549863051864,
0.20248550176620483,0.1974400281906128,0.5488914480570146,1791553549893492083,
-0.8524007201194763,-0.1474168300628662,0.48621534617350726,1791553549925920267,
0.4058800935745239,-0.2081795334815979,0.597831067421423,1791553549952978527,
0.25398653745651245,0.7258470058441162,0.5814518658692462,1791553549982821793,
0.18446409702301025,0.29079747200012207,0.5480167798352026,1791553550012773165,
-0.387231707572937,-0.062032341957092285,0.5582376053145779,1791553550041737101,
0.6710720062255859,-0.41872119903564453,0.5285263572634197,1791553550072712205,
-0.17683196067810059,0.19110006093978882,0.5951758842970987,1791553550102618992,
0.12483000755310059,0.21821612119674683,0.5459918794992066,1791553550133897786,
0.27660059928894043,0.31941401958465576,0.49367414505267265,1791553550165998540,
0.11110174655914307,-0.06277310848236084,0.6070673055399038,1791553550192470353,
0.5261470675468445,0.024755895137786865,0.563888651194594,1791553550222442740,
-0.47368764877319336,0.4401698708534241,0.571574388373748,1791553550252370936,
0.1628130078315735,0.6069459319114685,0.5516156128408164,1791553550282316705,
-0.14968585968017578,0.21445763111114502,0.5440242559056614,1791553550312291047,
0.3092342019081116,-0.6382735967636108,0.5955235058488738,1791553550342233883,
0.22536998987197876,-0.06207805871963501,0.5953850237328564,1791553550372513975,
-0.7560018301010132,0.5267245769500732,0.5155833618134744,1791553550404530468,
0.22347521781921387,0.4734042286872864,0.5635367209649633,1791553550432050607,
0.15359866619110107,0.08079922199249268,0.5432091936365219,1791553550462003200,
0.38879913091659546,0.1521230936050415,0.5381941382837202,1791553550491952621,
0.573693573474884,-0.1307225227355957,0.5183965641815095,1791553550521919081,
-0.7173510789871216,-0.5057204961776733,0.5398387663352079,1791553550551855170,
0.26963192224502563,0.4122256636619568,0.5403933914449028,1791553550581180998,
0.27539491653442383,0.37460631132125854,0.512736316094115,1791553550613474042,
-0.23601508140563965,0.3012602925300598,0.5392015152569881,1791553550643767773,
0.24915200471878052,0.2968592047691345,0.5856741027081299,1791553550671634431,
-0.2616564631462097,-0.6043387055397034,0.5597326735146207,1791553550701552067,
-0.7337760925292969,-0.03849059343338013,0.5772955462930593,1791553550730538395,
0.5859479308128357,0.6456521153450012,0.5289668663824145,1791553550761461854,
-0.662436306476593,0.12587970495224,0.5314304724565149,1791553550791456597,
0.02433943748474121,-0.3885337710380554,0.552180849641918,1791553550821464453,
0.7984327077865601,0.24249786138534546,0.5181132280275619,1791553550853615990,
-0.4651493430137634,0.5933088064193726,0.5873792221537533,1791553550881309293,
-0.42392420768737793,0.26736587285995483,0.5443256333799736,1791553550911254484,
0.12558764219284058,-0.02787625789642334,0.5523924899065101,1791553550941145594,
0.18736803531646729,0.058091700077056885,0.5533583694532772,1791553550971146202,
0.49384307861328125,-0.21806126832962036,0.5443226724001258,1791553551001079319,
-0.14086389541625977,0.29750072956085205,0.5500198207125369,1791553551031003992,
-0.5249121785163879,0.21978455781936646,0.5248668568556815,1791553551061669347,
0.6099377274513245,0.6062171459197998,0.4989446785228831,1791553551093918464,
0.19037872552871704,-0.10340744256973267,0.6139726991518939,1791553551119867193,
-0.10277926921844482,-0.3853749632835388,0.5278826819038349,1791553551149829827,
0.4484351873397827,-0.35099291801452637,0.5067597590007777,1791553551180713598,
-0.2886236906051636,0.11080217361450195,0.5719838214335566,1791553551210705990,
0.24534714221954346,0.9578474760055542,0.5523593543051395,1791553551240696642,
-0.18902713060379028,0.5303682684898376,0.5249411485174047,1791553551270644915,
-0.30431032180786133,-0.657427966594696,0.5195490447242742,1791553551301725509,
0.4451906681060791,-0.1265379786491394,0.504517636936192,1791553551333816253,
0.13967269659042358,0.23929846286773682,0.5775109191949358,1791553551360431225,
-0.26429295539855957,-0.08864933252334595,0.5335141113464195,1791553551390384085,
-0.3125671148300171,0.27488619089126587,0.5415551845957679,1791553551420320580,
0.1787881851196289,0.5692934393882751,0.5495738933294159,1791553551450257187,
0.33597832918167114,-0.26669591665267944,0.5393846648384323,1791553551480207380,
0.21096080541610718,0.04416227340698242,0.513683255317363,1791553551510209545,
-0.3541429042816162,0.1487855315208435,0.47961444176439333,1791553551541943645,
0.0412142276763916,0.2648013234138489,0.5310613016996875,1791553551573040385,
-0.3319023847579956,-0.24829554557800293,0.6010807871909283,1791553551600005110,
0.16026127338409424,0.16918355226516724,0.5003235077919543,1791553551629942284,
0.1962938904762268,-0.08637863397598267,0.5200727992944935,1791553551659902720,
-0.8350971341133118,0.19050955772399902,0.5686734372453995,1791553551688812739,
0.22629082202911377,0.6834771037101746,0.535963012161057,1791553551719808838,
0.2290744185447693,-0.12490212917327881,0.5453798652642712,1791553551749792948,
-0.5179241299629211,-0.6264449954032898,0.4953801370048479,1791553551781832045,
0.274655282497406,-0.09296584129333496,0.5443084229665137,1791553551811745013,
-0.21315151453018188,0.0932011604309082,0.6040346992590676,1791553551839576495,
-0.42754536867141724,0.5275946855545044,0.5431596952531526,1791553551868499516,
0.7274563908576965,0.6749213933944702,0.47814579727362777,1791553551899477110,
-0.4585133194923401,-0.23136663436889648,0.5305104356208364,1791553551929460497,
0.435218870639801,-0.24818843603134155,0.5396866607725416,1791553551959432206,
-0.0017737746238708496,-0.028804481029510498,0.48830119360387714,1791553551990022145,
-0.4662477374076843,0.07415252923965454,0.4934409405885768,1791553552020516065,
0.010806620121002197,-0.013919234275817871,0.5637922383068813,1791553552049325153,
0.36871641874313354,0.054962098598480225,0.5613385671337506,1791553552079380370,
0.1693333387374878,0.018873989582061768,0.5311649459041647,1791553552109233115,
-0.1926390528678894,0.22544622421264648,0.5306975806329232,1791553552139304842,
0.15581399202346802,-0.49354231357574463,0.553112629650502,1791553552169093347,
-0.36284029483795166,0.10211843252182007,0.5179767209629496,1791553552198946808,
-0.018818795680999756,0.6586703658103943,0.4687967717231943,1791553552230228917,
-0.13599693775177002,-0.026178717613220215,0.4619035283121353,1791553552262196793,
-0.10412698984146118,0.22113287448883057,0.5986701728450081,1791553552289030241,
0.21981120109558105,0.24895131587982178,0.5197954269486917,1791553552319251455,
0.24039214849472046,-0.6280476450920105,0.5437960213960314,1791553552348696665,
0.47480517625808716,0.5200268626213074,0.4959431722050968,1791553552408622248,
-0.22799766063690186,0.6094398498535156,0.49413466915653015,1791553552438575693,
-0.06906044483184814,0.31133967638015747,0.48617633180885134,1791553552469572665,
-0.09501373767852783,-0.1592177152633667,0.46883228653388703,1791553552502476467,
-0.5096419453620911,-0.5450921654701233,0.5958785296544059,1791553552529424340,
0.3058987259864807,-0.10118943452835083,0.5290937481132341,1791553552568470554,
-0.19430756568908691,0.09504157304763794,0.49934543960777855,1791553552598436726,
-0.04173004627227783,0.334758996963501,0.49087684709054624,1791553552630402154,
-0.2004634141921997,0.4911450743675232,0.48735860486345034,1791553552661826609,
0.30390018224716187,-0.25328969955444336,0.5512261718766818,1791553552688381643,
-0.461723268032074,-0.3366425037384033,0.5014622159300438,1791553552718221758,
0.20490187406539917,-0.06211632490158081,0.5059845005831826,1791553552748297246,
-0.2873483896255493,-0.031123638153076172,0.5309577745218944,1791553552778328003,
0.5039218068122864,0.8368427753448486,0.520103897649893,1791553552808267921,
-0.061942875385284424,0.7775835990905762,0.5274025757479246,1791553552837528277,
-0.45192158222198486,-0.49954164028167725,0.4864945014837205,1791553552869791815,
0.33967041969299316,-0.6212937235832214,0.5329418680230804,1791553552899836350,
-0.38823986053466797,0.08163022994995117,0.5487903281530698,1791553552929169350,
0.32614588737487793,0.20592021942138672,0.5279572803570141,1791553552958200796,
-0.7718917727470398,0.14383596181869507,0.48426051903232625,1791553552988162130,
0.3637124300003052,0.8189467191696167,0.5145096642998107,1791553553018218643,
0.5576553344726562,-0.24484509229660034,0.5387095750804632,1791553553048096095,
-0.24360966682434082,-0.38065582513809204,0.494613622593581,1791553553077700725,
-0.15029412508010864,0.2636212706565857,0.4450448566692612,1791553553109697691,
0.19187134504318237,-0.11388587951660156,0.5622564275144321,1791553553137350006,
-0.4501476287841797,-0.01927661895751953,0.5658839955748699,1791553553166687928,
0.8913759589195251,0.4509544372558594,0.5016866740559224,1791553553197209594,
-0.2438880205154419,-0.08660644292831421,0.5024644321569041,1791553553227168959,
-0.8044590950012207,-0.4081866145133972,0.5097412045561606,1791553553257146679,
0.3280298113822937,0.3997763991355896,0.5485815325628219,1791553553287029932,
-0.3991324305534363,0.2787078022956848,0.5175811389335512,1791553553317990191,
0.029681146144866943,-0.19246047735214233,0.4967690010382639,1791553553348895757,
0.32547444105148315,0.08196693658828735,0.5420189215059676,1791553553376956695,
-0.3580223321914673,0.07819110155105591,0.5258965292136052,1791553553406827214,
0.21815425157546997,0.13619202375411987,0.48619418069488113,1791553553436804590,
-0.7647451162338257,0.3044831156730652,0.48924224970199526,1791553553466879177,
-0.1868622899055481,0.2242869734764099,0.5330752961643768,1791553553496692133,
-0.5107572674751282,-0.19184601306915283,0.5277450179780582,1791553553527142241,
-0.5639665126800537,-0.10260426998138428,0.48722792175248164,1791553553557992808,
0.17604047060012817,-0.05584228038787842,0.46561446911496396,1791553553590099016,
-0.2206786870956421,-0.050851523876190186,0.5765885416557781,1791553553626388416,
0.170723557472229,-0.17222297191619873,0.5048078849047839,1791553553656495101,
-1.264460563659668,-0.22223883867263794,0.4981474723957643,1791553553686382298,
-0.05157965421676636,0.15491557121276855,0.46368292346063267,1791553553718183845,
-0.783467173576355,0.1849590539932251,0.5323285827813142,1791553553749636172,
-0.6213955879211426,0.314689040184021,0.6254185516159191,1791553553776265534,
-0.5287457704544067,0.1924545168876648,0.5166481716859759,1791553553816162925,
-0.5102388858795166,-0.5065538287162781,0.4716236513810949,1791553553846747006,
0.9137641787528992,-0.3780023455619812,0.4823770979289093,1791553553877723499,
-0.3864995837211609,0.48269355297088623,0.47488834780196804,1791553553909104433,
0.19066262245178223,0.7660230398178101,0.559002725485135,1791553553935945202,
-0.7011438012123108,0.18445247411727905,0.4971852220734799,1791553553965812803,
-0.20123910903930664,0.14832305908203125,0.4561917963345282,1791553553988088345,
-0.4601473808288574,-0.031676292419433594,0.5447778818615173,1791553554025767203,
-1.052499771118164,-0.6563252806663513,0.5334988249472961,1791553554055722234,
-0.8294399976730347,0.3371642827987671,0.462728910373921,1791553554085891841,
0.29205453395843506,-0.04692429304122925,0.452616516846123,1791553554117957638,
2.018521785736084,-0.6675039529800415,0.6772245797734167,1791553554145703888,
0.34513866901397705,0.7328040599822998,0.46576732905912904,1791553554176333215,
-0.4589546322822571,-0.0829089879989624,0.3856235179263236,1791553554205435413,
-0.5613807439804077,-0.44211649894714355,0.4128942944434803,1791553554235427015,
0.8143856525421143,0.6629142165184021,0.4901180990314269,1791553554265352014,
-0.7300601005554199,0.08846741914749146,0.501317531075842,1791553554295480156,
-0.14300358295440674,-0.45964694023132324,0.4758941405890902,1791553554325894604,
-0.3113292455673218,0.02576392889022827,0.46549917693320286,1791553554359132247,
-0.33941227197647095,0.14434927701950073,0.6150044595940848,1791553554385216274,
-0.2568100094795227,0.0678936243057251,0.5164122043736306,1791553554415122254,
-0.09189975261688232,0.4514158368110657,0.5111721135747984,1791553554445011170,
0.3865180015563965,0.1511998176574707,0.5390328512319245,1791553554474938114,
-0.12404662370681763,-0.044165968894958496,0.5003008690643362,1791553554504915260,
-0.45153915882110596,0.28591853380203247,0.4950145615079561,1791553554534870614,
-0.17065447568893433,0.3847283720970154,0.4662478342262483,1791553554566333779,
0.14468014240264893,-0.20358246564865112,0.4757957925522518,1791553554597874027,
-0.2761196494102478,0.38339632749557495,0.5691363087215512,1791553554634708743,
0.035389721393585205,0.31755971908569336,0.49241665311105554,1791553554664597036,
-0.06093716621398926,0.1636672019958496,0.4737051899889855,1791553554695003164,
-0.11639416217803955,-0.7014235258102417,0.49885286429619724,1791553554725892872,
-0.6961234211921692,-0.33248966932296753,0.48267799356874613,1791553554757426706,
0.600024402141571,0.7282865643501282,0.501732903961003,1791553554784548382,
-0.10629236698150635,0.4178861975669861,0.47519583420546835,1791553554814926374,
-0.004843771457672119,0.14436209201812744,0.5115022610734542,1791553554844555496,
0.26528286933898926,0.5342580080032349,0.5248817907687062,1791553554874413197,
-0.45254945755004883,0.26378488540649414,0.5151788296644183,1791553554904333824,
-0.09186667203903198,-0.1777157187461853,0.5145189383226619,1791553554934312101,
-0.2784079909324646,0.018828511238098145,0.48708056555296464,1791553554966477423,
0.5256832838058472,0.4218229651451111,0.5655740071287407,1791553554993077918,
-0.34213507175445557,0.5283482074737549,0.47315979231371785,1791553555024043488,
-0.46294641494750977,-0.33331334590911865,0.4992602044451099,1791553555053914585,
-0.21309524774551392,-0.020956993103027344,0.5146209426760148,1791553555083834123,
0.003315567970275879,0.22525382041931152,0.5137927966526955,1791553555113816400,
0.1881399154663086,-0.04362577199935913,0.5083220799561002,1791553555143750693,
-0.5857866406440735,-0.24148595333099365,0.5167527215596343,1791553555173757815,
0.0013039112091064453,0.5647140741348267,0.507025391136482,1791553555205798336,
0.2249528169631958,0.3124416470527649,0.5671349539310218,1791553555233608200,
-0.5947058796882629,-0.17338240146636963,0.5105730785628367,1791553555262527495,
-0.3622143864631653,0.22568434476852417,0.46704889062108046,1791553555293484366,
-0.20358330011367798,-0.10648709535598755,0.5214848241761099,1791553555323411435,
-0.1274062991142273,0.23048460483551025,0.5269256262188983,1791553555353436822,
0.005122542381286621,0.5238256454467773,0.5138130202475768,1791553555383383703,
-0.5554080009460449,-0.042366206645965576,0.5021687256450913,1791553555413685367,
0.5635231733322144,-0.1262611746788025,0.48152221495496994,1791553555446490431,
-0.039863526821136475,0.38328540325164795,0.5766827399823309,1791553555473252921,
-0.2953425645828247,-0.36719900369644165,0.5222563435612618,1791553555503117162,
-0.2893725633621216,0.16235202550888062,0.4533624900718624,1791553555525885228,
0.227322518825531,0.27035462856292725,0.5794806033436969,1791553555552076599,
-0.596429169178009,-0.011507868766784668,0.49271502705727316,1791553555582964746,
-0.19742220640182495,0.18487471342086792,0.5005351714900341,1791553555612907638,
-0.01807427406311035,0.31152021884918213,0.48350980284100337,1791553555642860863,
-0.369848370552063,-0.1510692834854126,0.5016692299119621,1791553555672827588,
-0.1760442852973938,0.2671040892601013,0.5015781597400202,1791553555702788526,
-0.07818704843521118,0.6381140351295471,0.46438673521431784,1791553555733885537,
-0.27632230520248413,-0.07161015272140503,0.47143357933719754,1791553555766302458,
0.32252568006515503,-0.3444167375564575,0.5949565497937455,1791553555792634523,
-0.3693559765815735,0.2638621926307678,0.4841466628077917,1791553555821519018,
0.15343761444091797,0.23257845640182495,0.4599023087128871,1791553555851508153,
-0.41279059648513794,-0.11164426803588867,0.46515422967586,1791553555882570751,
-0.45330971479415894,0.7307649254798889,0.5022660471401633,1791553555912400747,
-0.025026321411132812,-0.056731998920440674,0.49508730508371146,1791553555942370652,
-0.05451935529708862,-0.504530668258667,0.4872393834476999,1791553555973858067,
0.3767319321632385,0.2484990358352661,0.49088366114012794,1791553556004962975,
0.006085336208343506,0.4854786992073059,0.5637212768510906,1791553556032195549,
-0.7016610503196716,0.4095470905303955,0.5112628245133014,1791553556062153001,
0.18789899349212646,0.3839539885520935,0.5301084422770835,1791553556091045774,
-0.5019298791885376,0.15653079748153687,0.4974141207034656,1791553556121060810,
-0.1839585304260254,-0.39523983001708984,0.4795068987824325,1791553556151981910,
0.2942129373550415,-0.09517550468444824,0.5077780482070268,1791553556181993324,
-0.4076460003852844,0.26050394773483276,0.4496403830683702,1791553556214306039,
-0.32174384593963623,0.20085471868515015,0.517005179105966,1791553556241869184,
-0.01060175895690918,0.187034010887146,0.5022715782634727,1791553556271768166,
-0.25194108486175537,0.43750905990600586,0.49486744511701447,1791553556301727997,
0.4666498899459839,0.7047898769378662,0.4757282627959841,1791553556331629473,
-0.25080740451812744,-0.5019399523735046,0.48382093665288634,1791553556361639948,
-0.428703248500824,-0.04733353853225708,0.5061414246414915,1791553556391586227,
0.038663387298583984,0.6611291766166687,0.4993917508974682,1791553556421726951,
-0.6414940357208252,0.16011780500411987,0.46480401513512354,1791553556453742000,
0.23316490650177002,0.39435797929763794,0.5229179516023206,1791553556481486465,
0.5322055816650391,0.6146889925003052,0.5091910334796197,1791553556511345840,
-0.2069082260131836,-0.5487136244773865,0.5133696740825346,1791553556541487784,
-0.4088718891143799,-0.19766056537628174,0.4978155143078384,1791553556571244538,
0.1125420331954956,0.11205083131790161,0.4909007941439395,1791553556601203767,
-0.45352476835250854,0.4127238392829895,0.52226258417962,1791553556631164715,
-0.3889835476875305,0.5966640114784241,0.49792463824690564,1791553556661188334,
-0.08048945665359497,0.49445074796676636,0.4291721241154853,1791553556693773146,
-0.00896376371383667,-0.24006503820419312,0.5293714720657755,1791553556721070744,
0.028504014015197754,-0.28456032276153564,0.5020003643844695,1791553556750878744,
-0.642634391784668,0.3783380389213562,0.48807883618956643,1791553556780926030,
-0.13209152221679688,0.399563729763031,0.4796842096403448,1791553556810854605,
-0.5836623907089233,0.19869470596313477,0.4874543302161459,1791553556840743535,
0.9333744645118713,0.35343605279922485,0.5108727448492781,1791553556870754010,
-0.0034337639808654785,0.1175382137298584,0.48751378329574596,1791553556901779257,
-0.32638752460479736,-0.34055542945861816,0.43993653552484946,1791553556934038754,
0.27942025661468506,-0.0840597152709961,0.5426207320469266,1791553556960640567,
-0.4202619791030884,0.08062714338302612,0.5241212015987149,1791553556989586405,
-0.18740952014923096,0.7205498814582825,0.47350281465901184,1791553557020401477,
0.30394822359085083,0.6488763093948364,0.4582918154428524,1791553557050395562,
0.16949766874313354,0.3482661843299866,0.49556918991267523,1791553557080324175,
0.09111267328262329,0.04510778188705444,0.5152217473435862,1791553557110292104,
-0.6939429640769958,-0.3186724781990051,0.4614720618904241,1791553557141832317,
-0.03674882650375366,-0.08363568782806396,0.46592115843567805,1791553557173235244,
-0.43522167205810547,0.1480351686477661,0.5975061563218496,1791553557199100862,
0.2585734724998474,0.3928002715110779,0.49049994441239886,1791553557230087703,
0.2361135482788086,0.5508468151092529,0.48010626401059,1791553557259987171,
-0.15963906049728394,0.44617849588394165,0.4842101820214684,1791553557289961729,
0.5810092687606812,-0.47350573539733887,0.5093815820986417,1791553557319922858,
-0.3569600582122803,-0.23146075010299683,0.47172081658106396,1791553557349837311,
-0.015526175498962402,0.5676342248916626,0.4002255711965425,1791553557382044786,
-0.028914451599121094,0.2700551748275757,0.46529434489304106,1791553557411878435,
-0.18495291471481323,0.43446606397628784,0.5306050898880748,1791553557439670505,
0.48626816272735596,0.8307440876960754,0.5070031505325374,1791553557469692455,
-0.6390628218650818,-0.15045487880706787,0.4905351127446023,1791553557499640261,
-0.46506500244140625,-0.30192291736602783,0.47590172383118773,1791553557529637710,
-0.07355403900146484,0.38258296251296997,0.4954350916660603,1791553557559760566,
-0.18516910076141357,0.5286260843276978,0.5111936034156807,1791553557590040612,
-0.36169761419296265,0.18641597032546997,0.46354809819216636,1791553557622255187,
-0.012174367904663086,0.2561503052711487,0.5326729450269341,1791553557649479146,
0.2058660387992859,0.04985612630844116,0.5062910080035146,1791553557679286464,
-0.42669278383255005,0.04558384418487549,0.4775862679391484,1791553557709245266,
0.4183301329612732,0.20195931196212769,0.45153916294672664,1791553557739191191,
-0.08997058868408203,0.02929002046585083,0.4857961548916169,1791553557769122458,
-0.3071410655975342,0.07077115774154663,0.48735172215678835,1791553557799130345,
0.6044031381607056,0.2718614935874939,0.45531854937534055,1791553557830236974,
-0.18762797117233276,0.4283097982406616,0.4330350089609056,1791553557862148373,
0.07741272449493408,0.574552059173584,0.5105856151842568,1791553557888981800,
0.10640358924865723,0.012006044387817383,0.475115344246073,1791553557918846694,
-0.5807381868362427,-0.15327060222625732,0.48426959650017204,1791553557948764334,
0.368746280670166,0.41580379009246826,0.44779615653339677,1791553557978783250,
0.28200286626815796,-0.20939117670059204,0.452080391578682,1791553558008732828,
-0.4774625897407532,0.5707088708877563,0.5024910872668659,1791553558038782305,
0.14464092254638672,0.8592928647994995,0.46924819609802254,1791553558070323578,
-0.3322567939758301,-0.17636126279830933,0.4454339693257195,1791553558101846351,
-0.3847772479057312,-0.4407960772514343,0.5181926192997952,1791553558128852833,
0.2791898846626282,0.3371109366416931,0.46890444284029303,1791553558158693355,
-0.6111201047897339,0.1878812313079834,0.4643355232054394,1791553558188578253,
0.42589008808135986,0.38081932067871094,0.4625750492448402,1791553558218581667,
0.021153628826141357,0.4628627896308899,0.5054596201222334,1791553558247538003,
-0.46029847860336304,0.2398158311843872,0.48902844937662215,1791553558278602778,
0.03279995918273926,0.18940281867980957,0.4537282518915625,1791553558309903256,
0.08382725715637207,0.48313117027282715,0.4545548402995793,1791553558340763374,
0.35829639434814453,-0.5121899843215942,0.5375779090934159,1791553558368472584,
-0.05209702253341675,-0.2464854121208191,0.4818825599823592,1791553558398472339,
-0.10844182968139648,0.7637432813644409,0.43366036610163816,1791553558428488991,
-0.1606602668762207,0.29054510593414307,0.4591770484187199,1791553558457504423,
0.027354180812835693,0.2414878010749817,0.4527980756190795,1791553558488452741,
0.09340816736221313,0.5836197733879089,0.5004648818083862,1791553558517498642,
0.10654318332672119,-0.13487166166305542,0.4349991798670979,1791553558549862064,
-0.32352012395858765,-0.5197199583053589,0.5112243202091796,1791553558577838299,
0.8888972401618958,0.2797749638557434,0.48254133644254,1791553558607696149,
-0.7047027945518494,0.7574365139007568,0.4916422279273886,1791553558637640760,
-0.02619844675064087,0.687168300151825,0.48684804512984886,1791553558666535849,
-0.10484004020690918,0.09871715307235718,0.45969016029049625,1791553558696506532,
-0.3558899760246277,0.21833771467208862,0.4790589737527376,1791553558726513366,
0.5660541653633118,-0.2932811379432678,0.44033019415894187,1791553558758220259,
-0.578385591506958,-0.20464009046554565,0.43525642534895637,1791553558789827126,
-0.1477716565132141,0.2866761088371277,0.5220890441301148,1791553558817381861,
0.2236059308052063,0.11136835813522339,0.4849845528709856,1791553558847229826,
0.17685604095458984,0.6382209062576294,0.4860381202510115,1791553558876170854,
0.5017271041870117,0.5326546430587769,0.4483258258238178,1791553558907104392,
-0.31408047676086426,0.5761434435844421,0.44873047985226083,1791553558937104613,
0.5735235810279846,-0.3342519998550415,0.45236234894192706,1791553558967051370,
-0.4814336895942688,-0.24210292100906372,0.4829942992505244,1791553558997900865,
0.0420723557472229,0.3753536343574524,0.4473404241808783,1791553559030357961,
-0.09049880504608154,0.43084919452667236,0.5263495174153033,1791553559056995653,
0.0863679051399231,0.4733418822288513,0.48944822721055176,1791553559086810697,
-0.0026526451110839844,0.7774681448936462,0.480959355226614,1791553559116744141,
-0.33110910654067993,-0.4242072105407715,0.4595401851059201,1791553559146691725,
-0.5212626457214355,-0.5310962200164795,0.46112184796196476,1791553559176694479,
0.4223266839981079,0.17399263381958008,0.4876095717864388,1791553559206655113,
-0.3789241909980774,0.42225968837738037,0.45917675437234645,1791553559237996339,
-0.3793514370918274,0.475643515586853,0.4396101404779895,1791553559269887728,
0.4176024794578552,0.727929949760437,0.5268446553175787,1791553559295512926,
-0.23350656032562256,0.16473227739334106,0.44179594006678047,1791553559326390864,
-0.5201941728591919,-0.02957242727279663,0.4413286998314882,1791553559356368741,
-0.031280577182769775,0.7166053056716919,0.4393125598018788,1791553559386236585,
-0.04795694351196289,-0.636349081993103,0.48769799207086867,1791553559415262208,
-0.05957430601119995,-0.26543742418289185,0.46143730987550563,1791553559446150136,
0.3481011390686035,0.6340014338493347,0.4257326289954619,1791553559478980943,
-0.3616979718208313,0.6787018775939941,0.4852571522456599,1791553559508040917,
0.371346116065979,0.12567871809005737,0.47371505325914426,1791553559536010547,
-0.1699565052986145,0.3395999073982239,0.4785891200458967,1791553559565953373,
0.04183536767959595,-0.008049368858337402,0.42619174801224785,1791553559588006332,
0.04194921255111694,0.13322961330413818,0.4888765106612425,1791553559615862538,
-0.1244058609008789,0.6099051833152771,0.4531816735764021,1791553559645795075,
0.03229933977127075,0.04335343837738037,0.47928048584311955,1791553559675740499,
0.09502595663070679,0.13709372282028198,0.4667691915865017,1791553559705700490,
0.21275407075881958,0.5144925117492676,0.4646645871808377,1791553559735684644,
0.3799038529396057,-0.195090651512146,0.46569208047462274,1791553559766473500,
-0.17834579944610596,0.06856107711791992,0.42017478170469225,1791553559798472406,
-0.0554923415184021,0.8036612868309021,0.49048426652973076,1791553559825589362,
-0.3992425799369812,0.07096683979034424,0.4501181875157526,1791553559855488831,
-0.3647046685218811,-0.2084704041481018,0.45164106691988243,1791553559885377173,
0.30612242221832275,0.676295280456543,0.45557012742402725,1791553559915372465,
0.3385893702507019,0.2571461796760559,0.45756534081378436,1791553559945281910,
-0.5917237401008606,0.050144314765930176,0.4563827335393294,1791553559974253066,
0.049851179122924805,0.007277071475982666,0.44057411990728323,1791553560006073351,
-0.38189321756362915,0.21363645792007446,0.4726024761103424,1791553560038107239,
0.1888943910598755,0.19098788499832153,0.5330735342023503,1791553560065145999,
0.14082372188568115,0.4627460241317749,0.4651188651220971,1791553560095052181,
-0.15459632873535156,0.15149825811386108,0.4809895568327159,1791553560124959608,
-0.22217708826065063,0.09365761280059814,0.46190366774214975,1791553560154935220,
0.5730042457580566,0.11491966247558594,0.4373031476771023,1791553560184884394,
-0.6777669787406921,0.2151617407798767,0.4489806927942736,1791553560214922664,
0.07710897922515869,0.18168628215789795,0.4523734859527268,1791553560245517117,
-0.12722313404083252,-0.059777259826660156,0.43368842779116124,1791553560277932633,
-0.6117757558822632,0.32989317178726196,0.49826731452343254,1791553560305002104,
-0.06029695272445679,0.5962164402008057,0.44309707166178686,1791553560334805937,
0.41055136919021606,0.22204887866973877,0.4776957933487889,1791553560364607161,
0.2843821048736572,0.08780437707901001,0.461880548587407,1791553560394715888,
-0.2836172580718994,0.25468456745147705,0.45907773477470554,1791553560423547331,
-0.2307218313217163,-0.42150747776031494,0.42750722567976346,1791553560454405659,
-0.046310603618621826,-0.40711677074432373,0.44801180482761543,1791553560486119943,
0.7336399555206299,0.9267059564590454,0.4773727801767565,1791553560514382497,
-0.2666069269180298,0.39376360177993774,0.43946931800471206,1791553560544305270,
-0.012129366397857666,-0.029858767986297607,0.4491712151988158,1791553560574193393,
0.45223188400268555,0.46832478046417236,0.49087758093880685,1791553560604126371,
-0.6023746132850647,0.04912310838699341,0.47118118358300826,1791553560634072835,
-0.6096908450126648,-0.5067249536514282,0.4520102739146741,1791553560664058684,
0.6623891592025757,0.025103449821472168,0.4550660896751769,1791553560694457734,
0.12808841466903687,0.7054046988487244,0.44157905217074417,1791553560726111332,
0.4825645685195923,0.607389509677887,0.4747787304624151,1791553560753951743,
-0.5509549975395203,-0.14472252130508423,0.45430721456390616,1791553560783820192,
0.35798704624176025,0.4455891251564026,0.4591709213682959,1791553560813751915,
-0.023486793041229248,-0.15701520442962646,0.4334541243149369,1791553560843730825,
0.21440154314041138,0.004268229007720947,0.4431151443946088,1791553560873661156,
-0.06692314147949219,-0.06666064262390137,0.47658804791525883,1791553560903898437,
0.20328277349472046,-0.0931006669998169,0.46334414135993823,1791553560934012385,
0.5462325811386108,0.4207010269165039,0.40849987771675383,1791553560966697816,
-0.20150244235992432,0.4969351887702942,0.5222741655619647,1791553560992516669,
-0.11472314596176147,0.6780803799629211,0.42272516459514575,1791553561023415348,
0.33250218629837036,-0.11345899105072021,0.4643759445455409,1791553561053293411,
-0.20997202396392822,0.2207394242286682,0.4900075866775078,1791553561083273990,
0.5427284836769104,-0.07920831441879272,0.463925210394101,1791553561113267042,
-0.4365431070327759,0.004059135913848877,0.4560908540461658,1791553561143173210,
0.6578370332717896,0.32971692085266113,0.46046146221959255,1791553561173999054,
-0.09491479396820068,0.9175687432289124,0.4138012145504809,1791553561206592874,
-0.20075219869613647,-0.6778736114501953,0.49703947138669824,1791553561233016630,
0.37542110681533813,-0.33335721492767334,0.47461473634702805,1791553561262978166,
0.2727013826370239,1.0456678867340088,0.46973077150639,1791553561292926957,
0.16785109043121338,0.2690076231956482,0.4678353289366146,1791553561322833020,
-0.14051610231399536,-0.21500355005264282,0.47464394548167765,1791553561352822323,
0.038574039936065674,0.37549763917922974,0.4815786528597562,1791553561382884242,
0.0030805468559265137,0.19684839248657227,0.4362083768565849,1791553561414379376,
0.1178579330444336,-0.029495954513549805,0.4283235866412474,1791553561445301888,
0.009321510791778564,0.5742722749710083,0.520759864059291,1791553561472572478,
0.04380309581756592,0.372517466545105,0.4730125293222928,1791553561502547130,
-0.45384466648101807,-0.3310725688934326,0.46888746357439287,1791553561531499114,
0.2612794041633606,-0.14737868309020996,0.39889199253228147,1791553561562457185,
-0.8094585537910461,-0.11620444059371948,0.4278859089887289,1791553561592434710,
0.6487593650817871,-0.060482800006866455,0.45579212614319925,1791553561621357612,
0.16887545585632324,0.42743951082229614,0.4287956378233992,1791553561654422884,
0.0663718581199646,0.5219992995262146,0.46527749473817925,1791553561684272860,
-0.4154489040374756,0.20204955339431763,0.477489967929288,1791553561712172586,
0.4661233425140381,0.3040430545806885,0.48011522486786284,1791553561742104678,
0.31985288858413696,0.3037019371986389,0.5072720473300704,1791553561772081862,
-0.3810585141181946,-0.103934645652771,0.47475249226295574,1791553561801985801,
-0.2939871549606323,-0.26648014783859253,0.4466807385054912,1791553561831960150,
0.3824731707572937,-0.12574762105941772,0.43164986777603886,1791553561862278117,
0.1923425793647766,0.4348175525665283,0.38553428290821795,1791553561894309605,
-0.27821487188339233,0.3501679301261902,0.46138974807349087,1791553561921848614,
-0.21264612674713135,0.26504915952682495,0.4438180168502157,1791553561951740893,
0.13921403884887695,0.18132609128952026,0.4683153404266018,1791553561981678244,
0.7130177021026611,-0.1428772211074829,0.47084117397004016,1791553562011648159,
-0.4765164256095886,-0.30946165323257446,0.455861148798371,1791553562041613562,
0.09241169691085815,0.11900043487548828,0.4613506882563658,1791553562070518251,
-0.185202956199646,0.17119210958480835,0.4375430768256055,1791553562102497356,
-0.3218766450881958,0.6027644872665405,0.43841690664152205,1791553562133992636,
-0.019377470016479492,0.7532647252082825,0.5048615931111903,1791553562160399060,
0.14090567827224731,-0.15706110000610352,0.44881100164167015,1791553562191340664,
0.48001211881637573,-0.4182940721511841,0.4670787185561106,1791553562221264672,
0.4523533582687378,0.29870933294296265,0.45880296689075395,1791553562251203773,
-0.653694748878479,-0.364618718624115,0.44919316002922355,1791553562281208947,
0.2979234457015991,-0.1902945637702942,0.45596269880852797,1791553562311128486,
-0.19482702016830444,0.9638240337371826,0.44137460236220477,1791553562342344111,
0.11496776342391968,0.7767862677574158,0.41599127476,1791553562374100159,
0.10272693634033203,0.097156822681427,0.4846045954754991,1791553562401051364,
0.5973456501960754,-0.1627485752105713,0.4689578099496711,1791553562430913799,
0.048759400844573975,-0.046433210372924805,0.4534370837898486,1791553562460852190,
-0.23449844121932983,-0.2841910123825073,0.4298940555434896,1791553562490787610,
0.021115541458129883,0.289683997631073,0.45016566579972545,1791553562520828395,
0.14011484384536743,0.3247721195220947,0.46123077379276,1791553562550745189,
0.0684499740600586,0.7553735971450806,0.4247056533841377,1791553562582012425,
0.2535575032234192,0.154965341091156,0.4122162019985573,1791553562613603143,
-0.3169128894805908,-0.369148313999176,0.5119439623333566,1791553562640602602,
0.6798022985458374,-0.21532613039016724,0.4711117299243251,1791553562669568312,
0.12660473585128784,0.028913676738739014,0.4211614796984102,1791553562700447314,
-0.3530346751213074,0.09983980655670166,0.42001314249530625,1791553562730325183,
0.2947121858596802,0.14115363359451294,0.4471798989830692,1791553562760344625,
