x, y, th, stamp, 
-2.641252279281616,-3.6838996410369873,-1.5377785935651755,1791553490665936838,
-2.641252279281616,-3.6838996410369873,-1.5377785935651755,1791553490755475472,
-2.641252279281616,-3.6838996410369873,-1.5377785935651755,1791553490826309182,
-2.641252279281616,-3.6838996410369873,-1.5377785935651755,1791553490865058297,
-2.641252279281616,-3.6838996410369873,-1.5377785935651755,1791553490914501412,
-2.641252279281616,-3.6838996410369873,-1.5377785935651755,1791553490965792922,
-2.641252279281616,-3.6838996410369873,-1.5377785935651755,1791553491024957971,
-2.641252279281616,-3.6838996410369873,-1.5377785935651755,1791553491066300564,
-2.641252279281616,-3.6838996410369873,-1.5377785935651755,1791553491104668739,
-2.641252279281616,-3.6838996410369873,-1.5377785935651755,1791553491156635863,
-2.641252279281616,-3.6838996410369873,-1.5377788706270126,1791553491225642609,
-2.641252279281616,-3.6838996410369873,-1.5377788706270126,1791553491265544174,
-2.641252279281616,-3.6838996410369873,-1.5377789390212253,1791553491316900154,
-2.641252279281616,-3.6838996410369873,-1.5377789390212253,1791553491364507473,
-2.641252279281616,-3.6838996410369873,-1.5377788833396107,1791553491425212778,
-2.641252279281616,-3.6838996410369873,-1.537778511766435,1791553491465563548,
-2.641252279281616,-3.6838996410369873,-1.537778007240439,1791553491525253257,
-2.641252279281616,-3.6838996410369873,-1.5377776784017327,1791553491574873376,
-2.641252279281616,-3.6838996410369873,-1.5377773477872327,1791553491626043334,
-2.641252279281616,-3.6838996410369873,-1.5377773477895371,1791553491665236443,
-2.641252279281616,-3.6838996410369873,-1.5377773477895371,1791553491716214294,
-2.641252279281616,-3.6838996410369873,-1.537777300861569,1791553491765166899,
-2.641252279281616,-3.6838996410369873,-1.53777729392825,1791553491815385136,
-2.641252279281616,-3.6838996410369873,-1.5377769356351816,1791553491864704663,
-2.641252279281616,-3.6838996410369873,-1.5377769260199567,1791553491904751065,
-2.641252279281616,-3.6838996410369873,-1.537776912904251,1791553491955802280,
-2.641252279281616,-3.6838996410369873,-1.5377768909146627,1791553492024519016,
-2.641252279281616,-3.6838996410369873,-1.5377768901053486,1791553492065174606,
-2.641252279281616,-3.6838996410369873,-1.5377768942776862,1791553492116074168,
-2.641252279281616,-3.6838996410369873,-1.5377769080154753,1791553492165181439,
-2.641252279281616,-3.6838996410369873,-1.5377769354083957,1791553492215973549,
-2.641252279281616,-3.6838996410369873,-1.5377769744560594,1791553492264818982,
-2.641252279281616,-3.6838996410369873,-1.5377769997760198,1791553492306204447,
-2.641252279281616,-3.6838996410369873,-1.5377768766813997,1791553492357178326,
-2.641252279281616,-3.6838996410369873,-1.5377769079749017,1791553492408378709,
-2.641252279281616,-3.6838996410369873,-1.5377768143536124,1791553492467312552,
-2.641252279281616,-3.6838996410369873,-1.5377768663484257,1791553492517388425,
-2.641252279281616,-3.6838996410369873,-1.5377768978569837,1791553492567244223,
-2.641252279281616,-3.6838996410369873,-1.5377769708511329,1791553492613999157,
-2.641252279281616,-3.6838996410369873,-1.5377770102716473,1791553492675188374,
-2.641252279281616,-3.6838996410369873,-1.5377773619506339,1791553492725662425,
-2.641252279281616,-3.6838996410369873,-1.5377773829044972,1791553492754602672,
-2.641252279281616,-3.6838996410369873,-1.5377768901161004,1791553492823778637,
-2.6412525177001953,-3.6838998794555664,-1.5377752698867604,1791553492866486019,
-2.6414058208465576,-3.6839797496795654,-1.5321765904837097,1791553492916269524,
-2.640958309173584,-3.68402361869812,-1.496965013427042,1791553492965315564,
-2.6407625675201416,-3.683781862258911,-1.4456897519643563,1791553493014177240,
-2.640857219696045,-3.684379816055298,-1.3877843654895996,1791553493063311798,
-2.640907049179077,-3.6850225925445557,-1.3407900326172493,1791553493105680593,
-2.6407697200775146,-3.685590982437134,-1.2714183653803368,1791553493172707436,
-2.6407055854797363,-3.685871124267578,-1.2385146604539663,1791553493206471427,
-2.64047908782959,-3.6861889362335205,-1.1813807333613175,1791553493266301618,
-2.640165090560913,-3.6862313747406006,-1.1339731049747337,1791553493315257305,
-2.6395070552825928,-3.686469316482544,-1.0839389072035994,1791553493365216412,
-2.6393396854400635,-3.686836004257202,-1.0317310918324594,1791553493417137372,
-2.6391818523406982,-3.6872236728668213,-0.9849075046919802,1791553493462323684,
-2.6390929222106934,-3.687708854675293,-0.9201781985872839,1791553493525623671,
-2.6387503147125244,-3.688209056854248,-0.8701065000053027,1791553493576618079,
-2.638231039047241,-3.6884071826934814,-0.82505579610378,1791553493622169863,
-2.637636184692383,-3.6886227130889893,-0.7832270026440052,1791553493665332203,
-2.636906385421753,-3.6890416145324707,-0.7318681802929673,1791553493715180136,
-2.6363983154296875,-3.689547538757324,-0.6813939368397547,1791553493765218795,
-2.6362879276275635,-3.6899492740631104,-0.6315430746739489,1791553493815866911,
-2.6357100009918213,-3.6901862621307373,-0.5850669803042179,1791553493862402173,
-2.634941577911377,-3.6902143955230713,-0.540418094213917,1791553493906274997,
-2.6344242095947266,-3.690497636795044,-0.49054154704705094,1791553493954952368,
-2.6334011554718018,-3.691012144088745,-0.4245830636374329,1791553494020559235,
-2.6326682567596436,-3.691638231277466,-0.3795865512437151,1791553494066215451,
-2.6323184967041016,-3.691847562789917,-0.33043262693027536,1791553494115390803,
-2.632091522216797,-3.6926093101501465,-0.2784414508361434,1791553494165302285,
-2.631695032119751,-3.6933555603027344,-0.2285844127990342,1791553494215257924,
-2.6313843727111816,-3.6943845748901367,-0.1814759311219667,1791553494260615988,
-2.6308529376983643,-3.6951651573181152,-0.1372631477631297,1791553494305860287,
-2.630011796951294,-3.6955924034118652,-0.06857781484460088,1791553494374695674,
-2.629512310028076,-3.6958625316619873,-0.03917977555028525,1791553494405133631,
-2.628514528274536,-3.6964187622070312,0.022940841225624897,1791553494466339564,
-2.627633810043335,-3.6963260173797607,0.07416874168552756,1791553494516373040,
-2.6265904903411865,-3.6964259147644043,0.12474976786758682,1791553494565275110,
-2.625706672668457,-3.6965091228485107,0.1747146175869967,1791553494615203211,
-2.6244988441467285,-3.6961357593536377,0.22550837741153112,1791553494667404630,
-2.623751401901245,-3.695949077606201,0.26541878494446736,1791553494707328278,
-2.622527599334717,-3.695342779159546,0.33407996774597215,1791553494775310683,
-2.6215403079986572,-3.6957249641418457,0.38040430105051104,1791553494819688865,
-2.6206135749816895,-3.6958377361297607,0.42566541928349017,1791553494865459977,
-2.619302272796631,-3.69624924659729,0.47680762544336136,1791553494916218778,
-2.618044137954712,-3.696742296218872,0.5256885523472461,1791553494965365901,
-2.6167545318603516,-3.696774959564209,0.5753506226721538,1791553495015148066,
-2.615243911743164,-3.696953296661377,0.6290030746264723,1791553495067290041,
-2.6145858764648438,-3.6968929767608643,0.6670295732578271,1791553495105999027,
-2.6130690574645996,-3.696347236633301,0.7367724400812383,1791553495174673525,
-2.6119866371154785,-3.695931911468506,0.7872912664985341,1791553495225515612,
-2.6108429431915283,-3.6955602169036865,0.8280335923831026,1791553495266393194,
-2.6097841262817383,-3.6952333450317383,0.8779403288465555,1791553495315378649,
-2.608682870864868,-3.6943676471710205,0.9272481520263282,1791553495365349244,
-2.6076250076293945,-3.69380521774292,0.9792862827405203,1791553495416212398,
-2.606457233428955,-3.693207025527954,1.0297022545038748,1791553495466367086,
-2.6049251556396484,-3.6923227310180664,1.087369840453684,1791553495526036485,
-2.604212760925293,-3.691711664199829,1.116928794192693,1791553495555587097,
-2.6028194427490234,-3.6905970573425293,1.1884750495086969,1791553495626202430,
-2.602308750152588,-3.689532995223999,1.230663566844472,1791553495667331531,
-2.6019022464752197,-3.6882808208465576,1.2793149109329243,1791553495715362030,
-2.600908041000366,-3.6871039867401123,1.3310364035696411,1791553495766305202,
-2.6003105640411377,-3.685851573944092,1.3824426655639872,1791553495816349583,
-2.600013494491577,-3.684159994125366,1.432079078266363,1791553495866434089,
-2.599316358566284,-3.682950019836426,1.4721199296021557,1791553495906381835,
-2.5987961292266846,-3.6814608573913574,1.5218514511245675,1791553495955713774,
-2.59849214553833,-3.6794826984405518,1.5921554363619275,1791553496026370436,
-2.5979039669036865,-3.6783173084259033,1.6332631000574387,1791553496066269566,
-2.5977749824523926,-3.676694393157959,1.6824730119438636,1791553496115193549,
-2.5978214740753174,-3.6751859188079834,1.7327773764130718,1791553496165289352,
-2.5979201793670654,-3.6737844944000244,1.7838367003289362,1791553496215208709,
-2.5979437828063965,-3.671870470046997,1.8350779664988497,1791553496266323476,
-2.5979714393615723,-3.670502185821533,1.8749253378310844,1791553496305641362,
-2.5982825756073,-3.668855667114258,1.9240422957498877,1791553496355400568,
-2.5990467071533203,-3.6665587425231934,1.9944459334115099,1791553496426212295,
-2.599536418914795,-3.665064573287964,2.0357756343899753,1791553496466360607,
-2.6001827716827393,-3.6633849143981934,2.0849456004171074,1791553496515821684,
-2.6011953353881836,-3.6621179580688477,2.135615311324568,1791553496565681033,
-2.601762056350708,-3.6605396270751953,2.1862239562424253,1791553496614638091,
-2.6027138233184814,-3.658782958984375,2.2376283716065597,1791553496665516004,
-2.6035282611846924,-3.657470464706421,2.2765920953362833,1791553496704627728,
-2.604266405105591,-3.655531406402588,2.328160757609283,1791553496756697858,
-2.6057586669921875,-3.654163360595703,2.3751885746961543,1791553496805676541,
-2.6074001789093018,-3.652254819869995,2.437711264995438,1791553496866242774,
-2.6088380813598633,-3.6504454612731934,2.4911172635146923,1791553496918219752,
-2.6101877689361572,-3.649493932723999,2.5369797450365845,1791553496964527029,
-2.611646890640259,-3.6483869552612305,2.5877871805342414,1791553497014995445,
-2.613335132598877,-3.6471893787384033,2.6394002369653498,1791553497065859918,
-2.615654230117798,-3.6461281776428223,2.6984903282135315,1791553497125079559,
-2.616854667663574,-3.64543080329895,2.729595918471711,1791553497156087992,
-2.619288682937622,-3.6441516876220703,2.799952086586624,1791553497225354121,
-2.6210803985595703,-3.6433517932891846,2.841016024870769,1791553497266258858,
-2.623225450515747,-3.6426713466644287,2.890972617740101,1791553497316403664,
-2.625243663787842,-3.641892910003662,2.9406707366925207,1791553497365281865,
-2.6275010108947754,-3.641191244125366,2.9891598499206764,1791553497415172954,
-2.629194736480713,-3.640619993209839,3.04096817109738,1791553497465664553,
-2.6314516067504883,-3.6402599811553955,3.0855138288066812,1791553497505722363,
-2.63486385345459,-3.639822483062744,-3.127601621854602,1791553497574738138,
-2.6361775398254395,-3.6398792266845703,-3.1000297106753902,1791553497604529493,
-2.6389288902282715,-3.639592170715332,-3.0382375588837984,1791553497666248128,
-2.6411306858062744,-3.6396946907043457,-2.988581451280651,1791553497715941746,
-2.64337158203125,-3.6398026943206787,-2.938751422853973,1791553497765228408,
-2.645521640777588,-3.6403863430023193,-2.88736701450989,1791553497814599839,
-2.648219585418701,-3.640643835067749,-2.837588563698059,1791553497865315865,
-2.6512227058410645,-3.6412887573242188,-2.776748725900633,1791553497927898184,
-2.652355670928955,-3.6417160034179688,-2.7470531448247244,1791553497956685522,
-2.655579090118408,-3.6426455974578857,-2.6776941239630028,1791553498024408237,
-2.6575944423675537,-3.6435513496398926,-2.635606703485725,1791553498067348853,
-2.659536838531494,-3.644737958908081,-2.5859861892837204,1791553498117216887,
-2.661634922027588,-3.6459522247314453,-2.535588961238037,1791553498166263783,
-2.6639580726623535,-3.6475114822387695,-2.486970645861956,1791553498213531470,
-2.666066884994507,-3.648885488510132,-2.4368982381543627,1791553498264406565,
-2.668400764465332,-3.650536060333252,-2.373414887870938,1791553498325524765,
-2.66953182220459,-3.6513638496398926,-2.3428502005858687,1791553498355669182,
-2.6715824604034424,-3.653208017349243,-2.2913620551664873,1791553498405831630,
-2.674021005630493,-3.6557886600494385,-2.2333388717429896,1791553498466491610,
-2.6755566596984863,-3.6576998233795166,-2.183460133630993,1791553498516297970,
-2.6773102283477783,-3.659949779510498,-2.1337026676957693,1791553498566187351,
-2.678804397583008,-3.6622061729431152,-2.085917377166903,1791553498612762930,
-2.6802639961242676,-3.664626121520996,-2.0347253144173107,1791553498663325368,
-2.6820578575134277,-3.667647361755371,-1.9693608640949996,1791553498726195420,
-2.6827895641326904,-3.669159173965454,-1.9393888724083899,1791553498756333575,
-2.684441566467285,-3.6725363731384277,-1.8745257674308387,1791553498823329448,
-2.6853013038635254,-3.6747641563415527,-1.830069378690963,1791553498866290081,
-2.6859960556030273,-3.6775007247924805,-1.7797483165111794,1791553498915131566,
-2.686898946762085,-3.680295467376709,-1.7292907315093156,1791553498965194447,
-2.687368392944336,-3.6838202476501465,-1.6787449809362969,1791553499017236091,
-2.6875405311584473,-3.686655282974243,-1.6326848694263572,1791553499063243013,
-2.6878223419189453,-3.6892645359039307,-1.5891279328083427,1791553499106333464,
-2.68809175491333,-3.6920485496520996,-1.53972127500494,1791553499155447379,
-2.6882636547088623,-3.6962890625,-1.4731138488578202,1791553499222234689,
-2.6881585121154785,-3.6990442276000977,-1.4279785677480112,1791553499266263177,
-2.6877212524414062,-3.701979160308838,-1.3777781596512828,1791553499316442857,
-2.6872808933258057,-3.7050862312316895,-1.3276621723730353,1791553499366204139,
-2.6865315437316895,-3.708313226699829,-1.2784530687130673,1791553499416240992,
-2.6855287551879883,-3.711167097091675,-1.232895618295684,1791553499462264117,
-2.68375301361084,-3.7153875827789307,-1.1674769879076548,1791553499525702449,
-2.682758331298828,-3.7172224521636963,-1.1377750305689003,1791553499554596303,
-2.6816413402557373,-3.720257043838501,-1.0869323846564067,1791553499606186338,
-2.6794564723968506,-3.724020481109619,-1.0268715710108614,1791553499666271919,
-2.677612781524658,-3.7270114421844482,-0.9758928493920245,1791553499716134711,
-2.6757829189300537,-3.729743480682373,-0.924441157676469,1791553499766423164,
-2.6742238998413086,-3.732553720474243,-0.8756544362114288,1791553499815244227,
-2.672193765640259,-3.7351250648498535,-0.8315888676246826,1791553499861272003,
-2.668596029281616,-3.738502025604248,-0.767044880486897,1791553499926123129,
-2.666036367416382,-3.7408461570739746,-0.7159526050833083,1791553499975593983,
-2.6642651557922363,-3.7421982288360596,-0.6855038172102498,1791553500006292712,
-2.660907745361328,-3.7448737621307373,-0.625407951678843,1791553500066281704,
-2.6578822135925293,-3.7469966411590576,-0.5762286266523505,1791553500116219868,
-2.6547176837921143,-3.7488062381744385,-0.5269636126456044,1791553500166205980,
-2.651860237121582,-3.7505431175231934,-0.47590267191384505,1791553500216249494,
-2.6485116481781006,-3.751932144165039,-0.4242408135442426,1791553500266368828,
-2.6441564559936523,-3.7537600994110107,-0.36185750592122556,1791553500326069042,
-2.6418917179107666,-3.754511833190918,-0.33255795213971656,1791553500355919278,
-2.6370902061462402,-3.756044864654541,-0.2651015388330954,1791553500426271964,
-2.6345574855804443,-3.7570302486419678,-0.22505435955648523,1791553500466287471,
-2.6315648555755615,-3.75825834274292,-0.17346429413472503,1791553500516225642,
-2.628009557723999,-3.759241819381714,-0.12235918704350296,1791553500567211747,
-2.6244616508483887,-3.759861707687378,-0.07485285785489808,1791553500616253895,
-2.62064266204834,-3.7600955963134766,-0.02601856715946176,1791553500666284825,
-2.617372512817383,-3.7599716186523438,0.013958951572543551,1791553500706232592,
-2.613633632659912,-3.759760618209839,0.06528816665093108,1791553500756468248,
-2.608170509338379,-3.759328603744507,0.13612019911945805,1791553500825748300,
-2.6050095558166504,-3.7589964866638184,0.17648842487912894,1791553500866250379,
-2.6009984016418457,-3.758391857147217,0.22677417458109803,1791553500916252102,
-2.5970845222473145,-3.7572903633117676,0.2760623074985452,1791553500966214767,
-2.593223810195923,-3.756035566329956,0.32549406559500793,1791553501016258845,
-2.5893614292144775,-3.7546708583831787,0.37663484159566735,1791553501066313048,
-2.5848522186279297,-3.7529656887054443,0.43811379770630837,1791553501126075533,
-2.5827736854553223,-3.7521169185638428,0.4686117786231372,1791553501156140972,
-2.5777740478515625,-3.749375820159912,0.5373926247086676,1791553501226309294,
-2.5746262073516846,-3.7477684020996094,0.5784125222766023,1791553501267441370,
-2.571162223815918,-3.745371103286743,0.6273028993107767,1791553501316223615,
-2.567877769470215,-3.7433974742889404,0.6775479235040524,1791553501365545874,
-2.564603805541992,-3.7408528327941895,0.7282382856788928,1791553501416290481,
-2.561431407928467,-3.7381677627563477,0.7803617371010441,1791553501466470501,
-2.5580267906188965,-3.734584331512451,0.8413184886838695,1791553501526134960,
-2.5564284324645996,-3.732686758041382,0.8715901890097698,1791553501555884886,
-2.5524895191192627,-3.7280874252319336,0.940705307170406,1791553501626251270,
-2.550358295440674,-3.725332736968994,0.9793934112575847,1791553501666269991,
-2.547877311706543,-3.72160005569458,1.0307984437743631,1791553501716278298,
-2.545412540435791,-3.717555522918701,1.0858475767470894,1791553501766221161,
-2.5430657863616943,-3.7133374214172363,1.1422101808242693,1791553501816286178,
-2.540949583053589,-3.708998918533325,1.1989803018600025,1791553501866405961,
-2.53901743888855,-3.7035069465637207,1.2652394143928152,1791553501925765197,
-2.5377845764160156,-3.7004497051239014,1.2985386858000447,1791553501955631820,
-2.535670518875122,-3.6930339336395264,1.380659367521264,1791553502025781808,
-2.534684896469116,-3.6883325576782227,1.429535688396967,1791553502066044069,
-2.5338168144226074,-3.6823692321777344,1.4944711358678615,1791553502116676658,
-2.5334458351135254,-3.676698684692383,1.558286752521123,1791553502165846674,
-2.5333967208862305,-3.6697981357574463,1.6368696541104524,1791553502225662029,
-2.5334877967834473,-3.664914608001709,1.6905947327927,1791553502266413346,
-2.5343551635742188,-3.6579062938690186,1.7685285427427135,1791553502325753163,
-2.534895896911621,-3.654320001602173,1.8086079237133592,1791553502357149151,
-2.537936210632324,-3.64579701423645,1.902772079156357,1791553502425990420,
-2.540121555328369,-3.6407556533813477,1.960404613547735,1791553502466329965,
-2.542989492416382,-3.63413405418396,2.0390689700504576,1791553502516571398,
-2.5463967323303223,-3.6278462409973145,2.115309290441488,1791553502565857141,
-2.550320625305176,-3.622053623199463,2.1922992567503976,1791553502616087958,
-2.5548646450042725,-3.6168019771575928,2.2683250879691235,1791553502666121660,
-2.558649778366089,-3.612814426422119,2.329051946961756,1791553502705964359,
-2.5638442039489746,-3.607745885848999,2.404591854496346,1791553502756237563,
-2.569552183151245,-3.602665662765503,2.4797450970457717,1791553502805562715,
-2.5768418312072754,-3.5977914333343506,2.5691299137432795,1791553502866342755,
-2.582963466644287,-3.593740463256836,2.647744002749335,1791553502916083282,
-2.58955454826355,-3.5901763439178467,2.7271121140156485,1791553502965724354,
-2.596137046813965,-3.587087869644165,2.804333593244586,1791553503015574882,
-2.603105306625366,-3.584141969680786,2.882261079214286,1791553503065608765,
-2.61234712600708,-3.5814871788024902,2.9739229552464277,1791553503126056778,
-2.6168391704559326,-3.5801823139190674,3.019481876185758,1791553503157404793,
-2.6272261142730713,-3.579375743865967,3.1243238445563297,1791553503226091573,
-2.633406639099121,-3.578723430633545,-3.0971770259277505,1791553503265585701,
-2.640653371810913,-3.5790486335754395,-3.023807513496053,1791553503316203903,
-2.6472697257995605,-3.5790629386901855,-2.9615182992428615,1791553503367519765,
-2.651763916015625,-3.5798590183258057,-2.919681787931648,1791553503414931492,
-2.6565020084381104,-3.580868721008301,-2.8795509506769665,1791553503464582153,
-2.6612069606781006,-3.581907033920288,-2.8400561911819007,1791553503506812824,
-2.6685948371887207,-3.583974838256836,-2.774078801175818,1791553503575165065,
-2.671860456466675,-3.585184335708618,-2.7414847003970264,1791553503608360456,
-2.678298234939575,-3.5880892276763916,-2.6832215638884342,1791553503666354927,
-2.68326735496521,-3.59045672416687,-2.6336140221996036,1791553503716305738,
-2.6883840560913086,-3.5929641723632812,-2.585294540995144,1791553503767457225,
-2.6931283473968506,-3.595886468887329,-2.538988619841453,1791553503813733191,
-2.6977598667144775,-3.599109411239624,-2.4896258477275857,1791553503864565162,
-2.7037177085876465,-3.6033501625061035,-2.4293170240754525,1791553503925688500,
-2.7065114974975586,-3.6057004928588867,-2.400093508416563,1791553503956118766,
-2.7110559940338135,-3.609619617462158,-2.350370753969083,1791553504005884748,
-2.716094493865967,-3.614363670349121,-2.2918195936154517,1791553504065555169,
-2.719959259033203,-3.6184263229370117,-2.2427410667891863,1791553504116174457,
-2.7233002185821533,-3.622765064239502,-2.192987091982908,1791553504166378530,
-2.7267980575561523,-3.6272377967834473,-2.1453103383647774,1791553504213304798,
-2.7297894954681396,-3.631783962249756,-2.0950670292053997,1791553504262858039,
-2.7336537837982178,-3.6382999420166016,-2.03175513201994,1791553504325612712,
-2.735419750213623,-3.6415867805480957,-2.0012908767815283,1791553504355698829,
-2.7378499507904053,-3.6467490196228027,-1.9516676624247586,1791553504406244307,
-2.7401256561279297,-3.6529557704925537,-1.8915175378199647,1791553504466320538,
-2.74204158782959,-3.658494472503662,-1.8407428239968155,1791553504516313102,
-2.7436797618865967,-3.6638994216918945,-1.7903748191942805,1791553504566377111,
-2.7452499866485596,-3.669666051864624,-1.7381626418610612,1791553504617913170,
-2.746040105819702,-3.675074815750122,-1.6916111069836215,1791553504662505295,
-2.7471535205841064,-3.682492733001709,-1.6274001258527202,1791553504725822043,
-2.7477731704711914,-3.6885156631469727,-1.574948843501084,1791553504776582087,
-2.7475926876068115,-3.693626642227173,-1.5281683307151053,1791553504822042528,
-2.7475364208221436,-3.6989095211029053,-1.482459841159366,1791553504866332069,
-2.747119188308716,-3.7049903869628906,-1.430441110533415,1791553504916322846,
-2.746429204940796,-3.7111198902130127,-1.3792564250857065,1791553504966265263,
-2.7454006671905518,-3.7167856693267822,-1.3278770962718949,1791553505016301508,
-2.7441201210021973,-3.7219111919403076,-1.2810479353611073,1791553505062406129,
-2.7426671981811523,-3.7268266677856445,-1.2359453845159005,1791553505105726137,
-2.7407445907592773,-3.731875419616699,-1.1842584387630335,1791553505155957372,
-2.7384963035583496,-3.7370479106903076,-1.1332964256138942,1791553505205622204,
-2.7354917526245117,-3.7434492111206055,-1.0703432132906379,1791553505265518517,
-2.7327561378479004,-3.749307870864868,-1.0157111231808458,1791553505316296035,
-2.7297005653381348,-3.7536911964416504,-0.9644278350331139,1791553505366262686,
-2.7261884212493896,-3.7584269046783447,-0.9120308612798106,1791553505416302903,
-2.722647190093994,-3.7632155418395996,-0.8571928765245045,1791553505467422234,
-2.719454526901245,-3.7666895389556885,-0.8166836211663172,1791553505506415828,
-2.715254068374634,-3.771101236343384,-0.7642155085755051,1791553505555614753,
-2.7109591960906982,-3.775178909301758,-0.7107036414705038,1791553505606361447,
-2.705688953399658,-3.7793617248535156,-0.6472749233818774,1791553505666326794,
-2.7008862495422363,-3.782621145248413,-0.5939126079434315,1791553505716271980,
-2.695988893508911,-3.7855336666107178,-0.5401246978896105,1791553505766263153,
-2.6907217502593994,-3.7883641719818115,-0.48341642796912143,1791553505816306021,
-2.683411121368408,-3.7921807765960693,-0.4136307113486469,1791553505866496277,
-2.676295757293701,-3.795314073562622,-0.3545977970811641,1791553505906468323,
-2.666412115097046,-3.798963785171509,-0.2822629012916079,1791553505956333276,
-2.6561548709869385,-3.801485061645508,-0.20946911813176844,1791553506005678953,
-2.64457106590271,-3.8031229972839355,-0.12302472567652768,1791553506066366308,
-2.63512921333313,-3.804335355758667,-0.0485008471967007,1791553506116224714,
-2.6253349781036377,-3.804722785949707,0.02831011730131584,1791553506166270148,
-2.615359306335449,-3.804760694503784,0.1042264796350885,1791553506216313113,
-2.6050357818603516,-3.803816556930542,0.1798950361808168,1791553506267328474,
-2.593081474304199,-3.8019073009490967,0.2665130537239893,1791553506325659856,
-2.587151050567627,-3.800305128097534,0.3105472178023869,1791553506356356918,
-2.5735912322998047,-3.795968770980835,0.41555569801607334,1791553506425775953,
-2.5662178993225098,-3.7930028438568115,0.47738997424972945,1791553506466324395,
-2.5570952892303467,-3.7885470390319824,0.555764928506918,1791553506516314173,
-2.5486693382263184,-3.7834932804107666,0.631200310857871,1791553506566281930,
-2.54060435295105,-3.7778849601745605,0.7045160052778062,1791553506616331274,
-2.532837390899658,-3.7718241214752197,0.774178423659162,1791553506666339738,
-2.526952028274536,-3.7668545246124268,0.828529409365971,1791553506707106557,
-2.5181398391723633,-3.7576310634613037,0.9173675856878631,1791553506775868611,
-2.5123414993286133,-3.750849485397339,0.9843908059406576,1791553506826346909,
-2.5082056522369385,-3.7452456951141357,1.038768996458826,1791553506867356441,
-2.5038013458251953,-3.7378907203674316,1.1037373439969045,1791553506916206096,
-2.4996132850646973,-3.730529308319092,1.1673200110185902,1791553506966279450,
-2.495897054672241,-3.7230770587921143,1.2270925361102945,1791553507016314867,
-2.4928014278411865,-3.715322494506836,1.284222244936798,1791553507066331251,
-2.490757703781128,-3.709035634994507,1.3296584905105437,1791553507106734237,
-2.4886538982391357,-3.701143741607666,1.385643269586622,1791553507156362398,
-2.4862778186798096,-3.6905109882354736,1.4639896114318343,1791553507225656353,
-2.4854865074157715,-3.684343099594116,1.508039758642675,1791553507266336100,
-2.484593152999878,-3.676865339279175,1.5625237443664757,1791553507316315461,
-2.4843454360961914,-3.6695518493652344,1.6145145540882782,1791553507366326074,
-2.4844093322753906,-3.662017822265625,1.665290696811908,1791553507416331581,
-2.4842820167541504,-3.6544249057769775,1.7153768808789978,1791553507466337993,
-2.485048770904541,-3.6486775875091553,1.7550883780545012,1791553507505964108,
-2.48626971244812,-3.641845226287842,1.805811229544301,1791553507555649987,
-2.4884278774261475,-3.6322028636932373,1.8805630046498873,1791553507625607744,
-2.4902076721191406,-3.626861095428467,1.9228383829801416,1791553507666491438,
-2.49284029006958,-3.6198201179504395,1.9755760372020565,1791553507717486715,
-2.495290517807007,-3.6127889156341553,2.0246929535717344,1791553507766318475,
-2.49862003326416,-3.6061851978302,2.0736885348517355,1791553507816333749,
-2.5023584365844727,-3.599867582321167,2.122707926779199,1791553507865786252,
-2.5070443153381348,-3.592592239379883,2.182769377276066,1791553507925859582,
-2.5094804763793945,-3.5887625217437744,2.214419430040005,1791553507957112372,
-2.515718698501587,-3.5807785987854004,2.28536611068744,1791553508025768748,
-2.5194807052612305,-3.576190233230591,2.32546580495243,1791553508066460329,
-2.5246052742004395,-3.5704996585845947,2.3761882952387268,1791553508117378269,
-2.5300512313842773,-3.565239191055298,2.4241460719919634,1791553508166901810,
-2.535675048828125,-3.5602939128875732,2.474753069896216,1791553508216493775,
-2.5417709350585938,-3.555920124053955,2.524283170921994,1791553508265743967,
-2.5491223335266113,-3.550961971282959,2.583999143495015,1791553508326082618,
-2.5528316497802734,-3.5484752655029297,2.6148555718340716,1791553508355512018,
-2.562157154083252,-3.5432307720184326,2.6848831167719993,1791553508425714814,
-2.5678110122680664,-3.5406851768493652,2.7234520191382474,1791553508465533812,
-2.5751075744628906,-3.53782057762146,2.7745881138589157,1791553508516681129,
-2.582401990890503,-3.535343885421753,2.8245576083999357,1791553508565676222,
-2.5893607139587402,-3.5330350399017334,2.875581250891256,1791553508615923752,
-2.5967791080474854,-3.5308892726898193,2.929141064226196,1791553508666103484,
-2.602958917617798,-3.529404878616333,2.9688818516001625,1791553508705992026,
-2.6140077114105225,-3.5275468826293945,3.036901937784113,1791553508775916899,
-2.618664264678955,-3.526994466781616,3.0668120269056076,1791553508805520009,
-2.6277811527252197,-3.525975465774536,3.1272990732765886,1791553508866469954,
-2.6356451511383057,-3.5256309509277344,-3.1031770711113142,1791553508916636677,
-2.6436657905578613,-3.5259156227111816,-3.0530092620952276,1791553508967507584,
-2.6510610580444336,-3.5264534950256348,-3.0075881433891807,1791553509015397267,
-2.6589930057525635,-3.527534008026123,-2.9572884833299207,1791553509065442528,
-2.665632963180542,-3.5285308361053467,-2.9142463430028194,1791553509106580356,
-2.673447847366333,-3.5299839973449707,-2.864210111662576,1791553509156523452,
-2.684072971343994,-3.5330286026000977,-2.7962717962158172,1791553509224512389,
-2.690178871154785,-3.535264492034912,-2.7562927571572016,1791553509266459819,
-2.697775363922119,-3.5381150245666504,-2.705381437576201,1791553509316230558,
-2.7052688598632812,-3.5415406227111816,-2.6531679801929875,1791553509367342658,
-2.7118215560913086,-3.5450448989868164,-2.605016716937372,1791553509414439682,
-2.718681573867798,-3.5493102073669434,-2.5550952019976654,1791553509464339936,
-2.727557897567749,-3.5547127723693848,-2.4922037681330793,1791553509527306469,
-2.731341600418091,-3.5577449798583984,-2.4627691066896045,1791553509555598184,
-2.7402641773223877,-3.5644278526306152,-2.3934242276672273,1791553509624084274,
-2.7454376220703125,-3.568902015686035,-2.352286998394523,1791553509666385290,
-2.7515625953674316,-3.5747053623199463,-2.3039321280714935,1791553509716361482,
-2.7574408054351807,-3.5807576179504395,-2.2537581387119054,1791553509767340843,
-2.76240611076355,-3.5865588188171387,-2.206964454215901,1791553509814349282,
-2.7673048973083496,-3.593096971511841,-2.1550396955080005,1791553509863468251,
-2.7712554931640625,-3.5990116596221924,-2.112403463723247,1791553509906148697,
-2.7757439613342285,-3.6063132286071777,-2.06338032296485,1791553509956056645,
-2.781193971633911,-3.6161959171295166,-1.9963967049914793,1791553510023354340,
-2.783970832824707,-3.6225528717041016,-1.9539793926678994,1791553510066385203,
-2.786642074584961,-3.630298137664795,-1.9041952748595956,1791553510116260946,
-2.789457321166992,-3.637960433959961,-1.8526923104423403,1791553510165509874,
-2.7917301654815674,-3.6457395553588867,-1.7996972637075501,1791553510217362051,
-2.7935988903045654,-3.653550148010254,-1.7512603630807313,1791553510262612114,
-2.7954862117767334,-3.6643080711364746,-1.6906656885476445,1791553510325887231,
-2.796457290649414,-3.672999858856201,-1.6394307331542004,1791553510376618077,
-2.796579599380493,-3.678027868270874,-1.609528136945394,1791553510405601411,
-2.7967374324798584,-3.6861579418182373,-1.5579779272158525,1791553510457417872,
-2.7964680194854736,-3.6964333057403564,-1.4998766743720713,1791553510515560821,
-2.7957234382629395,-3.7047972679138184,-1.4501855404977555,1791553510566389108,
-2.794649839401245,-3.7131764888763428,-1.3997159990207315,1791553510615732393,
-2.7933778762817383,-3.7210047245025635,-1.3528340960987084,1791553510661957861,
-2.791024684906006,-3.731618642807007,-1.2887347516971102,1791553510725884466,
-2.7894840240478516,-3.7364859580993652,-1.257020322335059,1791553510756452302,
-2.785569429397583,-3.7468678951263428,-1.189031136976103,1791553510821683920,
-2.7827274799346924,-3.7538702487945557,-1.1459536598290114,1791553510865914288,
-2.7789719104766846,-3.761774778366089,-1.0962606147139837,1791553510916372492,
-2.7752718925476074,-3.769462823867798,-1.045167238881233,1791553510965509315,
-2.7708048820495605,-3.7770941257476807,-0.9956250363758539,1791553511016374275,
-2.7660510540008545,-3.785270929336548,-0.9437220953707613,1791553511067857954,
-2.759462356567383,-3.7935891151428223,-0.8848250321557283,1791553511126106069,
-2.753678560256958,-3.800081491470337,-0.8346356654254563,1791553511175909129,
-2.7501027584075928,-3.8038580417633057,-0.8048193852074087,1791553511206483612,
-2.7425360679626465,-3.8111073970794678,-0.7453607977631809,1791553511266813769,
-2.736093759536743,-3.8166329860687256,-0.6959656608479178,1791553511316274784,
-2.7292673587799072,-3.8217122554779053,-0.6452821281137365,1791553511366483785,
-2.7219796180725098,-3.8267080783843994,-0.5951038149042079,1791553511416364571,
-2.7148704528808594,-3.830944299697876,-0.5454105136138078,1791553511465595159,
-2.7056033611297607,-3.83585786819458,-0.4856794878211336,1791553511526145043,
-2.700883626937866,-3.838231086730957,-0.45513757377149117,1791553511556848965,
-2.6928791999816895,-3.841458797454834,-0.40624406286270515,1791553511606041455,
-2.682501792907715,-3.846008777618408,-0.34375667751701966,1791553511666406041,
-2.674227714538574,-3.8487210273742676,-0.2948675427144464,1791553511716277327,
-2.6657426357269287,-3.850748300552368,-0.24576952905376595,1791553511765536938,
-2.6574018001556396,-3.8528528213500977,-0.19539083596101248,1791553511815520987,
-2.6480047702789307,-3.8550617694854736,-0.14298624132160762,1791553511867478995,
-2.640714406967163,-3.8561031818389893,-0.10286306526753079,1791553511906210106,
-2.631500244140625,-3.85744047164917,-0.05085249915693407,1791553511956469671,
-2.6218624114990234,-3.8581161499023438,-0.0011889113763309642,1791553512006280874,
-2.610114574432373,-3.858492136001587,0.06039761654541999,1791553512068426720,
-2.601198673248291,-3.8576133251190186,0.10887471974645278,1791553512116395252,
-2.591891288757324,-3.856689214706421,0.15909840736929318,1791553512166455181,
-2.582979202270508,-3.8549678325653076,0.20778648200449162,1791553512216047619,
-2.5736186504364014,-3.8529632091522217,0.25974850349836065,1791553512267494480,
-2.5629544258117676,-3.8498926162719727,0.3190208389339012,1791553512326187083,
-2.553617477416992,-3.8470356464385986,0.37052751996463573,1791553512375954563,
-2.5482935905456543,-3.845057249069214,0.4024272105353196,1791553512406452692,
-2.5374350547790527,-3.840738296508789,0.46359436361788126,1791553512466561508,
-2.528424024581909,-3.8365700244903564,0.5140201883493861,1791553512517363294,
-2.520190954208374,-3.8320415019989014,0.5623581095181207,1791553512566488785,
-2.511409282684326,-3.826704978942871,0.6121228622540298,1791553512617384994,
-2.5032379627227783,-3.821262836456299,0.6611668900275856,1791553512667495344,
-2.4934275150299072,-3.814030170440674,0.7203184685476746,1791553512726455121,
-2.4888293743133545,-3.8103034496307373,0.7504935341899389,1791553512756156956,
-2.4786770343780518,-3.801130771636963,0.8237093108048051,1791553512827325494,
-2.4732089042663574,-3.7954819202423096,0.8637202729526259,1791553512867407534,
-2.4668095111846924,-3.788193941116333,0.9123315435837634,1791553512916373375,
-2.461289405822754,-3.7803897857666016,0.9632635650692748,1791553512965516146,
-2.455486536026001,-3.77248477935791,1.0123632621745875,1791553513016383227,
-2.4499571323394775,-3.76401686668396,1.0641580786360982,1791553513066637189,
-2.4437286853790283,-3.753347158432007,1.1226933752540038,1791553513126268379,
-2.4406673908233643,-3.7477047443389893,1.1523723262117551,1791553513155766771,
-2.43453049659729,-3.734569549560547,1.224222045251182,1791553513227392758,
-2.4313547611236572,-3.7272677421569824,1.265421906892952,1791553513267249429,
-2.4280846118927,-3.7174713611602783,1.3179498641688192,1791553513317521975,
-2.425583600997925,-3.7078394889831543,1.3658489312758577,1791553513366430615,
-2.4235880374908447,-3.6981863975524902,1.4149418397890325,1791553513416388991,
-2.4222960472106934,-3.688634157180786,1.466195299481601,1791553513466945506,
-2.4212586879730225,-3.6768667697906494,1.5264041786384495,1791553513526146500,
-2.4208199977874756,-3.6705708503723145,1.5579099516813093,1791553513557865316,
-2.4207630157470703,-3.6611084938049316,1.606278559946804,1791553513606021568,
-2.4212872982025146,-3.6492557525634766,1.6683647992280413,1791553513666849091,
-2.422083616256714,-3.6394643783569336,1.719568288779265,1791553513716527757,
-2.423466682434082,-3.6293575763702393,1.7684337883216417,1791553513766445861,
-2.4254536628723145,-3.619495391845703,1.8177470880288962,1791553513815696630,
-2.427751302719116,-3.6097428798675537,1.868764080974109,1791553513866476861,
-2.4314799308776855,-3.5981996059417725,1.929213887671054,1791553513925724506,
-2.4334616661071777,-3.592146873474121,1.9608527945184067,1791553513956924099,
-2.437406301498413,-3.5828697681427,2.0112294466657903,1791553514005543505,
-2.442837715148926,-3.5727710723876953,2.0730799744351835,1791553514066685775,
-2.4476895332336426,-3.56453537940979,2.1225995578171397,1791553514116927100,
-2.4531195163726807,-3.5561628341674805,2.1719284144318918,1791553514165647279,
-2.458824634552002,-3.5477631092071533,2.221274395033788,1791553514216131963,
-2.4649922847747803,-3.539447784423828,2.27000941873222,1791553514265595764,
-2.4730968475341797,-3.53047513961792,2.332151218058663,1791553514326194703,
-2.4773521423339844,-3.526231527328491,2.3621992881010088,1791553514357077566,
-2.484619140625,-3.518826723098755,2.4125247211795897,1791553514407547279,
-2.4940977096557617,-3.5112037658691406,2.475303252699135,1791553514468435102,
-2.502150535583496,-3.5050594806671143,2.525961686427746,1791553514517765054,
-2.5105669498443604,-3.499192476272583,2.577186996045286,1791553514569377566,
-2.519317388534546,-3.493358612060547,2.623826475126001,1791553514614503255,
-2.528367042541504,-3.4885928630828857,2.675394123561995,1791553514664638273,
-2.5400116443634033,-3.483027219772339,2.7375226561624277,1791553514726726619,
-2.545506715774536,-3.4807050228118896,2.766803236801617,1791553514757106008,
-2.5586934089660645,-3.4757790565490723,2.8348026525715073,1791553514825106520,
-2.5668253898620605,-3.4732470512390137,2.8761100837342126,1791553514866525162,
-2.5770256519317627,-3.47055983543396,2.925214530017327,1791553514916448408,
-2.586998462677002,-3.4685680866241455,2.9766776702073536,1791553514967460649,
-2.596945285797119,-3.467315912246704,3.0255644227487566,1791553515014324586,
-2.6075639724731445,-3.465998649597168,3.0761241908597454,1791553515064385690,
-2.6164002418518066,-3.465397357940674,3.1187100411530104,1791553515107182687,
-2.626534938812256,-3.465416193008423,-3.1142077428003,1791553515156837849,
-2.6406543254852295,-3.4659931659698486,-3.045013677634239,1791553515223844664,
-2.6506497859954834,-3.4667091369628906,-3.0008669217284525,1791553515267462707,
-2.661121129989624,-3.4682154655456543,-2.951468005803694,1791553515317454777,
-2.6714999675750732,-3.4702444076538086,-2.90232848942924,1791553515367439505,
-2.681722402572632,-3.4727039337158203,-2.8548235903950676,1791553515413624899,
-2.6925666332244873,-3.475703001022339,-2.8046326497448066,1791553515464448327,
-2.7016804218292236,-3.478652238845825,-2.761183579712901,1791553515506829438,
-2.712449789047241,-3.482572078704834,-2.7089476432232833,1791553515556606313,
-2.722959041595459,-3.4872426986694336,-2.658419341919044,1791553515606792289,
-2.7348382472991943,-3.493603467941284,-2.5997860423844905,1791553515666621262,
-2.744523525238037,-3.499434232711792,-2.550687877406266,1791553515715606302,
-2.7538325786590576,-3.5055975914001465,-2.5005886584596357,1791553515765575708,
-2.763073682785034,-3.512611150741577,-2.4491866806803366,1791553515817339408,
-2.770801544189453,-3.518991470336914,-2.4026367782106264,1791553515863442164,
-2.781047821044922,-3.528486728668213,-2.337325957392678,1791553515925950445,
-2.78590726852417,-3.5332119464874268,-2.306810632211737,1791553515955990815,
-2.7934298515319824,-3.5415689945220947,-2.2553144915758616,1791553516005923212,
-2.802555799484253,-3.5524179935455322,-2.1943318071821247,1791553516066989029,
-2.8095505237579346,-3.5618937015533447,-2.141754707925714,1791553516117012081,
-2.815760850906372,-3.5713329315185547,-2.090901389784764,1791553516167378503,
-2.82114577293396,-3.5808985233306885,-2.0398861482911927,1791553516217455569,
-2.8259880542755127,-3.59004807472229,-1.993872913278188,1791553516262424575,
-2.8314208984375,-3.603322982788086,-1.9294482927966419,1791553516325746572,
-2.8341169357299805,-3.6097328662872314,-1.8990005950667739,1791553516356256367,
-2.8376622200012207,-3.620258092880249,-1.847823922900993,1791553516406492638,
-2.8415303230285645,-3.6336729526519775,-1.7862198870247925,1791553516467449685,
-2.8434250354766846,-3.64434552192688,-1.7376602497318516,1791553516516390447,
-2.8449342250823975,-3.6551129817962646,-1.6865538960934183,1791553516566379026,
-2.8460371494293213,-3.6661674976348877,-1.6353524272086573,1791553516616428018,
-2.8467190265655518,-3.6773438453674316,-1.5833401162683198,1791553516668470767,
-2.8470630645751953,-3.6865596771240234,-1.5434634227191175,1791553516706933900,
-2.8464953899383545,-3.697392702102661,-1.4950599613012365,1791553516756137270,
-2.8458588123321533,-3.708880662918091,-1.4449782658282386,1791553516805637555,
-2.8440403938293457,-3.722073554992676,-1.3827495601295214,1791553516867444983,
-2.8423142433166504,-3.733027219772339,-1.3315448777751684,1791553516917470630,
-2.8393893241882324,-3.7434744834899902,-1.283834974722388,1791553516966385784,
-2.8363845348358154,-3.754211187362671,-1.2352456467414283,1791553517015568072,
-2.832486867904663,-3.765101194381714,-1.184555264922018,1791553517065549165,
-2.827375888824463,-3.777622938156128,-1.1245019161833787,1791553517125877855,
-2.8244094848632812,-3.7837157249450684,-1.0936779055984125,1791553517155800231,
-2.8189749717712402,-3.79434871673584,-1.042740705472096,1791553517206395365,
-2.8116745948791504,-3.8068575859069824,-0.9806975470245721,1791553517267440872,
-2.805189371109009,-3.8163163661956787,-0.932281421356324,1791553517316320719,
-2.798130512237549,-3.8256630897521973,-0.8827693760687858,1791553517366392627,
-2.7906594276428223,-3.834507703781128,-0.8328731777510963,1791553517416426057,
-2.7831883430480957,-3.8425629138946533,-0.7802006613533773,1791553517467472348,
-2.7767393589019775,-3.848689079284668,-0.7393989528636774,1791553517506872499,
-2.7642674446105957,-3.8594634532928467,-0.6721036072937828,1791553517575635120,
-2.754783868789673,-3.866978883743286,-0.6214905013200406,1791553517627353340,
-2.7464280128479004,-3.8728795051574707,-0.5809889321241587,1791553517668458372,
-2.7364449501037598,-3.879206418991089,-0.5317874654765788,1791553517716424300,
-2.725963592529297,-3.8851981163024902,-0.47961151722433343,1791553517767386693,
-2.715123414993286,-3.89080810546875,-0.42878244815407185,1791553517817429773,
-2.7045140266418457,-3.895522117614746,-0.38015153056890305,1791553517867480059,
-2.697354555130005,-3.898264169692993,-0.34773123847509124,1791553517907286382,
-2.690208673477173,-3.900951385498047,-0.3151289685200976,1791553517955824507,
-2.6830270290374756,-3.9032576084136963,-0.28470139387534776,1791553518006325062,
-2.6709227561950684,-3.9066967964172363,-0.22798008017225924,1791553518067472007,
-2.659090995788574,-3.9092657566070557,-0.17899115682984068,1791553518116359152,
-2.646240711212158,-3.9116134643554688,-0.12664584588138453,1791553518167460903,
-2.63387393951416,-3.9130027294158936,-0.07757562536059895,1791553518216431665,
-2.621060848236084,-3.9138591289520264,-0.027547669058922728,1791553518266503500,
-2.6113216876983643,-3.9141218662261963,0.011043134622291746,1791553518306933721,
-2.5993664264678955,-3.9137394428253174,0.06111754367440593,1791553518355648669,
-2.58274245262146,-3.912501811981201,0.1352045073189514,1791553518427251866,
-2.572772741317749,-3.911062717437744,0.1756354919639977,1791553518467473674,
-2.560429096221924,-3.908778190612793,0.22572263790518027,1791553518517425988,
-2.5485408306121826,-3.9060306549072266,0.27675222087391765,1791553518567459512,
-2.537027359008789,-3.902672052383423,0.323211690000711,1791553518616440814,
-2.5277252197265625,-3.89949107170105,0.3613420452671426,1791553518666578966,
-2.519296646118164,-3.8963582515716553,0.3973857331909701,1791553518726196862,
-2.5157113075256348,-3.8950414657592773,0.4141895363769891,1791553518758045919,
-2.508577585220337,-3.8916916847229004,0.4451640402772622,1791553518806475326,
-2.4966776371002197,-3.8860256671905518,0.49724433363623516,1791553518866638647,
-2.4851527214050293,-3.8796300888061523,0.5458822670949599,1791553518918386916,
-2.4740750789642334,-3.8728344440460205,0.5979227131268918,1791553518965536762,
-2.4628162384033203,-3.8650119304656982,0.6505199405590517,1791553519016531452,
-2.4528024196624756,-3.85736346244812,0.7006094225930827,1791553519067001781,
-2.441204786300659,-3.847019672393799,0.7586482169040843,1791553519127118273,
-2.4353880882263184,-3.841742992401123,0.7895943811208709,1791553519156611567,
-2.4265496730804443,-3.832646369934082,0.8385396829114196,1791553519205553501,
-2.416248321533203,-3.8212521076202393,0.9001615488966832,1791553519266740196,
-2.408259630203247,-3.8108270168304443,0.9501235405030022,1791553519316707216,
-2.400801658630371,-3.8002541065216064,0.998724315823488,1791553519366664921,
-2.3937814235687256,-3.7890684604644775,1.0485881151978211,1791553519416776363,
-2.3876566886901855,-3.7786152362823486,1.0982588240167062,1791553519466658015,
-2.3809380531311035,-3.7647058963775635,1.1581867931914314,1791553519526758399,
-2.3774828910827637,-3.757282018661499,1.1896320719687048,1791553519558154505,
-2.3711328506469727,-3.7406258583068848,1.2579945562484984,1791553519627123775,
-2.368016004562378,-3.7309975624084473,1.2985483302512326,1791553519667052767,
-2.364691972732544,-3.718386173248291,1.3493044088994701,1791553519716744288,
-2.3617162704467773,-3.705901622772217,1.4000915387534603,1791553519766124008,
-2.3597285747528076,-3.693002939224243,1.4492580144669585,1791553519817341611,
-2.358091115951538,-3.6806318759918213,1.4981684800216781,1791553519866366485,
-2.3574841022491455,-3.6694812774658203,1.539403295266475,1791553519906782682,
-2.357095718383789,-3.6564619541168213,1.5900482602499348,1791553519956929533,
-2.357248067855835,-3.6438987255096436,1.6430760167293756,1791553520008552813,
-2.3585898876190186,-3.629584312438965,1.7017544735895482,1791553520068467460,
-2.3604929447174072,-3.6165428161621094,1.75170115789707,1791553520118108313,
-2.362802743911743,-3.6037347316741943,1.802934321511438,1791553520168640765,
-2.3657281398773193,-3.592085838317871,1.8520438598081084,1791553520214899363,
-2.3693184852600098,-3.5799367427825928,1.9023196506245186,1791553520264737728,
-2.3730385303497314,-3.5693559646606445,1.9437502988926159,1791553520307068591,
-2.377688407897949,-3.5574326515197754,1.991903409931275,1791553520356634723,
-2.3828418254852295,-3.5465471744537354,2.0416650042282902,1791553520407084405,
-2.389892101287842,-3.5330467224121094,2.1032819959713294,1791553520467497353,
-2.396573543548584,-3.522005558013916,2.153165084561337,1791553520516786380,
-2.40439772605896,-3.5106873512268066,2.203567919173161,1791553520566598803,
-2.4126763343811035,-3.500175714492798,2.250810072014273,1791553520614651556,
-2.4213614463806152,-3.490095376968384,2.300200889728864,1791553520664465743,
-2.432720184326172,-3.4782216548919678,2.3636136050830827,1791553520727146008,
-2.4385173320770264,-3.4727277755737305,2.3943286000284534,1791553520757311604,
-2.4529037475585938,-3.4605040550231934,2.4624691466770203,1791553520825401279,
-2.462463855743408,-3.4532840251922607,2.5058087701385734,1791553520866614315,
-2.473543882369995,-3.445430040359497,2.556911510255312,1791553520916648104,
-2.485192060470581,-3.4384419918060303,2.6071934979994875,1791553520966539554,
-2.4972317218780518,-3.43148136138916,2.6573180866522867,1791553521017505924,
-2.5089783668518066,-3.4258360862731934,2.703186755349497,1791553521064029495,
-2.519895315170288,-3.4210755825042725,2.745843475879782,1791553521107155035,
-2.538189649581909,-3.414238452911377,2.8179469451688766,1791553521177848744,
-2.5501961708068848,-3.410754442214966,2.863558330183053,1791553521222635348,
-2.5595908164978027,-3.4081528186798096,2.898420592208642,1791553521257512165,
-2.5757126808166504,-3.404956579208374,2.9569480514978936,1791553521316629089,
-2.5894508361816406,-3.4028172492980957,3.0081832344696284,1791553521366636467,
-2.603511333465576,-3.4013633728027344,3.059550276293878,1791553521418483621,
-2.6162519454956055,-3.4007680416107178,3.10509157057629,1791553521462637815,
-2.6345016956329346,-3.400888681411743,-3.1138961330441846,1791553521526983405,
-2.6428325176239014,-3.401373863220215,-3.0845053241710723,1791553521557374687,
-2.656475067138672,-3.402681827545166,-3.0345375644666586,1791553521607472275,
-2.673185348510742,-3.405122756958008,-2.975982446875593,1791553521666542698,
-2.6871674060821533,-3.4080617427825928,-2.925864662438577,1791553521716851164,
-2.700737714767456,-3.4114797115325928,-2.8748259338236153,1791553521766547653,
-2.714586019515991,-3.4157512187957764,-2.8239454630584775,1791553521817491100,
-2.7284226417541504,-3.4203736782073975,-2.772317178975889,1791553521868088182,
-2.7438852787017822,-3.4272031784057617,-2.7148396919924487,1791553521927331914,
-2.7514986991882324,-3.4309394359588623,-2.684341541622117,1791553521956844536,
-2.7640483379364014,-3.437631845474243,-2.63254875737881,1791553522006670368,
-2.778982162475586,-3.44692063331604,-2.572581998300677,1791553522067090182,
-2.791048526763916,-3.4550657272338867,-2.523114265278777,1791553522116505502,
-2.8022677898406982,-3.4638564586639404,-2.473986643043632,1791553522166618231,
-2.812993288040161,-3.4729442596435547,-2.4235268348418275,1791553522216906959,
-2.8237104415893555,-3.4828999042510986,-2.3722398770748594,1791553522267675545,
-2.8318541049957275,-3.491083860397339,-2.333799636149878,1791553522307485471,
-2.845390796661377,-3.506462335586548,-2.2619710785309555,1791553522377070069,
-2.850877285003662,-3.5132205486297607,-2.2327785595259666,1791553522406702011,
-2.8612358570098877,-3.5274481773376465,-2.171627014311002,1791553522466507450,
-2.869232416152954,-3.539605140686035,-2.1221309858728707,1791553522517435474,
-2.876770496368408,-3.552386522293091,-2.071779835662255,1791553522566509685,
-2.883152723312378,-3.5654618740081787,-2.0211688487157824,1791553522617405601,
-2.889261245727539,-3.578881025314331,-1.9700610274054178,1791553522667247826,
-2.895564079284668,-3.5952532291412354,-1.9102578580984182,1791553522727399884,
-2.899939775466919,-3.609203338623047,-1.8615822519875633,1791553522777443778,
-2.902277946472168,-3.6178274154663086,-1.8321776547699329,1791553522806815974,
-2.9060840606689453,-3.634772300720215,-1.7724148970682836,1791553522866680628,
-2.9087769985198975,-3.649651050567627,-1.7217778012671603,1791553522916540787,
-2.9106621742248535,-3.66461181640625,-1.6699950203941158,1791553522966581161,
-2.9116039276123047,-3.679468870162964,-1.6208608556445399,1791553523016573067,
-2.911898374557495,-3.6943225860595703,-1.5700475418125648,1791553523066689219,
-2.9118223190307617,-3.7064154148101807,-1.528120160319983,1791553523108952607,
-2.9104766845703125,-3.721555709838867,-1.4797903829549708,1791553523157045586,
-2.908695936203003,-3.7363388538360596,-1.4300930857535414,1791553523206722788,
-2.9056894779205322,-3.753998041152954,-1.368932194436603,1791553523267877207,
-2.902405261993408,-3.7686614990234375,-1.320539575235224,1791553523316757207,
-2.8981778621673584,-3.7832860946655273,-1.2717393800872354,1791553523367443730,
-2.8930764198303223,-3.7975308895111084,-1.222861675028406,1791553523417497672,
-2.887852668762207,-3.811422348022461,-1.1720053306772806,1791553523466722062,
-2.882922410964966,-3.822580337524414,-1.1290349297635918,1791553523507498718,
-2.8760886192321777,-3.8363232612609863,-1.0794865221680945,1791553523557173933,
-2.8685083389282227,-3.8494296073913574,-1.029747993658159,1791553523607446062,
-2.858513116836548,-3.8645827770233154,-0.9697119028367335,1791553523666531507,
-2.849597930908203,-3.8768255710601807,-0.9214453397927919,1791553523716704212,
-2.8400728702545166,-3.8885884284973145,-0.8723606907413646,1791553523766522013,
-2.8299028873443604,-3.899977445602417,-0.8238561609631573,1791553523817489697,
-2.819323778152466,-3.910654306411743,-0.7731229575135746,1791553523866660288,
-2.80602765083313,-3.9228005409240723,-0.7154618091170611,1791553523927077987,
-2.798861265182495,-3.9285831451416016,-0.6871968097541655,1791553523957131362,
-2.7817800045013428,-3.9416894912719727,-0.6197885941734481,1791553524026720875,
-2.7715632915496826,-3.9486756324768066,-0.5780842609190251,1791553524066532245,
-2.758547067642212,-3.9566874504089355,-0.527379076142646,1791553524117457831,
-2.745014190673828,-3.9641940593719482,-0.47888837189938493,1791553524167461915,
-2.7313170433044434,-3.9707884788513184,-0.42894859160710874,1791553524217496369,
-2.7172811031341553,-3.9767954349517822,-0.38056991640201293,1791553524267489472,
-2.7056500911712646,-3.9812135696411133,-0.3428811150007343,1791553524306588386,
-2.6908156871795654,-3.9862823486328125,-0.2950980841966344,1791553524358016781,
-2.6760213375091553,-3.9901139736175537,-0.24773216723999855,1791553524406690583,
-2.6581544876098633,-3.993936538696289,-0.1887122461532569,1791553524466538649,
-2.642792224884033,-3.996401786804199,-0.1397652451823579,1791553524518409591,
-2.6275410652160645,-3.997917652130127,-0.09326410013286099,1791553524566615563,
-2.612030029296875,-3.9992213249206543,-0.04271479179312989,1791553524616619247,
-2.5965003967285156,-3.999328374862671,0.0056886848139433436,1791553524666533247,
-2.5841991901397705,-3.9989302158355713,0.04391688376341419,1791553524706639705,
-2.568666696548462,-3.9977471828460693,0.09229806631510135,1791553524757672353,
-2.553554058074951,-3.995948314666748,0.13965948888671667,1791553524806679958,
-2.535055637359619,-3.9927902221679688,0.19617162918151204,1791553524866850646,
-2.5199716091156006,-3.989426851272583,0.2423585900243632,1791553524916743824,
-2.505110502243042,-3.9852161407470703,0.2895548642637085,1791553524966898043,
-2.4901187419891357,-3.9802966117858887,0.3373892933084007,1791553525016795876,
-2.4754321575164795,-3.9747939109802246,0.3845805222595495,1791553525066699389,
-2.4636802673339844,-3.969879627227783,0.42270970940088576,1791553525106688064,
-2.4498188495635986,-3.963228940963745,0.4711446866444866,1791553525158003922,
-2.4361181259155273,-3.955615997314453,0.5176082190129049,1791553525207092467,
-2.4199917316436768,-3.945587635040283,0.5728847910486133,1791553525266626710,
-2.4069888591766357,-3.9368903636932373,0.6208484770175542,1791553525318255705,
-2.394770383834839,-3.9274659156799316,0.6676236556408253,1791553525366553135,
-2.3825604915618896,-3.9175143241882324,0.7135322436284287,1791553525417477584,
-2.3705954551696777,-3.9066474437713623,0.75814048813311,1791553525466531822,
-2.3571391105651855,-3.8931775093078613,0.8146036709825463,1791553525529346186,
-2.3470232486724854,-3.8818750381469727,0.8583766304833323,1791553525575614005,
-2.340459108352661,-3.874112844467163,0.8886079417414413,1791553525609371660,
-2.3293535709381104,-3.8590071201324463,0.9435574523021879,1791553525667879951,
-2.320356845855713,-3.845884323120117,0.9899428312923814,1791553525717627031,
-2.3120672702789307,-3.8325388431549072,1.0359828127206618,1791553525767621484,
-2.304600715637207,-3.8188719749450684,1.0803990122048277,1791553525815836879,
-2.2975828647613525,-3.8049488067626953,1.1257561435195558,1791553525864551444,
-2.292069435119629,-3.7927603721618652,1.1646508427733324,1791553525907288165,
-2.285963296890259,-3.7782022953033447,1.2103540935710388,1791553525956693649,
-2.280817985534668,-3.763171911239624,1.255378004955184,1791553526006911892,
-2.2752554416656494,-3.744863510131836,1.3109435121625792,1791553526066786486,
-2.2714431285858154,-3.7293760776519775,1.3571547086421527,1791553526116557709,
-2.2684450149536133,-3.713571071624756,1.4034484263911915,1791553526166618389,
-2.2660653591156006,-3.698369026184082,1.44673355924094,1791553526214532754,
-2.2643861770629883,-3.682729959487915,1.493291558200578,1791553526264651981,
-2.2636868953704834,-3.6690266132354736,1.530174676569387,1791553526306973407,
-2.2634408473968506,-3.652848482131958,1.5758121686212767,1791553526356841518,
-2.263857364654541,-3.6371262073516846,1.6206585546965109,1791553526406721842,
-2.265148639678955,-3.6175875663757324,1.67639667894955,1791553526466782925,
-2.2672574520111084,-3.601344108581543,1.7202031497101278,1791553526516910096,
-2.269728899002075,-3.58581805229187,1.7647316576664378,1791553526566550872,
-2.2732295989990234,-3.5700719356536865,1.8101344379282116,1791553526617559545,
-2.277055501937866,-3.5553667545318604,1.8509803613172962,1791553526663541893,
-2.2831387519836426,-3.5359485149383545,1.9084039273905844,1791553526727322984,
-2.2888975143432617,-3.5207784175872803,1.9538988346713393,1791553526777560848,
-2.294830799102783,-3.506944417953491,1.9942251055241573,1791553526823789672,
-2.300962209701538,-3.4943017959594727,2.0324053949388907,1791553526866560937,
-2.308332920074463,-3.480163097381592,2.0775317867505114,1791553526916588323,
-2.3165884017944336,-3.466083526611328,2.121968764314779,1791553526966599927,
-2.3254528045654297,-3.4520199298858643,2.16594870960333,1791553527018064016,
-2.3343279361724854,-3.4398574829101562,2.206546848109722,1791553527063536721,
-2.346754312515259,-3.4236226081848145,2.264089025389009,1791553527127385795,
-2.3573219776153564,-3.4110958576202393,2.307613218749996,1791553527177774242,
-2.3676323890686035,-3.400398015975952,2.3469514751436438,1791553527223030260,
-2.375822067260742,-3.3922479152679443,2.3773800561896428,1791553527257312601,
-2.390462636947632,-3.379073143005371,2.430405143585611,1791553527316714498,
-2.4028797149658203,-3.368664026260376,2.4744936421959367,1791553527366776555,
-2.4155452251434326,-3.3589344024658203,2.518563482359925,1791553527416657390,
-2.429100751876831,-3.349452495574951,2.561703505231411,1791553527467672532,
-2.4402079582214355,-3.3423268795013428,2.5957441445731164,1791553527506670519,
-2.4542229175567627,-3.3342337608337402,2.639747198437571,1791553527556819384,
-2.4688544273376465,-3.3265116214752197,2.6842912295821773,1791553527606839684,
-2.486891508102417,-3.318370819091797,2.734900787171699,1791553527666709799,
-2.5020389556884766,-3.3121416568756104,2.778925907854973,1791553527716562156,
-2.517301082611084,-3.306694269180298,2.822550551853236,1791553527766635177,
-2.5330920219421387,-3.3017678260803223,2.8659295592839276,1791553527816910057,
-2.549220323562622,-3.2975733280181885,2.908639193089766,1791553527866552027,
-2.5620696544647217,-3.2947463989257812,2.943847942928922,1791553527906718141,
-2.5780997276306152,-3.2916386127471924,2.9874992517440826,1791553527956990478,
-2.5942418575286865,-3.2895660400390625,3.028711800903103,1791553528007214280,
-2.6103079319000244,-3.2878975868225098,3.072989687935673,1791553528056688007,
-2.6298418045043945,-3.2869324684143066,3.1245169625741163,1791553528116612136,
-2.646425724029541,-3.28706955909729,-3.115368129108577,1791553528166660218,
-2.662635564804077,-3.2876245975494385,-3.0729782607049065,1791553528216828408,
-2.678821563720703,-3.289048433303833,-3.0283975581048157,1791553528267547627,
-2.698647975921631,-3.291875123977661,-2.9793069492206805,1791553528327098691,
-2.7083821296691895,-3.2936208248138428,-2.953993339141255,1791553528356567939,
-2.7246739864349365,-3.297015428543091,-2.910507705184559,1791553528406752032,
-2.7438788414001465,-3.3019795417785645,-2.859677100007476,1791553528466581193,
-2.759594678878784,-3.3069143295288086,-2.8168606924396027,1791553528516643883,
-2.7738163471221924,-3.311842203140259,-2.7782445399216433,1791553528562580743,
-2.789032220840454,-3.318150281906128,-2.735820553268367,1791553528612462443,
-2.8037984371185303,-3.3250625133514404,-2.6950662694464596,1791553528661626981,
-2.8185229301452637,-3.3324029445648193,-2.651813545953576,1791553528711541938,
-2.832282781600952,-3.340304136276245,-2.611557021465915,1791553528760463834,
-2.8512213230133057,-3.3519906997680664,-2.5551373169533633,1791553528826924834,
-2.862196207046509,-3.3595311641693115,-2.5186938955716833,1791553528868591037,
-2.8754215240478516,-3.3693628311157227,-2.478509377681525,1791553528916539521,
-2.888500452041626,-3.3801724910736084,-2.4368076787188078,1791553528966510109,
-2.9007861614227295,-3.390979766845703,-2.3947029367686063,1791553529016544316,
-2.9128072261810303,-3.4022889137268066,-2.350954762517816,1791553529067535350,
-2.922067403793335,-3.411958694458008,-2.3176961361220494,1791553529107864105,
-2.933173418045044,-3.42448091506958,-2.277280173170869,1791553529156735889,
-2.947648763656616,-3.4426429271698,-2.2175000815772403,1791553529226650665,
-2.955580472946167,-3.453805446624756,-2.1836541792699604,1791553529267590797,
-2.96480131149292,-3.4676883220672607,-2.1426986244130055,1791553529316578120,
-2.9735257625579834,-3.48205304145813,-2.1007695972729623,1791553529366522207,
-2.981785774230957,-3.4965980052948,-2.058986049024541,1791553529416550309,
-2.989304304122925,-3.5115504264831543,-2.017179980619627,1791553529466559409,
-2.994870185852051,-3.5234625339508057,-1.9839192282601135,1791553529506556729,
-3.00127911567688,-3.538810968399048,-1.9426201638629288,1791553529556942111,
-3.0092034339904785,-3.5604135990142822,-1.885490663019703,1791553529626844500,
-3.013146162033081,-3.5731089115142822,-1.8520480290578687,1791553529666566415,
-3.017399549484253,-3.589036464691162,-1.8121973914373053,1791553529716566019,
-3.0210249423980713,-3.6055028438568115,-1.771286536712584,1791553529766519891,
-3.024113416671753,-3.622114896774292,-1.7292259264473522,1791553529816553207,
-3.0265562534332275,-3.6388397216796875,-1.6874722542669969,1791553529866562172,
-3.0277020931243896,-3.652261257171631,-1.654080100401353,1791553529908924941,
-3.0291919708251953,-3.6687228679656982,-1.61062581262995,1791553529959494566,
-3.029442548751831,-3.6851158142089844,-1.5718703300310979,1791553530007480775,
-3.0292418003082275,-3.7053489685058594,-1.5238628271071812,1791553530066595598,
-3.028371810913086,-3.7219274044036865,-1.4831026696936773,1791553530117507699,
-3.026709794998169,-3.73844051361084,-1.4411062143117608,1791553530166725111,
-3.024268388748169,-3.7549381256103516,-1.4027985168128918,1791553530216719422,
-3.0211567878723145,-3.7712132930755615,-1.3623523231146442,1791553530266671937,
-3.0184149742126465,-3.7842743396759033,-1.3299375110278782,1791553530306810158,
-3.013903856277466,-3.800812005996704,-1.2892533888144042,1791553530357626192,
-3.009091377258301,-3.8166775703430176,-1.249512621151945,1791553530406977936,
-3.0023372173309326,-3.8356714248657227,-1.200636212855114,1791553530467015311,
-2.9961326122283936,-3.851365566253662,-1.1603504024873685,1791553530517910295,
-2.989546060562134,-3.8662121295928955,-1.1219991156213935,1791553530566959601,
-2.9822404384613037,-3.8810198307037354,-1.0809421469335854,1791553530617595584,
-2.974193572998047,-3.895688056945801,-1.0419991886733366,1791553530666973718,
-2.967290163040161,-3.907029628753662,-1.0094266524232378,1791553530706998380,
-2.9583401679992676,-3.920996904373169,-0.9684193708258936,1791553530757715470,
-2.9449429512023926,-3.9398274421691895,-0.9147119868558404,1791553530826984788,
-2.93649959564209,-3.9503839015960693,-0.882934045706312,1791553530866857717,
-2.925940990447998,-3.9631145000457764,-0.8423015909000798,1791553530917833060,
-2.914637565612793,-3.975602626800537,-0.8001257746388726,1791553530968749655,
-2.9030799865722656,-3.9870951175689697,-0.7633888180947227,1791553531016189006,
-2.8911688327789307,-3.9983317852020264,-0.7235818170165962,1791553531065687047,
-2.8803563117980957,-4.007537841796875,-0.6897017709981597,1791553531108137884,
-2.867340564727783,-4.018054485321045,-0.6498005671397212,1791553531158684788,
-2.8539609909057617,-4.027988910675049,-0.6091715951285753,1791553531208788418,
-2.8373279571533203,-4.039196491241455,-0.5624456126833008,1791553531267823477,
-2.822603940963745,-4.0480828285217285,-0.5228526289457955,1791553531317719943,
-2.80812406539917,-4.056092739105225,-0.48337376449104874,1791553531367771210,
-2.793532371520996,-4.0632758140563965,-0.44499056176805124,1791553531415612479,
-2.7787554264068604,-4.0702290534973145,-0.40637165235410866,1791553531464874469,
-2.7656476497650146,-4.075721263885498,-0.3734361046787919,1791553531506650707,
-2.7441916465759277,-4.083735942840576,-0.31825474891848127,1791553531575062758,
-2.727961540222168,-4.088857650756836,-0.2803503941244637,1791553531624841755,
-2.714284896850586,-4.092606067657471,-0.24705989539719467,1791553531666655848,
-2.6982405185699463,-4.096533298492432,-0.20675138899143206,1791553531717788633,
-2.6819732189178467,-4.099482536315918,-0.1677958812735437,1791553531766753784,
-2.6668810844421387,-4.101869583129883,-0.13036682667386382,1791553531813806523,
-2.649582862854004,-4.10394287109375,-0.09143339462799906,1791553531864734958,
-2.635230541229248,-4.105116367340088,-0.05999456625978508,1791553531906924718,
-2.618469476699829,-4.10605001449585,-0.02078932456089738,1791553531957502366,
-2.595905303955078,-4.106213092803955,0.03184902751099956,1791553532023902229,
-2.581223726272583,-4.105471611022949,0.06457828704345689,1791553532066660770,
-2.5642802715301514,-4.104159832000732,0.10485341333280421,1791553532116926547,
-2.54746413230896,-4.102043151855469,0.14302609450659023,1791553532166754689,
-2.530717134475708,-4.099520206451416,0.18330528131016366,1791553532217581701,
-2.515341281890869,-4.096385955810547,0.21880433772247052,1791553532263918060,
-2.501110076904297,-4.09313440322876,0.25078170910869174,1791553532306719933,
-2.484410285949707,-4.088509559631348,0.28889609861834964,1791553532356862704,
-2.468421459197998,-4.083681583404541,0.3295311666826099,1791553532408390060,
-2.449252128601074,-4.0766706466674805,0.37683461081310893,1791553532466944533,
-2.4333646297454834,-4.070070743560791,0.4150360342472846,1791553532517470790,
-2.4180595874786377,-4.0631842613220215,0.4541392369749626,1791553532566849223,
-2.4027764797210693,-4.0555596351623535,0.4939822182310987,1791553532618049650,
-2.3888792991638184,-4.047817707061768,0.5292083232046688,1791553532663844741,
-2.370328426361084,-4.036531448364258,0.5803316338341379,1791553532728143597,
-2.361672878265381,-4.031090259552002,0.6030877740757933,1791553532758287721,
-2.343520164489746,-4.018213272094727,0.6519183778193163,1791553532822952248,
-2.3315348625183105,-4.0088300704956055,0.6860121254527034,1791553532867610064,
-2.318406105041504,-3.9979286193847656,0.7236147289896276,1791553532916580670,
-2.3058249950408936,-3.986269474029541,0.7606591987958892,1791553532966551533,
-2.2936346530914307,-3.974656105041504,0.800147830758174,1791553533016757696,
-2.2813589572906494,-3.9617886543273926,0.8404158440811894,1791553533068735516,
-2.2679965496063232,-3.946582555770874,0.884702975410579,1791553533127507365,
-2.261836290359497,-3.9388904571533203,0.9077571326545238,1791553533157106861,
-2.251574754714966,-3.9250705242156982,0.9475915698680835,1791553533207351317,
-2.2400295734405518,-3.9080045223236084,0.992822327647026,1791553533266628235,
-2.2306270599365234,-3.8935859203338623,1.0320110869273913,1791553533317629050,
-2.2220585346221924,-3.8789358139038086,1.0693769044488104,1791553533367757275,
-2.214125633239746,-3.863507032394409,1.1064565608813175,1791553533417362586,
-2.206528425216675,-3.848180055618286,1.1450233389213678,1791553533467633595,
-2.1981770992279053,-3.829193592071533,1.189787675122703,1791553533526530426,
-2.192260980606079,-3.812962055206299,1.2281316710236776,1791553533576966581,
-2.18649959564209,-3.7968802452087402,1.266733451260699,1791553533627212150,
-2.1823744773864746,-3.7835910320281982,1.2977673355038535,1791553533666647965,
-2.177957534790039,-3.767061471939087,1.3360159352843188,1791553533716718432,
-2.174471139907837,-3.751582384109497,1.371270215599008,1791553533762636471,
-2.1712117195129395,-3.734861373901367,1.4075491960693158,1791553533812624534,
-2.168579578399658,-3.7175869941711426,1.4457184182405,1791553533863821160,
-2.166842222213745,-3.7018136978149414,1.4809639635159058,1791553533910943050,
-2.1651368141174316,-3.6801950931549072,1.5279195894958437,1791553533974299038,
-2.1650588512420654,-3.6629271507263184,1.5669281153100938,1791553534024008754,
-2.1651551723480225,-3.6465842723846436,1.6022405400377453,1791553534071074091,
-2.1659514904022217,-3.628974437713623,1.6394473292735259,1791553534120764812,
-2.1670656204223633,-3.614853858947754,1.6720034775441948,1791553534162759109,
-2.168834924697876,-3.5980019569396973,1.7095202383897607,1791553534211851789,
-2.1716489791870117,-3.579240560531616,1.7497609092362825,1791553534267624967,
-2.175550937652588,-3.5593137741088867,1.7939529917629928,1791553534328293524,
-2.177755117416382,-3.5492141246795654,1.8163283769120477,1791553534357607657,
-2.1821095943450928,-3.532588481903076,1.8525935472546395,1791553534408427437,
-2.1885015964508057,-3.5127193927764893,1.8968328747676546,1791553534467638049,
-2.1941161155700684,-3.496594190597534,1.935413485840948,1791553534516805140,
-2.2003839015960693,-3.4806082248687744,1.9735831111204596,1791553534566685665,
-2.207247734069824,-3.465245008468628,2.0112504285708357,1791553534616633481,
-2.214571475982666,-3.449556589126587,2.048921069638451,1791553534667687545,
-2.221193552017212,-3.4373180866241455,2.0784276190431057,1791553534708206418,
-2.229752540588379,-3.4226157665252686,2.1146392719140907,1791553534757142553,
-2.2389721870422363,-3.407708168029785,2.1526590127466956,1791553534807542479,
-2.2505242824554443,-3.39060115814209,2.1954847651812046,1791553534867710805,
-2.2606680393218994,-3.3768868446350098,2.231499722697847,1791553534916651716,
-2.271514892578125,-3.363355875015259,2.2684975238857863,1791553534967747750,
-2.282731056213379,-3.350224018096924,2.3057312092938584,1791553535016933707,
-2.2944912910461426,-3.337444305419922,2.344639231162901,1791553535067627301,
-2.304173707962036,-3.3275609016418457,2.373486871790676,1791553535108197068,
-2.316895008087158,-3.315798282623291,2.4080062458631173,1791553535156583797,
-2.329641103744507,-3.3044540882110596,2.4467862864199357,1791553535208182760,
-2.34562087059021,-3.2913825511932373,2.4914207472849927,1791553535267682255,
-2.3595211505889893,-3.2812697887420654,2.5268106321255774,1791553535316515465,
-2.373439311981201,-3.2715578079223633,2.563597853677796,1791553535366744080,
-2.3882787227630615,-3.2623977661132812,2.6011625332760553,1791553535417862156,
-2.403244972229004,-3.2537682056427,2.638247586857564,1791553535467595503,
-2.41530704498291,-3.2472846508026123,2.6669682914272546,1791553535507273929,
-2.430992603302002,-3.23930287361145,2.7046635905104437,1791553535557892910,
-2.4468438625335693,-3.232218027114868,2.7403788706827235,1791553535606921360,
-2.466078519821167,-3.2242109775543213,2.7851555513978803,1791553535667656005,
-2.4822568893432617,-3.2184057235717773,2.8202827417628002,1791553535717546871,
-2.498535394668579,-3.213150978088379,2.8565268196663554,1791553535767632584,
-2.515139102935791,-3.2083802223205566,2.891199588215913,1791553535816772889,
-2.532255172729492,-3.2042124271392822,2.926995027945685,1791553535867774737,
-2.5456180572509766,-3.2013978958129883,2.9557154061545736,1791553535906775583,
-2.562695264816284,-3.1982743740081787,2.992575901230343,1791553535957886789,
-2.586716651916504,-3.1952033042907715,3.040387129124935,1791553536026743752,
-2.6003551483154297,-3.193753480911255,3.069565523115947,1791553536067682089,
-2.6178975105285645,-3.1926119327545166,3.106981276262343,1791553536118333666,
-2.6353683471679688,-3.1921780109405518,3.141527891149937,1791553536166612807,
-2.6525702476501465,-3.192307949066162,-3.1058196946879164,1791553536217160010,
-2.6700046062469482,-3.1930034160614014,-3.070586694493399,1791553536267229643,
-2.683929443359375,-3.1941821575164795,-3.043243644461763,1791553536306925188,
-2.700937271118164,-3.196049690246582,-3.0054492929574876,1791553536357848458,
-2.7245993614196777,-3.1995880603790283,-2.957407032983303,1791553536426795495,
-2.738542318344116,-3.2022876739501953,-2.929410474398754,1791553536467109440,
-2.7555785179138184,-3.20599102973938,-2.894091152241512,1791553536519027809,
-2.7725462913513184,-3.2103216648101807,-2.858963715903435,1791553536569832423,
-2.7884976863861084,-3.215139150619507,-2.8253919713739597,1791553536616338416,
-2.804600238800049,-3.220369815826416,-2.790146840356633,1791553536666106574,
-2.8188998699188232,-3.2257487773895264,-2.7600016061701265,1791553536708054074,
-2.8347935676574707,-3.232102155685425,-2.7242585753087396,1791553536759107359,
-2.856191873550415,-3.2422568798065186,-2.6779440988120924,1791553536825872995,
-2.868961811065674,-3.248758316040039,-2.648945067077386,1791553536867651043,
-2.8841068744659424,-3.2570762634277344,-2.614268746282026,1791553536917276824,
-2.8991951942443848,-3.2659754753112793,-2.5782361286103685,1791553536967705709,
-2.913348913192749,-3.275291681289673,-2.544895140083161,1791553537015626520,
-2.927370548248291,-3.2850492000579834,-2.5097380224595063,1791553537065853139,
-2.9390869140625,-3.293548822402954,-2.479907463093723,1791553537107898886,
-2.9572556018829346,-3.3083431720733643,-2.4334588653973226,1791553537175478208,
-2.965890884399414,-3.315852642059326,-2.410066410945031,1791553537207909118,
-2.981174945831299,-3.3301801681518555,-2.36763492457225,1791553537268147946,
-2.9936163425445557,-3.3426380157470703,-2.3324692512562075,1791553537318046537,
-3.005530595779419,-3.3552334308624268,-2.298642662001691,1791553537366733289,
-3.0162668228149414,-3.3676815032958984,-2.2664980903170915,1791553537414636315,
-3.0272581577301025,-3.381058692932129,-2.2303162287994858,1791553537464692779,
-3.0403857231140137,-3.39851450920105,-2.1874315518108887,1791553537527526945,
-3.0463688373565674,-3.407327651977539,-2.1664932976437634,1791553537557661226,
-3.059239625930786,-3.4267983436584473,-2.1192592414973044,1791553537625180105,
-3.0667502880096436,-3.4396300315856934,-2.090734436968545,1791553537667759914,
-3.0753743648529053,-3.454751491546631,-2.055785220123017,1791553537717854904,
-3.083251714706421,-3.4703876972198486,-2.021253078634157,1791553537766691557,
-3.0905230045318604,-3.4865126609802246,-1.9852442370731302,1791553537818639766,
-3.0967745780944824,-3.501461982727051,-1.953764998636461,1791553537863647385,
-3.102447748184204,-3.5156400203704834,-1.923926256768918,1791553537907963253,
-3.1080429553985596,-3.53188419342041,-1.8903820541592655,1791553537956915052,
-3.113363742828369,-3.5482451915740967,-1.8553054307646533,1791553538007573087,
-3.118986129760742,-3.5684566497802734,-1.814763729111544,1791553538067684077,
-3.1228926181793213,-3.5855906009674072,-1.780532286211541,1791553538117566748,
-3.126382350921631,-3.602672815322876,-1.744535897039589,1791553538167667352,
-3.1292972564697266,-3.6201119422912598,-1.709883666477687,1791553538217641944,
-3.1312313079833984,-3.636029005050659,-1.678623584537693,1791553538263676728,
-3.1328141689300537,-3.651331663131714,-1.6476175283268735,1791553538307958488,
-3.133866786956787,-3.668708324432373,-1.6138782317108504,1791553538356898916,
-3.134364128112793,-3.6861867904663086,-1.5792499199744992,1791553538407611624,
-3.134247064590454,-3.7072274684906006,-1.5386607492124147,1791553538467672314,
-3.1334667205810547,-3.7246220111846924,-1.5052252540555544,1791553538518056187,
-3.1321282386779785,-3.741849184036255,-1.4717378905642131,1791553538567609648,
-3.1300830841064453,-3.759314775466919,-1.4378034390098466,1791553538617648143,
-3.127676486968994,-3.7769057750701904,-1.4037939571402087,1791553538668654092,
-3.1250388622283936,-3.7905993461608887,-1.3748898516821115,1791553538707990002,
-3.121413469314575,-3.80798602104187,-1.3397468968856343,1791553538756989836,
-3.1170156002044678,-3.825024366378784,-1.3063932959004037,1791553538806622463,
-3.1114156246185303,-3.8452541828155518,-1.2640847453571218,1791553538868040218,
-3.1059181690216064,-3.8618268966674805,-1.2319367079853243,1791553538916688594,
-3.0998222827911377,-3.878394365310669,-1.1984951542182392,1791553538966677805,
-3.0933966636657715,-3.8946373462677,-1.1633880796716838,1791553539017650265,
-3.086193084716797,-3.910649538040161,-1.1296655238260174,1791553539067658701,
-3.0801713466644287,-3.923121929168701,-1.1031961791872449,1791553539108146345,
-3.071986198425293,-3.9386212825775146,-1.0693609967487678,1791553539157987412,
-3.0597078800201416,-3.9598422050476074,-1.0212819863047495,1791553539228124520,
-3.052318811416626,-3.97194766998291,-0.9928486892450389,1791553539267825788,
-3.042511224746704,-3.986668586730957,-0.960496249114024,1791553539317665787,
-3.0324392318725586,-4.0008745193481445,-0.9276462289378931,1791553539367615600,
-3.021559476852417,-4.0149455070495605,-0.8930055856423422,1791553539416665020,
-3.0103988647460938,-4.028485298156738,-0.8586946612488162,1791553539468735363,
-3.0012078285217285,-4.038745403289795,-0.8322946706363297,1791553539507964375,
-2.9892985820770264,-4.051753997802734,-0.7972097217729099,1791553539558003851,
-2.9768447875976562,-4.064145088195801,-0.7647681587423634,1791553539607775015,
-2.9613866806030273,-4.078391075134277,-0.7247939715562636,1791553539669149475,
-2.948228120803833,-4.089697360992432,-0.6918681403581722,1791553539717655454,
-2.9344019889831543,-4.100748538970947,-0.6579945297914748,1791553539767633437,
-2.920227527618408,-4.111412048339844,-0.6234438894520961,1791553539817655668,
-2.905348777770996,-4.121765613555908,-0.5903125646297716,1791553539867665359,
-2.893625020980835,-4.129486560821533,-0.5638852761722267,1791553539908927196,
-2.8789145946502686,-4.138674259185791,-0.5300064119858628,1791553539958047090,
-2.8635661602020264,-4.147266387939453,-0.49669699812665796,1791553540007907872,
-2.8450324535369873,-4.157104015350342,-0.45475181994280545,1791553540068688709,
-2.8290293216705322,-4.164430618286133,-0.4229778178011836,1791553540118044588,
-2.8129632472991943,-4.171267509460449,-0.3912797988977078,1791553540167793822,
-2.796704053878784,-4.177743911743164,-0.35877796655141636,1791553540217676785,
-2.780165910720825,-4.183753967285156,-0.3259933505820282,1791553540267832523,
-2.7665672302246094,-4.188244342803955,-0.3001059031391383,1791553540308101337,
-2.74977445602417,-4.19318962097168,-0.2663073162097107,1791553540358046909,
-2.732753276824951,-4.197771072387695,-0.2315559003944789,1791553540407687780,
-2.7119781970977783,-4.202173233032227,-0.19174072895005245,1791553540467784589,
-2.694617509841919,-4.205426216125488,-0.15820043223618366,1791553540517635371,
-2.6770975589752197,-4.207729816436768,-0.12850989228333368,1791553540568124844,
-2.6596121788024902,-4.209831714630127,-0.0939458580627342,1791553540617672145,
-2.6422340869903564,-4.211184978485107,-0.06088250497863067,1791553540667731200,
-2.6281228065490723,-4.211686134338379,-0.03466975004449958,1791553540708265384,
-2.603447914123535,-4.212106227874756,0.012041309048480695,1791553540777560804,
-2.5858993530273438,-4.211551666259766,0.044021950364226084,1791553540828245706,
-2.5718955993652344,-4.210750579833984,0.07101543185400787,1791553540867700734,
-2.554335594177246,-4.209305763244629,0.10392989745007136,1791553540918762652,
-2.536635160446167,-4.20697021484375,0.13630302826495938,1791553540967688879,
-2.5190606117248535,-4.204433917999268,0.16896803419095516,1791553541017670925,
-2.502028226852417,-4.201246738433838,0.19958187595055174,1791553541067682644,
-2.4883813858032227,-4.198353290557861,0.2251267142846399,1791553541107673942,
-2.471245527267456,-4.194211006164551,0.2573607185264058,1791553541158051728,
-2.4544005393981934,-4.189443588256836,0.2882018972491262,1791553541207899626,
-2.434161424636841,-4.183034420013428,0.32666662296943266,1791553541267710891,
-2.4173641204833984,-4.177070140838623,0.35978572027036837,1791553541318599827,
-2.401197910308838,-4.170565128326416,0.39058131873977786,1791553541367689147,
-2.384810447692871,-4.1634979248046875,0.42323556477518415,1791553541417673725,
-2.368809700012207,-4.1560378074646,0.45497748992129405,1791553541467675479,
-2.3560779094696045,-4.149536609649658,0.4805848918057242,1791553541507940738,
-2.3405869007110596,-4.141273021697998,0.51291480839008,1791553541557948364,
-2.325422763824463,-4.132348537445068,0.5433677656253655,1791553541607961109,
-2.3075921535491943,-4.121118545532227,0.5811864891926287,1791553541667827439,
-2.2930781841278076,-4.111286640167236,0.6128611431506804,1791553541717858734,
-2.2784225940704346,-4.100500583648682,0.6450682123239583,1791553541767804870,
-2.2647857666015625,-4.089958667755127,0.6765840331130206,1791553541817776746,
-2.251171350479126,-4.0786285400390625,0.7083858022495292,1791553541867775393,
-2.240663528442383,-4.069222450256348,0.7329267206150416,1791553541908175913,
-2.2279019355773926,-4.057490825653076,0.765439629368436,1791553541958082025,
-2.210369348526001,-4.039991855621338,0.8091437053863092,1791553542026937109,
-2.2004642486572266,-4.0292181968688965,0.8349580846958993,1791553542069165933,
-2.1886768341064453,-4.015758991241455,0.8672182961317719,1791553542119217430,
-2.17755389213562,-4.002063274383545,0.8986894425497627,1791553542169907606,
-2.1671624183654785,-3.9886538982391357,0.9291159762368779,1791553542216527992,
-2.1570053100585938,-3.974586248397827,0.9588638085414656,1791553542265829652,
-2.1484215259552,-3.9619557857513428,0.9859068039886184,1791553542309001874,
-2.1389429569244385,-3.9470086097717285,1.0174452888892158,1791553542357539358,
-2.126667022705078,-3.92612886428833,1.0604906664587161,1791553542426000362,
-2.119558811187744,-3.9129693508148193,1.0870258610967156,1791553542467704739,
-2.1115236282348633,-3.8972561359405518,1.1186975075527172,1791553542518229615,
-2.104146957397461,-3.881019115447998,1.149250156220407,1791553542567752196,
-2.0974106788635254,-3.8657171726226807,1.180325847156347,1791553542615764471,
-2.090879201889038,-3.8491859436035156,1.212059149118535,1791553542665935239,
-2.0837771892547607,-3.828526258468628,1.2503709143096655,1791553542728056904,
-2.080535411834717,-3.8183205127716064,1.2691967950374672,1791553542758227769,
-2.0740768909454346,-3.795245885848999,1.3100229681089333,1791553542825360436,
-2.070158004760742,-3.7804484367370605,1.338075425954428,1791553542867913820,
-2.066241502761841,-3.762784242630005,1.3689757572837322,1791553542917717923,
-2.0630106925964355,-3.7451419830322266,1.4003648088153657,1791553542967723037,
-2.0602433681488037,-3.728679656982422,1.4307935748243554,1791553543014693017,
-2.058133363723755,-3.7110462188720703,1.4612007512516263,1791553543064702994,
-2.0561273097991943,-3.6889073848724365,1.5008660212931664,1791553543127546015,
-2.0554676055908203,-3.678325653076172,1.519849571190711,1791553543157736954,
-2.0548815727233887,-3.6602890491485596,1.5503443081141546,1791553543207528762,
-2.0548183917999268,-3.6391475200653076,1.5878163502049576,1791553543268112630,
-2.0555806159973145,-3.6214077472686768,1.6180563578469047,1791553543317757521,
-2.056610345840454,-3.6037395000457764,1.648221805933766,1791553543367717914,
-2.0582642555236816,-3.585880756378174,1.6807661418816806,1791553543417698232,
-2.060372829437256,-3.569777727127075,1.7081727658294432,1791553543463715534,
-2.0627546310424805,-3.5543041229248047,1.7363258641308978,1791553543507812050,
-2.0657830238342285,-3.5368025302886963,1.7686021090696273,1791553543557855092,
-2.0696654319763184,-3.5193028450012207,1.7989479228842886,1791553543607682072,
-2.07499361038208,-3.4986939430236816,1.835789963790378,1791553543667805239,
-2.079953193664551,-3.481506824493408,1.86583179169878,1791553543717709402,
-2.085519552230835,-3.464628219604492,1.8969541929954532,1791553543767729953,
-2.091383695602417,-3.447951316833496,1.9275887214273464,1791553543817699929,
-2.097991943359375,-3.4310073852539062,1.9600342439849696,1791553543869740908,
-2.103498697280884,-3.4182517528533936,1.9835302298872313,1791553543907811150,
-2.110854148864746,-3.4020192623138428,2.0147567436754166,1791553543958362579,
-2.1221487522125244,-3.3796355724334717,2.05789271285822,1791553544028599939,
-2.1289689540863037,-3.367248773574829,2.0819392793128038,1791553544067729614,
-2.138122320175171,-3.351867437362671,2.1119864332222273,1791553544117770736,
-2.147407054901123,-3.337067127227783,2.142307505032967,1791553544167732847,
-2.157221555709839,-3.322380542755127,2.1727796768320067,1791553544217969703,
-2.1676113605499268,-3.3078129291534424,2.203005851314549,1791553544268694400,
-2.1760928630828857,-3.296468734741211,2.2278996543308014,1791553544308233812,
-2.1873180866241455,-3.2826290130615234,2.258441769425654,1791553544358240717,
-2.198777675628662,-3.2691876888275146,2.289228490542033,1791553544407928204,
-2.2133595943450928,-3.253309726715088,2.3258759575114705,1791553544467743747,
-2.2258872985839844,-3.2406132221221924,2.3557869648443828,1791553544517638912,
-2.238729238510132,-3.2281038761138916,2.3867429392361976,1791553544567743867,
-2.2520694732666016,-3.216273307800293,2.4171395878840616,1791553544617709266,
-2.26556658744812,-3.204817295074463,2.448145830307344,1791553544667713837,
-2.276594400405884,-3.195891857147217,2.472277293122177,1791553544707943322,
-2.2908787727355957,-3.1852173805236816,2.501313604957008,1791553544758151788,
-2.305128574371338,-3.1750783920288086,2.5313410263072855,1791553544808076439,
-2.3228628635406494,-3.1633028984069824,2.5670643568678924,1791553544868006787,
-2.3382322788238525,-3.1537914276123047,2.596472667988842,1791553544917864501,
-2.3538689613342285,-3.144740104675293,2.627314979481005,1791553544967676660,
-2.3696916103363037,-3.1360087394714355,2.658075655593719,1791553545018729287,
-2.385592460632324,-3.1281535625457764,2.68712730917375,1791553545067721521,
-2.3983054161071777,-3.121920347213745,2.71265200735766,1791553545108896359,
-2.414778470993042,-3.115061044692993,2.7424659968196696,1791553545158264663,
-2.431368350982666,-3.108482599258423,2.7734090914316036,1791553545207994991,
-2.451604127883911,-3.1009669303894043,2.809677609282645,1791553545268738315,
-2.468583583831787,-3.095707416534424,2.839409347795955,1791553545317615490,
-2.485488176345825,-3.090641498565674,2.868528870891348,1791553545367859330,
-2.5030856132507324,-3.086125612258911,2.897278051030611,1791553545417715830,
-2.52023983001709,-3.082139492034912,2.927234674045744,1791553545467725915,
-2.534536123275757,-3.079249143600464,2.952724200374851,1791553545508938568,
-2.552081346511841,-3.0763792991638184,2.982744259070537,1791553545557703687,
-2.5697453022003174,-3.0736758708953857,3.013253432069452,1791553545607969186,
-2.5913665294647217,-3.071502685546875,3.0487246456785444,1791553545668745609,
-2.608860969543457,-3.0702500343322754,3.077947143636507,1791553545717766466,
-2.626842975616455,-3.0695526599884033,3.10712289693443,1791553545767682073,
-2.6447043418884277,-3.0693283081054688,3.136514186513399,1791553545817724175,
-2.6628258228302,-3.069633722305298,-3.116465808327342,1791553545867714757,
-2.6769046783447266,-3.0703577995300293,-3.0940797302270533,1791553545907952684,
-2.694650888442993,-3.0716280937194824,-3.065528630705732,1791553545958013440,
-2.712719202041626,-3.0732991695404053,-3.0339071587945394,1791553546008197078,
-2.7338550090789795,-3.076143503189087,-2.998937358969251,1791553546067893705,
-2.7515368461608887,-3.0790445804595947,-2.96914840529082,1791553546117622524,
-2.7693068981170654,-3.082587718963623,-2.939557569452533,1791553546168867828,
-2.7866971492767334,-3.0864474773406982,-2.910507210280915,1791553546217745929,
-2.8039841651916504,-3.090961217880249,-2.882131348410349,1791553546267787120,
-2.8177738189697266,-3.0950417518615723,-2.8591477600002,1791553546307807461,
-2.8347959518432617,-3.100271463394165,-2.828555764110092,1791553546360469960,
-2.8514254093170166,-3.106081485748291,-2.800311335578623,1791553546407528194,
-2.87156343460083,-3.1139943599700928,-2.765486189896571,1791553546468044538,
-2.8883216381073,-3.120826005935669,-2.735814361797211,1791553546519637944,
-2.9045724868774414,-3.1284306049346924,-2.7087974520564937,1791553546567776628,
-2.9205431938171387,-3.1362123489379883,-2.678440348669469,1791553546617931555,
-2.936302423477173,-3.144482135772705,-2.6484113732492376,1791553546667768560,
-2.955017328262329,-3.1550676822662354,-2.613605455545342,1791553546727644886,
-2.9644052982330322,-3.1605639457702637,-2.595822332205514,1791553546759105779,
-2.9851486682891846,-3.174177885055542,-2.5566715824825703,1791553546827684899,
-2.9969966411590576,-3.182208299636841,-2.5337397056569495,1791553546867769826,
-3.011418581008911,-3.192896842956543,-2.506151120851393,1791553546918680150,
-3.0256006717681885,-3.2041101455688477,-2.4773174904689945,1791553546967768235,
-3.039466142654419,-3.2152745723724365,-2.4483966439507023,1791553547017733300,
-3.0527656078338623,-3.2271695137023926,-2.4210337070864973,1791553547068033050,
-3.063420057296753,-3.236510992050171,-2.3974666588394737,1791553547107948059,
-3.076509714126587,-3.2489237785339355,-2.368920767700461,1791553547158615788,
-3.089317798614502,-3.2618212699890137,-2.341916099862708,1791553547207784831,
-3.1039841175079346,-3.277531147003174,-2.3068586677832235,1791553547267769030,
-3.115626811981201,-3.291072368621826,-2.2780054717116656,1791553547318734095,
-3.1268317699432373,-3.3047447204589844,-2.249525746005682,1791553547367747411,
-3.137903928756714,-3.3192219734191895,-2.221500377063563,1791553547417735123,
-3.148306131362915,-3.333578109741211,-2.194126511304804,1791553547467713624,
-3.156163454055786,-3.3452489376068115,-2.1709334253815378,1791553547508119647,
-3.1663026809692383,-3.360548496246338,-2.141518545064675,1791553547560417369,
-3.1788134574890137,-3.3814356327056885,-2.103232366448442,1791553547626507145,
-3.186105251312256,-3.394627571105957,-2.0797662864022066,1791553547668760668,
-3.1943719387054443,-3.4104666709899902,-2.050946128760507,1791553547719242020,
-3.2023160457611084,-3.4268200397491455,-2.0221818444144355,1791553547770092566,
-3.2093212604522705,-3.442422389984131,-1.9957170238348858,1791553547817432901,
-3.2165238857269287,-3.4592947959899902,-1.967917742142667,1791553547867137459,
-3.221790313720703,-3.4728634357452393,-1.9453474777019997,1791553547908203940,
-3.228018045425415,-3.489774227142334,-1.9170239793214776,1791553547957539885,
-3.23374342918396,-3.506885290145874,-1.8883268763436887,1791553548008775367,
-3.2400925159454346,-3.5276834964752197,-1.8539388399647199,1791553548067983516,
-3.2447619438171387,-3.545105218887329,-1.8237091892982382,1791553548118061817,
-3.2491066455841064,-3.5625386238098145,-1.7944925324963397,1791553548168861284,
-3.2525198459625244,-3.5796127319335938,-1.7683796199657418,1791553548215835709,
-3.255721092224121,-3.597475290298462,-1.740554311714027,1791553548265758116,
-3.258000135421753,-3.6126983165740967,-1.7181178141639541,1791553548307808841,
-3.2601747512817383,-3.6304736137390137,-1.6905458358198047,1791553548358432504,
-3.261974573135376,-3.6481432914733887,-1.661750574175338,1791553548408293790,
-3.263260841369629,-3.6697263717651367,-1.6271068518673772,1791553548467772290,
-3.2641074657440186,-3.6878271102905273,-1.5995673826569947,1791553548517832768,
-3.2642879486083984,-3.706050157546997,-1.5713245152262647,1791553548567742247,
-3.264136552810669,-3.724226236343384,-1.5413092791569662,1791553548619815253,
-3.263206958770752,-3.7411999702453613,-1.5159273100477983,1791553548664761835,
-3.262016534805298,-3.7568883895874023,-1.4908119454231936,1791553548709138796,
-3.260180711746216,-3.7746925354003906,-1.462760939791176,1791553548758339199,
-3.257702112197876,-3.792578935623169,-1.434387802120317,1791553548807885258,
-3.2542951107025146,-3.813896417617798,-1.3999638603830977,1791553548867850305,
-3.250782012939453,-3.8317837715148926,-1.3710843954650456,1791553548917742169,
-3.2466988563537598,-3.8493006229400635,-1.3431785717089926,1791553548968084842,
-3.2424423694610596,-3.866770029067993,-1.3145234540398147,1791553549018757260,
-3.2377490997314453,-3.8829050064086914,-1.2895449616980093,1791553549063792879,
-3.233138084411621,-3.897972822189331,-1.2649594183665003,1791553549108382681,
-3.227173328399658,-3.9154844284057617,-1.2363060716089564,1791553549158380045,
-3.218803882598877,-3.9374637603759766,-1.1987659397217083,1791553549223867936,
-3.212804079055786,-3.9522368907928467,-1.1733958855487931,1791553549268099227,
-3.2052571773529053,-3.968743324279785,-1.1468498533394922,1791553549317730639,
-3.197641134262085,-3.984966993331909,-1.118495437683385,1791553549367865939,
-3.1894547939300537,-4.000899314880371,-1.0904976168857645,1791553549417748815,
-3.1808204650878906,-4.016656875610352,-1.0624504119806915,1791553549468797697,
-3.173316717147827,-4.029440879821777,-1.0405845492752177,1791553549508123757,
-3.163844108581543,-4.044706344604492,-1.0136989430388044,1791553549558461921,
-3.153991937637329,-4.059995651245117,-0.985065401938101,1791553549608165348,
-3.141716480255127,-4.077632427215576,-0.9516698670824356,1791553549667783189,
-3.1309938430786133,-4.092036724090576,-0.9228072074214462,1791553549717797503,
-3.1195271015167236,-4.106433868408203,-0.8947887625504232,1791553549767725649,
-3.1077964305877686,-4.120283126831055,-0.8670453363412045,1791553549817772805,
-3.0957930088043213,-4.133684158325195,-0.8390824903504804,1791553549867760410,
-3.0859525203704834,-4.144139766693115,-0.8172743312263308,1791553549908128397,
-3.0732638835906982,-4.156696796417236,-0.7902794450028928,1791553549957944852,
-3.0603809356689453,-4.1690239906311035,-0.7621900816712337,1791553550007983549,
-3.0441317558288574,-4.183403491973877,-0.7296636165148233,1791553550068162334,
-3.0302255153656006,-4.195262432098389,-0.700474775305446,1791553550117776943,
-3.0163044929504395,-4.2063398361206055,-0.673083938247655,1791553550167796151,
-3.0020699501037598,-4.217194080352783,-0.6454716309210373,1791553550217796069,
-2.9869184494018555,-4.227981090545654,-0.6172866063313507,1791553550267771454,
-2.9749863147735596,-4.235883712768555,-0.5954710817382112,1791553550307907254,
-2.959743022918701,-4.245601654052734,-0.5656965014172826,1791553550357653197,
-2.9378974437713623,-4.25863790512085,-0.5269689616807729,1791553550429177607,
-2.9252195358276367,-4.265451908111572,-0.5058472493806403,1791553550467850762,
-2.909482479095459,-4.273644924163818,-0.47958682121142565,1791553550517872503,
-2.893361806869507,-4.281460285186768,-0.4528617503191674,1791553550567797338,
-2.876742124557495,-4.2890472412109375,-0.425612808841269,1791553550617782208,
-2.8600592613220215,-4.29610013961792,-0.3984510957737911,1791553550668051168,
-2.846428394317627,-4.301416873931885,-0.3750236867565887,1791553550710198847,
-2.829702138900757,-4.307521820068359,-0.34805553860886274,1791553550757553979,
-2.80554461479187,-4.315436840057373,-0.30995411061363426,1791553550828036385,
-2.7949650287628174,-4.318548679351807,-0.2934735587702152,1791553550857805747,
-2.7739908695220947,-4.324143886566162,-0.26082863879905355,1791553550917675611,
-2.7564494609832764,-4.3283514976501465,-0.23323985944725462,1791553550967814451,
-2.7388973236083984,-4.332080841064453,-0.2059311498459676,1791553551017774059,
-2.7209813594818115,-4.335297107696533,-0.17843707013005197,1791553551068784213,
-2.7067785263061523,-4.337790012359619,-0.1568264673125904,1791553551108882051,
-2.688575506210327,-4.339985370635986,-0.13118399182320264,1791553551157518024,
-2.6706628799438477,-4.341792106628418,-0.10379103158383159,1791553551208470132,
-2.648768186569214,-4.343642711639404,-0.07082684985480207,1791553551268982069,
-2.630676031112671,-4.34437370300293,-0.04375060714733221,1791553551317663475,
-2.6124091148376465,-4.344717025756836,-0.017873263768743014,1791553551367737007,
-2.5942347049713135,-4.344517230987549,0.008969195988666386,1791553551417777635,
-2.576047658920288,-4.344016075134277,0.03675144241957643,1791553551468787858,
-2.561540126800537,-4.343035697937012,0.05705437323208137,1791553551507896633,
-2.5434696674346924,-4.341516494750977,0.0831975070745363,1791553551557771554,
-2.5253255367279053,-4.339640140533447,0.11013160240447303,1791553551607630357,
-2.5037307739257812,-4.336394786834717,0.1409799020472147,1791553551667940684,
-2.4859554767608643,-4.333608627319336,0.16865035445264207,1791553551717692262,
-2.4679460525512695,-4.329980373382568,0.19555746891413994,1791553551768256390,
-2.4505817890167236,-4.326081275939941,0.22266702331785346,1791553551817784786,
-2.432722568511963,-4.321750640869141,0.25013905288959815,1791553551867792885,
-2.418872117996216,-4.3177809715271,0.27019949645457747,1791553551907944244,
-2.4015495777130127,-4.312777996063232,0.29803512831721923,1791553551959624687,
-2.3770055770874023,-4.304044246673584,0.3322547181369645,1791553552028125002,
-2.363409996032715,-4.299097537994385,0.3545351196563014,1791553552067810753,
-2.3465702533721924,-4.292402744293213,0.38180535040688346,1791553552118866205,
-2.330284357070923,-4.2851738929748535,0.40842622232897313,1791553552167820891,
-2.313601493835449,-4.277518272399902,0.43379672103502814,1791553552217798255,
-2.29740309715271,-4.269253253936768,0.4586411903973615,1791553552267960320,
-2.284334182739258,-4.26266622543335,0.4804215955929213,1791553552309384739,
-2.268066167831421,-4.253632068634033,0.50683883471299,1791553552359175952,
-2.2463066577911377,-4.240516662597656,0.5412993020511329,1791553552428235630,
-2.2341346740722656,-4.232851505279541,0.5616776855497225,1791553552467850479,
-2.219203472137451,-4.222725868225098,0.588218122065106,1791553552519070176,
-2.2044155597686768,-4.2124528884887695,0.6140451657051775,1791553552567913821,
-2.189774513244629,-4.201422691345215,0.639442260757801,1791553552617810669,
-2.1753880977630615,-4.190156936645508,0.6649954240013766,1791553552667833098,
-2.164073944091797,-4.180678844451904,0.6845889046802349,1791553552707705237,
-2.150348424911499,-4.169079303741455,0.710700114626782,1791553552758875170,
-2.1368775367736816,-4.15688419342041,0.7363505680275377,1791553552807585783,
-2.1210641860961914,-4.141532897949219,0.7675296898216181,1791553552867817780,
-2.1081244945526123,-4.128526210784912,0.7945138217617983,1791553552918684614,
-2.0957515239715576,-4.115015506744385,0.8197747938663088,1791553552967933233,
-2.0840446949005127,-4.101541519165039,0.8448903074334877,1791553553017805744,
-2.0723822116851807,-4.087893962860107,0.8709159430555872,1791553553067221843,
-2.058251142501831,-4.069918632507324,0.90177017306255,1791553553129575569,
-2.0516538619995117,-4.061267852783203,0.9181634011977343,1791553553159771131,
-2.037391185760498,-4.041210651397705,0.9523704578904251,1791553553226889317,
-2.0287997722625732,-4.028408050537109,0.9741521905442833,1791553553269232098,
-2.018686532974243,-4.012825012207031,1.001066157404878,1791553553318921674,
-2.009477376937866,-3.9974780082702637,1.0265526287300883,1791553553369445983,
-2.0007927417755127,-3.9823381900787354,1.051303407776146,1791553553416767911,
-1.992041826248169,-3.966068744659424,1.0756081874336076,1791553553467000829,
-1.9851950407028198,-3.952608346939087,1.0980372363949342,1791553553509426758,
-1.977202296257019,-3.9359776973724365,1.1233678100494942,1791553553557660013,
-1.9671272039413452,-3.913621664047241,1.1584882733785045,1791553553625611245,
-1.9628100395202637,-3.9030306339263916,1.1736933393960765,1791553553656256916,
-1.9549221992492676,-3.8820815086364746,1.2045623251153068,1791553553718350048,
-1.948421597480774,-3.864061117172241,1.2328379327097294,1791553553768816555,
-1.9429938793182373,-3.847508668899536,1.2573453109301977,1791553553815979876,
-1.9379112720489502,-3.830336809158325,1.2816777624631563,1791553553865824981,
-1.9336601495742798,-3.815227508544922,1.3028027348369065,1791553553907691919,
-1.929319977760315,-3.797245502471924,1.327485827016378,1791553553958108307,
-1.9254465103149414,-3.780174970626831,1.3528426679534387,1791553554008038158,
-1.922206997871399,-3.7647831439971924,1.3781420369930484,1791553554055737349,
-1.9189999103546143,-3.7461302280426025,1.4090597658298185,1791553554118822196,
-1.9164838790893555,-3.7286508083343506,1.436459924948582,1791553554168841543,
-1.9146541357040405,-3.709801197052002,1.456585283263426,1791553554218860817,
-1.9130159616470337,-3.693305253982544,1.4779503849787952,1791553554264952746,
-1.9119369983673096,-3.676785469055176,1.4998306208848744,1791553554308696706,
-1.9108012914657593,-3.6508777141571045,1.5363788132073453,1791553554379839981,
-1.9106996059417725,-3.6398303508758545,1.5508855435203077,1791553554408385755,
-1.9108237028121948,-3.621737241744995,1.5769215608423701,1791553554459078212,
-1.9113123416900635,-3.5996413230895996,1.6073426718237733,1791553554518278625,
-1.9127105474472046,-3.5813214778900146,1.6318132212874674,1791553554567865509,
-1.9141247272491455,-3.5628793239593506,1.658139952161406,1791553554618526696,
-1.9160293340682983,-3.545980453491211,1.6810900331621836,1791553554664978917,
-1.9183077812194824,-3.5300955772399902,1.7029830311083358,1791553554709163508,
-1.921069860458374,-3.5117781162261963,1.7283441209597794,1791553554758892313,
-1.9258038997650146,-3.4881434440612793,1.7591692665327419,1791553554823863510,
-1.9283159971237183,-3.4757795333862305,1.7766998461068773,1791553554858915612,
-1.9335687160491943,-3.454209804534912,1.8075514346910322,1791553554917704853,
-1.9382997751235962,-3.436375617980957,1.8334588430283048,1791553554967968196,
-1.9435349702835083,-3.4187052249908447,1.858311861358308,1791553555017844818,
-1.949349284172058,-3.401034355163574,1.8838453181464951,1791553555068852725,
-1.9542875289916992,-3.3868942260742188,1.9043686623635385,1791553555108952268,
-1.9609330892562866,-3.3695826530456543,1.9293396324521852,1791553555157792204,
-1.9677708148956299,-3.3525497913360596,1.956065263336385,1791553555208469944,
-1.97669517993927,-3.3320538997650146,1.9869823991931101,1791553555269094602,
-1.9845775365829468,-3.3157033920288086,2.0117072086901917,1791553555317787720,
-1.9926843643188477,-3.2993109226226807,2.038045386098212,1791553555367856758,
-2.001584529876709,-3.2831552028656006,2.06361316129997,1791553555417821973,
-2.010603666305542,-3.2671523094177246,2.089613072160891,1791553555467799702,
-2.018357515335083,-3.2544448375701904,2.1109209877108044,1791553555509054725,
-2.0282299518585205,-3.238950490951538,2.1360098168400237,1791553555557843113,
-2.038597583770752,-3.223609685897827,2.161013388431823,1791553555607813893,
-2.051309585571289,-3.205904006958008,2.1909956198480285,1791553555668503737,
-2.06252121925354,-3.191073417663574,2.215260487287824,1791553555717710488,
-2.074024200439453,-3.176823377609253,2.240450595673269,1791553555767856205,
-2.0857856273651123,-3.1624064445495605,2.2654979851968067,1791553555817854099,
-2.098294734954834,-3.1483888626098633,2.2888650086573366,1791553555867862715,
-2.1081371307373047,-3.137481212615967,2.308649381883831,1791553555907985107,
-2.120986223220825,-3.1241469383239746,2.333677870088757,1791553555957776709,
-2.1341476440429688,-3.111128091812134,2.3591247335159298,1791553556007896503,
-2.150275945663452,-3.095949649810791,2.3898210762663012,1791553556068059274,
-2.164355993270874,-3.083509922027588,2.415441951567951,1791553556117901965,
-2.1779279708862305,-3.072254180908203,2.4400346723712754,1791553556167846519,
-2.192075252532959,-3.0610439777374268,2.4644043394243784,1791553556217828165,
-2.2067787647247314,-3.049973487854004,2.4894011293801137,1791553556268815112,
-2.218675374984741,-3.041271448135376,2.509484697911944,1791553556310097905,
-2.2339324951171875,-3.031092405319214,2.532508581378831,1791553556357913907,
-2.2555153369903564,-3.0167183876037598,2.568702012074,1791553556429255088,
-2.264972686767578,-3.011060953140259,2.5829831602009325,1791553556458386279,
-2.2838282585144043,-2.999990701675415,2.6129642246873943,1791553556517839729,
-2.300339460372925,-2.9908876419067383,2.6380950732234334,1791553556567860561,
-2.3166821002960205,-2.982313394546509,2.6631262456503886,1791553556617831435,
-2.333258628845215,-2.974130868911743,2.6886291629977843,1791553556668841342,
-2.346846103668213,-2.9680721759796143,2.7074923700188283,1791553556708868995,
-2.3637630939483643,-2.960735559463501,2.7317457187736593,1791553556758223518,
-2.3810675144195557,-2.9537320137023926,2.755882725139671,1791553556808395256,
-2.4015769958496094,-2.9461255073547363,2.786197634521714,1791553556868845008,
-2.4193201065063477,-2.9400954246520996,2.810450298806451,1791553556917806744,
-2.437028408050537,-2.9346463680267334,2.835020594657645,1791553556968803110,
-2.4548208713531494,-2.929365396499634,2.8597521520050604,1791553557017838360,
-2.4727084636688232,-2.9248359203338623,2.8837707413272162,1791553557068842619,
-2.4871058464050293,-2.921250104904175,2.904195280072854,1791553557108892251,
-2.505218744277954,-2.9175164699554443,2.928014263666892,1791553557157906586,
-2.5306003093719482,-2.9128577709198,2.9641249426019654,1791553557229269374,
-2.5452840328216553,-2.910581111907959,2.9832830206605223,1791553557269037671,
-2.563596725463867,-2.908259391784668,3.007744535247242,1791553557317733933,
-2.5819549560546875,-2.9061524868011475,3.0310828687897375,1791553557368879515,
-2.6005070209503174,-2.9048266410827637,3.0535320981416008,1791553557417840788,
-2.6189863681793213,-2.903452157974243,3.0790941644226457,1791553557468852970,
-2.6339797973632812,-2.9029695987701416,3.0986006270785227,1791553557508856123,
-2.65242338180542,-2.902590751647949,3.123520135925739,1791553557559959686,
-2.671067953109741,-2.9026596546173096,-3.1346576211322863,1791553557608269732,
-2.693303346633911,-2.903477191925049,-3.104711529437187,1791553557668867687,
-2.71162748336792,-2.904517412185669,-3.0808706261212233,1791553557718836641,
-2.7302780151367188,-2.906263589859009,-3.0577685924410565,1791553557767807768,
-2.748554229736328,-2.908201217651367,-3.033622996691905,1791553557817843846,
-2.767082929611206,-2.9107906818389893,-3.010552399295251,1791553557867838950,
-2.781562328338623,-2.912883758544922,-2.9915931192910445,1791553557908891442,
-2.7998156547546387,-2.916095733642578,-2.9677638854474266,1791553557958620977,
-2.817809581756592,-2.9199702739715576,-2.9457986179712203,1791553558008149022,
-2.8397879600524902,-2.924790859222412,-2.915501593947897,1791553558068986211,
-2.8577942848205566,-2.92962908744812,-2.892053345838647,1791553558118857977,
-2.8755342960357666,-2.9344894886016846,-2.8692376910586828,1791553558167886559,
-2.893315076828003,-2.9400999546051025,-2.8456404498007606,1791553558218849426,
-2.9104082584381104,-2.9458959102630615,-2.8208524933738532,1791553558267861569,
-2.924745798110962,-2.9511337280273438,-2.801192475124543,1791553558308863723,
-2.9418270587921143,-2.9578447341918945,-2.7771751587070606,1791553558359322185,
-2.9588968753814697,-2.9648735523223877,-2.753740104768356,1791553558407821064,
-2.9792256355285645,-2.9741523265838623,-2.7268344973430745,1791553558468879817,
-2.996189832687378,-2.982015609741211,-2.702941480307087,1791553558518844221,
-3.012984037399292,-2.990494728088379,-2.6787932126634275,1791553558570444670,
-3.0291128158569336,-2.9992780685424805,-2.655679637651012,1791553558618309476,
-3.0447633266448975,-3.007788896560669,-2.631807805533734,1791553558667255904,
-3.0586166381835938,-3.0161798000335693,-2.6118140680051845,1791553558710255703,
-3.0743248462677,-3.025871753692627,-2.588283070174037,1791553558759984101,
-3.0896759033203125,-3.0360522270202637,-2.5644235519823524,1791553558811018023,
-3.1079235076904297,-3.048553943634033,-2.536260252132255,1791553558868888022,
-3.1231656074523926,-3.0598251819610596,-2.513697828107952,1791553558919407524,
-3.1375715732574463,-3.071049451828003,-2.490975631573421,1791553558968520372,
-3.151608943939209,-3.082150459289551,-2.4674594989685854,1791553559017016040,
-3.1658356189727783,-3.0942041873931885,-2.443954232254128,1791553559067129879,
-3.1774632930755615,-3.1044435501098633,-2.4234897022283657,1791553559109335572,
-3.1912732124328613,-3.1173465251922607,-2.4004306444707737,1791553559159148142,
-3.204637050628662,-3.1301827430725098,-2.3765463664047375,1791553559209265302,
-3.2205522060394287,-3.1462771892547607,-2.3477347213198287,1791553559269458891,
-3.2330808639526367,-3.1598591804504395,-2.3251533685199517,1791553559318519971,
-3.2456326484680176,-3.173863172531128,-2.3030379560007277,1791553559369081487,
-3.2567903995513916,-3.187141180038452,-2.281446382205176,1791553559415021623,
-3.26861310005188,-3.2016518115997314,-2.2579357045300545,1791553559465871772,
-3.2785277366638184,-3.214350700378418,-2.2378395089578973,1791553559509335451,
-3.289562463760376,-3.2292473316192627,-2.214910068814544,1791553559559457832,
-3.3002474308013916,-3.24446439743042,-2.1916876897940227,1791553559609345376,
-3.3106234073638916,-3.25992751121521,-2.168250323199464,1791553559659900924,
-3.3228490352630615,-3.2787904739379883,-2.140655623028297,1791553559718749463,
-3.3323278427124023,-3.2950239181518555,-2.1170783030947655,1791553559768872077,
-3.3417747020721436,-3.3109946250915527,-2.0942501093937467,1791553559819883066,
-3.3497281074523926,-3.326080560684204,-2.0735988967407257,1791553559864903842,
-3.3573200702667236,-3.340494155883789,-2.053724642135008,1791553559908950327,
-3.365565061569214,-3.3572440147399902,-2.0307682113698755,1791553559958882710,
-3.3732411861419678,-3.3742008209228516,-2.0079102330928347,1791553560009360869,
-3.3824892044067383,-3.394920587539673,-1.9786732367728388,1791553560069244681,
-3.3894314765930176,-3.4124276638031006,-1.9551151470015715,1791553560118875068,
-3.3959550857543945,-3.429802417755127,-1.9322624593470223,1791553560168903191,
-3.402104377746582,-3.447582721710205,-1.909962909094314,1791553560218870944,
-3.4074432849884033,-3.463630437850952,-1.888553428508788,1791553560264882187,
-3.4120709896087646,-3.479417562484741,-1.8687159884512898,1791553560309279037,
-3.4168357849121094,-3.497384786605835,-1.8458289776792105,1791553560359146918,
-3.422844886779785,-3.520991086959839,-1.8158040142295155,1791553560423611682,
-3.4255828857421875,-3.5337371826171875,-1.8001811506414276,1791553560458916873,
-3.430239200592041,-3.5556137561798096,-1.7724864904192816,1791553560518779519,
-3.4334003925323486,-3.5741078853607178,-1.7505682428511051,1791553560568911271,
-3.4364960193634033,-3.5925371646881104,-1.7265364488687291,1791553560618877675,
-3.438884735107422,-3.6112825870513916,-1.7032773983292115,1791553560669883794,
-3.440516948699951,-3.6259167194366455,-1.6850941334528042,1791553560708973121,
-3.4423675537109375,-3.6442761421203613,-1.6627599036873277,1791553560759458932,
-3.443535566329956,-3.6630492210388184,-1.6399432075174554,1791553560808634128,
-3.444500684738159,-3.681805372238159,-1.6180996778274235,1791553560859228852,
-3.444885015487671,-3.7041337490081787,-1.5899205180086573,1791553560918844800,
-3.4447789192199707,-3.722757339477539,-1.5669957277414805,1791553560968841239,
-3.444319725036621,-3.741535186767578,-1.5448832588624652,1791553561018879258,
-3.443204164505005,-3.7601583003997803,-1.521876412597612,1791553561067896003,
-3.442263603210449,-3.7749054431915283,-1.5024947620869966,1791553561108760142,
-3.440319061279297,-3.7936527729034424,-1.4794730290874212,1791553561159069767,
-3.438382863998413,-3.8123385906219482,-1.4567476530571348,1791553561208996800,
-3.435009479522705,-3.834892988204956,-1.4291498858453981,1791553561268910557,
-3.431978702545166,-3.853473663330078,-1.4058276232293734,1791553561318784222,
-3.428365468978882,-3.871710777282715,-1.3819421157995386,1791553561369055851,
-3.424388885498047,-3.8901283740997314,-1.3588302534007735,1791553561418883471,
-3.4198994636535645,-3.9083282947540283,-1.3359265489603938,1791553561468898894,
-3.4159209728240967,-3.9228708744049072,-1.317056364108784,1791553561509055112,
-3.4107179641723633,-3.9408655166625977,-1.294743494523165,1791553561560137685,
-3.402857542037964,-3.9656875133514404,-1.2642278600041685,1791553561629396234,
-3.399141550064087,-3.976350784301758,-1.2504851172128963,1791553561658921319,
-3.391294002532959,-3.9979302883148193,-1.2233337403502038,1791553561718792553,
-3.384397029876709,-4.015338897705078,-1.1984605301285505,1791553561768896434,
-3.377143383026123,-4.032501220703125,-1.1751110718782742,1791553561818887172,
-3.369410753250122,-4.049459934234619,-1.1533427540326844,1791553561868873733,
-3.362938642501831,-4.063392162322998,-1.1363291337026034,1791553561910052212,
-3.3545334339141846,-4.079963684082031,-1.1147799051505933,1791553561958978890,
-3.342164993286133,-4.103415489196777,-1.082027982463919,1791553562029483804,
-3.336702823638916,-4.113201141357422,-1.0682125327054632,1791553562059420441,
-3.3252687454223633,-4.132639408111572,-1.0404925872321789,1791553562119164589,
-3.315268039703369,-4.148539066314697,-1.0176078955094872,1791553562168926034,
-3.3049068450927734,-4.1642045974731445,-0.9947573805593165,1791553562218891416,
-3.294325828552246,-4.179520606994629,-0.9720525607555941,1791553562268924986,
-3.285548686981201,-4.191643714904785,-0.9538669892398831,1791553562309006368,
-3.274229049682617,-4.207013130187988,-0.9312341409201582,1791553562359199484,
-3.2626068592071533,-4.22149133682251,-0.9091746173956597,1791553562409081059,
-3.2482638359069824,-4.238888740539551,-0.8819569129410016,1791553562468908686,
-3.235914945602417,-4.252953052520752,-0.8598551585673619,1791553562518879480,
-3.223320484161377,-4.267068862915039,-0.8371295935091468,1791553562568911683,
-3.210254192352295,-4.280578136444092,-0.8151824830572926,1791553562618896171,
-3.1970722675323486,-4.29409646987915,-0.7918356941450218,1791553562668951696,
-3.186131000518799,-4.30460786819458,-0.7746160471493587,1791553562709016936,
