acc_x, acc_y, angular_z, stamp, 
-0.06570918896658498,0.005866535378327118,4.853914193369815e-05,3176964000000,
-0.05184696333795388,-0.004726844312119289,0.0003804114024412652,3176969000000,
-0.07641019311135018,-0.0043580972207823065,-0.00012868826177898926,3176974000000,
-0.043476584553913636,0.01597397345204475,-0.000317763042737321,3176979000000,
-0.046968009582054146,0.004438623999026884,-2.9662489858659494e-05,3176984000000,
-0.038839293376731886,0.029823183526173837,-0.00016822194253715317,3176989000000,
-0.020795542785777443,-0.028972309063948987,-0.00016192546454280127,3176994000000,
-0.05470580835353195,0.031074017715500585,-0.00014372229010483557,3176999000000,
-0.04974922044088903,0.003794715600131817,-6.689323394103679e-05,3177004000000,
-0.08334476159249954,0.02412882421103719,0.0003336171713272348,3177009000000,
-0.04619861716283468,-0.027561916167692435,-0.00028259283392884207,3177014000000,
-0.05476470777131201,-0.0035614592140118632,-0.00010154201191721449,3177019000000,
-0.03963261253522629,0.02341698675531157,3.201747686982828e-05,3177024000000,
-0.05067086480750624,0.005988811808653082,0.00010941250584755391,3177029000000,
-0.04778737687881619,-0.007919997500160376,-3.711631546075897e-05,3177034000000,
-0.051255898120631416,0.010694867315394931,0.0002024569372016975,3177039000000,
-0.04986842700885499,0.01128817146380097,-9.878861618103247e-05,3177044000000,
-0.07689285605810714,0.01229593259666145,-0.00021555401513881603,3177049000000,
-0.07542821122454221,-0.028661284031180977,-0.0001939429286582053,3177054000000,
-0.06642790002108284,-0.019483306653655014,0.00023354822000740892,3177059000000,
-0.05410484074416151,-0.010214643969620874,-0.00013771094140734887,3177064000000,
-0.06232298901287149,-0.003373883943416151,-6.013891289044538e-06,3177070000000,
-0.05605466101082875,-0.010010630992609125,-8.059175231171018e-05,3177075000000,
-0.06926289662828135,-0.006628529204559265,3.679818410555557e-05,3177080000000,
-0.026826674375656525,0.012173020305820419,-4.6519075785803915e-05,3177085000000,
-0.07446183251728303,0.008586189517836252,0.0003384969561321308,3177090000000,
-0.04388488839909624,0.024694893064707204,0.0001327904369925164,3177095000000,
-0.05576477224965769,-0.01727151506075618,0.0003869163988428593,3177100000000,
-0.07052866334863425,0.02125275641170349,-0.00016785818417363717,3177105000000,
-0.04167035366131096,0.011124434406022291,0.00019628160470100823,3177110000000,
-0.0591795198574062,-0.016972055542375776,-9.37684882418786e-05,3177115000000,
6.691008589201553,0.006214358815070529,-0.0001745793851756355,3177120000000,
-0.02387900967976189,0.0511265950925137,-9.718795929803366e-05,3177125000000,
-0.11661910918751951,0.03253169881145066,0.00023633666972006692,3177130000000,
-0.002831370899253524,-0.0006856945138204164,-8.625165838381411e-06,3177137000000,
-0.18316074751437572,-0.03761570617905979,0.00019620239400541822,3177142000000,
-0.03939945807502278,0.0012331890752562394,0.0002462230551419284,3177147000000,
4.767579785554238,-0.016552755100171804,0.00034137836759268577,3177153000000,
0.12278831637830803,0.01753145515692115,0.0001911616764553801,3177158000000,
-0.14556901180924456,0.022684316098451056,0.0005490612508205935,3177163000000,
-0.0036273783586072104,-0.004242653551890454,0.0003373753245971888,3177168000000,
-0.13239466804029137,0.03062613329735705,-2.9854497729550777e-05,3177173000000,
-0.07412166183838924,-0.0204831909211531,0.0004002793862952734,3177178000000,
-0.07807851718150705,-0.023721860847404252,-0.00030682336881170433,3177183000000,
6.747142584252926,-0.031538887933694006,-5.550865456983284e-05,3177188000000,
0.05555711591665477,0.0034443311756419195,0.0002131185888683055,3177193000000,
-0.11731106688008734,-0.005131651925021628,8.779783777690694e-05,3177198000000,
-0.06323375624311532,0.023419916773042313,-1.5329098232466146e-05,3177203000000,
-0.07093021672430988,0.003994427028232071,-3.582703159697765e-05,3177208000000,
-0.043726558455229644,0.022488592927546992,-0.0001126305323011452,3177213000000,
-0.04696603068332327,0.01824196893251567,-0.0003313349448227133,3177218000000,
6.940999675262442,0.00939609468569287,0.0004071539560402191,3177223000000,
-0.15306135905482895,0.005005610112928092,-9.008129636644128e-05,3177228000000,
-0.12223514204536769,0.022181512275025083,0.00018052742550626953,3177233000000,
-0.03695382808444466,0.014056862271962173,9.269468614744891e-05,3177238000000,
-0.029037094136210816,-0.021919746453049387,4.321237737669918e-06,3177243000000,
-0.043259781723646994,0.02271645354545099,-0.0004063978390848003,3177248000000,
-0.05624671907950458,0.009739638803269047,-0.00013087155780737347,3177253000000,
5.740789028808662,-0.012552876868469887,0.0003348710634631416,3177258000000,
-0.14648622736319394,-0.007900287439010004,0.0003834540413404423,3177263000000,
-0.11485980408459504,0.01863351033445061,-0.00028188935881039254,3177268000000,
-0.04971429816175709,0.014690451604037516,-0.00019056561038907808,3177273000000,
-0.04596355941977097,-0.0006228641798392403,-6.936512971599966e-05,3177278000000,
-0.034079327463481295,-0.017407236205177683,-0.00010206216412749777,3177283000000,
-0.030633353880349205,-0.010196519905786794,0.00010932032458741367,3177288000000,
6.074690413904994,-0.014610144226640333,-0.00034923065871756803,3177293000000,
-0.12763281182811093,0.01807537341840796,-3.204401161493865e-05,3177298000000,
-0.08173620549875645,-0.0035642643917715346,-0.00030328436980890433,3177303000000,
-0.03383207233427612,-0.0038243556742911912,-0.00012757104857280844,3177308000000,
-0.03395379452499316,-0.0015052418370526878,5.394925430516629e-05,3177313000000,
-0.024878631115855667,0.024643991358734445,9.875868104342348e-05,3177318000000,
-0.04912933335198756,0.03584154089981902,3.862308498739116e-05,3177323000000,
-0.05775074061429748,0.006118699680498699,2.7810768758861883e-05,3177328000000,
-0.04195789913656421,0.018218858292180597,-0.00033373959445939344,3177336000000,
-0.027392997194345608,-0.022382533236212466,7.335500215354554e-05,3177341000000,
-0.047722345838648705,0.012724429272872277,-0.00015541306153880996,3177347000000,
-0.026350238819019496,-0.014204054326476789,0.00023322351262393894,3177352000000,
-0.050643511596736426,-0.010065400329149723,-0.00035062797414129405,3177357000000,
-0.026163173705335246,-0.01848522528836327,3.405532686427236e-05,3177362000000,
-0.015180187414378238,0.01666431823850712,-0.00013235627743288583,3177367000000,
-0.04872655054875984,0.006930659348977793,0.00030201043792655067,3177372000000,
-0.04237635115553308,0.0005399729785141181,-0.000505620702266488,3177377000000,
0.003286436776831596,0.014675070737255535,0.0002228474336388498,3177382000000,
-0.05054395262114468,-0.0359783557632412,-0.00024150951015731507,3177387000000,
-0.01679862711109354,0.005224071184383646,2.4533622877375208e-05,3177392000000,
-0.0716825397391958,-0.0006913282184328439,-8.474061003948635e-05,3177397000000,
-0.0041185277235502755,0.010407908957522027,-4.5417710428208885e-07,3177402000000,
-0.05643009898091565,0.020331351778299186,-4.456957760193873e-05,3177407000000,
-0.03471816954989752,0.016912381537277,8.73488958499035e-05,3177412000000,
-0.037522609017671536,0.012012317020347359,0.0003225100231735031,3177417000000,
-0.025443778980005133,-0.02294410265145697,2.558942217365443e-05,3177422000000,
-0.03241173659723082,0.01866351357887957,-0.00013269572536913702,3177427000000,
-0.040415709658986554,0.028722858431896443,0.00011496568551567636,3177432000000,
-0.020519959194185276,0.0015564923253789196,0.00030296705078319635,3177437000000,
-0.03705086847869118,0.0016044587136979896,0.00016757994238497285,3177442000000,
-0.012442902415374348,-0.013949391835958494,-1.5940794892892868e-05,3177447000000,
-0.027933017329008616,-0.0005558794784294671,-0.00029819585842415024,3177452000000,
-0.02200849211411041,0.014360963698795285,7.907125653283212e-05,3177457000000,
-0.03868255204355735,-0.0112127806309566,0.00020305219747813886,3177462000000,
-0.011772925001295665,0.017078373775613418,-3.5834965462529276e-05,3177467000000,
-0.02818396449285766,-0.005874896607352135,0.00011093761861413505,3177472000000,
-0.0019381172723149029,-0.0021961268262357973,-0.00021371553823987488,3177477000000,
-0.03654600411798579,0.02436161106924438,-1.498394829470368e-05,3177482000000,
-0.012707105177558697,-0.01245069436515429,6.845559032139907e-05,3177487000000,
-0.021288952623099905,0.01711425440196793,-0.0002621503555518575,3177492000000,
-0.03101812029764244,0.011494459567707196,0.00017482780985793179,3177497000000,
-0.021036238290230717,0.026792434833476337,-8.052699995332517e-05,3177502000000,
-0.034338815182116525,0.017730031483125405,-6.829880539415797e-05,3177507000000,
-0.030549121935538413,-0.014428062592294594,0.0001255588768669134,3177512000000,
-0.039291044273391564,0.0004902625024421111,0.00018932940385508792,3177517000000,
-0.02652167386861343,0.0330669839298877,-6.286561312640749e-05,3177522000000,
-0.026028117272368152,-0.011117845735645324,-0.00037752699208804034,3177527000000,
-0.01695825033744925,0.0008926746365561975,0.0001986758984786736,3177532000000,
-0.04101595266404687,-0.016976570353637865,-9.500787077504961e-05,3177537000000,
0.00020995821065928136,0.0076261531498760535,-0.00035074551804514245,3177542000000,
-0.026176495928691274,0.010126229094203455,-0.00012553217552644183,3177547000000,
-0.02625683897121264,0.0030174481246646213,-3.736264596576215e-05,3177552000000,
-0.01918863689422905,-0.02915384154655495,-8.933012739575437e-05,3177557000000,
0.0004449836989224472,0.004978598584171448,-4.228753420251295e-05,3177562000000,
-0.034620197669986544,0.012856543882937053,0.0001773691534274402,3177567000000,
-0.040284751170145135,-0.009100929942715871,-0.00016046864064382297,3177572000000,
-0.006309791474382275,0.008234980181861258,0.0002742416485126957,3177578000000,
0.008063657141785589,0.030292995997418866,-0.0001745797342749891,3177583000000,
-0.025189194340386682,-0.0004976873945866866,-8.75296831537957e-05,3177588000000,
-0.03347572902546252,-0.011834243814559262,0.0001367725263639359,3177593000000,
0.001972797727295632,-0.008492713829764631,3.5725841816947724e-06,3177598000000,
0.0006208700456753168,0.014990100865476485,-0.00022251208837827246,3177603000000,
-0.033659944343162884,0.009848113885653535,-0.0003270897160186279,3177608000000,
-0.026785486828283748,0.008508988014729815,-2.062141982863325e-05,3177613000000,
-0.024072729894621264,0.015365752310782264,0.00015876710340945437,3177618000000,
-0.010058987523741096,0.0007673537855940004,-0.00024513762099154647,3177623000000,
-0.025045575057241313,0.019678769399638918,0.00014641633265820867,3177628000000,
-0.04776784062813429,0.03570290731267318,-0.00011334271807692377,3177633000000,
0.001785913384482793,0.019127276117680166,-8.259278801706074e-05,3177638000000,
-0.006594556391361934,-0.014988450453103512,-0.0003926605922214836,3177643000000,
-0.04111638052097301,-0.01442920079284218,-0.00010410406340151892,3177648000000,
-0.03790696264998123,-0.007671655455575785,-0.00011296626652816583,3177653000000,
-0.04493557895039717,-0.0031389425471592446,-1.932530213667554e-05,3177658000000,
-0.03956513817566887,0.009534464267273505,-3.5259321957050066e-05,3177663000000,
-0.048392439317436295,0.005260691264876728,0.000278122910906956,3177668000000,
0.007655540972125147,-0.0016537755039910344,-0.0004420265077723929,3177673000000,
-0.02331645352056197,-0.02608011625915041,-7.219793002491597e-06,3177678000000,
-0.009814747266158531,-0.028702682318586886,-1.56150463345232e-05,3177683000000,
-0.024860231917406897,-0.0046782855504213,-0.00016024002855323809,3177688000000,
-0.022242947656257766,0.02809611331798587,0.00010229749152564848,3177693000000,
-0.04262087191564629,-0.01590885182126874,0.00023260324613218073,3177698000000,
-0.0062154973351575965,0.0006699653864830101,-2.1545491313060837e-05,3177703000000,
-0.016510262048718347,0.016577255585440386,-0.00010217027780642922,3177708000000,
-0.005605815239980341,0.04174533128343635,0.00012396537537667424,3177713000000,
-0.01982536305439623,-0.028528629510278063,-0.00012775817588419716,3177718000000,
-0.025396736130604978,0.013173538167826937,-0.0002562532497069447,3177723000000,
-0.026131291108367177,0.0020004374756675877,0.00013399276833701618,3177728000000,
0.003737769939852028,-0.00666939534088289,-8.393500722022846e-06,3177733000000,
-0.011498972884074678,-0.003569894313113543,0.00027774580894533236,3177738000000,
-0.016693857518725368,0.02599348140747502,-0.0004591245132666836,3177743000000,
-0.01429118973926465,0.000695457664720587,-0.0002650415412138542,3177748000000,
0.0019698872029315258,0.0033502943675828246,0.00022590410272726536,3177753000000,
-0.0028409383278305937,-0.022172220412109214,-6.0395779714551944e-05,3177758000000,
-0.057546046256644126,0.007201607487689626,0.0002982784868301558,3177763000000,
-0.0052892154530404766,0.02067979660868714,-0.0003845016302622035,3177768000000,
0.016056663459201825,-0.0016818475365600197,4.479362142045562e-05,3177773000000,
-0.034250594554428776,0.04237410938942047,-0.00010853874125498397,3177778000000,
-0.03345016918416274,-0.025500586440625337,-9.779692875911075e-05,3177783000000,
-0.025455352810661608,0.009341322834237348,6.344110871765793e-05,3177788000000,
-0.0026086417876095627,0.036904828341388696,6.057288289759835e-05,3177793000000,
-0.0821242714976797,0.012508662876260747,0.00018113080089918296,3177798000000,
-0.01995797330228958,-0.01645918778215741,8.012947138811617e-05,3177803000000,
-0.030901525121004147,0.013832434032776616,0.0001406149917954478,3177808000000,
-0.04463630750893851,0.018778764851331863,-0.0001396557311114231,3177813000000,
-0.01669453788404747,0.023980857384262606,0.000258389593633021,3177818000000,
-0.012132511352496676,0.031901166791947363,0.0003614159747210699,3177823000000,
-0.042380187214311686,-0.03628210706758463,-0.00010655288149764337,3177828000000,
-0.02212455405255321,0.014235175495850764,-5.515816310790321e-05,3177833000000,
-0.06382780905181203,0.02782810124166372,4.038430938783573e-05,3177838000000,
-0.019293190193582554,0.02519421879902908,-1.7805372362576226e-06,3177843000000,
-0.026044806505289782,-0.0028488928480708805,-0.00027062926145048484,3177848000000,
-0.049850874399616246,-0.059160810056749134,-0.00012913348378928822,3177853000000,
-0.03110739966274056,-0.0277340754248424,-8.39871500709509e-06,3177858000000,
-0.007262334141665321,-0.016522146582757562,-3.474961118756416e-06,3177863000000,
-0.025019105659326846,-0.04091851655113364,-0.00028679682081431205,3177868000000,
-0.00872099672649054,0.02287346417400546,-0.00017596155947599665,3177873000000,
-0.03839157906130613,0.016611943958880413,1.2789149143150636e-05,3177878000000,
-0.05104316574454635,0.005509238009773987,6.393529855707765e-05,3177883000000,
-0.05198588303355082,-0.008555589604605372,-0.0003629357854557789,3177888000000,
-0.024588348509775766,0.0075678022373824195,-0.00013454613393118934,3177893000000,
-0.026424896687289777,-0.010662101254443359,-0.0002896721033869719,3177898000000,
-0.021725303380347456,-0.009473065740963009,-0.0003906715083548842,3177903000000,
-0.0635255914431477,0.01855754505279878,0.00015090620023493667,3177908000000,
-0.03805776733569856,0.017116005666032826,-0.00031008148339757455,3177913000000,
-0.03546102133905109,-0.0046545327408482684,8.377830723908445e-06,3177918000000,
-0.041618243676764116,-0.031318226810161276,4.118110656911733e-05,3177923000000,
-0.07141470177370554,0.009604016885582153,5.764170230357276e-05,3177928000000,
-0.0639834189658038,-0.011450921712695522,5.114510942076905e-05,3177933000000,
-0.045939159496213904,0.00454799427349915,0.00035880753575738116,3177938000000,
-0.0561064373539791,0.008175708399112453,-1.2648293293797457e-05,3177943000000,
-0.034094836648604666,-0.0044390538308869765,4.690173502088529e-05,3177948000000,
-0.041777741897444376,-0.02789421751056333,2.2285590329915838e-05,3177953000000,
-0.0695529645687619,0.009805460954465899,-2.876692275629029e-05,3177959000000,
-0.028660910996506334,-0.0032977900575714755,6.780907425770913e-05,3177964000000,
-0.04848803634560417,-0.013204897864122921,2.8967459390351655e-05,3177969000000,
-0.00951518059716392,0.008721344303007209,0.00032211481281582043,3177974000000,
-0.03540154652768235,0.008311741362425747,0.0002768460729635293,3177979000000,
-0.02553694281163464,-0.027878153462739034,-0.0003290895505252514,3177985000000,
-0.05791408244793214,0.018128660699390193,-4.265984928219606e-05,3177990000000,
-0.03500394736877768,0.019815439529708594,0.00044762910928888166,3177995000000,
-0.07052774103143566,0.014498923622977892,-3.119301717513935e-06,3178000000000,
-0.05824244934929106,0.015460481157910289,-0.000120613654828773,3178005000000,
-0.03722792093857154,0.006813970577948911,-0.00011960307922993986,3178010000000,
-0.031247160372883515,-0.02847266629517117,-5.296272520631406e-05,3178015000000,
-0.036816074735264374,0.019274769661892933,-1.448256230308049e-05,3178020000000,
-0.0454465207002203,0.014598044339977852,-0.00030057660532270894,3178025000000,
-0.03373739332653847,-0.02152005650811809,0.0002675183872089567,3178030000000,
-0.06171310102213336,-0.014483511463867484,5.136685042110572e-05,3178035000000,
-0.054325547772789085,-0.006681487841264228,-0.0001675981198855855,3178040000000,
-0.0603187539074502,-0.02943679726557229,0.0001641513288761291,3178045000000,
-0.03951307018872375,-0.017917185299655365,-0.0001639614830074313,3178050000000,
-0.02945623217222831,0.003510875010927872,1.759219286406044e-05,3178055000000,
-0.03511263358511139,0.011057605162515213,0.00010864867515326307,3178062000000,
-0.033507764362987316,-0.013722269562216952,-9.14117762926107e-05,3178067000000,
-0.0542360002842751,-0.003443577129771198,0.00013041608490796071,3178072000000,
-0.10127171926418391,-0.013082768054496952,-7.353943662834198e-05,3178077000000,
-0.004092891777388717,0.006511435148573025,0.0001546712655053979,3178082000000,
-0.13746844859760943,-0.021535086020606525,-0.00020663767072440033,3178087000000,
-0.07145966579892053,0.03608862904287814,8.84310028960604e-05,3178092000000,
0.029043883330730928,-0.002161822363090278,-0.0003570109780147159,3178097000000,
-0.16442437034919566,0.014295531970359827,0.0002358157893312132,3178102000000,
0.015850639611247403,-0.017949302809975136,9.382136002852336e-05,3178107000000,
-0.06937160095573637,-0.017224754168703033,0.0001275576548030656,3178112000000,
-0.09742710323802647,0.0004006421401207119,-1.860368125529701e-05,3178117000000,
-0.044702599650392166,0.005595164958015139,-4.812345909972588e-05,3178122000000,
-0.03474305378037594,0.003345316897383769,0.00011152871995279224,3178128000000,
-0.07813175910560594,0.01024451442910803,0.0001482679474547003,3178133000000,
-0.12268116565083945,0.04553426697571145,-0.00020749260666143906,3178138000000,
0.019792343388440596,-0.005329449150049928,-0.0002626916270055408,3178143000000,
-0.03770081430113649,0.020929976750960703,-0.0003021432556309185,3178148000000,
-0.10172410944834467,0.01478679699639168,0.00025543910631032436,3178153000000,
-0.04750436613154985,0.005360036801957946,-0.0002683745182666896,3178158000000,
-0.07095849481450875,-0.008190398740233288,9.551269162532723e-05,3178163000000,
-0.05611973775478632,0.01170502453394105,6.511400789377628e-05,3178168000000,
-0.058971021001845786,0.019170633594160297,-0.0001967393522659364,3178173000000,
-0.10059164072043136,0.008292468692311577,-0.0004813309910399518,3178178000000,
-0.04562416029853675,0.013313388398560043,4.379473332396012e-05,3178183000000,
-0.0942454185610701,0.01705101984311173,0.0002998981450109544,3178188000000,
-0.05191396289217436,-0.01338906131664869,0.000298477778431615,3178193000000,
-0.07084033728402889,0.01011642737320762,-8.72017622447344e-06,3178198000000,
-0.07422666594130779,0.014736188044047482,4.0866675802214656e-05,3178203000000,
-0.07710769675181604,0.0014344636179826685,0.00026089224375435414,3178208000000,
-0.10368907999041863,0.006086253947740571,-5.603261783770416e-05,3178213000000,
-0.07269732222664961,0.0029074821942797376,1.7727059563747975e-05,3178218000000,
-0.053275647489061335,-0.02913389944976125,7.10524273438276e-05,3178223000000,
-0.0740673889838121,0.012809481079859535,-0.00013420510676570157,3178231000000,
-0.05200753076104263,0.0006337319966673633,-0.0004024243314593993,3178236000000,
-0.05432881865218052,-0.003916589641672143,-9.076421279330274e-05,3178241000000,
-0.08001899610436723,0.010090182803178636,9.458709889008974e-05,3178246000000,
-0.08919233339333557,-0.005049270890303794,-0.0004895485766941201,3178251000000,
-0.07847284425456293,0.024524253095450355,6.170758704592643e-05,3178256000000,
-0.06963876222465575,0.04091090603541432,-0.00019439270923005974,3178261000000,
-0.07590426358108744,-0.03055375700968253,-2.812740342332258e-05,3178266000000,
-0.06884359311737488,0.036071499682686546,0.00010969215215247692,3178271000000,
-0.09321367514623602,0.01803415442336661,-2.6510845964758797e-05,3178276000000,
-0.05468509297224624,0.02073185380084845,-0.00020464141496339677,3178281000000,
-0.07896277669886864,0.009133896867241467,0.00021475868261527407,3178286000000,
-0.05677167321198435,0.0044207530662729805,5.382774252089518e-06,3178291000000,
-0.08644052552575586,0.030112225240887355,-0.0003656160975123965,3178296000000,
-0.07951722696357087,-0.0019345573641669266,2.99759308506286e-05,3178301000000,
-0.15966729006715824,-0.010016536977888466,7.158112845753338e-05,3178306000000,
0.02132419635756842,0.01196625124256067,0.0002464308452711831,3178311000000,
-0.08024506335465202,0.009500116419733522,0.00021429613863660715,3178316000000,
-0.1416877340430927,0.012670728192802417,-0.0002965265890684699,3178321000000,
-0.0028203009112770863,0.019409032104601813,-0.00014613210227796536,3178326000000,
-0.03828497034773469,0.011225323369298414,-6.477462936943119e-05,3178331000000,
-0.10920946489608166,0.01450024407403109,6.461169311501473e-05,3178336000000,
0.013597901365393014,-0.04324671945032536,-0.00034211253773969576,3178341000000,
-0.07021630861744484,-0.014790053436500965,-7.789804944718652e-05,3178346000000,
-0.17652299625857512,-0.0096214176128755,-0.00010893707259312509,3178351000000,
0.03470906134548867,0.03302228383902644,-7.277035258938382e-05,3178356000000,
-0.1424766214576117,-0.007026697457593406,-0.00014818658022668562,3178361000000,
-0.01673722026981056,0.03246846468950967,-0.00021808313342468254,3178367000000,
-0.18557586800004616,0.009790091367654179,0.00010811480108164526,3178372000000,
-0.043870151613747924,-0.010321406172729815,0.0003243708899351143,3178377000000,
0.10124568802621348,-0.023126873895366943,-2.335534224310552e-05,3178382000000,
-0.14883450618510277,0.016459354914165898,-4.4067281952835025e-05,3178387000000,
-0.07108188899210037,-0.0057980628114644335,-6.159197037030336e-05,3178392000000,
-0.060217535302318215,0.006742546268317018,4.3019196683764696e-05,3178397000000,
-0.04387331665176078,0.010164582444156824,3.8120606862284296e-05,3178402000000,
-0.06570511882934182,0.012103001727310186,1.5931427138008334e-05,3178407000000,
-0.020806313064735293,0.01727078405385015,-2.810141354613436e-06,3178412000000,
-0.05652702357068784,0.0009917781338061168,-0.00020835295699215615,3178417000000,
-0.0419801578944097,-0.008981958383908074,0.00012484749350191867,3178422000000,
-0.06430184096992556,0.001431805566938328,-0.0005042194933563199,3178427000000,
-0.04058723792811368,-0.04444387672737754,-0.0002113695384723075,3178432000000,
-0.06503290259088701,0.009459733614539077,0.0001046918933649292,3178437000000,
-0.041213865717360104,-0.0054456753044134715,0.0001967340593090829,3178442000000,
-0.03391817759232478,-0.00631927070174063,0.0004791229318876343,3178447000000,
-0.03246765523557456,-0.0019170735810216844,4.805713972954025e-05,3178452000000,
-0.03026562270631681,0.009520902104723724,-1.0381535629311495e-05,3178457000000,
-0.05688509209607429,0.009389657574855811,-8.712917288707966e-05,3178462000000,
-0.023640939476305172,0.0208433683893026,0.00010595339069412779,3178467000000,
-0.06426112244400135,0.029092812627131814,1.832574960151137e-05,3178472000000,
-0.03195638470143764,0.014273368829237961,-3.993840124038573e-05,3178477000000,
-0.05404908157270292,0.01496234214037154,0.00035239571060896965,3178482000000,
-0.04365652612942765,0.029044209882565404,-0.0002525009587785655,3178487000000,
-0.035225143544882445,-0.006507065964373774,-0.00040395700576545147,3178492000000,
-0.028127507430853252,-0.005383341238353292,7.140570226853115e-05,3178497000000,
-0.06360137047701465,-0.0014165750976338346,-1.9828901473875742e-05,3178502000000,
-0.023506537526217754,0.019422046405572754,0.00018467343142273724,3178507000000,
-0.008216885352110452,0.025486028978752073,-6.159863994622123e-05,3178512000000,
-0.04098195432468587,0.023376116995279268,-0.0001371107828198317,3178517000000,
-0.05476662161436025,0.008806880541293126,-0.00034800085859675104,3178522000000,
-0.05813906300207541,-0.02331151514876824,-0.00019311219720202771,3178527000000,
-0.02267784966709206,-0.0043648517961875355,-2.325834672407931e-05,3178532000000,
-0.06300015583910919,0.005697624300384585,-0.00017670663341917453,3178537000000,
-0.05096963240788079,-0.02488183781134853,9.09931761510364e-05,3178542000000,
-0.026491197947067908,0.006213193738543915,0.00011943581228071528,3178547000000,
-0.04481159958202088,-0.015680289291889107,-0.00030296349170965244,3178552000000,
-0.038420635725719944,-0.0087654919026007,0.00014450316741056076,3178557000000,
-0.03830646487837118,0.003483851250088272,-0.00014205505132985574,3178562000000,
-0.027333827976524665,0.008699397866592434,-0.00021377051793228753,3178567000000,
-0.029874945322729867,-0.03112559760205843,-0.00010174439412398346,3178572000000,
-0.06054636742791645,-0.03761684123856004,-5.389279354580967e-05,3178577000000,
-0.038044821706974694,0.0035175167750925874,8.548527706468256e-05,3178582000000,
-0.058244267051367676,-0.016889440433567545,-0.00020632867800108492,3178587000000,
-0.031003601578342158,-0.008667652677404382,0.000178037039570382,3178592000000,
-0.05302337768550717,-0.007817992466083149,-0.00012720230837342394,3178597000000,
-0.045344126056361664,-0.008344816252656477,-5.217486751276302e-05,3178602000000,
-0.05443966608306264,-0.0077280440416410395,0.00020113160384793092,3178607000000,
-0.028190743202002502,0.0005339938880240492,-7.517550780376598e-06,3178612000000,
-0.05120166689672874,0.028443717896867494,-9.098063726938658e-05,3178617000000,
-0.02633438527665178,-0.01014069152719582,1.8676463646535087e-05,3178622000000,
-0.06592273653222402,0.01223018255341798,0.00023729338752950227,3178627000000,
-0.05881567048067216,0.0017362431424352179,2.004269212656129e-05,3178636000000,
-0.06357698002039175,-0.003687857448869964,-3.424636356257307e-05,3178641000000,
-0.050160443783796124,0.025977600320010844,-0.0002545957762745634,3178646000000,
-0.026419452034296395,-0.019496759213585988,2.3570514130167974e-05,3178651000000,
-0.06810882666958978,0.009796451766831433,0.00019735753679055135,3178656000000,
-0.047721797736660534,-0.0064701616504592415,0.0002121594987405301,3178661000000,
-0.026912197038210302,0.0024981747720173703,0.00018037332823505941,3178666000000,
-0.047730884160113604,-0.014535269478311956,3.516031554040152e-05,3178671000000,
-0.00663185865149455,0.018523013803166653,-0.00021291484427897616,3178676000000,
-0.03236802914969538,0.03450997391936077,-7.817819508366242e-05,3178681000000,
-0.01667573588588089,-0.03233690780385273,5.7216963495276546e-05,3178686000000,
-0.039283409221261646,-0.016236336889233958,-0.00022089666358250388,3178691000000,
-0.035267573151420165,-0.0019466929554037148,-0.0002949820684807191,3178696000000,
-0.027695527783444945,0.021912698158295232,-0.0001456472314500932,3178701000000,
-0.046671363879558204,-0.01757310543489807,0.00035521586705365737,3178706000000,
-0.059616353872340766,-0.029421578911600674,-7.794643882325965e-05,3178711000000,
-0.023800979172050395,0.020645480136446296,0.00036244464856112984,3178716000000,
-0.022201851881079995,-0.00041195738956063095,7.006870546909634e-05,3178721000000,
-0.04867384819479176,-0.032460909841090395,0.00029901926732151906,3178726000000,
0.004730934963589714,-0.0313745429618353,0.00010811040516319723,3178731000000,
-0.04340376552755183,-0.0008590755710870801,-0.00023073893465075244,3178736000000,
-0.03249060656125344,9.686356674193397e-05,-0.00014271579018674898,3178741000000,
-0.0384181120866725,-0.03286786118894668,-9.006269184415574e-05,3178746000000,
-0.03683479249790986,0.0168030638938876,-4.685932356217354e-05,3178751000000,
-0.06562302417752956,-0.009857027810023445,0.00010612017431451216,3178756000000,
-0.04273311215266855,-0.014086447775468405,-5.455917384428321e-05,3178761000000,
-0.04700256315521904,-0.04651669430735212,0.0001789320482196149,3178766000000,
-0.042646113618288406,-0.004755805498827617,-9.816868701168875e-05,3178771000000,
-0.026608154023646656,-0.012243912806882005,1.1986159663002356e-05,3178776000000,
-0.05911181756700673,-0.03500273311494041,-0.00030597571461783604,3178781000000,
-0.04796096909526935,0.008003110146915498,8.597698936138674e-06,3178786000000,
-0.04662250410253786,0.02027375385506609,0.000300658440831462,3178791000000,
-0.06045780754610405,0.0022726691650860674,0.00012858598833129575,3178799000000,
-0.0528582713227259,0.026800996011965998,-0.00018812060137778685,3178804000000,
-0.037672005430553684,0.007757420229237395,-6.113944382225672e-05,3178809000000,
-0.018279553863267833,0.006432556021038175,4.260626833948559e-05,3178814000000,
-0.0692542426025786,0.016733325011763504,5.276947724626904e-05,3178819000000,
-0.06174908635521824,0.01727759966109344,0.0002406525600123295,3178824000000,
-0.058956683761699616,0.001275017565233023,-0.0002669684424910224,3178829000000,
-0.0411624573685024,-0.014251358612514057,0.00023750781568556255,3178834000000,
-0.057873656003578716,0.008535865032855618,-3.36637313326663e-05,3178839000000,
-0.05247135413819603,0.0005821573546377848,-6.43686090923304e-05,3178844000000,
-0.05354223286190607,-0.011151230571188157,-0.0002381708521543094,3178851000000,
-0.039890446722760445,-0.015273416603751554,0.0004125014906792466,3178856000000,
-0.025630732618696035,0.0014958463932675185,0.0001944630392875537,3178861000000,
-0.027163189459105196,-0.01267041200525253,-0.0002434668037938147,3178866000000,
-0.039034727655281536,-0.004437329675743276,-0.0002438728011994064,3178871000000,
-0.04294036801665461,-0.038122422141883126,0.00011277683962235988,3178876000000,
-0.04949370591301983,-0.02429990192770721,0.00032620749456071304,3178881000000,
-0.07067650293826482,0.02215046353674733,7.973680759050744e-06,3178886000000,
-0.02014950697785003,0.005250725348000107,0.00014225815331287008,3178891000000,
-0.017711850009421222,-0.01042051085967246,0.00026501128259826104,3178896000000,
-0.05956207964856711,0.02503889831493097,-0.00010244371568186804,3178901000000,
-0.03622795884645654,-0.0005066847736878639,-0.00022115213325236106,3178906000000,
-0.055756905349968626,0.012026907061791202,0.00022775019958949788,3178911000000,
-0.07770648532904052,-0.020726615390825178,-0.0001253437696262089,3178916000000,
-0.030914018296652232,-0.0031914605963883217,7.915434582477807e-05,3178921000000,
-0.09451830341097063,-0.010346698761918597,5.9244678272986114e-05,3178926000000,
-0.03138153368974968,-0.0019141405625801183,3.306824038176001e-05,3178931000000,
-0.045102399003886635,0.009686659531898902,0.0001357219813234099,3178936000000,
-0.06201475017074236,0.0055769347911111605,0.00022855031437849177,3178941000000,
-0.02358223291502778,0.007688744789329885,0.00011453621614963454,3178946000000,
-0.06998110398422898,-0.0034784099273514205,-7.834193715048196e-05,3178952000000,
-0.02519966296859978,-0.024201926985678662,-0.00010289479875245679,3178957000000,
-0.05128817067699139,0.016586139803210886,-0.0002506621519015608,3178962000000,
-0.055792899503765765,-0.0006729932244956495,0.0002483478238334966,3178967000000,
-0.035554635065735335,0.006644774019982312,0.00013507163078235978,3178972000000,
-0.0497024782386137,0.017315172713547527,-0.0001749416788014911,3178977000000,
-0.05221416201141991,0.01500262540760872,9.737765014139161e-05,3178982000000,
-0.024310591472495157,0.020328310000314053,0.00037945258510827494,3178987000000,
-0.06137820229321253,-0.011484905813859496,0.0001303635422892828,3178992000000,
-0.08226593511682262,0.021614474457421717,0.00021796241588335795,3178997000000,
-0.037273346695161656,0.03415180615107597,-0.0003047495375013784,3179002000000,
-0.03888548242909319,-0.019261216731142426,-0.00022302636342950028,3179007000000,
-0.05604861047267255,-0.02815478626490404,-0.00023161362083159588,3179012000000,
0.00328055839951096,0.017949093844646845,-0.00020059814736837428,3179017000000,
-0.11634130159630587,-0.030999832911135332,0.00019202018386056715,3179022000000,
-0.06334341187080073,0.006228751229809741,0.0004989439718754955,3179030000000,
-0.05126812721114789,0.012579095439314143,-0.0002126215489600761,3179035000000,
0.02711751383079615,-0.016097329110543068,-9.779471764895978e-05,3179040000000,
-0.11459905058634699,-0.023571973980636356,0.00017386624470683333,3179045000000,
-0.016540416219908243,-0.02414239504264882,1.646654325178602e-05,3179050000000,
-0.05250748567759241,0.026579002492163106,3.40417114870184e-06,3179055000000,
-0.09974734285407515,-0.004736755121492539,0.00017397374817392931,3179060000000,
-0.013455088369964513,-0.014916082840580082,-4.4105988507128466e-05,3179065000000,
-0.13462491662939197,-0.025151758858071343,9.354637421132874e-05,3179070000000,
-0.00033566413383981364,0.002781111718667554,0.00010110180314466219,3179075000000,
-0.03738243858603922,0.03713711806158015,-6.527420297500868e-05,3179080000000,
-0.054804791711789716,0.0012201037931188028,7.511612673325601e-05,3179085000000,
-0.07102478494256882,0.023307043491541394,7.139750364581408e-05,3179090000000,
-0.041079778351501686,0.0473673672487501,-0.00012077789346606296,3179095000000,
-0.08131233737076388,0.01905834121430647,0.00032448122177557663,3179100000000,
-0.020829291034280925,-7.50711682460587e-05,5.3502937886759816e-05,3179106000000,
-0.07668952596164706,-0.02274542141257835,5.9150108621864285e-06,3179111000000,
-0.12406595457791887,0.020419710478360824,-0.0002001663631449171,3179116000000,
0.007881876946201693,-0.00816270495406261,-2.6449563873123223e-05,3179121000000,
-0.054895015901580274,-0.012557820768205484,0.0003356917273616202,3179126000000,
-0.06126776002398525,-0.00766559752510219,-0.00024976563715201083,3179131000000,
-0.04553401864854022,-0.016380214481893134,-0.00015579002233963494,3179136000000,
-0.07032855592102405,0.030728700577156803,0.00017520398875165097,3179141000000,
-0.0830510162952809,0.03240757936535844,-2.202364759702766e-05,3179146000000,
-0.06655431397197951,-0.0006031614307656322,-0.00017046821942790936,3179151000000,
-0.03672858614523508,0.004082563065660524,2.2188834710862094e-05,3179156000000,
-0.04391848703481435,0.0017071420018992425,-3.0438552882379306e-05,3179161000000,
-0.052478470190688464,0.021746064464275763,-6.267477613851515e-05,3179166000000,
-0.045628558675960634,0.012096170559807695,-1.8111562212778228e-05,3179172000000,
-0.07694992250063407,-0.007317858606360891,2.7549733358539314e-05,3179177000000,
-0.0900893362483605,-0.00961490683090552,-0.00018506807729285035,3179182000000,
-0.049643389837308906,-0.0019006795304821688,9.90167587962423e-05,3179187000000,
-0.06330039650381956,0.004269899468031757,2.45106449291687e-05,3179192000000,
-0.09433089512351187,0.004131483656096909,-4.446114495398462e-05,3179197000000,
-0.024138521200460825,-0.0009535585077542686,-8.220796231358809e-05,3179202000000,
-0.06870057397563932,-0.015110887235189304,0.0002689634799511809,3179207000000,
-0.0776350992031039,0.04730882638020347,-0.00027054810497277034,3179212000000,
-0.08154462642820658,-0.024845096753353495,0.00020700902010150355,3179217000000,
-0.08455111327737344,0.016836035455615878,4.0665380551735324e-05,3179222000000,
-0.03217045955938601,-0.0006442836452837952,-0.00012225253973529774,3179227000000,
-0.09560219353005792,0.015091043311549621,-0.0001298483573096383,3179232000000,
-0.049556542668643365,0.011732367683227954,-2.318510116890641e-05,3179237000000,
-0.07186549414432777,0.008117753257742515,-0.00013204266054224985,3179242000000,
-0.06825890109817007,0.007794953203401281,-0.0004461742180514586,3179247000000,
-0.08662054212328996,-0.016882219697260836,-6.298301629486818e-07,3179252000000,
-0.025553761366014945,0.01845593187395527,-0.00015340699264350868,3179257000000,
-0.03634474551724039,-0.017791737072163156,4.554947188268038e-05,3179262000000,
-0.12147918373792174,-0.01405712895158631,3.558365678852948e-05,3179267000000,
-0.0004488503225895668,0.0029632538757250887,0.00021953441190017254,3179272000000,
-0.06609880899886844,-0.00679710772318559,-0.00029607606487820577,3179277000000,
-0.08632663499996812,-0.000422434614148433,-0.0001256626153888862,3179282000000,
-0.013589592236794571,0.028116799337459114,8.501426066289509e-06,3179287000000,
-0.07408501587365932,0.005581887708180848,1.4947054578896416e-05,3179292000000,
-0.006995066768050208,-0.018908189592202515,-0.0002605042242082578,3179297000000,
-0.07723828462940989,0.025014405144922702,0.0002541476351107029,3179303000000,
-0.02612844519876783,0.0011857645534247927,-0.0001629288452333747,3179308000000,
-0.03439488270827087,0.01192536118203549,2.8931564864280402e-05,3179313000000,
-0.10218176377347604,0.0331757868392173,3.900327577135894e-05,3179318000000,
-0.03931619877878739,-0.014662764672772825,0.00016963910700398588,3179323000000,
-0.06126707248184268,0.015261194261079174,0.00015709601496456953,3179328000000,
-0.08215400438199216,-0.013371573010323844,2.6758343039441495e-05,3179333000000,
-0.05662206405965824,0.015187587385386265,-0.0002409022164391056,3179338000000,
-0.026882645108691403,0.009729805557969946,-0.0001351938939754518,3179343000000,
-0.06933996315367069,-0.008322807658093486,-7.889971072215241e-05,3179348000000,
-0.0588357353093983,0.00698767574692766,0.0001214121386519237,3179353000000,
-0.030089956391616983,0.03306928915313614,-7.252768513375258e-05,3179358000000,
-0.046127593216240444,-0.0006623931534314704,-0.00023185748332241649,3179363000000,
-0.03550649209840813,0.01961389370123057,-0.00042810818814007894,3179368000000,
-0.04474082166035043,0.019743644205873895,-0.00016017360220343732,3179373000000,
-0.03765790273543867,-0.013379471557866165,2.1440387360516193e-05,3179378000000,
-0.029051649318237394,0.0035421131194322076,-5.8703140598873496e-05,3179383000000,
-0.06864726994702089,0.028155096679780493,4.615891023992471e-06,3179388000000,
-0.06886171588723079,0.05424033669591339,0.00026961919293732266,3179393000000,
-0.06974619504815611,-0.03388780715720545,-0.0003182711880219719,3179398000000,
-0.05810377204879988,-0.0002499333340835572,-7.084483217646446e-05,3179403000000,
-0.0739949992282434,0.002774464713049023,3.1274995788089416e-05,3179408000000,
-0.07099493898256887,-0.023383685653408436,0.00013866779395820596,3179413000000,
-0.02981716827485605,0.0023132826079097337,-0.00014728959695692678,3179418000000,
-0.057912828597840665,-0.003827292253369317,-0.00024632232253695444,3179423000000,
-0.05549529060412053,-0.00046938475687379356,-0.0001308791112651573,3179428000000,
-0.05918713072506718,0.003598119832745943,-7.904796862026674e-05,3179433000000,
-0.027662034818042632,0.013714887863591669,-0.00018876359156637544,3179438000000,
-0.06931193357094463,-0.01612203870613118,-0.00022172041215324056,3179443000000,
-0.06361184324170643,0.01113313389565481,7.931404963481001e-05,3179448000000,
-0.08165480036175723,0.012296862925309394,-1.1915471601091165e-05,3179454000000,
-0.0344756358297149,0.02421674418681505,-8.242950835386172e-06,3179459000000,
-0.041830005040584865,-0.020813724284615306,0.0001525403608356967,3179464000000,
-0.026955597079694693,-0.003466042750087835,0.00012502047064553886,3179469000000,
-0.03626056573118147,-0.003314046719135151,-0.00015134807059813423,3179474000000,
-0.050854911451615345,0.013629218103951036,3.882718500655724e-06,3179479000000,
-0.04103731327415537,-0.0031975469632715007,0.00013780388474779663,3179485000000,
-0.041270364144428466,-0.0035575290406946983,5.2914452592585875e-05,3179490000000,
-0.022012008818430278,-0.007099284260242333,-2.5019043644048593e-05,3179495000000,
-0.03400564108187969,0.01978117459881578,0.0001560187970189068,3179500000000,
-0.04914083367529301,-0.0039255059156704545,-5.082443502566058e-06,3179505000000,
-0.03185114118977722,0.03722024972501017,-0.00021502251989729683,3179510000000,
-0.0383845843872272,-0.001429086980595296,0.0002892154348339453,3179515000000,
-0.04031836326438462,0.009655871136101349,-1.4142849700131012e-05,3179520000000,
-0.03110135275931348,0.028246359129828084,-0.00018362875790612544,3179525000000,
-0.04262946260652809,-0.04214492634086645,-6.119932085203366e-05,3179530000000,
-0.04886785054124611,0.012117927385291842,0.00027391079720572844,3179535000000,
-0.0543601011316969,0.012906898963487826,0.00015685779036361808,3179540000000,
-0.058039857836495505,-0.00815874084967896,-0.00025918554885490005,3179545000000,
-0.029212041075314783,0.013235610256636313,8.95511237045952e-05,3179550000000,
-0.053545030158486336,0.01106400119416254,-7.050695816281543e-05,3179555000000,
-0.01576112483404655,-0.004705331487317725,0.0001367940483909108,3179560000000,
-0.05255749522038884,-0.008291823087779699,-0.0005340757172164409,3179565000000,
-0.04670203645930283,-0.012167822576164654,0.00012882143700900642,3179570000000,
-0.020384558776262638,0.0020884407890799997,-8.679506009853772e-05,3179575000000,
-0.08936403740628766,0.004110460013391988,7.517517570977313e-07,3179580000000,
-0.035276857860195444,0.0059911205903818475,0.00022709974376705405,3179585000000,
-0.05971002716029795,0.0330510614873316,0.00025146999090118265,3179590000000,
-0.04517523816838383,0.00305175151103582,-9.500787246694929e-05,3179595000000,
-0.050950508528812465,-0.001647515381733648,7.740352638560464e-05,3179600000000,
-0.0791986504129295,-0.021919951775580183,-0.00019924177493809607,3179605000000,
-0.027216161072079924,0.014726202944663792,7.79610371374326e-06,3179610000000,
-0.05959167859590524,0.010423473096733181,0.00014605440497482693,3179615000000,
-0.08140295861075353,0.004905002619732273,-4.753718986139307e-05,3179620000000,
-0.05316025299035742,0.008210498713063865,0.00014482123351115735,3179625000000,
-0.03195535512983289,-0.0034135996947630134,-7.674457977491254e-05,3179630000000,
-0.04936529477857151,0.0030821797142342963,-6.903528851898369e-06,3179635000000,
-0.036317003308663456,0.02314876671037363,-0.00022337457560216219,3179640000000,
-0.03727347733900584,0.02137766979331625,3.088512692401149e-05,3179645000000,
-0.05234111721374586,0.025881488450781732,-7.194001204071838e-06,3179650000000,
-0.033443611590389985,0.009557018622747769,0.00032398631813434565,3179657000000,
-0.0632671122772948,-0.028566625287196612,-0.00023875961754264214,3179662000000,
-0.05679319305917149,0.005542681983889733,-7.181992444771003e-05,3179667000000,
-0.06005874118557721,0.019461462500005963,-0.0004423705303459973,3179672000000,
-0.050155492838064336,0.013053790070764602,-0.0003923772029433221,3179677000000,
-0.058957058174900705,0.0006178879713920329,8.841136959612408e-05,3179682000000,
-0.044059791738497646,0.028723078461081783,4.820559799421812e-05,3179688000000,
-0.047606514309537336,-0.013828970364105754,-0.00011164678818023304,3179693000000,
-0.05197949983186355,-0.010072786408430187,5.71225604580834e-05,3179698000000,
-0.04523331599436008,-0.010621439256435298,-0.0001981521551641545,3179703000000,
-0.07722272369165209,-0.0049770109367597275,5.745577036005971e-05,3179708000000,
-0.05499085476915518,0.013828845716984811,0.00031185428593396815,3179713000000,
-0.07201280210093565,0.017284902999109758,-0.00021030815105690308,3179718000000,
-0.07098545612855321,-0.02627903054186496,0.00021297107880950295,3179723000000,
-0.06875614761558156,0.008345658771343169,0.00023081548898725972,3179728000000,
-0.07592356995835543,0.01738219907000385,9.683613855702518e-05,3179733000000,
-0.046562754106956566,0.021602924717946986,-0.0002678193901908212,3179738000000,
-0.07772508597140057,0.01898302893129355,-0.00019321267699091307,3179746000000,
-0.033820828740275304,0.005868416060084095,-0.00022146675060104372,3179751000000,
-0.05887336084758673,0.01865521896409237,9.35084583866907e-05,3179756000000,
-0.042299754781228445,-0.010440621459760968,0.0005021710358656382,3179761000000,
-0.049106087279428966,0.008149251176607216,-0.00012627086966648888,3179766000000,
-0.06298644229772926,0.03645643887477693,-6.258502197025839e-05,3179771000000,
-0.08318065092823129,-0.014068123011580164,0.0003504504508288271,3179776000000,
-0.07160852436913702,-0.020173255694930562,0.00011930311576997639,3179781000000,
-0.08432392827156313,-0.016074776079711254,0.0002668308420413652,3179786000000,
-0.0633652968987861,-0.004396183887578961,-5.6686098066417026e-05,3179791000000,
-0.07398994100081228,-0.007891498296441427,-0.00023694144317336235,3179796000000,
-0.05089462095780914,0.019904427433105606,-0.00012812459726714443,3179801000000,
-0.06118902374333228,-0.007178605993155149,3.463791058242126e-05,3179806000000,
-0.05329737189087249,0.022812038092614013,-0.0001923423122743858,3179812000000,
-0.06307332331707308,-0.0023374544221229573,-0.00011285741641735145,3179817000000,
-0.04690692766616204,-0.028862221397066217,0.0003778432235751396,3179822000000,
-0.047140858442395926,0.044354385926590675,0.0003679402346377914,3179827000000,
-0.10084466933977314,-0.0024666772099467423,0.00019584216495262163,3179832000000,
-0.07007185976027984,-0.0053081311389123285,-0.0002918413014444681,3179837000000,
-0.05799325318143613,-0.0021140793990463915,-0.0003399838212303188,3179842000000,
-0.08067278677187714,0.004773487372502522,0.00013150919082245737,3179847000000,
-0.07518611509766271,-0.004111273470046005,-6.727256411648265e-05,3179852000000,
-0.051170188156053516,-0.011014340862688949,0.00013119895541228156,3179859000000,
-0.07217370390053085,0.022775746006633627,0.00016211392513018817,3179864000000,
-0.06382844885832234,0.0018382520155094217,2.8167997232009118e-05,3179869000000,
-0.018947787603245544,-0.02277152336236042,-0.00013466650310720027,3179874000000,
-0.061997614408963626,0.023051343355642556,-0.00011131534234808517,3179879000000,
-0.10175741953742183,-0.014749505799370117,-0.00013398459661927262,3179884000000,
-0.07161622729933408,-0.015846945992988467,2.5232651296034372e-05,3179889000000,
-0.053146666211015756,-0.006525019305809054,0.00018964446909847858,3179894000000,
-0.0544745418991687,-0.0023297588524698637,8.520781439977205e-05,3179899000000,
-0.05678661206715497,-0.0013071737704972253,-0.0004532359678546147,3179904000000,
-0.059400871340489346,-0.0018928496740633317,0.0001514968372791693,3179909000000,
-0.029086423188180506,0.00274979903775051,-8.911491287899108e-05,3179914000000,
-0.04630901532408509,-0.005694235114469586,-2.302691435881809e-05,3179919000000,
-0.05459623334015476,-0.01133072493490275,6.406637027801385e-05,3179924000000,
-0.06880742119681237,-0.02727047279326738,-0.00016705043561120539,3179929000000,
-0.05048557562521413,0.0005319584017219101,0.00011559915183365398,3179934000000,
-0.04396110876806429,0.00604532907209898,4.261160429020369e-05,3179939000000,
-0.08362418276582176,-0.0005781405811408841,-0.0003213390557232555,3179944000000,
-0.0622513163212302,0.024490655062731796,-3.119184752643595e-05,3179949000000,
-0.05528622741960251,0.011745472661936871,-9.64642038322449e-05,3179954000000,
-0.08715779035660917,0.01639862584281919,-0.00026721326714288895,3179959000000,
-0.06874883758004598,-0.009596457607650355,-2.438201903744095e-05,3179964000000,
-0.026513064220056087,-0.006382889756366864,0.00022511783692903453,3179969000000,
-0.0555875100851855,-0.0030008497797313974,0.00011125587204599191,3179974000000,
-0.04933779405641929,0.012957918456872166,-5.853197011731314e-05,3179979000000,
-0.08065665526290049,0.009412467254323813,1.6194869502331905e-05,3179984000000,
-0.06343212584740035,-0.009347760946047843,-0.0003261972974125858,3179989000000,
-0.07156509165030202,0.03927426377466784,-0.00032201429991270223,3179994000000,
-0.06400450766887761,-0.005415494479966381,-0.00013392906399610269,3180000000000,
-0.06628516268840987,0.0034218540596266016,0.0003231115795680354,3180005000000,
-0.045328886764766256,0.004359458360220828,0.0001656402654614059,3180010000000,
-0.06533751430239079,0.028662114530599008,-9.646088047555764e-05,3180015000000,
-0.0389527564047833,-0.015985539643853453,-4.891828104239459e-05,3180023000000,
-0.07026423314494536,0.015531656758126405,0.00012529771677461884,3180028000000,
-0.04325192415843119,-0.02215182577240854,-0.0004208682044127697,3180033000000,
-0.06500335650957158,-0.026716348257299717,8.720220146293735e-05,3180038000000,
-0.05798535986150011,-0.019290666951488775,0.0004233483111972329,3180043000000,
-0.08015757190158973,0.011024895339136915,0.0004542835124439448,3180048000000,
-0.06666594231217814,0.020127873947591107,-2.797036931353027e-05,3180053000000,
-0.07415724103355574,0.01954619624948487,0.00020235912600737548,3180058000000,
-0.0846117086383131,0.005425606419074503,6.574361671608869e-05,3180063000000,
-0.038132119294371436,-0.014534297067447459,-0.00034408841012856917,3180068000000,
-0.060433321410271655,0.013901781183892785,9.57626459300863e-05,3180073000000,
-0.07677206093465225,0.014743148569522024,0.0002543715054783218,3180078000000,
-0.05200412677500022,0.03490425985873921,0.00019647982526394247,3180083000000,
-0.11888103959339222,0.05130480777705319,-0.00018540465823943216,3180088000000,
-0.02836904594742852,0.01414090929065428,-2.9542293576737948e-05,3180093000000,
-0.05498293872733335,0.015863473552951018,0.000173110920959055,3180098000000,
-0.10069156113866944,0.0059583861600871505,-0.00012204781060814507,3180103000000,
-0.062133204905689715,0.024771670141031654,-0.00013659883300694078,3180108000000,
-0.059681406922560035,0.017231570706530797,0.00017879930276575273,3180113000000,
-0.03836124946287054,0.018472885232211682,-1.7785787961429313e-05,3180118000000,
-0.044640832377561016,0.016760395549722376,-0.00010003758456677687,3180123000000,
-0.037164333154768935,-0.02097251251257319,9.096474875190498e-05,3180128000000,
-0.05034009858405033,0.012730746937202225,-0.0003128392034632684,3180133000000,
-0.06889750639269188,0.00350761855368407,-0.00013098918773588145,3180138000000,
-0.061203990560570035,0.006548008662448158,2.932044577995231e-06,3180143000000,
-0.03418429683877919,0.010500981330787734,-0.0001961299519547574,3180148000000,
-0.04816845930339543,0.001911641091351537,4.531067124610525e-05,3180153000000,
-0.03104582146325439,0.03349434119646101,0.00014682210645660933,3180158000000,
-0.05847310889511693,-0.02120791431321337,-0.00022617484569493505,3180163000000,
-0.032002702874800004,0.015082152970326007,0.0001547229596001177,3180168000000,
-0.07728156180783534,0.02754819101055323,-4.045779875869697e-05,3180173000000,
-0.07929403073052033,0.027236317735731427,4.895351047558715e-05,3180178000000,
-0.02266024064833999,0.0010818755117879854,-1.167800084129343e-05,3180183000000,
-0.0445415039886635,0.0021420347995376233,0.00022665122402452172,3180188000000,
-0.051349481667967524,-0.026664631409743934,0.0003576858345000572,3180193000000,
-0.04063709569854826,0.010026358624951147,-7.250360472451418e-05,3180198000000,
-0.056317005700466403,0.02231151276213362,0.00019086156528748125,3180203000000,
-0.03484748158033517,0.014692905791503456,0.00032012920517633344,3180208000000,
-0.03098248541939945,-0.005705717814231097,-1.1453526005823462e-05,3180213000000,
-0.057901610485713344,0.020031029501066423,-0.00012944105702024085,3180218000000,
-0.06487547793174869,0.0031725003979569157,-0.0001339818616055796,3180223000000,
-0.06570653902075321,0.008136548578664488,0.0003220877053710865,3180228000000,
-0.019756056519795527,-0.005739898104582053,0.00022315820599744745,3180233000000,
-0.0304180527346283,-0.02529639184027764,-0.00021143007747934697,3180238000000,
-0.05922549504252365,0.010350798077014152,0.00010248024131777996,3180243000000,
-0.03566124196311413,-0.002198360495116404,-9.447755153227948e-05,3180248000000,
-0.025843206661440805,0.005079355077341405,-0.00013172917061651896,3180253000000,
-0.0446166050473952,0.007874867737634251,-0.0002858605017465351,3180258000000,
-0.07516421854125101,0.004492589215675622,1.696847719816177e-05,3180263000000,
-0.0353893306355902,-0.005725202254341656,-0.00028798348024494793,3180268000000,
-0.03949820904155589,-0.021257271345500612,-6.594699410257811e-05,3180273000000,
-0.04743652118545561,-0.006558093294710207,-0.0003734757122968579,3180278000000,
-0.08567500412435179,0.008260670284982268,-1.2569518815039849e-05,3180283000000,
-0.05954176631526653,0.009502913390344606,-0.00010635172093416978,3180288000000,
-0.0482861607140462,0.008811673388779665,-0.0003500098335307157,3180293000000,
-0.04464287174633276,-0.024100327671630006,0.00025573438677602064,3180298000000,
-0.0655942336871382,0.007491162204878789,1.708984766846389e-05,3180305000000,
-0.05623958460311897,0.026700233249187896,-0.0002681574765843546,3180310000000,
-0.08314957498914718,-0.021110576491539003,-0.0002850984459697986,3180315000000,
-0.03565036002685935,-0.006729747459034138,-0.00036511740292461417,3180320000000,
-0.06155738267518187,-0.005464298073140712,-1.9665571566101573e-05,3180325000000,
-0.06612476563358324,0.006312956838946321,2.318619740400028e-05,3180330000000,
-0.06768196826350173,-0.01657306187563558,-8.606054694398476e-05,3180335000000,
-0.041640367748764506,0.017550425263169654,0.00024375523726272028,3180340000000,
-0.046196811016972164,0.009138634413077032,0.0002571460858466573,3180345000000,
-0.07150325749769805,0.02518754344251705,-1.4066417790134928e-05,3180350000000,
-0.05444146747914788,-0.0018688226388198117,-5.6899877007747184e-05,3180355000000,
-0.07370660087592304,-0.002871250094020481,-0.00013245865612232163,3180360000000,
-0.06112549226638419,-0.019952406812460948,0.0002190376873630497,3180365000000,
-0.0897479078550136,0.012134507522658204,0.00010258938939602513,3180370000000,
-0.006236162804458947,-0.015175238990698028,0.0001254983859593138,3180375000000,
-0.0499353994843412,0.014948937125765399,-0.00016834304246879527,3180381000000,
-0.025070885142435523,0.00895637424251265,-6.946354298896642e-05,3180386000000,
-0.055612441170134475,-0.009007579702274792,-0.00026286240146824514,3180391000000,
-0.0774263414309418,-0.017632378462605548,-0.00021769481741493987,3180396000000,
-0.05745938458660335,0.00442096619932757,-5.468630944021023e-05,3180401000000,
-0.035245253222393455,0.003750063960190802,3.444203081089783e-05,3180406000000,
-0.06446876317229851,-0.015416182648046135,-3.27785762328973e-05,3180411000000,
-0.038832999420994455,0.045848327637571656,-5.5920292642024e-05,3180416000000,
-0.0640503567629195,0.022811894041826326,-9.230064638095852e-06,3180421000000,
-0.0720282031805586,0.004634514549130364,0.00021039168906515093,3180426000000,
-0.06611917315703356,-0.036509171634899716,0.0002008993651745666,3180431000000,
-0.06346382290011275,0.0071462296145845565,-7.172808308035915e-05,3180436000000,
-0.04541873521795532,0.02023920642000747,-0.0003014001763839324,3180441000000,
-0.06529204193942006,-0.01112877243303942,-2.4624347513874197e-05,3180446000000,
-0.0812190942022487,-0.02469715974124777,0.0002856664547007141,3180451000000,
-0.04055886560069097,-0.0016305475926689493,7.357767245267379e-05,3180456000000,
-0.06253532441556227,0.008538410777602631,-0.00019633716403603382,3180461000000,
-0.02968981173648242,0.016353594417736546,0.00016451945460511428,3180466000000,
-0.0910105399728092,0.003018704571352342,5.244374842881082e-06,3180471000000,
-0.06968163725980273,-0.0015074370769064302,-0.0003357987559742796,3180476000000,
-0.0458184770606658,-0.009301883061814124,-0.00010550935528574395,3180481000000,
-0.0542055868293038,0.010706688879286979,-0.0005201225779421847,3180486000000,
-0.04641142653268396,0.025862284225291323,0.00012116938905237302,3180491000000,
-0.047930996103878576,0.0019150879986449343,-0.00017211403462276314,3180496000000,
-0.061199716681363266,0.02738616084829042,4.463417137799272e-05,3180501000000,
-0.08345194136521529,0.007484436073369561,-5.779277240754217e-05,3180506000000,
-0.06160779961762819,0.0006127103974657267,9.488523693794425e-05,3180511000000,
-0.06038088888933119,-0.004547977007931785,0.00030408930544071656,3180516000000,
-0.06174957282873267,-0.041637727813119155,2.5044484977568846e-05,3180521000000,
-0.05858966490751584,0.0008101120548698049,0.0003068509656841794,3180526000000,
-0.05051952709401955,-0.00887775853749379,-0.00012957816315454777,3180531000000,
-0.06639966389958651,0.004804051967373052,-2.718225005118384e-05,3180536000000,
-0.033939416094117617,-0.015186536195292984,0.00018882469271612243,3180541000000,
-0.0921820938015934,-0.023136801781851516,4.4321073913394216e-05,3180546000000,
-0.06142125220934298,-0.00652049604462659,0.0003608267015173837,3180551000000,
-0.05060994512899816,3.187535257439915e-07,0.00018478188395327962,3180556000000,
-0.03637858981882662,0.019570375822829503,0.00018542075601475104,3180563000000,
-0.05222398738994201,-0.039654701795187236,-0.00024955836031327817,3180568000000,
-0.07715225261143234,0.03937842830607269,0.00027323826615377,3180573000000,
-0.0631940317367583,-0.01029036286100483,-2.5982887842019626e-05,3180578000000,
-0.048242664781761146,-0.00773683713427306,1.3960903451915105e-05,3180583000000,
-0.04121359063482115,0.03774021709399376,0.00014130522593306462,3180588000000,
-0.06377335921653705,-0.003880457256088842,-0.00010996477933819822,3180593000000,
-0.07745878666504376,0.010030906999815674,1.6496219306677017e-06,3180598000000,
-0.05187386904456279,0.004250070069938732,-0.00014582667476332282,3180603000000,
-0.014149704579796064,0.01800407699180502,0.00019868164453947158,3180608000000,
-0.049772886065431246,-0.0012297692597815035,-0.00017809539130346134,3180613000000,
-0.038808341681748154,0.018361794346908183,0.00010906759650988716,3180618000000,
-0.0669956140031116,0.008630867885403501,-0.0001241050189960201,3180623000000,
-0.03238264581414932,0.01603847007744129,-6.026222967612697e-05,3180628000000,
-0.04932735123074609,-0.010973665016311956,0.00018065577922660875,3180633000000,
-0.056101470413753435,0.00198098952788879,8.279784138028715e-05,3180638000000,
-0.07764523072916862,0.02260514454330774,8.646904989293309e-05,3180643000000,
-0.03055614388733452,0.0074249169991867205,-0.0003189363372137429,3180648000000,
-0.053385880445405993,-0.03915872583115118,0.00014495031893784616,3180653000000,
-0.050205698968680816,-0.009096586857225595,-9.415835718894762e-05,3180658000000,
-0.041614280528554974,0.004640423668260047,-5.385542202375945e-05,3180663000000,
-0.06729934455867422,0.007747946776672619,-0.00013715910344299593,3180668000000,
-0.046873432118959626,0.004929776991639833,-0.0001673561037853202,3180673000000,
-0.07290381156566313,0.024419182622169376,0.00016023842310560594,3180678000000,
-0.05160114054140473,0.0166726947516278,-0.00039955459071365626,3180683000000,
-0.05861292912061664,-0.015230498482193518,-3.5498876066278588e-06,3180688000000,
-0.05597572401853221,-0.0056261854452895,-0.00024316664998184383,3180693000000,
-0.050073502657367194,0.013755085660088606,2.1687684837929347e-05,3180698000000,
-0.07619878179629742,0.010252379851347446,-0.00025846688260229946,3180703000000,
-0.052504700501402005,-0.0023514695369869607,-8.824955424677261e-05,3180708000000,
-0.06472586829766999,-0.02250292159654489,-0.00022204642731780397,3180713000000,
-0.042731548726409316,-0.004359365660515657,-4.996550378107851e-05,3180718000000,
-0.0710849219154947,-0.01700105517324874,-0.000286245870078294,3180723000000,
-0.09711351318723707,-0.022773941542951228,-2.6877930093482514e-05,3180728000000,
-0.029768793287001764,-0.0207122110241033,0.0003774312627118826,3180733000000,
-0.047949147221379204,-0.00856266908572224,-4.233218566458344e-05,3180738000000,
-0.047464956994515486,-0.017139481915528672,-0.00016145934133918573,3180743000000,
-0.07698682204461878,0.01089441307081415,0.0001680578142329871,3180748000000,
-0.06149046346958772,0.02576847761722089,0.0005222192279373488,3180753000000,
-0.0714570798038964,-0.0012816955072701142,4.0743721525004206e-05,3180758000000,
-0.06873253085053166,0.023211185828774107,-0.0001876352254773105,3180763000000,
-0.06050849180211651,-0.02225008717945842,-0.00027243718305816785,3180768000000,
-0.0697278407417016,0.0033887000558781846,-6.844762758678631e-05,3180773000000,
-0.054998276968916,0.010722385598425433,0.0002265714170594088,3180778000000,
-0.07897980987543882,-0.00485558341247295,0.00034407371846375217,3180783000000,
0.004543056684333899,0.020041744280974196,5.77437604794081e-05,3180788000000,
-0.0613368684031762,-0.01760707764694728,9.535718658020372e-05,3180793000000,
-0.0319674680519758,0.0034398351653817157,0.0003424072856059276,3180798000000,
-0.06292467776983109,-0.02081484906322359,-0.00030831520999990904,3180803000000,
-0.0384641846863905,0.004186051347316474,-0.00014335323482399424,3180808000000,
-0.057408952798899245,0.030757197525423052,-0.00040360842576997956,3180813000000,
-0.0489900105302986,0.002494961022113005,4.385358095894405e-06,3180818000000,
-0.056384400335788815,0.007335121404139037,-0.00019350929310533419,3180823000000,
-0.04017451741282097,-0.0073079028262529955,-3.585406977038511e-05,3180828000000,
-0.04793119433765535,0.013642387294814338,0.00032064133159375406,3180833000000,
-0.027409466705801435,-0.0009478549627600979,0.00014235355127022807,3180838000000,
-0.07751043193248176,0.02504260567243134,-0.00010742505787252286,3180843000000,
-0.06387048782459197,0.0018015124649845,0.00022011506856824402,3180848000000,
-0.05153665146672872,-0.005463610980107231,0.00015494899852044877,3180853000000,
-0.07478406841339809,0.016021078911991164,6.186530425506913e-05,3180858000000,
-0.04938748737197187,-0.00024689836521112117,0.00019492440910232587,3180863000000,
-0.033383491051878045,0.015370618780360222,-8.37435125016742e-05,3180868000000,
-0.04903880958284354,0.008642893566278606,0.0001724788446981996,3180873000000,
-0.03977422792471446,0.02247017183824409,0.00016634932107510402,3180878000000,
-0.06586793522890137,-0.01221660536201413,0.0004770131746114165,3180883000000,
-0.08057259040957135,0.009352533307941942,8.813842601515855e-05,3180888000000,
-0.046596587581706095,-0.0007957938532697214,-9.649661786269234e-05,3180893000000,
-0.04454062220535941,0.0039058609755966457,-0.00021354945852255418,3180898000000,
-0.042761513804300336,-0.003955787548214037,0.0007419942822993062,3180903000000,
-0.05567576347821657,0.004433979355816461,-2.204141597657001e-05,3180908000000,
-0.06722977653108635,-0.00451879286765003,0.00010322914250632649,3180913000000,
-0.05296066310296213,0.012639042455767921,-5.703426888517548e-05,3180918000000,
-0.060159400589781205,-0.003401662418166461,-0.00039954175054997807,3180923000000,
-0.04180134483609399,0.0298455634431846,0.00035249643529373313,3180928000000,
-0.06158833354389329,-0.003486891737474654,0.00017557251192500117,3180933000000,
-0.06998242288436529,-0.0005181036094575567,-8.644677582678955e-05,3180938000000,
-0.07120641263376405,0.0043839933678061545,5.005905656369099e-05,3180943000000,
-0.05074454498793204,0.020929756650079706,0.0003327229466531425,3180948000000,
-0.08280837109057829,0.013480821847491702,0.00015571820872485907,3180953000000,
-0.03065892408475527,-0.0018353531231640738,-0.0001209790858260636,3180958000000,
-0.08058717513529043,-0.010316023436718388,0.0002673533181674682,3180963000000,
-0.048988693527380285,-0.004202786209764636,5.9915997989350285e-06,3180968000000,
-0.07503964724927567,-0.026464633355580802,-0.000257353756353358,3180973000000,
-0.062891064865035,0.028497434642832917,-0.0002356196206781928,3180978000000,
-0.05496239381815947,-0.005964459730016798,0.00029067833293380194,3180983000000,
-0.09706600217157192,-0.00877676911170706,-0.0002584284368736349,3180989000000,
-0.05250062859626677,-0.002125902464357605,-3.23516359748805e-05,3180994000000,
-0.0767592362561231,-0.013591386532054597,-0.00024663164939080136,3180999000000,
-0.0755717105169872,0.025725788863403105,0.00015547299973813798,3181004000000,
-0.06864860584570648,0.001724508483851325,-0.0001956609126402545,3181009000000,
-0.08461775787127303,-0.0027307087221576116,-0.0002995214447408862,3181014000000,
-0.08662717524042499,-0.01164146830705782,0.00012938251396628215,3181019000000,
-0.059643153891953446,-0.014718425808076351,-0.00013552138553413196,3181024000000,
-0.085216576826728,0.015481325954826364,2.3379171549689385e-05,3181029000000,
-0.061075467444061525,-0.013824510351978557,-0.0002226159594500954,3181034000000,
-0.05790875107009447,-0.010663661736424338,-8.416342973646901e-05,3181042000000,
-0.07426354645103597,0.016266221374581818,6.711242907491396e-05,3181047000000,
-0.049225556371925994,0.0008577544192156041,-4.530167093517904e-05,3181052000000,
-0.07745737600809152,-0.019853393957460615,0.0002137339597146997,3181057000000,
-0.04199463896411508,0.0036100858691188987,-0.0004314857463174314,3181062000000,
-0.05292063133584923,-0.0019425392739159304,-0.00011348684060556579,3181067000000,
-0.07335664744895065,-0.004750308835748892,-1.5896788755380154e-05,3181072000000,
-0.03607244485401331,0.04243512028506007,-0.0003250706216146374,3181077000000,
-0.07184302746203869,0.012182390528996043,-6.588784726746527e-05,3181082000000,
-0.047952550509788805,-0.01073107321334795,-8.103434101590023e-05,3181087000000,
-0.043911551091579126,-0.010581293509906928,8.647028831825754e-05,3181092000000,
-0.06953069095105752,0.003099934486169937,-3.625998104418781e-05,3181097000000,
-0.07110197549571448,-0.008084571149806145,0.00022147832374237953,3181102000000,
-0.06046383724039009,-0.039773599317737225,2.0471838459239045e-05,3181107000000,
-0.04838910193536174,0.022395572048915627,-0.00010750502160780862,3181112000000,
-0.06317103138644319,0.01948037628590851,-0.0002686575367323625,3181117000000,
-0.0565442813261325,0.018474688667113923,-7.783312166660524e-05,3181122000000,
-0.026669738106631213,0.00038334410761153186,-7.083319700650737e-06,3181127000000,
-0.04358227765544011,-0.030563861645687355,-0.00016557935407304503,3181132000000,
-0.06660183746217573,-0.013528011633424682,0.00013622520298603002,3181137000000,
-0.0635963116690702,0.02778693206750837,-0.00025251251497296475,3181142000000,
-0.06842871930424815,-0.036125844302851276,-0.0002491389014857545,3181147000000,
-0.060361947534255285,-0.0021665597541200847,0.00032127908172004815,3181152000000,
-0.0566494815542903,0.013786002142448028,-0.00019385676646029091,3181157000000,
-0.05603561724561919,0.005075895237613155,0.00019151064250758193,3181162000000,
-0.06190296259292084,-0.006784720260469481,-8.750363961607701e-05,3181167000000,
-0.04425727657415747,0.034296644552735026,-0.0002433722138681225,3181172000000,
-0.045662367842888,0.00556973357508717,-0.00014351690477248913,3181177000000,
-0.0486433961299041,-0.018400471332324128,-3.076263966039773e-05,3181182000000,
-0.06263448937740476,-0.0029797487365388915,0.0003927585532441641,3181187000000,
-0.05893962788853427,0.02398632632173056,-2.5296449780487225e-05,3181192000000,
-0.06218187511356566,-0.019725824738491184,0.00019448195146232203,3181197000000,
-0.05814857331817653,-0.01776525919361766,-4.780004169654381e-05,3181202000000,
-0.046470374502285784,0.029003709566312885,8.310832032774216e-05,3181207000000,
-0.05776083559753521,0.0038439673387605645,0.0003647618110019678,3181212000000,
-0.07902895041682073,-0.013123878181435202,-0.0004258620148098906,3181217000000,
-0.06187817318670977,0.016729622970805085,0.0003333415754426004,3181222000000,
-0.030794521807260722,-0.014258783981065611,0.0004332965317432462,3181227000000,
-0.04218816683774089,-0.0007731813640959964,0.00015422799151947376,3181232000000,
-0.012792232565654475,0.006242941431036387,0.00010908576543102792,3181237000000,
-0.0389523257226808,-0.0175010724300525,0.00011885540509019929,3181242000000,
-0.04968640024518491,-0.009240852562222518,8.208533061806434e-05,3181247000000,
-0.041084721108778546,0.006501522563981889,0.0004655834074761564,3181252000000,
-0.061878899807337934,0.011536534536509513,-0.00013861139470312166,3181257000000,
-0.06350932493614359,-0.01341319066121293,0.00018953933542291266,3181262000000,
-0.05426370634135444,0.017436542384216824,-6.331698829620619e-05,3181267000000,
-0.07342069934431752,0.003521579191904952,-0.00013470675030131403,3181272000000,
-0.05817713381203763,-0.0005872473428966791,-0.00016504106338099958,3181278000000,
-0.06929989259359665,0.01951726057966993,-3.178208452020061e-05,3181283000000,
-0.05682437158855674,0.008250855678165992,-4.118593564239628e-05,3181288000000,
-0.0646111797206249,-0.00836418734686709,0.00024398674014261643,3181293000000,
-0.049492565047838964,-0.016327973963423614,-0.00022696415221700052,3181298000000,
-0.057076567485861235,-0.03410380609546453,-0.000315333963624917,3181303000000,
-0.05368257172911718,-0.016541608182435417,-0.00010715972714044755,3181308000000,
-0.04091024430590599,0.022019446375323076,0.00013456734189461756,3181313000000,
-0.04397507245787992,-0.0025848722680667513,-0.00010076319306751807,3181318000000,
-0.06625961617288603,0.03365779516120274,-4.130221928042159e-05,3181323000000,
-0.05034192430342031,-0.02441571433474957,-7.259125571630651e-05,3181328000000,
-0.06946359117641616,-0.005940199689359639,0.00029326727954168423,3181333000000,
-0.040584675159043,-0.004452463888057523,-0.00014126095763515887,3181339000000,
-0.01609026187147141,0.008911777089394562,2.1088428905234786e-05,3181344000000,
-0.04434250114468106,0.013290526086235441,-7.374796823438382e-05,3181349000000,
-0.07725284597743175,-0.011013458641963698,0.00029029103945344114,3181354000000,
-0.04020046556051135,0.018416061820708807,0.0002241118256960864,3181359000000,
-0.06986006510046817,0.009234084059906703,-7.365542832744797e-05,3181364000000,
-0.06100337645230581,0.002431528672134776,-4.05284294206719e-05,3181369000000,
-0.058897563589969226,-0.0034642186181119573,-0.00013571620158682457,3181374000000,
-0.046248927075690976,-0.016139119851832723,-0.000148223703904404,3181379000000,
-0.02456932822905724,-0.0030813870451672134,0.0005036854599894439,3181384000000,
-0.023176174015119646,-0.030153751578613445,5.837731764828405e-05,3181389000000,
-0.08264441718238315,0.019867157306038538,0.00018834909905707825,3181394000000,
-0.05319611933882398,-0.018930858065868403,-0.0005947752932476414,3181399000000,
-0.04298411897768824,0.01764202623737496,0.00035202301626679523,3181404000000,
-0.04006408448906611,-0.022832730963214747,6.875086218187966e-05,3181409000000,
-0.03351642108295361,0.028799558770849228,9.258181569188627e-07,3181414000000,
-0.051793303530882205,-0.014083086674583238,0.00012958746742865036,3181419000000,
-0.05502791001658869,-0.0035889874315577714,-1.764627063730401e-05,3181424000000,
-0.057857328369833275,0.016779626052374742,-1.2364096789199936e-05,3181429000000,
-0.05038901784698979,-0.005092715403918927,3.794511154177616e-06,3181434000000,
-0.051631787713582636,0.0012944399642764867,-0.00047067077247425326,3181439000000,
-0.0604235543355236,-0.010576308271317988,-6.331511383750794e-05,3181444000000,
-0.06226868800658186,0.0011828761764277381,-0.00018463439462613595,3181449000000,
-0.05524525297781268,-0.018249431153609805,-7.87043648910617e-05,3181454000000,
-0.034276409341893785,0.0020552776393771687,-0.00021231209635612716,3181459000000,
-0.04874413845093101,-0.011708784239793477,-0.00011804007138717009,3181464000000,
-0.025604117539472587,0.007071251401165004,-0.0003350686089201907,3181469000000,
-0.07722609463776946,-0.012827436586088519,-6.434949129966233e-05,3181474000000,
-0.06064784780612137,-0.0035884268285798124,-0.00010521925121016469,3181479000000,
-0.0537443346400294,-0.012575655914072026,-8.276836170546519e-05,3181484000000,
-0.037179422759960244,0.0006828251174926545,8.240122293933306e-05,3181489000000,
-0.0673181770227826,-0.012151099631399055,0.00023641710447457685,3181494000000,
-0.06976376521837514,-0.0017823920029344307,-0.00040339213428204347,3181501000000,
-0.060126230898293234,-0.01212925647277059,0.0002809303657040786,3181506000000,
-0.038811508927317724,-0.0020446158582978786,0.00027660208836573723,3181511000000,
-0.03800914306803803,0.03834083259547399,-0.00016161550694746067,3181516000000,
-0.03740114818450964,-0.006718014312189263,0.00029768914009100603,3181521000000,
-0.03942501927922458,0.010729330168511388,-0.00015612214852255303,3181526000000,
-0.07673044583427982,-0.024564232795953208,-0.0002561536278955536,3181531000000,
-0.07879280966214258,0.004563331470172549,-0.0001767294381443831,3181536000000,
-0.06912160915186291,0.021096817368785013,-0.0002656088301749016,3181541000000,
-0.049096369428952444,-0.003866187574754336,1.1262705197755427e-05,3181546000000,
-0.06515429907309826,0.0360780886742793,-0.0004721266088323403,3181551000000,
-0.04197689606746851,0.024527390363519686,5.9070811481115236e-05,3181556000000,
-0.043073822006542854,0.0023152739718591653,8.163272483350922e-05,3181561000000,
-0.06691386562956556,0.005896630179083691,0.00014898576575676317,3181566000000,
-0.04144455388673528,-0.01288521044442688,-0.0002877506819837915,3181571000000,
-0.05393082138563644,0.03189112977746252,-1.284786259342191e-05,3181576000000,
-0.06749788784488252,0.023005937754118275,0.00023398421073555437,3181584000000,
-0.067859772069461,0.02645738590280827,0.00016008756794998308,3181589000000,
-0.05819205764454314,0.005619363660349973,0.00018055062971836835,3181594000000,
-0.039422511864951985,0.012005151366882957,0.0002710927943265643,3181599000000,
-0.051605264555305445,0.0082018015946239,3.7019617960464706e-05,3181604000000,
-0.07657978104583234,0.014217800970224063,0.00018270382147784697,3181609000000,
-0.02432550234482146,0.022763511778460876,-0.00013021293128745177,3181614000000,
-0.047966440589960066,-0.006605931359566173,8.247547808051068e-06,3181619000000,
-0.057422947645168185,-0.004870691918775739,-7.28914257057638e-05,3181624000000,
-0.04455803559516741,-0.0005570588262884256,-0.0002031370188767427,3181629000000,
-0.09663015772967645,-0.01214323931828947,-0.00011690310394632068,3181634000000,
-0.026451450718910505,-0.0037654565637844735,8.829792682411352e-05,3181639000000,
-0.06074207823228532,-0.041784881798092234,6.697050241666713e-05,3181644000000,
-0.06601284355155002,-0.007532640340887937,2.2838432170848714e-06,3181649000000,
-0.046271792374783356,0.010663015735890277,-0.00011246030939605885,3181655000000,
-0.051344220242408756,0.0021534521914683092,0.0002591466573428593,3181660000000,
-0.06371507536534596,0.013276777496559979,8.773805689667217e-05,3181665000000,
-0.06701718647506152,0.005382976668622467,3.218623785659044e-05,3181670000000,
-0.05890190327975312,0.005175649512864725,2.1360476442404493e-05,3181675000000,
-0.04062172832162593,-0.010488350747894774,2.9027318038710414e-05,3181680000000,
-0.06537585369391945,0.0058799541345284125,-5.931493469995626e-05,3181685000000,
-0.07797634117583939,0.013904646955237156,-0.00016599037303912203,3181690000000,
-0.034097379184020546,0.030917340293158443,9.7150790412081e-05,3181695000000,
-0.0510629140806224,0.017043466393003668,-7.540156544663653e-05,3181700000000,
-0.07510821742227881,-0.012656248185808723,-0.000375619136658153,3181705000000,
-0.07036970671348518,-0.00641394419461027,0.00018496904903646564,3181710000000,
-0.05646863461559052,-0.003916801080518599,-0.0002596674753771061,3181715000000,
-0.03508946335917153,-0.0023322367008908186,-5.476181275928616e-06,3181720000000,
-0.05168002885460077,0.014195732687034706,-5.2601761778615835e-05,3181725000000,
-0.06534330267172432,-0.009514182858886625,6.760563875801645e-05,3181730000000,
-0.05875350660453492,-0.005148236669911535,-0.00019944366336884512,3181735000000,
-0.0484556647478129,0.0038737657041832403,-9.752646747396328e-05,3181740000000,
-0.02205970575406982,0.01633481032966583,0.0001809151282578791,3181745000000,
-0.04543759154604629,0.007817342102008133,-5.8062523886937596e-05,3181750000000,
-0.05160339940667775,0.015389144027540687,5.78445772209443e-05,3181755000000,
-0.06304820283467587,0.004509513154886939,0.00013584704517143317,3181760000000,
-0.06706993355795896,-0.013332245943766566,-1.6176072346412927e-05,3181765000000,
-0.07330188063329549,6.370486470990593e-05,-7.634405319503286e-05,3181770000000,
-0.07175679575053824,0.027734939699480234,-0.00012453753595933104,3181775000000,
-0.044121373068909606,-0.020333784998944938,-0.00020782779458399726,3181780000000,
-0.06903440450352744,0.011421025631473044,0.00022400591160360493,3181785000000,
-0.063593830681936,0.03188409486739464,-6.524887030681053e-05,3181790000000,
-0.07534050071989618,0.012910244691995514,-0.0002094279413134683,3181795000000,
-0.07257795062144734,-0.01634552808600471,-0.00024198569927115428,3181800000000,
-0.0381096872071418,-0.010680215605104662,6.652503053937348e-05,3181805000000,
-0.04685986225833191,-0.0013189318103290198,-0.00010052826009136515,3181810000000,
-0.04541528978838223,-0.002165036653235807,0.00015088552642552038,3181815000000,
-0.04908848469851691,-0.015047228436515583,0.00035176502156195386,3181820000000,
-0.05492996070133777,-0.003950009325981933,-0.00010139980542229933,3181825000000,
-0.06447856125828744,-0.007368511561561425,3.311468941799439e-05,3181830000000,
-0.07048805258240914,0.0001742650489255052,-7.473927083742385e-05,3181835000000,
-0.05939250330288018,-0.02511318078750819,-5.0328493688496066e-05,3181840000000,
-0.0731672459992331,0.015605756960056156,-0.00019443847407898314,3181847000000,
-0.03731915165793533,0.005579136404709281,-7.36457549415012e-05,3181852000000,
-0.06665769835238607,0.023281491769897928,0.00027026074535224887,3181857000000,
-0.07886410191174544,-0.01213434434586927,0.00017451699952333895,3181862000000,
-0.07134972015554254,0.0031929648212062744,-6.590430479497723e-05,3181867000000,
-0.04265071441646325,0.013624983014809418,0.00016972239118083195,3181872000000,
-0.050844795177535686,-0.0026321127984067065,0.0003209665029144573,3181877000000,
-0.049632710661870916,0.0008347800532515698,-0.0003993736901978721,3181882000000,
-0.09394791772716017,-0.014556391267645715,-0.0001706546562850001,3181887000000,
-0.04540768512295489,-0.0037523477725670005,-0.0001712000505059253,3181892000000,
-0.03905041290631486,0.0031169588197641697,-0.0002594775196717938,3181897000000,
-0.08132910875442462,-0.01342679329567007,5.735004932421542e-05,3181902000000,
-0.0484058676602301,-0.01864270577206247,-0.00013860713110357074,3181907000000,
-0.05011704227500334,-0.002519419854684385,0.00011769710188661587,3181912000000,
-0.04889948535626431,0.013033606060417523,-0.00023930265459307183,3181917000000,
-0.048025735763566446,0.0148698325887846,0.00021711765512830893,3181922000000,
-0.06425798004128412,0.015745986667997043,-0.00014760560429624052,3181927000000,
-0.058600938945265454,0.0007212990095959065,5.595645331507435e-05,3181932000000,
-0.06710145890873652,0.047578026835199815,-0.000223840169188695,3181937000000,
-0.06937477884882313,-0.0006784042312052662,-0.0001626221564164002,3181942000000,
-0.058610013473469724,0.008359769702134274,-2.659601038520346e-05,3181947000000,
-0.05907854483812884,-0.00023064379803705549,-5.4420502652988335e-05,3181952000000,
-0.03059454994587528,0.02478954912200827,0.0001931659019344354,3181957000000,
-0.05067017511172779,-0.00202596294323875,-0.00022257423165641027,3181962000000,
-0.08710367730437599,0.006930821935967348,-0.0004099567323062335,3181967000000,
-0.04183625624633425,0.003939022219733449,-4.0651662791527805e-05,3181972000000,
-0.04314009453850039,0.007373450461778342,-1.7239549846077234e-05,3181977000000,
-0.05147189268245245,-0.008938529084238162,0.00022284669460628418,3181982000000,
-0.05916698828503156,-0.013645565715358942,0.0004251454588859801,3181987000000,
-0.08022260949166347,-0.008188735160463685,-0.00018576308993604044,3181992000000,
-0.04413405636292822,0.005372808487328748,-0.00027317769015590637,3181997000000,
-0.06753917529223993,0.0030225362304016714,5.288645585283416e-05,3182002000000,
-0.055660670526670515,0.006312676166058495,-0.0001071628254621848,3182007000000,
-0.07636827650068542,-0.018618885374311885,-0.00033267054466430397,3182012000000,
-0.030914931180817996,-0.009320069412335874,-0.00033455028304343464,3182017000000,
-0.046387811896380346,-0.008998043367323301,-0.00019855154486206849,3182022000000,
-0.05848656717948785,0.0012497831994324382,0.00030009173074418467,3182027000000,
-0.055781121294253236,0.0025521953714035643,6.011421992707486e-05,3182032000000,
-0.042705649317405774,0.009704220114478839,9.354833493360362e-05,3182037000000,
-0.08942771405662489,0.017451273793033538,-7.99612925521969e-05,3182042000000,
-0.08111528204511767,0.010543084107371585,0.000366140306633756,3182047000000,
-0.022605857807412533,0.033273884241573015,-0.00011780424818220192,3182052000000,
-0.06846519850894892,0.007143558154474658,-0.00018858013319655956,3182057000000,
-0.060825139408381905,-0.0027522571062564443,5.81507758995279e-05,3182062000000,
-0.05264353377132048,4.221246296289894e-05,-8.798588426886362e-05,3182067000000,
-0.06893416470650823,0.0037619151544165015,0.00016700289444903393,3182072000000,
-0.053065744229230015,0.005138637309260305,0.00014545406751785287,3182077000000,
-0.0465649615558523,0.008681302659505544,-5.780192589972286e-05,3182082000000,
-0.04985431068095235,-0.01761099091157316,0.00021406813661320145,3182087000000,
-0.036301365716083445,0.0194279904526254,0.0001849259985405988,3182093000000,
-0.03629460275432525,-0.012651891093869237,-3.68025958585097e-05,3182098000000,
-0.07612298388266904,0.014784461428113044,-0.00035263186514939115,3182103000000,
-0.052050005178163126,0.01907859995674218,-0.00035929476274239254,3182108000000,
-0.0754066696149295,0.010170090355436034,0.00012499549129738364,3182113000000,
-0.06385548235771436,0.02440354640737522,-0.0003622343860261418,3182118000000,
-0.04915153340131824,0.03921571986559574,-0.0001464544299536444,3182123000000,
-0.06759717838330927,-0.007018595510341074,-0.00013997533819877866,3182128000000,
-0.06624747186372756,0.005879143234735151,-0.00018473440623874716,3182133000000,
-0.053371863392608854,-0.005007652156592539,0.00032673692232839557,3182139000000,
-0.09964978910205526,-0.013059536836080887,-2.176480555710706e-05,3182144000000,
-0.03381858091267558,0.019663818395552993,0.00012223193419701458,3182149000000,
-0.09040374368022805,-0.015967797617264155,0.000188561598765139,3182154000000,
-0.04588477775686425,-0.01885507115848715,-2.9121092053974497e-05,3182159000000,
-0.04561140776064912,-0.012003615952536802,-0.00013913484018485462,3182164000000,
-0.07646300725769983,-0.003973535363015947,0.0003304408380037159,3182169000000,
-0.05721332568619459,-0.006739235899349594,-0.00021336457781949926,3182174000000,
-0.0425320609248326,0.015479885270981123,-0.00013181800208614706,3182179000000,
-0.07541845688607943,0.006448015807758847,-0.00010451614315210147,3182184000000,
-0.045295069480590346,0.016242161708324297,9.92934037673455e-05,3182189000000,
-0.08777146936541502,-0.00649629512664606,1.632152419770264e-06,3182194000000,
-0.06263895098432944,0.025113227998875467,-0.000142231118710313,3182199000000,
-0.038951556560744206,-0.008513472645719533,0.00021344979602957526,3182204000000,
-0.05711908883906905,-0.010967383205291977,0.00012536690718081858,3182209000000,
-0.05830111986620274,0.02480135007923416,0.00014456609406511708,3182214000000,
-0.07091631715618829,-0.008230269726240535,0.0002767598335256372,3182219000000,
-0.04509813755115753,-0.020698838783785995,9.5828050726886e-05,3182224000000,
-0.028813861276645248,0.002376971832997739,0.00012913963149869983,3182229000000,
-0.05732535841147641,0.029726244243161205,-9.58235553724195e-05,3182234000000,
-0.044592115055829926,0.02948484828734236,-0.0004939860400311277,3182239000000,
-0.05207980652669876,0.0032128703285137627,0.00042073523474463426,3182244000000,
-0.08990828595813842,-0.018262843015780135,-6.560449927114093e-05,3182252000000,
-0.06030854362425734,-0.0033260588941094113,5.3597882536919536e-05,3182257000000,
-0.05388423046135532,-0.024721475337174306,-4.682379373385196e-05,3182262000000,
-0.0709818184267525,-0.00543207819551492,1.583202789880204e-05,3182267000000,
-0.06454122401257302,-0.011493287171898174,-2.805690819800339e-05,3182272000000,
-0.06423096397011738,0.0039129859090112525,-0.00015357805852891115,3182277000000,
-0.07352010660227626,-0.022295060681739993,-0.00010769230689919118,3182282000000,
-0.005941469750915258,-0.0028694733426251266,-0.00013611328728640117,3182287000000,
-0.05026740678555517,0.01800187215148218,5.550238578101826e-06,3182292000000,
-0.08372300934551483,-0.015877276478118426,0.00010595399978038793,3182297000000,
-0.04541357861473991,-0.0018422788097277778,-7.452866029015352e-05,3182304000000,
-0.02141980613948901,0.007858883845203463,5.2626068679250045e-05,3182309000000,
-0.06322000198562358,-0.0008625615448452542,0.0001318158961061582,3182314000000,
-0.050551056231356126,-0.018963417302492066,5.571645476785584e-05,3182319000000,
-0.020673531669618606,-0.05130971802229187,-0.00034694373333593793,3182324000000,
-0.07939799945534162,-0.04161715309819458,-0.0004011332516395792,3182329000000,
-0.06235651871073243,-0.023130884134106692,0.00021649513627071062,3182334000000,
-0.04897779190880218,0.014526405426723428,3.503011232936667e-05,3182339000000,
-0.04956527684328941,0.026900297170502945,2.9689815056033526e-06,3182344000000,
-0.08477424832412205,0.016548365655921733,-0.00026261420602275587,3182349000000,
-0.0611593393051085,0.025119027700088073,-0.0003837777999127601,3182354000000,
-0.07093542222333171,0.005950066699529601,0.00011196953698662828,3182359000000,
-0.05611918622768068,-0.012852042287188975,0.00027438793479467115,3182364000000,
-0.04729696994168323,0.01406951523615253,-0.0003318679479437408,3182369000000,
-0.056557588087236384,-0.01524702337724752,0.0002191059341029806,3182374000000,
-0.049131017391798794,0.009514905234176535,-4.707958119041667e-05,3182379000000,
-0.07421624038731829,-0.0137353154713582,-3.75699366946723e-05,3182384000000,
-0.04230970134980279,0.007924086913521183,0.00010234162324570773,3182389000000,
-0.05576818733726249,-0.004993961222005522,-0.00012409187102442235,3182394000000,
-0.08908289652445808,0.026719646777611655,-7.15128064342759e-05,3182399000000,
-0.06478819089408659,-0.0190330154764064,-0.00015342983383486344,3182404000000,
-0.07901162009719459,0.012751018569452415,-0.0001335824909992687,3182409000000,
-0.06894633645016499,0.037918611242503425,0.0003676844426685634,3182414000000,
-0.045710973165421824,0.035907347638014335,0.0003821980635969445,3182419000000,
-0.04821756135192117,-0.022870652206886437,-5.8975253591800794e-05,3182424000000,
-0.06104497227976121,-0.011669904854426115,0.0002121647313516828,3182429000000,
-0.02088354931064365,0.020336379310356,-5.840434253756661e-05,3182434000000,
-0.03739589649973256,-0.015168440937436972,-0.00033919455570241607,3182439000000,
-0.06289933629021316,0.0058722489728103115,0.0003498916299201629,3182444000000,
-0.060831937443746376,-0.013136743584750924,-0.00014232002750347991,3182449000000,
-0.062397591464523054,-0.0014496675824288484,-0.00016215027076903497,3182455000000,
-0.06068637221458018,-0.007774695279966776,-0.0001677324225361656,3182460000000,
-0.011006866709629297,0.004948676676348032,-0.00019223285189747574,3182465000000,
-0.04198024619753908,0.025566906600560668,-0.0002005143632624522,3182470000000,
-0.06504802140016491,-0.001143519080518001,-0.00017558310568495297,3182475000000,
-0.053306684784348954,0.001924283312045603,-8.490188852463511e-07,3182480000000,
-0.047488008815401994,-0.015081746996159677,0.0001881553646534989,3182485000000,
-0.05156290366728519,-0.012538277795405865,-3.456606521053914e-05,3182490000000,
-0.06305057199530044,0.0014687374274741862,0.00026838592174009587,3182495000000,
-0.05215554659506881,-0.009817498085090366,0.00018947901701943075,3182500000000,
-0.02798462240550445,0.004812936133662336,0.00024735082142544494,3182505000000,
-0.09095967427224869,0.017269724836009574,0.00010221945089931915,3182510000000,
-0.04110840505248758,0.007714878279953336,-0.00027624086412807527,3182515000000,
-0.053760376365169206,0.03897106512703166,-1.4698124660941001e-05,3182520000000,
-0.05914125525384252,-0.0006315494078642643,-0.00021976112858076367,3182525000000,
-0.04451670291006139,0.011387578467871038,-2.3496134265639835e-05,3182530000000,
-0.055849943439920044,0.005010775893987332,0.00020692232217909054,3182535000000,
-0.03776798072070053,-0.010583814000462832,-0.00011097542970455041,3182540000000,
-0.04964527315502044,0.006548099545033572,0.00017009547960258946,3182545000000,
-0.06717062535230543,-0.00590054857894046,0.00010837572092513833,3182550000000,
-0.05089951993137249,-0.004390503079215754,-0.00017642819372195017,3182555000000,
-0.06304120791196544,0.012476307403816365,-0.0001559843485633075,3182560000000,
-0.056719957094009794,-0.016180513174912182,-0.00021664832599358125,3182565000000,
-0.025891260425338337,0.02600401045147063,0.00034987720044259705,3182570000000,
-0.08592727846322502,-0.01717896404422179,0.000240846740371433,3182575000000,
-0.06260920027758929,-0.01931349582221643,-5.2681839566648034e-05,3182580000000,
-0.033666491572346746,-0.0002407802752781294,-0.00028423723419385616,3182585000000,
-0.05739999330762335,0.03001109927921122,0.00015055733613530042,3182590000000,
-0.0598539620919695,-0.020064147033768458,0.00017785352769024554,3182595000000,
-0.06700762530935984,0.015298562385628494,-6.360102811163944e-05,3182600000000,
-0.05039325232212222,0.005794855618090898,8.741348349683868e-06,3182605000000,
-0.028747276230178195,-0.008544581237941063,5.586789643789322e-05,3182610000000,
-0.03655691037422615,0.020858590513380394,-0.0005650740140274342,3182615000000,
-0.06723937348980764,-0.006116722729769389,-8.49002534587047e-05,3182620000000,
-0.04617875638428183,-0.009060900162553818,-0.00010828390790365862,3182625000000,
-0.0503604623038307,-0.021710188519384596,0.0002593595338833506,3182630000000,
-0.06541348613685614,-0.0016093714978763134,-0.00010943715671559054,3182635000000,
-0.05097326481566672,0.008599237861410303,-7.725590231558636e-05,3182640000000,
-0.07887019732799036,0.02260606348554384,0.00021585735578830197,3182645000000,
-0.031865815216355196,0.0031568188723690525,-0.00022976936040094916,3182650000000,
-0.027140569499083143,-0.010572670821440328,-4.4557605739994785e-05,3182655000000,
-0.0764318756441502,0.008272861542775777,4.4587347858119735e-05,3182660000000,
-0.08639848730583147,0.030926802664890354,2.3428480529241266e-05,3182665000000,
-0.037849493142704055,0.01889598605250384,-0.0004353636068418878,3182670000000,
-0.044431845118001335,0.0062589575781365585,4.752782946819199e-05,3182675000000,
-0.06310620015971448,0.010365666020695795,4.806291486929528e-05,3182680000000,
-0.021637795754024143,0.005672937230912968,7.367794332790823e-05,3182685000000,
-0.05215146663093773,-0.012151680511671736,9.034016149849153e-05,3182690000000,
-0.07119524344877401,-0.015919196414993005,-0.0002530548514201832,3182697000000,
-0.04277889396422545,0.016903393338860647,0.00017609632114975427,3182702000000,
-0.015028181977898195,0.02274162892169321,-0.00010931918337412094,3182707000000,
-0.04382451869722964,-0.0055575860389285425,0.0001536858976206979,3182712000000,
-0.03869226715254441,-0.003015958617777542,0.00017335059986089748,3182717000000,
-0.028906265938936856,-0.004411509383955145,9.84858930829264e-06,3182722000000,
-0.09132340264567201,-0.028328731083917667,0.00021412901981325197,3182727000000,
-0.03958883900048772,-0.0029750671106630587,-0.00026720491721238227,3182732000000,
-0.020791551049209725,0.007602286824288412,-0.0001183822492120905,3182737000000,
-0.07253780081512697,-0.0022158069374799924,-0.00022224735080687423,3182742000000,
-0.04414918070470143,0.009520014454953134,-5.4020194386327735e-05,3182747000000,
-0.07315879880922926,-0.025318526620581736,9.804204618453796e-05,3182752000000,
-0.05995212147551614,-0.011207248174164169,5.165478917048845e-05,3182760000000,
-0.07211554292606105,-0.02708087707210905,-4.427594109768275e-05,3182765000000,
-0.019083034619818036,-0.0219416097992564,0.00032315721461576344,3182770000000,
-0.039164392266912276,0.015750254721953877,-7.778754893675318e-06,3182775000000,
-0.0361366107717241,0.00731747683998651,-0.00033046374047376376,3182780000000,
-0.07927917859894776,-0.02347378425144988,-6.484068496084525e-05,3182785000000,
-0.07280382449256624,0.004805865358722208,9.943179664118465e-05,3182790000000,
-0.053509170554093134,-0.020715020948114886,0.00015302270622141165,3182795000000,
-0.03311583674894542,0.008286127595561894,0.0002746048534777786,3182800000000,
-0.0799334196433483,-0.01838821118859911,-0.0003857877662523272,3182805000000,
-0.08181200130543964,0.005446939799558029,0.00026662517715528067,3182810000000,
-0.0525605740212973,-0.008373662483385627,0.000259588566251109,3182815000000,
-0.03129176867793434,-0.024172360611514617,-8.241650723104717e-05,3182820000000,
-0.0654874475979017,0.0009837419572245258,-4.284123699246552e-05,3182825000000,
-0.07822505699266433,0.04273316322333932,-0.000309301215057222,3182830000000,
-0.05102488076624061,0.025492674320064985,-0.00026908871195771344,3182835000000,
-0.06168869608985476,0.00485999821964085,-0.0001541645899677954,3182840000000,
-0.045376226657625474,-0.00235607093889676,3.1198652911032174e-05,3182845000000,
-0.08201648218867989,-0.00880336104287693,-0.0003693542041817133,3182850000000,
-0.02026413699766818,-0.01376075464705442,1.8636753204970964e-05,3182855000000,
-0.042112720252086254,0.012295105955557715,-0.00023126313450062705,3182860000000,
-0.03512149930489454,0.012012516387102228,-0.00012653365960570235,3182865000000,
-0.05084221940257519,0.016964635627335183,1.9109081797851505e-05,3182870000000,
-0.03871647421286405,-0.0041481309844358235,-3.284066472136089e-05,3182875000000,
-0.058824470042550446,0.025427063878587935,-2.1699211561024426e-05,3182880000000,
-0.05738083412045206,-0.0034061196698552533,0.00018349605896447225,3182885000000,
-0.08716856001003977,0.011275674647925428,0.00013975453140027688,3182890000000,
-0.06509223516770171,0.009855672704591482,0.00046121925562570237,3182895000000,
-0.05955314110733742,0.008565528947517786,0.00019431637658397276,3182900000000,
-0.0705632780556126,0.007545214417599568,0.00016863830207340308,3182905000000,
-0.047991037468093835,-0.008804438017986508,-0.0002327206429241018,3182910000000,
-0.03466670654653473,0.00474169577794714,-3.8897179111029736e-05,3182915000000,
-0.056392122511757806,-0.0075527677996945035,4.7484309013217556e-05,3182920000000,
-0.035928446089774496,-0.0202764895602779,4.346294819665858e-05,3182925000000,
-0.07608980480648198,0.0026331974342151767,-0.00025811607505576154,3182930000000,
-0.0363667855283117,-0.03057496015541266,-0.00023291700770693122,3182935000000,
-0.06690310252460811,-0.016851357965092077,0.0003053900316414405,3182940000000,
-0.07973389663529362,0.01823904181095085,9.360934125964996e-05,3182945000000,
-0.06490569241207908,-0.00604361124732064,-0.00025666813225493833,3182950000000,
-0.0243162831833584,-0.02024615979086122,0.00016365287302357254,3182955000000,
-0.06723112943108998,0.018044075905503693,-0.00019532506587199706,3182960000000,
-0.010869333649774625,0.012300295113058423,-0.00020918833950523476,3182965000000,
-0.06785542088189421,0.026708279466361336,-2.3737631880982247e-05,3182970000000,
-0.05322906899918991,0.023365333690218017,1.267423808305501e-05,3182975000000,
-0.05487074219115218,0.010005692340951654,0.0003504823300189411,3182980000000,
-0.05390072201722849,0.012206050845018367,-0.00034986029461682065,3182985000000,
-0.06128101862141416,-0.015074683487231788,-0.0001803353519032794,3182990000000,
-0.05785201383001622,-0.0013173654108932253,-0.0003324885432127726,3182995000000,
-0.048280522484485444,-0.016779094056123142,0.00014511390765802967,3183000000000,
-0.04915875959675145,0.00523891961098271,-3.828194342233823e-05,3183005000000,
-0.055001816643562934,0.002959563793315894,-0.00018769240994895566,3183010000000,
-0.043999621037780295,0.0321164649713873,-9.282210413382961e-05,3183015000000,
-0.03673822919477994,-0.030455216831047634,0.0004051284670133932,3183020000000,
-0.06434017925295313,0.03460625453399506,-4.5267334837866586e-05,3183025000000,
-0.08533599528783055,-0.013763457782503562,-1.5495004792240094e-06,3183030000000,
-0.06695942685372915,0.007128060502683739,-0.00031292613797552325,3183035000000,
-0.0518068292235696,-9.551425797351635e-05,0.000193903166025723,3183040000000,
-0.07303187453423801,-0.0016136629506709678,1.8388768287252455e-05,3183046000000,
-0.04549530590270611,0.04077579299872829,-8.645061453120163e-05,3183050000000,
-0.03683317270890092,0.00037227106203417985,-0.00010429048171714877,3183055000000,
-0.03988596731386849,-0.008225551795121027,9.003237282517067e-05,3183060000000,
-0.048715025850174426,0.004334422005654791,5.464967947796096e-05,3183066000000,
-0.07890585987399557,0.022434795106900322,0.00018941257971076336,3183071000000,
-0.05840791087586242,0.015534607807905514,-0.00018205896887438296,3183076000000,
-0.06883380085645396,0.024793238829074412,0.0003945462724555755,3183081000000,
-0.060544365503193615,0.01944148981427903,0.0001871700360695401,3183086000000,
-0.038041990526665626,0.021947487708261115,-3.1154383762111546e-05,3183091000000,
-0.0558863817817198,-0.01463803242212493,9.964012533287329e-05,3183096000000,
-0.05705761355677895,-0.013726521361553442,-7.873281419708611e-05,3183102000000,
-0.05546361244999782,0.005458325039848027,-6.873657015364324e-05,3183107000000,
-0.06429067963865766,-0.009800088113910265,-0.00018830162776029173,3183112000000,
-0.05305683985435248,0.011262837249329118,-0.00020196994406278398,3183117000000,
-0.0630456955895869,0.004207246650304244,-0.00013670868416412995,3183122000000,
-0.04971992359102156,0.0036235076066779602,9.482262413879751e-06,3183127000000,
-0.04700787523624416,-0.01346073636791717,-6.20162776381152e-06,3183132000000,
-0.03345776231337613,-0.006279860960046415,8.586636236353751e-05,3183137000000,
-0.035857339980215605,0.0020574610898719606,-0.0002025979990999453,3183142000000,
-0.06806066931344734,-0.00817821710309693,0.00022686694217287682,3183147000000,
-0.04806707266112952,-0.03632850038835334,0.00011223333424449225,3183152000000,
-0.05737261734272851,0.014437118597639789,-0.00012202757950118534,3183159000000,
-0.033662095835841066,0.020487882099353445,0.0001891757092215257,3183164000000,
-0.024340693409496836,-0.0036743330676401557,0.000136004358082406,3183169000000,
-0.08081005301425398,-0.03211763570815038,-0.00013279368248233345,3183174000000,
-0.06250234536697327,0.01704694546279965,0.00012369628662966788,3183179000000,
-0.07151842978991702,0.008677842713249128,0.0002652307942159137,3183184000000,
-0.052779699589439094,5.669047588217403e-05,-0.0001861140244659543,3183189000000,
-0.05942496594786301,-0.0038006325978954536,-0.00036563611482774016,3183194000000,
-0.049381945306714664,0.015299465741930073,-6.140718485200061e-05,3183199000000,
-0.06481495759240966,0.025449406029879326,-0.00036076818005211506,3183204000000,
-0.05021446304650424,-0.008404252768109757,-0.00022418167881379635,3183209000000,
-0.03945099189924538,-0.0016247360267208734,-6.148137756231021e-05,3183214000000,
-0.06922441188858373,-0.013278895793889198,-8.469609683054131e-05,3183219000000,
-0.08892009281995196,-0.016975323488181975,9.381493183515561e-05,3183224000000,
-0.0448410889379084,0.0076364235877016545,0.00012675814020057837,3183230000000,
-0.04265032661395424,-0.011701072814011282,-9.693182258494437e-05,3183235000000,
-0.07033271934370622,-0.0036021849768009184,-6.66443963902545e-05,3183240000000,
-0.07112883435587618,0.018688355827905668,-0.00027753695381419803,3183245000000,
-0.07157726747917903,0.046768077557064164,-0.00023433915181078388,3183250000000,
-0.07545306917042983,-0.02332779068348828,-0.00023353630221502455,3183255000000,
-0.07079329546777179,0.02928428148998868,-0.00014659645421518898,3183261000000,
-0.02546462928101128,-0.005462285083855676,0.00012870971810295125,3183266000000,
-0.07288296644372909,0.013521318864668107,-0.00020046204871817608,3183271000000,
-0.05459283338824311,0.01514825403704802,6.026777852911175e-05,3183276000000,
-0.06862565607263693,0.025383219656425857,-4.347254723047825e-05,3183281000000,
-0.05893545379936174,-0.019905934323040903,8.304505284764126e-05,3183286000000,
-0.042524399274433244,0.0009895808636955733,-0.00016727000543486967,3183291000000,
-0.0673696313300158,0.00805945605815146,-0.00013658635869782625,3183296000000,
-0.046971318106072316,-0.029483709799597364,0.00032318442294269797,3183301000000,
-0.07487962937819992,-0.005700006933531739,4.863527798814709e-05,3183306000000,
-0.038455877414904506,-0.01398612317587852,-0.00016186380565916348,3183311000000,
-0.0309784462689982,-0.014750309344048916,-0.000187760953321196,3183316000000,
-0.0929405746999497,0.02538051318857349,-2.1728616111001836e-05,3183321000000,
-0.049189580011663035,0.011407897536011803,0.0003372702986784852,3183326000000,
-0.0756927783503765,-0.0005427344179527959,0.00037193708426137807,3183331000000,
-0.08226568093924178,-0.0035919217624859824,-7.985139696345473e-05,3183336000000,
-0.05442776884464047,-0.0014493435026297656,0.00018355027214789896,3183341000000,
-0.045502881829287814,0.02612401622459405,-0.00039565108867461676,3183346000000,
-0.06175628819214492,0.010356037761022523,0.00010946490855032737,3183351000000,
-0.04563621081102267,-0.01764445769393248,-3.896949322320484e-05,3183356000000,
-0.03557296474256567,-0.01962399412645909,0.0003064605901134412,3183361000000,
-0.02033174856688078,-0.003291182379060433,3.1299628904582416e-05,3183366000000,
-0.07047877294579813,0.027079232125467773,3.25650185023008e-05,3183371000000,
-0.06421924158799641,-0.010268280368411316,0.00012885463435820867,3183376000000,
-0.056684212537122025,-0.023576683332898384,3.4311128873165365e-05,3183381000000,
-0.05118788608689324,0.04961246990050318,-0.0001944190741065194,3183386000000,
-0.051542381547544605,-0.002268837018581037,0.00025549444728083123,3183391000000,
-0.054216619144141706,0.024282783590178082,0.00010358303774737455,3183397000000,
-0.07295962761238432,-0.028464948464456165,0.000159295950196937,3183402000000,
-0.0544474453016169,-0.029115863738594046,0.00022817303751986178,3183407000000,
-0.0600434893490622,0.014222532080735718,0.0001857170087520733,3183412000000,
-0.06049175427416201,-0.0067652785739653635,3.198764020492716e-05,3183417000000,
-0.0652988548952866,0.007593077983380677,-2.334954265136494e-05,3183422000000,
-0.0669532449619164,0.027789898035487728,-0.0001696637272160907,3183427000000,
-0.05649385097974948,-0.010577618558282688,0.0003860349584323159,3183432000000,
-0.09347662503316079,0.007223137483710771,-0.0004441172054961676,3183437000000,
-0.07141672134032898,0.007326572158066683,-5.4949904758707446e-05,3183442000000,
-0.05874002675283129,-0.014904056602282747,0.00019252376559844326,3183447000000,
-0.061890188400599254,0.010605816188325972,0.0001693898583115472,3183452000000,
-0.0733495872631984,0.0014700141475907553,-0.00012935704447467712,3183457000000,
-0.045234694324971784,0.022808125920910974,0.0001296790176063191,3183462000000,
-0.07295987674090396,0.011194830864248594,0.00013588255964169918,3183468000000,
-0.07093566799287236,-0.007684690171728568,0.00043225747828184877,3183473000000,
-0.06788023577514914,0.02754625454196185,9.648595118941582e-06,3183478000000,
-0.07767437985513366,-0.003469423356684026,1.307800172214195e-05,3183483000000,
-0.05726173657722625,0.011041104094724948,-2.7259585225325246e-05,3183490000000,
-0.04559117260598114,-0.01500952678256844,7.418115797327864e-05,3183495000000,
-0.062031682162317844,-0.012675781823175728,-0.00027767981818069997,3183500000000,
-0.00626629775927208,0.0014242075509680891,0.00032688189829185616,3183505000000,
-0.10191182485412964,0.016556049512381335,-0.000285512983688733,3183510000000,
-0.059106623385408286,0.004906633025302474,0.00011047946824299825,3183515000000,
-0.06620130584195154,-0.006090040702489946,0.00011432468822974298,3183520000000,
-0.060599718565298014,-0.0004114575724824348,0.00026519870801378634,3183525000000,
-0.05979199399164188,-0.02506768743350227,-4.1255591136374304e-05,3183530000000,
-0.03929776412820776,0.009293545922875337,-0.00015168693886351094,3183535000000,
-0.08363115526373384,0.013015875666318153,0.00021870792519605817,3183540000000,
-0.05646970170977537,0.026890505073512514,0.00016930114611672588,3183545000000,
-0.06226924959764385,0.011420236757042512,-5.594699562368128e-05,3183550000000,
-0.054782066397429996,0.0021909390240968203,0.00021683699280944038,3183558000000,
-0.03811864703661928,0.01550664235590068,0.00016204535409916905,3183563000000,
-0.06334378961823242,-0.028496708397249514,-9.64516548926813e-05,3183568000000,
-0.042260141052177555,-0.005776469553829124,-0.00025300943052762744,3183573000000,
-0.07460620544339219,-0.02678194728424033,-0.00013805680324226107,3183578000000,
-0.06786739428169937,0.016988425599492107,1.8345406236995352e-05,3183583000000,
-0.07281112705405945,0.032156580110409214,0.0001435528753341259,3183588000000,
-0.01903644868608572,-0.006780683886798702,0.00011787379920985132,3183593000000,
-0.04873163018729067,0.006525727081799503,0.00010941133071760948,3183598000000,
-0.08093396854644047,-0.014520618443136861,-0.00014118715796795038,3183603000000,
-0.057522026198962524,0.01642086968730249,-0.00025168433801946735,3183608000000,
-0.04481427627669382,-0.006381457706071195,0.00020139918446325893,3183613000000,
-0.03848323884754081,-0.014716710600172923,0.0003191720801889542,3183618000000,
-0.07459773724013152,0.009951956941196664,-7.488903612142781e-05,3183623000000,
-0.05587254316053921,0.019241542187102313,-0.00010872595784988575,3183628000000,
-0.04473803518357064,-0.010307141571069788,-0.0001895623211713519,3183633000000,
-0.04910243489208366,-0.01222564973845498,-0.00023994937270822652,3183638000000,
-0.05665253329325518,0.005239888826077809,-0.0003214389430471838,3183643000000,
-0.02303259682254742,-0.016390460393938013,0.0004147291028176708,3183648000000,
-0.05131158318706381,0.0013776987070345799,-9.852902933981774e-05,3183653000000,
-0.05228768697781422,0.016831816348235756,0.0001150273193846667,3183658000000,
-0.04138340413082193,0.005560209941956383,-6.709087496278664e-05,3183663000000,
-0.06309184646159263,-0.011123963474221028,7.544678132980002e-05,3183670000000,
-0.06142512501788186,-0.01000774938840383,0.00019908630568011058,3183675000000,
-0.04984565505182092,-0.037816328844328236,-0.0002956821975791312,3183680000000,
-0.07262522142997158,0.025289379402389615,-0.0005367714296067068,3183685000000,
-0.06046690391142798,-1.2089427678538375e-05,-5.1835991354476124e-05,3183690000000,
-0.06471053846017447,0.035149893820462096,-0.0004545900633773079,3183695000000,
-0.08846723238919643,-0.0029297897445608586,-3.251622667839355e-05,3183700000000,
-0.05064702156306641,0.007440886917663243,0.00012196378189639916,3183705000000,
-0.07039117767511224,-0.013106365394022768,-9.396517096262483e-05,3183710000000,
-0.048040620081608726,0.011985251782242263,0.00023391841117866027,3183715000000,
-0.07583615011530542,-0.01282853025214504,-0.00022644301759276646,3183720000000,
-0.0541930572675023,-0.005940164816409084,2.080069340062232e-05,3183725000000,
-0.05955688293382614,0.022826464616928437,-0.00015492488999869786,3183730000000,
-0.06445436243695983,-0.006653898260901455,6.917926007537135e-05,3183735000000,
-0.07962463445573129,-0.006546811834848717,0.00016580409987703403,3183740000000,
-0.049899582753513694,-0.011370369678785778,4.4331254450444086e-05,3183745000000,
-0.06196820818778738,-0.018236121592936232,8.597080259137538e-05,3183750000000,
-0.03782617163721927,0.03494566613230851,4.838612405357574e-05,3183755000000,
-0.07750836360405786,0.00866370125945573,0.0003071251885552606,3183760000000,
-0.08195008469687508,0.025525384111739727,-0.00010369214398535232,3183765000000,
-0.0580926942605036,-0.012926451904449594,-0.0001347787017426029,3183770000000,
-0.07625107707928148,0.004803202787563106,4.259464207837148e-05,3183775000000,
-0.06498197620502422,-0.0010835509210534726,1.1852984499242892e-05,3183780000000,
-0.04072467600824516,0.015274559987762282,0.00034583700910821444,3183785000000,
-0.027121921624701208,0.03809003462808932,0.0002874600785070821,3183790000000,
-0.049594593485951494,0.0045633358739340935,0.0003043363121151814,3183795000000,
-0.04579306680010272,0.0013413860697788125,-0.00013622579739422966,3183800000000,
-0.06750883623816381,-0.012271146655938061,2.780045754636409e-05,3183805000000,
-0.06869719935331031,-0.04024478137104948,3.7031208976628426e-05,3183810000000,
-0.04604810536775859,0.0030459261058747634,-0.0004251539169847922,3183815000000,
-0.06770984975575206,-0.0031216802375313305,8.467344873991288e-06,3183820000000,
-0.03952075352952038,0.0034077451033160794,-0.00010108194398772508,3183825000000,
-0.042152778057181574,0.0010551848796557168,-0.00025696316599092513,3183830000000,
-0.03458103489313638,0.0020754959979029735,0.00011936145896668334,3183835000000,
-0.07967958060308768,0.018536496272731646,3.77689476004639e-05,3183840000000,
-0.04368952886580049,-0.011776806906489308,0.00019965985523609517,3183845000000,
-0.0606210687762304,0.020980222921527274,2.500071524359857e-05,3183850000000,
-0.031438348831748224,-0.02790482582136117,0.00012434778582868833,3183855000000,
-0.032793414867258286,0.021080911993664242,-0.00010875327659550672,3183860000000,
-0.023289997645278226,0.006808397034818333,-0.00037866255093925856,3183865000000,
-0.04773818596463021,-0.01394999630161961,0.0002723312019478613,3183870000000,
-0.08545958478720679,0.017458038139296084,-0.00013591289931091948,3183875000000,
-0.03953516408910601,0.009202806105956385,0.0003375074700106868,3183880000000,
-0.07103679368076729,-0.017922459144405982,1.3807054953840415e-05,3183885000000,
-0.05746431521849333,-0.01888355326102768,-5.5597599220046395e-05,3183890000000,
-0.044769657823331456,0.0004845517409643464,2.434362897634525e-05,3183895000000,
-0.057629182695772205,-0.01803453785655765,0.00024320605437120458,3183901000000,
-0.07294890589493827,0.005106257024206224,-0.00017162756695277597,3183907000000,
-0.05681284373588888,0.010840008221002168,0.00024977587121262015,3183912000000,
-0.045490623894506706,0.006358569350890035,4.492648652425027e-05,3183917000000,
-0.08112665357893381,-0.0023535259940697687,4.513955731419803e-05,3183922000000,
-0.0625011736668177,-0.023604636396260217,-3.0684972538017234e-05,3183929000000,
-0.03620311989041091,-0.02544776440383122,3.691930023955563e-05,3183934000000,
-0.025237992036523164,-0.004695679301212504,-3.912878992489536e-05,3183939000000,
-0.09118390985641689,-0.011551729033244272,-2.9211377536477147e-05,3183944000000,
-0.06235665437358717,0.005236811554717018,0.00010528021218154293,3183949000000,
-0.08376160554670983,0.016320466505992278,0.00022344075636564795,3183954000000,
-0.06066179796411976,0.011608623354565277,-0.00030016194009531254,3183959000000,
-0.03338304299397461,-8.238205063783506e-05,-3.823998352459651e-05,3183964000000,
-0.06284554092408862,-0.01747784687732952,-0.00016256912240731586,3183969000000,
-0.07042746010099413,-0.017681039110370923,0.00045774571595903323,3183974000000,
-0.05688503625000778,-0.022149409135126613,0.00029471847001397096,3183979000000,
-0.04063554712315326,0.0006887942631563628,-3.546886389613059e-05,3183984000000,
-0.07429222579071332,-0.0023703977018190185,0.00016348049908771186,3183989000000,
-0.060307337319123105,0.005599504874538981,-0.00022553406739780877,3183994000000,
-0.07762296211825277,0.023674604126615685,-0.00019274968697983617,3183999000000,
-0.074242454003871,-0.008946258744491616,0.0002080499499225542,3184004000000,
-0.042507402645261025,-0.003404828844685399,-5.247844937830659e-07,3184009000000,
-0.07307154551148898,0.00606618907020079,-4.7968035135714744e-05,3184014000000,
-0.05810035649961005,0.010399268800037425,-0.00010745759743550115,3184019000000,
-0.06923189002837139,0.009740499529350868,-0.0002458346743794237,3184024000000,
-0.054651624555493834,0.014157104593113663,0.00020643559160297403,3184029000000,
-0.04655445885435983,-0.03142496770051075,4.357515151237075e-05,3184034000000,
-0.05828796437197351,0.0399341511951157,-8.067382880117791e-05,3184039000000,
-0.027444848165649294,0.04500654952838302,-0.00014265298390368707,3184044000000,
-0.05544519690148324,-0.00726072937913611,-7.19428221151169e-05,3184049000000,
-0.05738774465531957,-0.004868847040530347,9.294907097160399e-06,3184054000000,
-0.05973300781481307,0.018988294462997574,-0.0002856783085626539,3184059000000,
-0.062365626574074025,-0.03352515197276803,-1.954820624513829e-05,3184064000000,
-0.0641953835688837,0.020239994373087457,-3.257649433011993e-05,3184069000000,
-0.05376171658928207,-0.02162583496374798,6.515514278006233e-05,3184074000000,
-0.07579859055249263,-0.048198192079385534,-0.00015354018822254077,3184079000000,
-0.055174284411850114,-0.02071322392839709,-1.860776434886464e-05,3184086000000,
-0.045933617885320265,-0.00945329964393881,-0.0004044366502514536,3184091000000,
-0.06690138585784168,-0.0009222649327508127,-0.0002894240202668526,3184096000000,
-0.0778063617658289,0.0017889126820626689,-6.579021341670472e-05,3184101000000,
-0.035329572463331176,-0.010067349565058177,0.00021061487273910657,3184106000000,
-0.06142011078785255,-0.002298515195842136,0.00027254228198553206,3184111000000,
-0.04605511393637512,0.015486044693661561,3.7048078226793887e-05,3184116000000,
-0.0750071334783919,-0.021811239964993796,0.00012063234904299018,3184121000000,
-0.07083662310302571,-0.00983783893749375,-0.00025800225851767034,3184126000000,
-0.056156959370798426,0.03487632146612569,-0.00025487453609812107,3184131000000,
-0.06830782911592873,-0.022207887353897348,0.00024611850214072573,3184136000000,
-0.04074377395578941,-0.009948915561716554,5.012113944020895e-05,3184141000000,
-0.047910750251287534,0.029533498125335653,-0.00028484345588884513,3184146000000,
-0.07603459379210067,-0.0009179857629514926,-0.00027532309859883375,3184151000000,
-0.053437917001773076,-0.03644436211430622,0.00030988028223604395,3184156000000,
-0.07173839862006287,-0.0172658518708855,0.00015827755209338475,3184162000000,
-0.0672713662272242,-0.00036005359138520246,-1.4210911898708277e-05,3184167000000,
-0.08456658677202977,-0.02100789471763138,2.520767424540074e-05,3184172000000,
-0.057142559173454115,0.02549290303564694,-1.0817657166804368e-05,3184177000000,
-0.058499903781583755,0.024825021592299993,0.00016449729844330842,3184182000000,
-0.06379163492342697,-0.0082274171665488,-9.830523532873439e-05,3184187000000,
-0.05544252853737046,0.004674490764531912,0.0003922818904242201,3184192000000,
-0.07111834252118082,-0.006180184085281014,6.651031097177036e-05,3184197000000,
-0.030045221717052362,-0.012066918874590526,-0.0003571538381227326,3184202000000,
-0.03617200809447589,-0.022869390134997145,-1.028594539279219e-05,3184207000000,
-0.04035996554237302,0.011600683580367933,3.0800391440179156e-05,3184212000000,
-0.048318280078305194,-0.011516891484789732,0.0001712113684123939,3184218000000,
-0.07013059862760185,0.03613871976448537,-1.9448154259440075e-05,3184223000000,
-0.07491489276903449,-0.022849610179638116,0.0003007402101470707,3184228000000,
-0.054413850734757914,-0.026430721198473863,-7.981864581966925e-05,3184233000000,
-0.041254024390280815,0.004301516915615989,7.457046628690336e-05,3184238000000,
-0.04245169156423631,0.0336474842153757,0.000327671859909262,3184243000000,
-0.03809877138939824,0.004736765456664549,0.00030097597521577964,3184248000000,
-0.06543082303593124,6.154908125362887e-05,-0.00013717978449545769,3184253000000,
-0.0937250903734037,-0.005410344173138227,-4.509667650126599e-06,3184258000000,
-0.11032606351870551,0.008019363137245761,0.00019602064574739006,3184263000000,
-0.07963971367685015,0.0004025019848804339,7.152599477235228e-06,3184268000000,
-0.06314306551551814,0.005776919391186245,0.00022145906075310838,3184273000000,
-0.046654838128941806,-0.008338156635043352,-1.3965616682847553e-05,3184278000000,
-0.060615360403466476,0.029955062027945567,7.63148541488742e-05,3184283000000,
-0.06148448061973621,-0.007723812898710671,-1.1018126657886179e-05,3184288000000,
-0.06805165622667883,0.022142777419500898,-9.020037185989547e-05,3184293000000,
-0.05265183647978803,0.00040869312635138667,-4.770682421276078e-05,3184298000000,
-0.07719460535628928,0.006781767381023427,4.550763448361386e-05,3184303000000,
-0.052435544798817214,-0.002550002597847572,-0.0001336050204133388,3184308000000,
-0.06264290926275015,0.03275679269103445,-0.0001615094937583362,3184313000000,
-0.04996119701679261,0.02894444935864764,0.0004479410098436033,3184318000000,
-0.055640551133904106,0.010436779925992032,-0.0002190881750887302,3184323000000,
-0.02289483205698644,0.019487365431393816,0.00022999706867891148,3184328000000,
-0.0411844709438011,-0.02696548664540508,-0.00031537762136450524,3184333000000,
-0.03826134331369224,-0.008100396107869109,0.00018812162803403783,3184338000000,
-0.05032421811301106,0.008828652489164854,0.00014257065636230144,3184343000000,
-0.061350652624278655,-0.003144567763947748,-0.000141193627191563,3184348000000,
-0.040289283344243934,0.027905395758903783,-9.666381814822802e-05,3184353000000,
-0.04078070155805571,0.01469736774188828,-0.00028162738575503415,3184358000000,
-0.051532468238529895,-0.01597096643789604,5.34741559777429e-06,3184363000000,
-0.08101830255235225,0.018157483754391635,-0.00020864914263729956,3184368000000,
-0.08227654790907482,-0.033964707783791306,-5.426209857747143e-05,3184373000000,
-0.06188819587494205,-0.002048568560428395,-5.545566825747043e-05,3184378000000,
-0.04486760660122971,0.015204047682941464,3.172520028236145e-05,3184383000000,
-0.07504802579063777,-0.009282617071829166,4.3689920122839054e-05,3184388000000,
-0.05172759955945958,0.002928106801456789,0.000154679616562251,3184393000000,
-0.05896019009913395,-0.030391969107353485,-6.057772036882851e-05,3184398000000,
-0.06533050443967023,0.024035934839821936,-9.903625690999732e-05,3184404000000,
-0.07844973953657723,0.029918040152190524,-3.582027207994755e-05,3184409000000,
-0.03344125285862602,0.04713484289637144,1.3447797090242406e-05,3184414000000,
-0.06586429514190728,-0.008647208532447614,-0.0003462149453294372,3184419000000,
-0.0630995077448205,0.0035224592241706455,5.797246877369335e-05,3184424000000,
-0.06257362178224556,0.0015248041365701947,5.911832426284313e-05,3184429000000,
-0.05769375401508649,-0.00781430050498984,-0.00034117478438305837,3184434000000,
-0.0529555163012121,-0.0072920543878662826,0.00027361786474092934,3184439000000,
-0.04174708626489785,-0.021771310559865927,0.00017266766909505602,3184444000000,
-0.09090545034389313,-0.010228392556127305,-4.108502546907182e-05,3184449000000,
-0.08122582288103741,0.030951014570851004,-9.638949927851373e-05,3184454000000,
-0.04902985197130493,-0.017056672478930935,0.0002985882777024878,3184459000000,
-0.021302541346718808,-0.011709965352090247,-1.6707742763594565e-05,3184464000000,
-0.05284637491299971,-0.002591694284850241,4.3676338951654165e-05,3184469000000,
-0.05284901615678123,0.012280416547777093,2.563545521578772e-08,3184474000000,
-0.07875382327506829,-0.006699597840170969,-0.00023630978235574665,3184479000000,
-0.07166742451488231,-0.0012991268548667523,-0.00017783542099866477,3184484000000,
-0.03756103357530638,-0.027719802004102963,0.00013919770004734933,3184489000000,
-0.06322549703307062,-0.012102419016547978,0.00010636439897358984,3184494000000,
-0.06148407492767768,-0.010331097613221426,0.0001495358439721846,3184499000000,
-0.06187572602964625,0.014082669072923965,5.783714219483972e-05,3184504000000,
-0.0681518319527098,-0.024209681260861534,0.00013078201191415214,3184509000000,
-0.049516602210731536,0.015719595917384113,-8.64701535619673e-05,3184514000000,
-0.04746020047246864,-0.03614123536966345,-0.0003442354065389824,3184519000000,
-0.03604684531002819,0.002604434486841491,-4.5729791251114836e-05,3184524000000,
-0.0611341708336695,-0.0070671973771028514,-0.0002825947877921599,3184529000000,
-0.027048641369094555,0.016977490227287617,-8.736215437167324e-05,3184534000000,
-0.06863807329322462,0.006859712832021325,-0.00048480746079993615,3184539000000,
-0.08467032657548493,0.014453085302510809,-0.00013372048312500128,3184544000000,
-0.034764102592595575,0.005368591343982634,-3.47434954076187e-06,3184549000000,
-0.041333051512145585,0.013292800897939442,-3.738224148351583e-05,3184554000000,
-0.06384339777159531,0.003009882930174048,2.648654065830603e-05,3184559000000,
-0.011695024544782447,0.029424760122431663,-0.00025794522019586814,3184564000000,
-0.0510631333014193,0.02106657792692928,6.809257292981989e-05,3184569000000,
-0.033631589748220225,-0.007698102487308091,-0.0004751052231611608,3184574000000,
-0.020383424632042832,-0.011816964001683153,0.00021628200433723157,3184579000000,
-0.0965943337284456,-0.011461491528866502,-5.8512462015544385e-05,3184584000000,
-0.0753830945693624,0.015231260868882759,0.00014036243754177852,3184589000000,
-0.0451756179383992,0.006991405768945251,-0.00011840062997560344,3184594000000,
-0.08565644979841985,0.013663104246874074,-0.0004506269657167114,3184599000000,
-0.06940179480053311,0.00071708385950263,-0.0002828505345166825,3184604000000,
-0.07371618053398728,-0.0115612421506643,9.926543944096644e-05,3184611000000,
-0.07318829574773314,0.03862487885744692,-0.00023520091230757597,3184616000000,
-0.07250758704170598,0.02990078644580992,-4.7733231542756456e-05,3184621000000,
-0.04522167320837576,0.013729364159546953,-0.00013257188381122893,3184626000000,
-0.05132492195532201,0.00575633279454084,-0.0001398000320194335,3184632000000,
-0.07436285689518377,-0.008145704108864654,-2.3711091452939128e-05,3184637000000,
-0.05917648089516325,0.01021503743338541,0.00011651777618238945,3184642000000,
-0.03275637275605689,-0.006817250170824499,-0.00016187979769830216,3184647000000,
-0.045312109483878274,0.01242624621284082,-0.00027221720429968844,3184652000000,
-0.08224047356963704,-0.0038336871799686256,-0.00016901528559999876,3184657000000,
-0.05920087116019625,-0.015370868163507122,2.9220418933796123e-05,3184662000000,
-0.07418360574357448,-0.00503811672536982,9.021799714692202e-05,3184667000000,
-0.03509191658803786,-0.023783476292227632,0.00027164271373111024,3184672000000,
-0.07662980381998406,0.001823143720514939,-0.0002983962203592851,3184677000000,
-0.038853705046892124,-0.026541027561409986,-0.0003668392253637001,3184682000000,
-0.045691259156382634,5.61580498661474e-05,6.43105013535442e-05,3184687000000,
-0.0616924036494028,-0.02029382668377013,0.0004218583993215806,3184692000000,
-0.05119693281332625,0.004972120028156635,-7.597296420677301e-05,3184697000000,
-0.034509008680112696,0.00029584807170043815,0.00021464122706279853,3184702000000,
-0.04458860919233558,-0.009062687078188152,-0.00017027257158537513,3184707000000,
-0.0492718366301858,0.011500797501306642,0.00021550319639715475,3184712000000,
-0.027922524190905594,0.021855688025126368,6.210206876786927e-05,3184717000000,
-0.04950034903109641,-0.02709956937938139,4.636994533253469e-06,3184722000000,
-0.05293625871711925,0.020545027797180586,0.00013449419326565652,3184727000000,
-0.03928537417373262,0.0012318914690247539,0.0001166868699199168,3184732000000,
-0.08370347820950447,0.04892178144300776,-3.6651702930588275e-06,3184737000000,
-0.04494498497543964,-0.0032982309657997194,-0.00012965078821423442,3184742000000,
-0.07391109759917047,0.010868576552925842,-1.6932914133038254e-05,3184747000000,
-0.04261451353758937,0.02942666043349076,7.741051612738883e-05,3184752000000,
-0.03926630609194873,-0.0029302451990898095,-0.0001278226026805164,3184757000000,
-0.05558229068250897,0.010651777321426121,0.000437109047442602,3184762000000,
-0.08173966137949241,0.007086921599239826,5.864149400549608e-05,3184767000000,
-0.07151619790946476,0.022015146419066507,-0.00043542777088446586,3184772000000,
-0.03939034324814655,0.014156003070341903,0.0002933084863171794,3184780000000,
-0.07061759170720817,0.020576606948696292,-0.00021131836398980108,3184785000000,
-0.0700291673952144,-0.012887099905662194,2.6134977684236308e-05,3184790000000,
-0.0870303836224092,0.017978931950634432,9.640309286873174e-05,3184795000000,
-0.07160031138557733,-0.0010528470088429446,-8.852506641610487e-05,3184800000000,
-0.07335449099800637,-0.0020569803051543973,-0.00026624209955509396,3184805000000,
-0.055980055572064855,0.02431743181065847,0.00011505847378085053,3184810000000,
-0.03509517751882574,0.003695208981112739,0.00026570037900009786,3184815000000,
-0.05515298035309808,0.0035369408388905826,9.171985866254456e-05,3184820000000,
-0.06553931812511152,-0.013914209099513351,3.6108851867602595e-05,3184825000000,
-0.07354610413378089,0.019511595548342937,1.5348015967294845e-05,3184830000000,
-0.04462641740132997,0.00581430091077714,0.00011467920032831672,3184835000000,
-0.043419559928883286,-0.013307687321510395,0.00013642762546318819,3184840000000,
-0.045183832374611356,0.03153316082038867,9.317891648877954e-05,3184845000000,
-0.0627151445145091,0.0006293848263464726,5.623315546845615e-06,3184850000000,
-0.04186213916995451,-0.022359363893102648,-0.00010816056144855505,3184855000000,
-0.06456153382692285,0.010164092121441861,-0.0002102342037942745,3184860000000,
-0.055465546597094795,0.010040875797378354,-8.80566615079533e-05,3184865000000,
-0.08272218048609117,0.020684823643600102,-0.0002337545418736439,3184870000000,
-0.08884978349576808,-0.008411783080584084,0.000249789255742427,3184875000000,
-0.05402301805891112,0.005926860272998161,1.5081358899667445e-05,3184880000000,
-0.06732626809114962,0.01947683604993646,0.00044821336701432175,3184885000000,
-0.047929808450804086,-0.009837151391115349,-0.00022449877588147612,3184890000000,
-0.08969009650375258,-0.01831867933800142,0.00015935505825435552,3184895000000,
-0.0841541695009507,0.016205211183968348,0.00010232976401138182,3184900000000,
-0.050219126544108594,0.000648200409754406,8.767005935614488e-05,3184905000000,
-0.0826959990651063,0.02430287753943321,-0.00027558363380570847,3184910000000,
-0.07510046151927871,-0.0021858599054212016,-0.0001398446403161606,3184915000000,
-0.02366237524507831,-0.021424298514226284,0.00016435870026555556,3184920000000,
-0.036460136663789194,0.014976774952854753,0.00012645867509556826,3184925000000,
-0.0933811652825673,0.019959357153061262,-0.0001231524223722909,3184930000000,
-0.06319716013993591,-0.007829380930289056,6.101786851860674e-06,3184935000000,
-0.04437195937987839,0.02469233521148969,-4.6230833658118174e-05,3184942000000,
-0.0602778847055752,-0.011746311952460625,-5.0674161171576244e-05,3184947000000,
-0.07044875646854759,-0.009078477502118175,-4.546536593612733e-05,3184952000000,
-0.04213049073317927,-0.03412135302100382,-0.00022254753016566508,3184957000000,
-0.0464923525044529,-0.0037112592002119587,-3.984006330319985e-05,3184962000000,
-0.0895794449413026,-0.016582922992791346,9.403427392106724e-06,3184967000000,
-0.06886648922616957,-0.006804067965313572,-4.988625187727745e-05,3184972000000,
-0.0711521999622913,-0.014143341275320973,-0.00010443715704723773,3184977000000,
-0.06525731110156233,-0.006961442425999759,-0.00010349312015670827,3184982000000,
-0.03221230319448467,0.00316670180497245,5.748657664291242e-05,3184987000000,
-0.05544014868212984,-0.008706070878395656,0.0003709526479928744,3184992000000,
-0.030846961891030814,0.003127705907447137,-0.0003414644182816527,3184997000000,
-0.08286446297581726,-0.029649943473597586,0.0004917029069246939,3185002000000,
-0.0441155694148827,-0.016344975650450323,-0.0001345785818931852,3185007000000,
-0.07243513497548394,-0.0009749816713170171,-0.00011596933242403394,3185012000000,
-0.04911555404010061,-0.005947970236545825,-0.0001616410068217554,3185018000000,
-0.037595458560115896,-0.002191412925126897,-6.124609209991006e-05,3185023000000,
-0.05226706257256948,0.034003811556033714,0.0002038252158618836,3185028000000,
-0.05067017584963299,-0.006486348535514117,7.164949264553452e-05,3185033000000,
-0.06523039325509615,0.004000555872040662,0.0001480581252539633,3185038000000,
-0.03375510747409813,0.026467745757525477,-4.041557853644712e-05,3185043000000,
-0.07791078134415165,0.008673937044789012,2.9342827426673728e-05,3185048000000,
-0.05686832318601484,0.012461517172002572,0.0001838848937103737,3185053000000,
-0.06272970950690995,0.016855553799733743,0.00019667998433107363,3185058000000,
-0.06035335187855821,0.020445551044997106,-1.618685403501921e-05,3185063000000,
-0.07097611518547743,0.01037001298753094,-0.0005877567780620137,3185068000000,
-0.07166210825179747,-0.006128664595212857,0.00011445492990749008,3185073000000,
-0.05173900189862375,0.015901522556812618,-4.496665174444672e-05,3185078000000,
-0.05762299577221735,-0.007490217409628563,-6.973040729668349e-05,3185083000000,
-0.055156762471685085,-0.005090976122899047,-0.00011431946642753469,3185088000000,
-0.04747348436804797,-0.0007658969303913476,-0.00013326805852577139,3185093000000,
-0.06173601732079712,0.009345001426287539,0.0003354068655716708,3185098000000,
-0.057403016155605155,-0.018076961631997738,-0.00011167568384041957,3185103000000,
-0.06229622061647731,-0.011074695005371633,-3.981224333474932e-05,3185108000000,
-0.03355603889637936,0.009158871579352967,0.00022616172291813066,3185113000000,
-0.022891488472923424,-0.002964023587921091,-0.000167387221255073,3185118000000,
-0.05362953505414901,0.01465265121421892,-4.172599945622254e-05,3185126000000,
-0.05806583650281097,0.021768976791265056,5.4844370435558576e-05,3185131000000,
-0.029275286837370816,-0.0076247562572413,-0.00010982849619184661,3185136000000,
-0.06272702014246252,0.00660162131319897,-3.486003853703892e-05,3185141000000,
-0.05702041566841773,-0.008649086263875373,-5.833190151339469e-05,3185146000000,
-0.05038181065243888,0.015071089793208332,-0.00018156162149501027,3185151000000,
-0.05909179154190896,0.0006609993036833545,-0.000150618726119346,3185156000000,
-0.06453517144225249,0.040466887956267315,-0.00044104807762434845,3185161000000,
-0.049544894694327116,0.00577772158477299,-9.239213193301237e-05,3185166000000,
-0.07826472761587847,0.020358734243327795,-0.0001688416949403043,3185171000000,
-0.07614014127257807,0.014382550067683476,0.00012315071138380547,3185176000000,
-0.08115196896000715,0.006493765276847894,8.225745593428654e-05,3185181000000,
-0.08520095449857344,0.0043955377636563245,1.2424216327094484e-05,3185186000000,
-0.07363094301816123,-0.016487945925271166,-7.914127968511554e-05,3185191000000,
-0.05077442948074732,-0.012745485067071568,-7.127690829994399e-05,3185196000000,
-0.04252640885758269,0.010467247642971288,0.00021457783620481172,3185201000000,
-0.048192676577243965,7.009401582877951e-05,6.322733664121571e-05,3185206000000,
-0.04691686106209306,0.030956583958445923,-0.0002308812436534918,3185211000000,
-0.07403869421449073,0.006508045566938708,-1.3959512398464197e-05,3185216000000,
-0.06217344714697162,0.009262433659951734,-0.00012356524200560201,3185221000000,
-0.061652314434269946,-0.009187323560046942,-0.00020858251352314105,3185226000000,
-0.04082154093519913,0.022036287051766253,0.00017983968093404133,3185231000000,
-0.0435133895043312,-0.009832098475839294,-8.732939447033663e-05,3185236000000,
-0.0547293084522943,0.023170052997917027,0.0002196840770273355,3185241000000,
-0.038412146863471705,0.002478804877567803,-0.0002930302632964295,3185246000000,
-0.056757044842930954,-0.000821301613652135,0.00022873789255135725,3185251000000,
-0.04756851156976238,-0.012328410332728612,-0.0003121511038226355,3185256000000,
-0.05121281807598165,0.023261970655332365,-2.252550861585758e-05,3185261000000,
-0.07294450206938041,-0.013420834363457939,7.70362166767803e-06,3185266000000,
-0.06585853221930518,-0.002204447657404611,0.00027623575158303084,3185271000000,
-0.054445180054855685,0.0020553516527753567,0.00035381711659162636,3185276000000,
-0.10366292406488156,-0.028308855977624715,-3.849455798240241e-05,3185281000000,
-0.05458131512280706,-0.030664178730147148,0.00017324558865298704,3185286000000,
-0.07379823229110612,0.0024224329929005213,9.313327769637932e-05,3185291000000,
-0.0323093889645977,0.018547131157731954,0.00015029729790490482,3185296000000,
-0.07724299334807676,0.00807380918334924,0.00023821878625632643,3185301000000,
-0.04053282117770353,0.016059597281844272,5.871199877248237e-05,3185306000000,
-0.06470912182716264,-0.013827912012510369,-0.0005715047462116654,3185311000000,
-0.04678663771468572,-0.005063830778677338,-5.025155907564891e-05,3185316000000,
-0.060627326571252214,-0.028573596451889907,-0.00012432230163992103,3185321000000,
-0.03696262509911845,0.018434341777075695,0.00018147531162345329,3185326000000,
-0.08129631436807436,0.015506975757422511,-0.0001492430271271047,3185331000000,
-0.06737288004832077,-0.002481426144092654,-0.00015519907558423434,3185336000000,
-0.05351791894790855,-0.02012123386149471,0.000528444325159997,3185341000000,
-0.07252920850860033,-0.011472805178756354,-0.00021285808569800326,3185346000000,
-0.046845900742449494,-0.0006909835230051063,-0.00013229589467699446,3185351000000,
-0.0834162941432357,-0.02370310743349676,-1.0198214155305151e-05,3185356000000,
-0.03117017376902633,-0.01550734986922568,-5.5174261261645406e-05,3185361000000,
-0.07682689512286797,0.004054137371996262,0.00041977258611364943,3185366000000,
-0.06332908584642385,0.028957887156374703,0.00020244352939553366,3185371000000,
-0.050271789211526675,0.028018939815521355,-9.468843806193235e-05,3185376000000,
-0.07092461204593963,0.01967610154589772,9.188521988807623e-05,3185381000000,
-0.04135787119766819,-0.01089717623966709,0.0004133655803172026,3185386000000,
-0.06457050052531496,-0.02869239782847445,-4.3883671150057045e-05,3185391000000,
-0.0657616028493467,-0.0034024445549706434,5.8359613957080886e-06,3185396000000,
-0.06335334298853307,-0.02004278065451425,-8.848587677892394e-05,3185401000000,
-0.04595381926677063,-0.01545448953468724,-6.891467863027491e-05,3185406000000,
-0.04245332179813785,-0.008671804500372032,-0.0001393019051876036,3185411000000,
-0.0451057746294201,-0.006030846656733631,0.00014745357311376437,3185416000000,
-0.04840878009819161,0.01870803272883368,0.00018830486078414628,3185421000000,
-0.0665598513878355,0.0038004543168977142,-0.00031233653853620107,3185428000000,
-0.08326205086160446,-0.03470071625590408,0.0002486843949478966,3185433000000,
-0.07815970149773828,0.020250481201477367,-0.00023380425977631022,3185438000000,
-0.07885422420772534,-0.002088540130385506,0.00010869785565682905,3185443000000,
-0.05389658020189267,-0.021028974787215188,0.00017090207911728934,3185448000000,
-0.09153831268467816,0.011263054666533547,-4.389437791157703e-05,3185453000000,
-0.05503284901743473,-0.010990963450409317,0.00038690904436839617,3185458000000,
-0.05605714280069647,0.026411251779608447,0.00019311004670248308,3185463000000,
-0.04287441757165537,0.00348489413391646,-0.00021681702050803443,3185468000000,
-0.060305685458796325,-0.012124851000934274,-0.00021160220009827833,3185473000000,
-0.01731266773194843,0.01831923442952232,0.0003077399045545562,3185478000000,
-0.056498406087800414,0.009608053782261133,-0.0002529101754866533,3185483000000,
-0.0667598716580123,-0.020355492661958546,0.00015422562440918042,3185488000000,
-0.05962420756741112,-0.02833083642831873,-3.4214862021243735e-05,3185493000000,
-0.02462939019889037,0.02448731753580543,0.00011843473794698992,3185498000000,
-0.038366432358834204,-0.004095804651853084,-0.00011501070193970947,3185503000000,
-0.06210786638862441,0.016794535630197168,-0.00016922647801402178,3185508000000,
-0.049190880715974966,0.009907932875117278,8.229688463645975e-05,3185513000000,
-0.09464968439913618,-0.011019133631808124,-0.0001261125855171041,3185518000000,
-0.04636800556046461,-0.005876293682013317,0.00013553497329518266,3185523000000,
-0.04072107826051739,0.0034634268697690497,-0.00024240038942543622,3185528000000,
-0.02179671357011919,-0.012050587636364789,0.00016461437744722025,3185533000000,
-0.044652542041217574,-0.0018299143022996755,-8.104667837979943e-05,3185538000000,
-0.056135632400002466,-0.016133157464479946,-0.00030294605996177026,3185543000000,
-0.06183016385238624,0.006172045097270561,-0.00030487865541042755,3185548000000,
-0.05693499499784488,0.00047704721650183694,1.3869794392000191e-05,3185553000000,
-0.02263987746765704,0.013744528017589236,-0.000224414979146089,3185558000000,
-0.06756180421490901,0.01784530160745211,0.00023672401723661646,3185563000000,
-0.05422987349351229,-0.005237239185713062,-0.0002192343616174523,3185568000000,
-0.040753233615221006,-0.002640492733797806,-0.0001993366837737418,3185573000000,
-0.06912868047894535,0.005811447328934561,7.513600324065184e-05,3185578000000,
-0.03730716139533537,0.00033936093006277357,-0.0003949816114915137,3185583000000,
-0.05564597799060797,0.020723634545193093,0.00021206552494124664,3185590000000,
-0.05988205981838261,-0.00639850122730229,-0.00015175457196138948,3185595000000,
-0.07747355792596498,-0.005114132588556983,0.00012966474443131361,3185600000000,
-0.07958671216509375,0.006044278621677997,2.278694488850258e-05,3185605000000,
-0.04817330902180877,0.008809179040908695,-0.0001229341410813209,3185612000000,
-0.06360886100964344,0.007355758840109248,0.00011342163841011833,3185617000000,
-0.07833740918972099,-0.010102184148257956,7.280699875398442e-05,3185622000000,
-0.06803446828534152,0.017163435861920154,0.00010344173995688379,3185627000000,
-0.06742521244827268,0.03125491902384457,-8.727896166514514e-05,3185632000000,
-0.04329633039477403,-0.0017900545805725602,-0.00011391767923779826,3185637000000,
-0.06025791723936723,0.004021426577289988,0.00019161045401086278,3185642000000,
-0.034623230503206134,0.024325676155445328,9.285341358282044e-05,3185647000000,
-0.06323977481605719,-0.01196738763376942,0.00024456510464342373,3185652000000,
-0.04977159380627446,0.01735490919842443,-0.0002092365898529284,3185657000000,
-0.010594102043610061,-3.920679566681712e-06,-1.481127699758128e-05,3185662000000,
-0.014859255446979414,0.005225851316579883,-1.648393669619978e-05,3185668000000,
-0.057815478264214244,-0.021264255971683587,-0.0002468848141989779,3185673000000,
-0.047812597418240205,0.00957839717239096,0.00043447846353102815,3185678000000,
-0.04081205312010823,-0.01950771432236444,0.0001906948797793893,3185683000000,
-0.02499132216757207,-0.007001319540219404,5.3488859053294835e-05,3185688000000,
-0.04511899192872637,0.02991422590346742,9.69646717561835e-05,3185693000000,
-0.03761201270842027,-0.006452627004866428,-0.0001867811659208872,3185698000000,
-0.04008805530309287,-0.04350987692799692,-2.2080805816856437e-05,3185703000000,
-0.052610768020097086,0.003232113319614103,7.207334074253209e-05,3185708000000,
-0.0610099118279467,0.016350554854880434,0.0004041822193486321,3185713000000,
-0.051461323978939294,-0.04082921482045999,0.000158711966222148,3185718000000,
-0.05741170647758849,-0.04650522448837184,-3.1738869249757026e-05,3185723000000,
-0.04017121486081117,-0.015980798235988622,0.00015270309663641268,3185728000000,
-0.06377906850525691,-0.00411351677688057,-0.0001839771533880354,3185733000000,
-0.08101359949364484,-0.007927451971055915,9.084533023971162e-05,3185741000000,
-0.0668726708334512,0.02320496617087452,-0.00014471096686381472,3185746000000,
-0.0450868735630454,-0.0006393085306794744,-0.00031830526854972706,3185751000000,
-0.05674120668067878,-0.010946220341024252,0.0002870944978520343,3185756000000,
-0.06712610142534464,-0.01888524570785451,1.4231744964425447e-05,3185761000000,
-0.05667522101754435,0.005665962418701704,-0.00045901956388499823,3185766000000,
-0.023702975056399025,-0.0012887580465978008,-8.270948665877914e-05,3185771000000,
-0.015362520206327737,-0.012075144327567417,8.60544081592555e-07,3185776000000,
-0.04729888567070001,0.01302964231257305,-6.415456154386036e-05,3185781000000,
-0.0671781779010546,0.011177141708736344,-0.00018859297750777184,3185786000000,
-0.05055474816132353,0.02187956066209674,-6.203909195263563e-06,3185791000000,
-0.06367222675190415,0.007156474617720813,-0.00027289017098705494,3185796000000,
-0.10962925339750704,-0.0005018004033994154,0.00020065937573783527,3185801000000,
-0.08886207351545966,0.004342598868195446,2.9127958921786623e-06,3185806000000,
-0.027396310466428975,0.023651195263476775,8.195182552849101e-05,3185811000000,
-0.07122563295930882,0.02672260698613878,0.000302656413788657,3185820000000,
-0.06409099927330245,0.00750415351532437,-8.277960696802352e-05,3185825000000,
-0.04439463045798873,0.00015454322738453637,-5.03230803862409e-05,3185830000000,
-0.06975326891242631,-0.007212307353164804,8.043482515467855e-05,3185835000000,
-0.042351146520782645,-0.017602111700552,0.00030075503566239013,3185840000000,
-0.05676382224020162,0.028095672897170194,-0.00024172027243620737,3185847000000,
-0.037777918560908036,0.0015670603361780506,0.000123108951771426,3185852000000,
-0.02958554252566087,-0.01068705031661068,-0.00016554754410375832,3185857000000,
-0.05286068120430704,-0.0054897537213212805,1.7672183462791477e-05,3185862000000,
-0.062024561829018575,0.032171940632831186,8.467927857011213e-05,3185867000000,
-0.05915139879540293,0.0058650669722571675,-0.00010523759389177805,3185872000000,
-0.06079616558099134,0.041065186320061856,-0.00010418532701793677,3185877000000,
-0.032970442862559984,-0.022324556553026908,-0.00012014819045004942,3185882000000,
-0.0805674371147084,-0.012199704970690518,-0.0002691259905784427,3185887000000,
-0.04055927272385551,-0.010844385381427896,0.00011650277044836075,3185892000000,
-0.057024086986818184,-0.010531632787937648,-3.132452302915765e-05,3185897000000,
-0.07731088650797537,0.004836694595191619,8.270272763952624e-05,3185902000000,
-0.0609334186848099,-0.014924987262749495,1.8016382447363887e-05,3185908000000,
-0.04540423994013908,-0.012519820137703018,0.00025908213172106927,3185913000000,
-0.028774127715916285,0.013462248114046109,4.1802429257906426e-05,3185918000000,
-0.014627222563476067,-0.012893948661803526,7.610417822420479e-05,3185923000000,
-0.043465994705478635,1.4504186640482185e-05,-0.00024079694189406601,3185928000000,
-0.07411775392558793,-0.010985186884750274,9.99793324191996e-06,3185933000000,
-0.06028830488977687,0.003862445767074948,0.0002651860093140431,3185938000000,
-0.03507070085407047,0.016435616828008467,-0.00013340583079273502,3185943000000,
-0.04236329393914588,-0.006317042654127001,-0.00016193599437967426,3185948000000,
-0.03205564388122254,0.013852541170211691,0.00023224101334540795,3185953000000,
-0.042532109247398066,-0.014708022159073913,0.00016108205460084793,3185958000000,
-0.05935226248049483,0.001374534457811223,-0.00029276864890522805,3185963000000,
-0.05604318382703358,0.01729978320434791,0.00017935868789546174,3185968000000,
-0.04340519837396664,-0.015127951668621362,-0.00017996870103892244,3185973000000,
-0.044502814866980364,0.0011978282239249061,-3.5884877021242376e-05,3185978000000,
-0.05401128709094833,0.019386826952260284,0.0001135997850021962,3185983000000,
-0.043436411055274994,0.023534733887293217,8.108486565636449e-05,3185988000000,
-0.09600411211126486,0.001890152448898322,7.497147435598135e-05,3185993000000,
-0.04299921893819837,0.014354416930344107,0.0002670829503474597,3185998000000,
-0.042287013132270526,-0.02976351699339779,9.953019870561669e-05,3186003000000,
-0.06373758752972555,-0.015430216322517981,0.0001510904503138966,3186008000000,
-0.018138566346181814,0.015796334772064664,0.00013660857561810342,3186013000000,
-0.028227319137636583,0.00849013881456404,-0.00019019102519492545,3186018000000,
-0.08035901575837762,-0.010320545753283868,-0.00016623490486090733,3186023000000,
-0.06827855453563757,0.020805392619338822,-5.600914212364453e-05,3186028000000,
-0.0886892259788987,-0.013718659109453846,-0.00015430601496044212,3186033000000,
-0.07867690758504997,0.023841085840884162,0.00022536956195362312,3186038000000,
-0.05987858400013002,0.012094842579098762,-3.7611545790242844e-05,3186043000000,
-0.04137005703957345,-0.0009913770993238422,0.00010611312001413697,3186048000000,
-0.05932500554450507,-0.003634067308042309,0.0001043381924429349,3186053000000,
-0.04308461003781017,0.008078505236943593,-0.00015120814660923184,3186058000000,
-0.04750625288575116,0.03108531409217086,0.00031972083501759105,3186063000000,
-0.09611935254995414,0.03506706967404672,0.00022960155729271497,3186068000000,
-0.05747750395971276,-0.009260657282778337,-0.00019285874774786036,3186073000000,
-0.08522216039046343,0.0281047315321272,-0.00023052531342420928,3186078000000,
-0.06674209669555316,-0.021026868139726047,-0.0001812691250238989,3186085000000,
-0.028796447047620948,0.024148598676570508,4.304538778499314e-05,3186090000000,
-0.060470781868112125,-0.009333266127032221,0.00022022968757127743,3186095000000,
-0.0682869943401441,0.01178145192560158,-0.0002651429136962528,3186100000000,
-0.060261289008077534,0.007372123023050779,-0.0002860878982688336,3186105000000,
-0.08411362167408581,-0.017428862938329542,-0.000376358154017631,3186110000000,
-0.03721806956248316,0.03010277954662846,-4.9922372939044556e-05,3186115000000,
-0.04670475043760923,0.0013264945525031594,-3.9887758330650214e-05,3186120000000,
-0.045371038287354296,0.029923880183696905,-1.270868680449543e-05,3186125000000,
-0.06729478931960517,0.014648387340991756,-9.688936968707559e-05,3186130000000,
-0.07028116063747239,-0.022076112258696528,-4.69380509092438e-05,3186135000000,
-0.056085289288435494,0.013947572963362444,0.00036638806790467607,3186140000000,
-0.03578288630191087,0.015429523697192467,-0.0001800537464289825,3186145000000,
-0.07276024327039758,0.009280191551295032,0.000102075245516916,3186150000000,
-0.050723969904331305,0.0014123521330231125,0.00019940880915667695,3186155000000,
-0.04646938522781847,0.016686376006881592,0.00034554463304993835,3186160000000,
-0.023378457443417083,-0.010202529103310693,-5.122181925614485e-05,3186166000000,
-0.057400511711424206,-0.00836726107569691,0.0003555155990320581,3186171000000,
-0.06853896389302422,0.004033256986050476,8.982968794307949e-05,3186176000000,
-0.07133450046295504,-0.007775752719234734,0.0002684730218696118,3186181000000,
-0.04183510515103957,-0.0035682827315429875,-3.1120350333842855e-05,3186186000000,
-0.054384720546607375,-0.018948603646923523,-4.799800674373853e-05,3186191000000,
-0.059961305853580164,0.00348744904504506,-0.00028056715470969586,3186196000000,
-0.05347232068709981,-0.0028740211063766727,0.00011249283379346211,3186201000000,
-0.06971811673260134,-0.007153022485296102,-0.00013261949250299482,3186206000000,
-0.07515632483865674,-0.003855598723283056,-0.0003753614122555321,3186211000000,
-0.04019340519791409,0.010839569912842168,0.00019469139267831056,3186216000000,
-0.04798948883476453,0.005900007014530742,0.00046005136443283244,3186221000000,
-0.04739370689571992,0.011578809875111193,0.00010782937153859638,3186226000000,
-0.03584110951542316,0.000733202689051166,3.059483673298734e-05,3186231000000,
-0.036836090774290293,0.032900803125062536,0.00023138595467366864,3186236000000,
-0.05628028627503243,0.007346833910187944,-0.0002055839978998328,3186241000000,
-0.04251161226025187,-0.007750520770031863,-0.00020795649975370446,3186246000000,
-0.04822421462270408,0.019617903899060873,-0.00014201163231176623,3186251000000,
-0.050117428557601706,-0.01442808906362829,-1.2144198281605494e-05,3186256000000,
-0.037261908399859225,-0.019660951388087173,0.00022766662941079343,3186261000000,
-0.06564315692015854,-0.00967566247882398,0.00033484126135472085,3186266000000,
-0.039202630501005316,-0.011203112463901535,0.00012617787105143004,3186271000000,
-0.07213697359373349,0.0023734806053980918,-0.0001035656297880975,3186276000000,
-0.05959973675548893,0.0013229261724615649,-0.00044420055890296705,3186281000000,
-0.043957277104416416,-0.010112373410964319,0.00039340854413147006,3186286000000,
-0.0793669485780916,0.009093830204956615,-0.00019648612981765457,3186291000000,
-0.05411578131828387,0.008018144787155427,2.579926268858128e-05,3186297000000,
-0.08401623148039636,-0.00448287059496594,-6.229160370166005e-05,3186302000000,
-0.02210151109605664,-0.024068532416354142,-0.00010216806746566814,3186307000000,
-0.07220801066919737,-0.014245680307910685,9.077837763338709e-06,3186312000000,
-0.07037687755140361,-6.579710642446194e-05,-7.98783640431058e-05,3186318000000,
-0.04503477248706783,0.021098432942471997,4.7073794541098586e-05,3186323000000,
-0.05654639495136695,-0.002804885654158748,-8.957044154449565e-05,3186328000000,
-0.07621151213511357,-0.03003224144762645,0.00021958626015465847,3186333000000,
-0.03831894132865091,-0.005283348158570812,-0.0002634503281527197,3186338000000,
-0.08291749766167342,0.026146906249374876,0.00011562289886759301,3186343000000,
-0.09264095084302237,0.010007121568313267,-0.0001460174310455304,3186348000000,
-0.04039010917780058,-0.02170489468263064,-0.00016837786374289092,3186353000000,
-0.06893729743361786,0.013493497057624303,-6.320645083568244e-05,3186358000000,
-0.05378829141482974,-0.004900924804759602,0.00013814465384877497,3186363000000,
-0.05882831910453165,-0.018843109001711017,-2.1121829114826918e-05,3186368000000,
-0.03813933340316625,0.011559403967155312,0.0002698801660299731,3186373000000,
-0.04845612621731627,0.005134018145185475,4.300044190334566e-06,3186378000000,
-0.05733854639645633,-0.022076643116246564,-5.238921535833316e-05,3186383000000,
-0.05965544334067412,-0.009204496975388318,0.0003233745071850206,3186388000000,
-0.03915813979825845,0.006865564044045047,0.0002930866836701373,3186393000000,
-0.06044905517581053,0.021425469721511697,0.00021433088289415835,3186398000000,
-0.08894989567433947,0.02081973549491872,-0.00012450192980751834,3186403000000,
-0.033872675477977655,0.009959930089403955,-0.00020309879234252023,3186408000000,
-0.07766642245249912,0.0001747560026304038,-0.0002259154034771997,3186413000000,
-0.03548327333740084,0.008997661703878598,-9.337439462338618e-05,3186418000000,
-0.06099762082239851,0.0267133518554903,0.00011914888237796717,3186423000000,
-0.04693761910469839,-0.007692385895730765,-0.0003850081414634742,3186428000000,
-0.07856378407901923,0.020100015349152272,0.0002076411942940619,3186433000000,
-0.027470926401294324,-0.006645689734597406,7.300580479254848e-05,3186438000000,
-0.04721492870261847,0.01926844227207305,0.00017620351968208612,3186443000000,
-0.053095815967134946,0.027086956922952744,0.0001476220981590765,3186448000000,
-0.04720857076822557,0.008232436659573295,0.00039413100978823,3186453000000,
-0.04639923342131356,-0.004538838644794078,-2.796474832417447e-05,3186458000000,
-0.05450604453352434,-0.0045582547848111886,-5.945869525947945e-07,3186463000000,
-0.028859572610447658,-0.027696035142920208,0.0002529565410512409,3186468000000,
-0.05001367652922588,0.048214231542825656,-0.00013795939345123822,3186473000000,
-0.06658829353314061,-0.022221060141416296,8.380733889299554e-05,3186478000000,
-0.06287756482048708,0.029181899838627207,0.00012004008158691201,3186483000000,
-0.057712005424326536,0.016396865288440785,0.00014816700468394032,3186488000000,
-0.020432025321629778,0.007645706847744415,3.8046742474189547e-05,3186493000000,
-0.0454450919071886,0.026355069321345327,-9.141951457299066e-05,3186498000000,
-0.055312700410004294,0.009549590320828012,-0.0002492843542364199,3186503000000,
-0.065393184156445,0.006011523459193249,-4.421470531836889e-05,3186508000000,
-0.058278572658886536,-0.0022004628126953284,-0.00013584405329608958,3186513000000,
-0.0708542480008339,0.012817818291876292,-0.00019677119349499457,3186518000000,
-0.06829221221544785,0.01309009220859723,7.237593727831396e-05,3186523000000,
-0.052808888363575064,-0.020993319656765406,7.347361606637205e-05,3186528000000,
-0.08591859455521586,-0.021618838811790306,0.0004991586960004489,3186533000000,
-0.055260313870975256,-0.008572823855438854,-0.0001602788436307018,3186538000000,
-0.07010097131341907,-0.01768095682199305,0.00017397545010875117,3186543000000,
-0.04207548401138657,-0.027344948567641244,2.6769849847575255e-05,3186548000000,
-0.0139867725442595,-0.014811644241342108,-0.00015976163548933814,3186553000000,
-0.05709299929546031,0.022989318339090195,-0.0003027900952288343,3186558000000,
-0.0375544075572569,0.013176663347438139,8.733421163790639e-05,3186565000000,
-0.0698678615556542,0.0035720237015897313,-6.617229500201432e-05,3186570000000,
-0.06893691377683515,0.014031821117058257,0.00011350884001285678,3186575000000,
-0.008589920081640098,-0.011801208814716668,0.0002516991065360755,3186580000000,
-0.028915070068297723,0.01620697908914777,2.497851444110842e-05,3186585000000,
-0.04748347896528114,0.000575881471613902,0.00017660914681020008,3186590000000,
-0.004940052188435691,0.008050130036484677,-0.0001729523035449487,3186598000000,
-0.05529480017566473,0.028316726797613597,0.00013515686189234064,3186603000000,
-0.048445428564085714,0.013008660458913425,0.0001668514992408703,3186608000000,
-0.06382361114106196,-0.019436944378073997,0.0003155514943275464,3186613000000,
-0.04551947673073076,0.01663515500983276,0.00013362207144627472,3186618000000,
-0.04886053398367043,-0.014387976817411375,4.94457096570119e-05,3186623000000,
-0.044307680073005326,0.005337148789363891,5.125025534051552e-05,3186628000000,
-0.07431186178929913,-0.025469145234012332,0.00028375904923987343,3186633000000,
-0.023981856916957596,-0.004611711727769923,0.00041218556863261395,3186638000000,
-0.046542757951321664,0.00027834077061716206,1.8131758906577764e-05,3186643000000,
-0.08149253930617786,-0.0040543546997294155,7.363151641096026e-05,3186648000000,
-0.04326975380181184,-0.01834139243035938,5.770240840706549e-05,3186653000000,
-0.05059171677541994,-0.003065944410068122,0.0001687348111664158,3186658000000,
-0.05416328889858009,0.011919144807304823,4.6801418957763496e-05,3186663000000,
-0.07517600169999711,-0.014178924582612641,-0.00016434369230907268,3186670000000,
-0.06399958182858857,0.0011746063142039594,0.00012650332728823938,3186675000000,
-0.054713019340407475,0.004772258607257125,7.352956201028581e-05,3186680000000,
-0.10050280976496873,-0.008450152095572882,8.440741883692706e-05,3186685000000,
-0.04567710216063909,-0.0005439492152742481,-7.891073129114067e-05,3186690000000,
-0.04531096716399287,0.007672309895135195,-5.376070895886197e-05,3186695000000,
-0.08686427886347842,-0.00540825985443718,3.216771290578024e-05,3186700000000,
-0.0425354053647053,-0.010515921628056433,-0.00023708029181212123,3186705000000,
-0.07210583352092816,-0.003188707630851614,8.987634726807353e-05,3186710000000,
-0.06110873593704607,0.00865036131073085,-0.00014485386610269254,3186715000000,
-0.04322984698603809,0.008516725880518293,-0.0001706043002071146,3186720000000,
-0.055083635888304186,-0.024667272041741472,-0.00046606960972631333,3186725000000,
-0.056107220599843896,-0.009859464443368852,8.526133824002557e-05,3186733000000,
-0.06554136042463202,-0.017745853100630316,0.00014853483251832028,3186738000000,
-0.08160883263372262,0.028637680643604776,7.272741006936633e-05,3186743000000,
-0.03949334552072973,-0.03502131183795676,7.302908218227853e-05,3186748000000,
-0.09314924046059912,-0.011370067676532975,0.00028293971536069013,3186753000000,
-0.05262404788053268,0.002404325432637257,8.969076988499232e-05,3186758000000,
-0.041229337300247186,0.007368747167966736,-0.0001227382698142507,3186763000000,
-0.043643320835461574,0.00043156866220541963,6.380265481136584e-05,3186768000000,
-0.03161655396406177,-0.004692391407206524,0.00039836323945739385,3186773000000,
-0.07404193786278275,-0.0261002413849171,0.0002959404698509447,3186778000000,
-0.03130818105209024,-0.00782355381799452,0.00011830826233092667,3186783000000,
-0.05058446992549124,0.03678141675585649,-0.00014721289289046645,3186788000000,
-0.06109626811130854,0.007613353687237581,0.00019375712751109817,3186793000000,
-0.053977838154497554,-0.016345470500611393,-0.00010007378124274274,3186798000000,
-0.08962274070473379,-0.007208463499365466,0.00022484257598196126,3186803000000,
-0.07562765892899595,0.019002515068532594,9.71460590436131e-05,3186808000000,
-0.08691707901065072,-0.014025237815576148,-0.0003540009993119411,3186813000000,
-0.037369584434266696,-0.03493026533192714,-0.0002739165123908756,3186818000000,
-0.0597544949366925,-0.0022751493785942885,-0.0002461155764468558,3186823000000,
-0.06293053979676848,-0.004404028397969677,0.00020098191166321715,3186828000000,
-0.061619779430111564,-0.008113027420594405,-2.5932799519108964e-05,3186833000000,
-0.0634421642680946,0.020417799875830065,2.43235752685554e-05,3186838000000,
-0.07631481987522142,-0.006112837539866909,-0.00016751112960100125,3186845000000,
-0.06450199674182099,-0.011688352091514923,-0.0002274886738295343,3186850000000,
-0.047351036287226436,0.0007651606304339817,-0.0003105783403964759,3186855000000,
-0.04666172268253821,-0.012186501719270389,-0.00023687438494065724,3186860000000,
-0.05912219929962997,0.00947734063400469,5.313508183640982e-05,3186865000000,
-0.091453742201412,-0.022225470805868994,5.1980976730570474e-05,3186870000000,
-0.08992415866804206,-0.01955637042178166,0.00037459578388368173,3186875000000,
-0.04765528247538931,0.007737943645850604,0.0002859060423281562,3186880000000,
-0.030714287589777095,0.02245349516316239,-6.0102284639480044e-05,3186885000000,
-0.06404957828563158,0.0007213782535617315,9.145946283963702e-05,3186890000000,
-0.047756058309144644,-0.004297110707887476,6.133051669828294e-05,3186895000000,
-0.03160923641196424,0.009824978264305138,-0.000244440964574031,3186900000000,
-0.055520795217006785,-0.03187551797343283,4.0094848216040245e-05,3186905000000,
-0.039533902494034365,0.010279307553780254,-4.3049985612579386e-05,3186910000000,
-0.08836493932656508,0.005964544178591718,0.0001773812108625036,3186915000000,
-0.08061199937242144,-0.02447075345705495,0.00014948304687534942,3186920000000,
-0.0314923916535185,0.009760374014876354,-0.0002848935131139077,3186925000000,
-0.025113724451432687,0.023442624777453545,-0.00018719546519457028,3186930000000,
-0.041320051437075414,-0.004565399130269032,-0.0003649385964153682,3186935000000,
-0.040845792765952176,0.003092311240010662,-0.00014174983692486737,3186940000000,
-0.05928791576877654,-0.01672202214194032,-0.00012374357005310178,3186945000000,
-0.051223318959434695,-0.007814948161696263,-6.831386104978966e-05,3186950000000,
-0.044283240171971314,0.0021754673003138722,3.295183275052138e-05,3186955000000,
-0.06035465855537318,-0.01112659953923367,8.345219665615773e-05,3186960000000,
-0.04177381908041952,-0.007874730270630492,4.79004091240937e-05,3186965000000,
-0.03051161300954853,-0.017372137874664132,7.022593093270771e-05,3186970000000,
-0.048160897267488095,-0.02329415952174851,-4.7872466856380755e-05,3186975000000,
-0.09308283141738494,0.011823077276487575,-4.506350434125796e-05,3186980000000,
-0.03501226656418321,0.009492293997752555,-0.0002849475608603526,3186985000000,
-0.07143679441831464,-0.004006259374844869,0.00014374940427752146,3186990000000,
-0.05705746172243308,-0.0019328519872158288,0.00017661785595626917,3186995000000,
-0.044546277784995585,0.009984868980938758,7.855472300921723e-05,3187000000000,
-0.06477119938866062,0.024864079492834812,0.00038754610721960673,3187005000000,
-0.051522615182007896,0.04657844176402299,-0.00011163206212317285,3187010000000,
-0.039116549913214844,0.0015125233883183696,0.00017865876473320246,3187015000000,
-0.06765336510645804,-0.015711350300064222,-0.00028142678288320015,3187020000000,
-0.06120677159890876,-0.03056871494733171,-8.96354951950658e-05,3187025000000,
-0.05851235680110609,0.0026324742206981235,4.042994137855364e-05,3187031000000,
-0.07168879888862523,-0.00695212784795878,0.00014024234958866152,3187036000000,
-0.03644134424383172,0.015634876672009745,0.00011370802932036592,3187041000000,
-0.04296158576448843,0.0031883530688900175,-1.2838600750241152e-05,3187046000000,
-0.0467729895870994,0.014707294797873775,-0.00015203103578165312,3187051000000,
-0.05505039164742981,-0.019265841781801678,-0.00011415487579999205,3187056000000,
-0.06785945883838784,-0.030790702039579548,0.0003783498945468115,3187061000000,
-0.05186984386024547,0.000261522014271993,-0.00014491661561785723,3187066000000,
-0.0415552242894698,-0.016195652493607385,0.0001228791574163848,3187071000000,
-0.045215895560867525,0.009032873880040456,2.31080207971272e-05,3187076000000,
-0.050534481797488706,0.005071260863022293,-0.00012936101081220764,3187081000000,
-0.07195554960836269,0.011129260014036456,0.00031349071308306675,3187086000000,
-0.09577112071198979,0.006984059681255491,5.403015832531783e-05,3187091000000,
-0.08060311218164863,-0.018051049449988758,-2.737554186810469e-05,3187096000000,
-0.03508222020354468,-0.016737220011496263,-3.386631616921248e-07,3187101000000,
-0.02668744162538388,0.014425408749981503,-0.00015017915700325172,3187106000000,
-0.08425991582503273,-0.002728693193896593,-0.0002876622946475899,3187111000000,
-0.06400162884906017,0.048849680223423994,-5.715257531060411e-05,3187116000000,
-0.05553402628880591,0.016682152718304262,0.0001301575222025694,3187121000000,
-0.06359031690319654,-0.0046666323367573065,0.0001608426655828998,3187126000000,
-0.05653794939183388,0.013740973883472993,-9.469288000978307e-05,3187131000000,
-0.05015272052955286,0.02163844475727662,-0.00011004247374221516,3187136000000,
-0.0849429545914191,0.0025239149013777133,0.00016261355641576913,3187141000000,
-0.048769540192903346,0.008619775727132323,0.00036038177270533315,3187146000000,
-0.05982360179064762,0.0020758171041906134,0.0002792329946853451,3187151000000,
-0.05443064220170932,0.007080135145974112,-8.726323160754835e-05,3187156000000,
-0.0642573250476704,-0.03338659983261768,6.368452631780501e-05,3187161000000,
-0.04258146409090108,-0.0035652243874792953,5.8517940396078265e-05,3187166000000,
-0.07365472653011304,-0.02786736382950676,3.3544260860486366e-07,3187171000000,
-0.03814344026801018,-0.01339290749458295,-0.00017537813199660214,3187176000000,
-0.05393964936037349,0.008914240534197709,3.454324514728426e-05,3187181000000,
-0.069667824049499,0.04169343843327013,9.161259392741451e-05,3187186000000,
-0.05553968685999791,0.01703016477233987,-1.9293958005781725e-05,3187191000000,
-0.05269521644474878,-0.028369491650928245,0.00023869843617603816,3187196000000,
-0.023331516072246906,-0.014956379123775503,-0.0002235871884073441,3187201000000,
-0.04808827386054083,-0.02548860387575774,-4.797857220862328e-05,3187206000000,
-0.06331669981799395,0.01316854031769711,-0.00018164232060827773,3187211000000,
-0.024770047398482636,0.016943375446458613,0.0001941255160168053,3187216000000,
-0.04900831877096651,0.019718313297657674,7.832269397567758e-05,3187221000000,
-0.07547250722400323,0.03221945420575936,-0.00010831164647298952,3187226000000,
-0.06321583933925932,0.02567348445842978,0.0003577679043905007,3187231000000,
-0.06423837217777935,-0.0031868745244731174,0.0001920654291212521,3187236000000,
-0.06358065048845198,0.006621920052034489,0.00016850884429096623,3187241000000,
-0.05864831774554028,0.02237970729467394,-1.0315464541214723e-05,3187246000000,
-0.0601583660317969,-0.021447067861491864,-5.486904552969354e-05,3187251000000,
-0.06411602371651857,0.0003272229109815241,-0.00012983737214818935,3187256000000,
-0.07562728506430746,-0.012268740304521726,-0.0005142792658990031,3187261000000,
-0.04685902015269661,-0.0044457454124331615,-0.0003309522064664459,3187266000000,
-0.08104686994665647,-0.02327998885488341,5.454586850457822e-05,3187271000000,
-0.08203781526229607,0.006519843590640275,-0.00011087213149625054,3187276000000,
-0.06499206006879191,0.023605002191620164,-0.0001695750793314874,3187281000000,
-0.0556278682441024,0.002756937246296957,-0.000222503013485602,3187286000000,
-0.08869263485336161,-0.006794382725664137,0.00018771984575592215,3187291000000,
-0.10225049031232435,0.008869700880178149,0.0003436303179973436,3187296000000,
-0.0756443813179582,-0.006855777023914617,3.38833009212847e-05,3187301000000,
-0.056387721221263114,-0.002067876774642273,1.993523005077448e-05,3187306000000,
-0.04288750641007739,0.012154822471536582,0.0003510285953993044,3187311000000,
-0.05021178707968764,-0.011944551706992847,-0.00019419422131694274,3187316000000,
-0.03582389750139696,0.0019142655789804385,0.00018679296174954228,3187321000000,
-0.060552700969580396,-0.0060974684215284,1.7061781228267998e-05,3187326000000,
-0.06454926276287566,-0.019562262287340215,0.0003070115384605505,3187333000000,
-0.0735328655927317,0.021052116159400246,0.00040510473175955176,3187338000000,
-0.07780878235358182,0.025364267717772955,0.00013490243212595872,3187343000000,
-0.08034557024914656,0.00658099409682579,0.00019727220365476261,3187348000000,
-0.08838210596149222,0.03217300873057371,0.0001531442712868523,3187353000000,
-0.02882067913151101,0.007766501753513219,0.00013249170176852197,3187358000000,
-0.05658244902774178,-0.02259296750177501,-8.237490354946009e-05,3187363000000,
-0.05143515951421201,-0.003280776625647759,3.296047263917978e-05,3187368000000,
-0.0591855896049518,0.006101841975630217,0.0002009218312789201,3187373000000,
-0.06134180266826016,-0.008266812364763189,-4.9852517028533535e-05,3187378000000,
-0.046569046784866175,0.0026651672525404655,3.276171317763046e-05,3187383000000,
-0.05354736991101095,-0.012069079333636495,-1.4520547463980792e-05,3187389000000,
-0.061589530639007815,0.0036088451212102583,0.0002492873500513508,3187394000000,
-0.054792930901289054,-0.013752535832517543,0.00015823190499834113,3187399000000,
-0.06827949130315361,0.006502072884100647,-0.0003117002766922532,3187404000000,
-0.021960841688581263,0.008161063037719622,0.0005883163226616363,3187409000000,
-0.05168594765779289,0.02744324556712532,0.00024384148625529282,3187414000000,
-0.08404366927507086,-0.014623198094853157,0.00019091984069475947,3187419000000,
-0.04747771416716902,0.034085938557857985,-0.0002480852266303258,3187424000000,
-0.05367132102191366,-0.0067220746736482645,0.00018461009075702438,3187429000000,
-0.0505597164994061,-0.0031163755469984632,-3.0341204480217067e-05,3187434000000,
-0.07376193338831845,0.0009793585444085769,-0.00034186240910421075,3187439000000,
-0.06300755136596442,-0.004467789792139055,0.00010690170129694456,3187444000000,
-0.05997881773869114,0.018994517256584676,0.00010043698381758168,3187449000000,
-0.0395953180879557,-0.029782168730058213,2.5869230588081563e-05,3187454000000,
-0.06471292198205046,0.03150911002456441,6.381400847313992e-05,3187459000000,
-0.06776989700695533,-0.01322778241020584,-1.0107705287853466e-05,3187464000000,
-0.06217526421189519,0.011275634886773018,6.14404120521642e-05,3187469000000,
-0.022893204910600533,-0.023029054620560745,0.00012407286394468893,3187474000000,
-0.05095688959245177,-0.0003575007989671657,-0.00015883821873473856,3187479000000,
-0.05889327585668235,0.030018423281490417,-0.0001612126938407896,3187484000000,
-0.07359153308664568,0.028460431173682247,-8.618050357331981e-05,3187489000000,
-0.05240938179792895,-0.01932959554997836,-0.00023203287292854202,3187494000000,
-0.08176299515854249,0.001099158359117137,7.011039042547505e-05,3187499000000,
-0.06961635270493935,0.013358082790117446,5.487802079855527e-05,3187504000000,
-0.04157329884083402,0.02047992098407194,-6.531791834495413e-05,3187509000000,
-0.04648395765694914,0.004341592603035621,-0.0002494341338839155,3187514000000,
-0.023795724992310696,-0.015799005159320773,9.777029110776709e-05,3187519000000,
-0.04964910233011251,0.001501979066711282,-0.00020367326543495226,3187524000000,
-0.05764043990949075,0.008989420037786877,0.00030622183446995724,3187529000000,
-0.04692524381727921,-0.012877104407021594,-0.00017836800542187008,3187534000000,
-0.0389188337200527,-0.0013561499445336354,-0.00032104619600026,3187539000000,
-0.06464046927583629,-0.010029637759426547,0.0004509479065773787,3187544000000,
-0.06427626742210098,-0.02019329830337263,9.815774360793112e-05,3187549000000,
-0.05596641417770865,-0.020348271741562767,0.00016712280676817217,3187554000000,
-0.069253747788021,-0.007373661730385395,0.0004310813782894753,3187560000000,
-0.0157767485882208,-0.0192534326358301,-0.00030207686923736446,3187565000000,
-0.04774105290586805,0.02014937259463296,0.00017896362540732313,3187570000000,
-0.05388795359000552,-0.0009587809311842288,-1.8944158782044825e-05,3187575000000,
-0.08674302350842011,0.0015673664814465438,8.5364084374579e-05,3187580000000,
-0.06738089514088771,0.026377431122783256,4.524123317624647e-05,3187585000000,
-0.044513588663296,0.0032472757273011555,-0.00011170094429443074,3187590000000,
-0.0345038075970939,0.007113965895975502,-4.222369020683895e-05,3187595000000,
-0.0788202557792918,0.0004374013659954829,-2.5109729772565467e-05,3187600000000,
-0.10196124191256145,0.013894988474522465,-3.738397957264853e-05,3187605000000,
-0.06968147219409666,-0.008186888951489156,8.538182666966427e-05,3187610000000,
-0.03879765649250469,0.01756856748355353,-0.0002788571573411528,3187615000000,
-0.05802408249643228,-0.004466838048327963,0.00010364259474796898,3187620000000,
-0.05966262433254708,0.015820052107333053,6.027392410027756e-05,3187625000000,
-0.046745104487986064,-0.012022661256909413,0.00010749546321914903,3187630000000,
-0.047164275869858385,0.011644531015424155,0.00033171522647410515,3187635000000,
-0.046361340617551344,0.02078041592919519,7.784837178175148e-05,3187640000000,
-0.06629639389161625,-0.026532193024328056,7.700395820991462e-05,3187645000000,
-0.06989533434379414,-0.002262123545514431,1.3894512212850178e-05,3187650000000,
-0.060793967775522116,-0.01828593726409418,-4.954192113796445e-05,3187655000000,
-0.03800388524793723,-0.024123941445849287,-0.000182604080255057,3187660000000,
-0.0500302255577594,0.002403509983330913,-0.00022470818252868878,3187665000000,
-0.04969364568860472,-0.006638456595660979,3.5988690226877405e-05,3187670000000,
-0.0365282961274665,0.0037473139411019706,-0.0001217555141365655,3187675000000,
-0.0671789526005983,0.01421294823197948,0.00013429394132541015,3187680000000,
-0.05084737868293492,0.04486091075827686,-0.00021344424186408805,3187685000000,
-0.05379484716509066,0.0034156161700471584,9.825692782839657e-05,3187690000000,
-0.05273287771868601,0.017738505311415957,-0.0001984664951893551,3187695000000,
-0.024987945658244304,0.009257080800092167,-4.436208874898728e-05,3187700000000,
-0.03910056989636537,-0.0008122261875427461,-0.00021459654600665333,3187705000000,
-0.05047066773813565,0.0027267523544298486,-0.000349459713868583,3187710000000,
-0.03753727784348181,0.015198233154360129,-0.00010992957081743118,3187715000000,
-0.03171309796890574,0.02618249098464579,-0.00021140733470910908,3187720000000,
-0.06858527007779845,0.019489697761885395,1.7262082984303106e-05,3187725000000,
-0.05810399736635399,0.0024359703559129328,-4.361611270692921e-05,3187730000000,
-0.07801675742825998,0.008644741279196537,0.0002555546590231379,3187735000000,
-0.09083975182459136,0.029615982545530644,0.0002179973455519782,3187740000000,
-0.060201925827828136,0.010303108070096509,5.7199962496180005e-05,3187745000000,
-0.03930694038036815,0.03334808856835159,2.5745225557429937e-05,3187750000000,
-0.029946451839635277,-0.007230226105256988,0.0001578217096646757,3187755000000,
-0.05368014897713186,0.009260821937908706,0.0002410217685611326,3187760000000,
-0.0443752986668292,0.02858316465555416,-2.0292747917119003e-05,3187765000000,
-0.04011216732562005,0.011130870219993715,0.0001960884188940713,3187770000000,
-0.05035448168839474,0.00639839339532129,0.00015605518513132227,3187777000000,
-0.07445007086204757,0.004793865483518013,9.38069318046106e-05,3187782000000,
-0.05397784304723276,0.010586019650727875,-0.0002523029302520352,3187787000000,
-0.0334746555995114,-0.002797324863254556,-0.0003253224632313445,3187792000000,
-0.07965495202353447,-0.021042906240581416,0.0001344821345845981,3187797000000,
-0.05144611084842726,-0.0076564325257099785,0.0004960944508253184,3187807000000,
-0.03581109080835252,0.034735804230747534,-0.0003430724555526206,3187812000000,
-0.03057914106643663,0.03716157172958009,8.38013645203744e-05,3187817000000,
-0.03139288811518665,0.01631306765727583,1.7518903488791642e-05,3187822000000,
-0.04225768192310373,-0.010119186473036636,0.00023009720872605607,3187827000000,
-0.035009633469468726,-0.018614996327675735,4.5926611206374656e-05,3187832000000,
-0.040609395660319694,0.01368247121240219,-5.536730042435071e-05,3187837000000,
-0.06753683701474444,-0.023320088993926836,-0.00021879775100588746,3187842000000,
-0.029995352963873127,-0.003867346533037697,-0.0002488660243469776,3187847000000,
-0.0457449862596853,-0.005145074444053916,-0.00010186488856251609,3187852000000,
-0.04793977266658444,-0.0029884703593039074,0.0001852904724851178,3187857000000,
-0.05552711243964239,0.00394431953942478,-0.0001792234992488525,3187862000000,
-0.06607185181407489,-0.0022017885880301863,9.05273368957858e-05,3187867000000,
-0.06299973050188455,0.0023270893585961676,-3.7502156064643496e-05,3187872000000,
-0.03278100171485804,0.025257601585237342,0.00010380933077661317,3187877000000,
-0.0676500246503547,-0.011251196602507707,9.934861041683828e-05,3187882000000,
-0.021078686116791458,0.011702923891679134,0.00031012328722693444,3187887000000,
-0.055657647303676075,0.01650548793419002,2.062558325801798e-06,3187892000000,
-0.05161325854506382,-0.0023438392035575253,-0.00017462369159296323,3187897000000,
-0.05255372317060224,-0.031897459004139386,-5.740039937899751e-05,3187902000000,
-0.07417829351563604,-0.01679999591038086,6.955766469104688e-05,3187907000000,
-0.04916336785834603,0.002290553909332307,0.00017400234398903182,3187912000000,
-0.08342889630452259,0.016706226692465846,0.00017656913325261568,3187917000000,
-0.018256589214010473,-0.004126692358590387,-3.464457057840729e-05,3187922000000,
-0.05233411302270706,-0.017379317380594294,0.0002330936669500062,3187927000000,
-0.025563208104355903,-0.01926760203408922,4.914474561951301e-05,3187932000000,
-0.033183859417516545,0.004896721577851664,-0.00012857432300172802,3187937000000,
-0.05557146005020261,-0.009574950373222852,0.00012065023493060372,3187943000000,
-0.05165308278811688,0.032545889485795294,-0.00019636501922021282,3187949000000,
-0.04798742700921363,0.013376850081742324,1.076847836189014e-05,3187954000000,
-0.04298353412104794,-0.007354477171338439,0.00020307815878100224,3187959000000,
-0.0326024189782131,4.940908376317222e-05,-0.0004458243264150303,3187964000000,
-0.037465695937150406,-0.013519387730128143,-0.0004389012395165072,3187969000000,
-0.04466173608961677,-0.004316142553080186,5.935888186530858e-05,3187974000000,
-0.0897552516104749,-0.02499859532586851,0.00027598328145924495,3187979000000,
-0.07810419661613949,-0.0020848808645795485,0.00025965944696565104,3187984000000,
-0.03440061575344695,-0.011998196858304543,0.0001090046723559564,3187989000000,
-0.07866173934982827,-0.005983691157696224,2.236433083596446e-05,3187994000000,
-0.06638488937114821,0.008491846512018928,-0.00023088312546777425,3187999000000,
-0.07745764662743274,0.02512999623685792,0.0002565806328344648,3188004000000,
-0.06653882917812806,-0.0021046806734504836,0.00024663417439344047,3188009000000,
-0.0682557502514704,0.004683994561427634,-7.94212264785549e-05,3188014000000,
-0.033120822387079446,-0.014596233421058136,3.7348205347558526e-05,3188019000000,
-0.044189986527852956,0.0187937487941403,0.0003025101664980181,3188024000000,
-0.0687634318833298,0.023386472148551635,0.00010890284956593744,3188031000000,
-0.06584299750745666,-0.02651606730764657,-0.0003641408428442894,3188036000000,
-0.07324325569378728,-0.004193652747917366,-9.100683482910849e-05,3188041000000,
-0.04949972136902589,-0.0008018360018535711,-0.0002593576331668464,3188046000000,
-0.05557608777090583,0.0019213240418827797,-1.3449303162781128e-05,3188053000000,
-0.028940425615781234,0.02183064752408425,8.830212753402334e-05,3188062000000,
-0.06286124987118809,0.0033544410322003905,0.00024938271006955733,3188067000000,
-0.07252413402444713,-0.02367004013363656,9.878873299598547e-05,3188072000000,
-0.01992985898313801,-0.016555293125517907,-0.0003698447884884777,3188077000000,
-0.09604568138987854,-0.01517641712687337,0.0002727627058427257,3188082000000,
-0.053337092070874295,-0.008446790983657847,2.216090819956182e-05,3188087000000,
-0.060952181108219095,-0.01929424660766116,0.00033546130323918355,3188092000000,
-0.04020818121820107,0.01781870751342896,-4.2183680065988555e-05,3188097000000,
-0.06451210082210754,0.018647538839895235,1.806874248619755e-05,3188102000000,
-0.039487270423924636,0.009518848577259693,1.4695560653999098e-05,3188108000000,
-0.043106389252484605,-0.02773374389731695,-0.0001716191263964251,3188113000000,
-0.052777923660278225,0.010789613461351526,-1.1704485598414596e-05,3188118000000,
-0.06987888839829906,0.03200304625259792,0.0002366323939206695,3188123000000,
-0.06907854818741795,-0.02240339082803485,3.546239899793567e-05,3188128000000,
-0.06769084896118692,-0.004226511743388308,0.0004655277568454871,3188133000000,
-0.03299452977193884,-0.022717824925224665,0.0001493652967277175,3188138000000,
-0.0662474918839282,0.007411847325750877,-7.746518480480615e-05,3188144000000,
-0.04539757765794724,0.014491832522614585,0.00011411776380413748,3188149000000,
-0.059559814698873094,0.009251577905864223,0.000248424963079459,3188154000000,
-0.06144254532468142,-0.008378922993352871,0.00011823195456892536,3188159000000,
-0.05765126651328141,0.009286241806531096,-0.00023401539259909542,3188164000000,
-0.057700793001761105,0.015305939407283161,0.0001356951464565086,3188169000000,
-0.08452926640114261,-0.00046431745800040996,-0.00011734231404049981,3188174000000,
-0.038690449746096506,-0.01784209577367048,0.0003291316099062396,3188180000000,
-0.08932913619448243,0.0247987211123747,-6.889476134372883e-05,3188185000000,
-0.04367370797846846,0.042481138882526505,-1.1831127829980088e-05,3188190000000,
-0.04318920917399163,0.02727575203264093,-0.00010194161478655243,3188195000000,
-0.07023377108890409,0.009457237893373396,0.000286344999495735,3188200000000,
-0.06453630036554815,-0.028442457038431804,0.00019183929226999167,3188205000000,
-0.05336990095333397,-0.01775893481855356,0.0004733477782315545,3188210000000,
-0.05052549398040412,0.01894232451437938,-0.0003117128660831036,3188215000000,
-0.05569079116459415,0.002542598053414926,0.00011252693703288821,3188220000000,
-0.06727285471276147,-0.03166703719129652,-0.0001079200315081359,3188225000000,
-0.028015635592242686,-0.0004208563068488,-0.00014093621760817088,3188230000000,
-0.030948651562637947,-0.012505364192930253,2.842757120213737e-05,3188235000000,
-0.06407679493909624,0.04337926069224514,-0.00039344451365884393,3188240000000,
-0.05954678937231497,0.029954763280758027,0.00015985929693699527,3188245000000,
-0.056929533296974325,-0.0234711258847706,-0.00013288828544956514,3188250000000,
-0.07008454261175723,-0.0022203460318921692,-0.00021712146251620255,3188255000000,
-0.07541634912408958,0.024956618838059063,6.441034911478976e-05,3188260000000,
-0.04345215479360555,0.007427578404080471,3.7403495179557284e-06,3188265000000,
-0.04420172065379906,0.004231435293042272,-8.167186187534346e-05,3188270000000,
-0.06318021074778168,-0.02298229132699996,0.00023177233971104558,3188275000000,
-0.06789323866738693,0.003973221143733949,-3.391687362789517e-05,3188280000000,
-0.07216567261333584,0.0017887065664196086,0.0002906387574007639,3188285000000,
-0.0895810934382418,-0.002285586985058545,0.00010776027196062482,3188290000000,
-0.027395712954242785,0.012784810867488597,-0.0002701242957723767,3188297000000,
-0.06146348216452853,-0.021094846738853087,7.586480700362745e-05,3188302000000,
-0.07836397860321354,-0.019767459364136448,-3.307387682647698e-05,3188307000000,
-0.05640040228977499,-0.017791296619701483,-0.00044942030255345084,3188312000000,
-0.038988020415284236,-0.019670160882887706,-0.00023233636786168963,3188317000000,
-0.04471250190104728,0.012317858142067152,-0.0003304771170100918,3188322000000,
-0.049440793586945815,0.015427700304891434,9.040830540936462e-05,3188327000000,
-0.045197269227703604,-0.011810513707424653,-0.00012546836110182682,3188332000000,
-0.029494421165922113,0.021269635051622097,0.00016706031085834865,3188337000000,
-0.06593644563282239,0.003503840953053185,0.00021579449506748064,3188342000000,
-0.07358358484319717,-0.012238464381440455,-0.00022311324086843863,3188347000000,
-0.07466552733782253,-0.0006260404043621297,-0.0002625955280578124,3188352000000,
-0.06514528810122878,0.005518570809846072,0.00016158434644646965,3188357000000,
-0.07168404079533992,-0.001409902738311222,0.00017267111925448666,3188362000000,
-0.059209188531064535,-0.0020991839992300547,-1.9632218021127615e-05,3188367000000,
-0.07287053953451873,0.005857771660460335,-4.136741014600056e-05,3188372000000,
-0.0423396206438924,-0.003533813572150827,-0.0005009707034364162,3188377000000,
-0.022102503982727423,0.018198907542385397,7.969789179350823e-05,3188382000000,
-0.043776270341200685,0.02504190145447986,-0.00010668468292605089,3188387000000,
-0.054212815338416404,0.01146167028152755,-0.0002996566782333377,3188392000000,
-0.05519025836692815,0.015090017088476916,-5.520125615570569e-05,3188397000000,
-0.05602978627039227,-0.007319456902167635,9.201985348857594e-05,3188402000000,
-0.050897771647837334,-0.007672094232356643,-0.0001515171826519655,3188407000000,
-0.045228385157932,-0.029573175343069094,4.119997217904717e-05,3188412000000,
-0.0274018676059995,0.013121565098665413,8.011362890640202e-05,3188417000000,
-0.06514637822358928,-0.0019144659811476464,-0.0004524350039454664,3188423000000,
-0.08781409981990794,0.036460167516095376,-0.0004129668394461143,3188428000000,
-0.07631123712480233,-0.00508159480373226,8.453493627776192e-05,3188434000000,
-0.052023920247846196,0.008774434649349915,-0.0005334276190075442,3188439000000,
-0.03220895193610844,-0.005279882517425771,-8.390257594849784e-05,3188444000000,
-0.052237226255025804,0.006410752730386018,-8.764782274146618e-05,3188449000000,
-0.07269542785617898,0.004497098455727463,0.00013971072171868119,3188454000000,
-0.06298726146553046,0.01717513351665807,-9.32290857081352e-05,3188459000000,
-0.063930777927351,-0.020959796526193838,5.467519857511896e-06,3188464000000,
-0.0939176829477437,0.0006181462009990388,-0.0001487557468188506,3188469000000,
-0.035109425204493006,-0.010435349455956464,9.235754069834574e-05,3188474000000,
-0.05070694589414318,-0.03860513850313236,-0.00025211747214409514,3188479000000,
-0.04313204654104841,0.002401135475239299,0.0002455938214716848,3188484000000,
-0.0303699571677836,-0.0014955081728802,-1.5265041456878068e-05,3188489000000,
-0.0445273977135995,-0.002259262214354419,-0.0001260572097373101,3188494000000,
-0.07407525432255274,0.01803228632097513,1.0617382477187468e-05,3188500000000,
-0.07736188303530638,-0.026236937832892507,0.00021933831860732208,3188505000000,
-0.04988567955640391,-0.01643981606004577,0.0001400750126741704,3188511000000,
-0.06049931401669291,0.008122464480747108,0.0002099685505630443,3188516000000,
-0.07276446313289378,-0.0008716982161489776,0.00017315896674739793,3188521000000,
-0.06781519671098575,-0.00043602921184346475,0.0004502689568298814,3188526000000,
-0.054438685078019106,-0.0257640485517771,6.698752488531773e-05,3188531000000,
-0.06818436048377662,-0.03215782352866501,0.00014385665573027353,3188536000000,
-0.04800059758269658,-0.021243724948504576,-0.0003353908572383604,3188541000000,
-0.06377537022893746,-0.012092839170837127,-0.00016266869384319048,3188546000000,
-0.05334560110501797,-0.017074511549299183,-0.00013600691611958475,3188551000000,
-0.047441427392708166,-0.008923975471225427,-0.00018987173285099675,3188556000000,
-0.031391562619194624,-0.0024006175747939423,0.00019910013809818226,3188561000000,
-0.06519516948020271,-0.0071526466978344555,-9.803122184886592e-05,3188566000000,
-0.02154545602354825,0.004632496638955081,1.1151236677015518e-05,3188571000000,
-0.019814960434048484,-0.008180250227867858,-0.0004061567492024264,3188576000000,
-0.071558648370736,-0.007885622257061072,0.000296193462575597,3188581000000,
-0.031029013737195847,0.0321308134078849,0.0004870979878168419,3188586000000,
-0.07168942298116661,0.006790911296437378,5.0898670027550837e-05,3188591000000,
-0.08466018222705207,0.03442673526552549,-0.0001638321610818402,3188596000000,
-0.025157195729278638,0.0007624002825950855,-0.0002845834939804927,3188601000000,
-0.01805561584016859,-0.008391473675687721,-0.00012642911151030149,3188606000000,
-0.059293507814696944,-0.013295778940436351,-0.00010289618010189264,3188611000000,
-0.06853040234327688,-0.00327893231616766,-3.390821830862904e-06,3188616000000,
-0.06977673179260532,0.02641339180680476,-0.000240704998353432,3188621000000,
-0.027373754374757794,-0.00875710704880022,1.1271555735612842e-05,3188626000000,
-0.050953053132046226,0.026966191530234485,0.00014463771486116113,3188631000000,
-0.048879867423908,-0.025564931941502885,0.00010137026003287467,3188636000000,
-0.09194028082933509,0.003743790829639132,0.00010274656101258289,3188641000000,
-0.05027843182225853,0.0029883048469345006,-0.00021724785253223513,3188646000000,
-0.04034020275155954,0.005704455286043208,5.872785532038043e-05,3188651000000,
-0.06351906884719714,-0.007704727752523348,5.1313942249513136e-05,3188656000000,
-0.06051409070778968,0.029577099957530103,-5.5185524638207905e-05,3188661000000,
-0.060063338322055154,0.006294799425854131,-8.283293284446592e-05,3188666000000,
-0.06553295234843304,-0.00691108507476396,-0.0003083304020617979,3188671000000,
-0.06758102417936182,-0.01360944268725735,-0.0002798578925017607,3188676000000,
-0.028250877902512697,0.00939344367011117,-0.00014507047669413704,3188681000000,
-0.06038942631307406,0.004243863869620149,0.00017811379970442752,3188686000000,
-0.056778283722004025,-0.006558432692872728,0.00024019566110636286,3188691000000,
-0.03154468116767263,-0.012103793495029195,2.4240578183681117e-05,3188696000000,
-0.05998539633939243,0.0059533019329197235,-0.0001725483637255417,3188701000000,
-0.04958049571999896,0.023695520186149982,3.0213769635849758e-05,3188706000000,
-0.05356448788992152,0.026055558750033063,-0.00011537889393287687,3188714000000,
-0.06466114168019702,0.01064932782021705,2.586170375452143e-05,3188719000000,
-0.04407635369421524,-0.00039907934173828317,-0.00013790331631074936,3188724000000,
-0.05124232257986969,0.004704411641191867,-7.747624116461839e-05,3188729000000,
-0.05887075510462109,0.004360392714631631,-0.0003331001399702761,3188734000000,
-0.052562231091549574,0.01555739657242803,-2.4123312778752665e-05,3188739000000,
-0.0761392540289384,0.033058168469138234,0.00031201379182520906,3188744000000,
-0.05188788731325563,0.012118452672715664,0.0001293253161133051,3188749000000,
-0.06260884019397195,0.04118456212580449,0.0001073986797237248,3188754000000,
-0.0426958821938106,0.02464180813572178,0.00013670261486113327,3188759000000,
-0.0675059842201049,-0.021497049387541906,-0.00022047555494115526,3188764000000,
-0.0918607275367479,0.0020167160416135156,0.00016927125739794503,3188769000000,
-0.05399539360226552,0.022034575901530955,0.00018124320487899445,3188774000000,
-0.07356463197511799,-0.0072666079343357975,-3.550179589073136e-05,3188779000000,
-0.05495859484466935,0.034924562880274596,-3.687188313253386e-05,3188784000000,
-0.036834934985927686,0.007766268846715611,-0.0001025156471085792,3188789000000,
-0.04707475802493616,-0.005150779508703209,0.00014433871308425434,3188797000000,
-0.06162066167055037,0.01945421192901369,-9.166833288738295e-05,3188802000000,
-0.03150214935220326,-0.010475956093771109,0.00026859983165264075,3188807000000,
-0.08382346415836185,0.006473767855633882,0.00026520034341654606,3188812000000,
-0.055330000712782525,-0.013959897952376725,-7.980095382166392e-05,3188817000000,
-0.061046707495819884,0.0023126480317588044,-2.3272106921901675e-05,3188822000000,
-0.05239726076281831,0.020958767800807243,-7.121454996137627e-05,3188827000000,
-0.04832812704518137,0.0002649248857770651,-0.0001953721496493652,3188832000000,
-0.038667277511025736,-0.008746769808911543,6.241224259401773e-06,3188837000000,
-0.05603855384881939,-0.0019168047586649605,-0.0002795346081784093,3188842000000,
-0.0628044210361634,-0.018607553366938777,-0.00022938826259608696,3188847000000,
-0.04976105146501094,-0.01331644741817492,2.3943639732571e-05,3188852000000,
-0.059895963244072654,0.014907691602034073,-0.00010382223207412821,3188857000000,
-0.05991802640490314,-0.00755863105371431,-0.0002630150977787342,3188862000000,
-0.05077203955038298,0.010286773921587947,0.00010446926179960582,3188867000000,
-0.032756985806842005,-0.019804358875283354,-0.00024369040838335726,3188872000000,
-0.0765790003490805,0.027893176524240733,-0.0003023719064834476,3188877000000,
-0.052131956179289354,0.016093644641253242,0.00011087346044620797,3188882000000,
-0.04806615103170597,-0.011633184344283766,-5.332050995190383e-05,3188887000000,
-0.028934627609611886,-0.006974619258543965,2.1872487370922356e-06,3188892000000,
-0.0658984054407946,-0.016155780119733672,-2.5968885654736953e-05,3188897000000,
-0.04645740937764326,0.009310654708787067,0.0003994489414318385,3188902000000,
-0.07915193143879835,-0.00670350886010853,-0.00026884429211297727,3188907000000,
-0.03989745333656659,-0.025564440957589536,7.935643413860333e-05,3188912000000,
-0.06719575170095879,-0.006733196083322083,-0.00018982992755456693,3188917000000,
-0.05501628432935346,-0.043409052165927615,0.00021094409116053162,3188922000000,
-0.03596918745282132,-0.01630790003515461,0.00016146568046813276,3188927000000,
-0.03537826575030473,-0.005491377039963706,-1.639806530672221e-05,3188932000000,
-0.08558845334364143,0.03086815475138704,-0.0002574856506875754,3188937000000,
-0.06329973628708649,0.017084758525100312,0.00028675773129087216,3188942000000,
-0.043709948683242905,-0.005279812461331305,1.7387255000895614e-05,3188947000000,
-0.07701891550756262,0.0018662503771957656,-0.0005525713267893889,3188952000000,
-0.042329776388619254,0.02406537048753146,0.00028218035757461324,3188957000000,
-0.027056095430049113,0.006436084654513733,-2.565433606418522e-05,3188962000000,
-0.081639680092427,-0.028344337541671972,-9.519525880644828e-05,3188967000000,
-0.057783356371642225,0.01853745173049003,5.635959445702794e-05,3188972000000,
-0.03985232528503985,-0.00702627511353548,0.00012126290911602018,3188977000000,
-0.05298650240815931,0.04751620134683342,-7.426139315930291e-06,3188982000000,
-0.06948938556010416,-0.02305402309584318,0.0002111535290879813,3188987000000,
-0.06223163283943045,0.012858929670052345,-7.465252927791216e-05,3188992000000,
-0.04981453442449373,0.03052457701599751,0.00021729492236215913,3188997000000,
-0.06477043386088652,-0.028735359248201933,-8.924481368040954e-06,3189002000000,
-0.07105362214491348,-0.0015224600496135119,-0.00010657848891204992,3189007000000,
-0.05731670165434208,0.00702202462140279,-8.704462264791042e-05,3189012000000,
-0.07426392136014737,0.006812188271604312,-0.00013758837477422973,3189017000000,
-0.03337561390030663,0.023771398810323807,-0.00018900259525643598,3189022000000,
-0.06024177414008659,0.01603100125151268,2.3372307575827115e-05,3189027000000,
-0.05403022572989163,-0.018440754129693922,0.00012043332047654523,3189032000000,
-0.0665495753908338,-0.012654512719384456,-0.00010963786877356774,3189037000000,
-0.0675956409467602,-0.008598380738433074,-0.00031568050330117216,3189042000000,
-0.04477769935673555,0.006615751034130701,7.798744264459799e-05,3189047000000,
-0.05345248388840071,-0.008374587336508825,-1.3567402600015048e-05,3189052000000,
-0.07586737959289741,0.03763376652804318,0.00033743318765297887,3189057000000,
-0.07108939362242112,-0.0035545848710343345,0.000305775758132199,3189062000000,
-0.032915620104866414,-0.028992621689145605,-6.664534711528383e-05,3189067000000,
-0.050161996149997085,0.006010200053102506,-8.658234130301919e-05,3189072000000,
-0.0563509146788938,-0.019385236683820927,0.00039629191681453055,3189077000000,
-0.03077546496293991,0.0006071657322394173,-0.00014300289648485338,3189082000000,
-0.05269357353821999,0.013984162306990056,-0.00010806489049498564,3189087000000,
-0.04622992963786084,0.010500674272509837,0.00020800156025034268,3189092000000,
-0.06756933014756678,-0.008319777471990097,6.823840663044505e-05,3189097000000,
-0.009999120596088672,0.005059187790769891,-4.052372752021141e-05,3189102000000,
-0.047214749481644294,-0.020558229491798467,-9.428519468051311e-05,3189107000000,
-0.049531672520063415,-0.03451919793426958,5.2544853030928524e-05,3189112000000,
-0.029683349956948855,0.003988436934484613,-0.0003237146019924907,3189117000000,
-0.0612636273039781,-0.004176927441720036,-6.304207444138662e-05,3189124000000,
-0.028987258690522415,0.025773775882058918,0.000145219486097965,3189129000000,
-0.041705026859649996,0.034775291219541676,9.950178290312363e-05,3189134000000,
-0.05314273148390095,-0.01326708232681622,2.0972247172507364e-05,3189139000000,
-0.07634399505871362,0.021058519497666326,-0.0003070237141821159,3189144000000,
-0.05731494270219955,0.002738710504751088,9.911810870708387e-06,3189149000000,
-0.06726064127498607,-0.012329328434419034,0.00021187811421958215,3189154000000,
-0.03673769674032134,0.02144122362617153,6.405815998682395e-05,3189159000000,
-0.06053507583670768,0.005470600526172752,-0.0003827959158017645,3189164000000,
-0.0644222111966223,0.019144240505992702,-2.8012681508147483e-06,3189169000000,
-0.0673337650924062,-0.014454811649998768,0.00026793026738525103,3189176000000,
-0.028680889423055758,0.01644424442203334,0.00010621556075358935,3189181000000,
-0.0467876414690077,0.010499632699924022,-3.852559440680662e-06,3189186000000,
-0.06221236213003973,0.011636158226992682,-0.00026122893616369676,3189191000000,
-0.06808070888677248,-0.005770686499656972,2.4967765117883506e-05,3189197000000,
-0.05713275176688386,0.007373407158688361,0.00021678924060537606,3189202000000,
-0.09211712512217456,0.006767837126491939,-9.35619844897447e-05,3189207000000,
-0.0710390751928193,-0.029326699169227536,0.00012199467985824751,3189212000000,
-0.05945088652408949,0.030332075670611885,-7.995043916692694e-05,3189217000000,
-0.03758361954414548,-0.009178695470354655,0.0002902776090013055,3189222000000,
-0.0431758488338725,0.019089085718949603,-0.00033334888607772277,3189227000000,
-0.04647627289472522,-0.008854168033392193,0.00026534959649410065,3189232000000,
-0.04157093825059789,-0.011469866652933172,0.0002217561189609779,3189237000000,
-0.036928041080225266,-0.001101759498318239,-0.00019362710549521395,3189242000000,
-0.06870772349578166,-0.027340435750401532,-0.00010373223639302488,3189247000000,
-0.08084141236580641,0.008542715950579184,-2.8194034467108e-05,3189253000000,
-0.058855979601800515,-0.008682956118154568,0.00027209693363473267,3189258000000,
-0.05567513912030345,0.006060583783021737,-0.0003909167588741128,3189263000000,
-0.06071249434253308,-0.010861549846037077,0.0001758270581032566,3189268000000,
-0.06736409728088959,-0.0032387608432535623,0.00010999151740646877,3189273000000,
-0.08490178172757062,0.001203195756152528,-0.0003419512213409423,3189278000000,
-0.04081473273953422,0.03126307672745085,2.6401372347031e-05,3189283000000,
-0.059032594021190564,-0.0010505806170151375,0.00022856003945272746,3189288000000,
-0.03492366793474272,-0.0010766314348253849,-0.00011167420861005935,3189293000000,
-0.050872361554458304,-0.02409219402263386,-0.00011573615954693364,3189298000000,
-0.0599158157275531,-0.018591611789949038,-7.507217291898864e-06,3189303000000,
-0.04083511345635789,-0.008945658592731618,8.896387699378895e-05,3189308000000,
-0.05813072813259372,0.011643751465994653,0.00028611245103440805,3189313000000,
-0.051409485655959486,0.0007564682316804493,0.00017267282375454108,3189318000000,
-0.052961218707450325,-0.01404132197137031,-0.0001246662176865571,3189323000000,
-0.048181008693013304,0.016098290497483535,0.00010015636397731986,3189328000000,
-0.04180182627074083,-0.00563881988292548,6.465806914679859e-05,3189333000000,
-0.07034195489119469,0.04324823495292069,0.0002212196021340389,3189338000000,
-0.07016613916853286,0.003483696100671731,0.0003994377343080479,3189343000000,
-0.053787935813794006,0.006795452244503608,2.8671183012305828e-05,3189348000000,
-0.06995352186352444,0.012541297500196896,-7.26359633876987e-05,3189353000000,
-0.024411422078264376,0.022812410267380984,0.0001889485811150682,3189358000000,
-0.062395417103868464,-0.01678293011851769,0.00018961428230763525,3189363000000,
-0.04846174941843985,0.01490256602058819,8.206945735998328e-05,3189368000000,
-0.046388890269752917,0.01862558101570567,-5.9675358175958924e-05,3189373000000,
-0.03650336956953498,0.0031562900217431177,-0.00015900595449223526,3189378000000,
-0.06261380701956298,0.007771272161114833,0.0002684659627488155,3189383000000,
-0.06605511688681864,0.011081502674370058,9.241034203037137e-07,3189388000000,
-0.06340931599714682,0.004037721943154832,-4.3133794223936525e-05,3189393000000,
-0.04559020492467017,0.007648124226428917,-5.9148354436514674e-05,3189399000000,
-0.05757604389878803,0.02625778389669024,-6.381002843625697e-05,3189404000000,
-0.04106748964795807,0.014065769425290803,-1.2302828617014301e-05,3189409000000,
-0.08409058013144677,-0.010956122608276102,3.7516311620968075e-05,3189415000000,
-0.048385233841054046,0.00018213475504031925,-8.309094412182218e-05,3189420000000,
-0.027139457770998188,0.007766586199932849,-0.00021308455000016807,3189425000000,
-0.06599676672979587,-0.0025227400622656374,0.0002473073584755332,3189430000000,
-0.04625457194875568,0.008713629974082987,-0.000258408980153597,3189438000000,
-0.04549246476268011,0.0045540731527184955,0.0005264824700488951,3189443000000,
-0.04391898599103761,0.0033483140956026953,0.00024184944024027106,3189448000000,
-0.0709633850856579,-0.0007750280587885497,0.00018320331343708507,3189453000000,
-0.05017266469408965,0.013261847243191632,0.00034857343841390346,3189458000000,
-0.03573117892624099,-0.005041407574625132,0.000264628968658062,3189463000000,
-0.07501274519802459,0.004270515799288075,0.0005593140870162621,3189468000000,
-0.06597569058438821,-0.012799596494575615,-3.0878720554360636e-05,3189473000000,
-0.05831824462668157,0.00899863037178585,5.161597358494301e-05,3189478000000,
-0.06093808739436535,0.027232235893472907,-7.928899628795145e-05,3189483000000,
-0.08064435915447055,0.015335556546931188,0.0001993276501822992,3189488000000,
-0.06616867303605248,-0.016545985918967814,8.443581816838355e-05,3189493000000,
-0.043601322807588515,-0.009729769194391192,8.565278210111187e-06,3189498000000,
-0.08822120727736005,-0.03818775661325795,-0.0001121404525535225,3189503000000,
-0.060646488836328,-0.0062098187279489795,0.0003850513126299905,3189508000000,
-0.07725544410876022,0.02138234747136698,-7.971433012169287e-05,3189515000000,
-0.07254288586542317,-0.000402670934910002,-0.0002565476942952388,3189520000000,
-0.0472455925181589,0.0044082675066394175,-1.0805363478349059e-05,3189525000000,
-0.05194264270082256,0.007303783884695209,1.3105330574252209e-05,3189530000000,
-0.05969159209180523,-0.016647584576874437,-0.00010373621427445451,3189535000000,
-0.05279187721153103,-0.01961605874483769,-0.00011493624925144099,3189540000000,
-0.07474837719510688,0.005064751232684678,4.8230431901758265e-05,3189545000000,
-0.04601007682228869,0.01757060432253443,-5.537750390149836e-06,3189550000000,
-0.03512385433455154,0.02606713401914667,4.7995026122571686e-05,3189555000000,
-0.06471481044978188,0.011217551974368191,-4.52664958765845e-05,3189560000000,
-0.03774412279069321,-0.01287636455566377,-0.00015239816156197792,3189565000000,
-0.02922550651765395,-0.018483326560778446,-0.0002319912288429865,3189572000000,
-0.036254071441171876,-0.008554539227541912,-7.392212473047515e-05,3189577000000,
-0.039081180631932944,0.030472117262423087,-0.0002071020871740594,3189582000000,
-0.05796778414291147,0.021097423337470198,3.943514535832545e-05,3189587000000,
-0.039988634432509246,-0.003694394191246669,-0.0005429490452432732,3189592000000,
-0.06460347882004558,-0.003732067253945713,0.00017587391001030024,3189597000000,
-0.06492798827172924,0.03260962835996159,-0.00019150078887748175,3189602000000,
-0.03588996224344172,-0.007994588126925595,-8.880293692918702e-05,3189607000000,
-0.06310730101287618,0.0400711529394736,0.00011960141682433203,3189612000000,
-0.05101436576795956,-0.04867856342682604,0.0001261289273647182,3189617000000,
-0.040747065179723534,0.0017488266536487167,3.647024515177565e-05,3189622000000,
-0.024398601644451668,-0.02223733440512517,-0.00018093241619766636,3189627000000,
-0.07233928289299466,-0.005381592392504559,-3.865189728436459e-05,3189632000000,
-0.031278927050371705,0.000417803935069425,-5.182782299102184e-05,3189637000000,
-0.04765600906575261,0.023566388461650583,0.0002535512267251221,3189642000000,
-0.06265288777106676,0.010722862279518332,-5.478514058725532e-05,3189647000000,
-0.07739239448248449,0.012227646684884427,0.00035977563842356185,3189653000000,
-0.05895930582485983,-0.0061708091112447645,-0.00010998613335605707,3189658000000,
-0.040694959311860644,-0.018418285640527773,2.2207175177712745e-05,3189663000000,
-0.07660910707814346,0.0003670905759286378,-6.544313627762885e-05,3189668000000,
-0.09551189361140426,-0.01016348266349066,-0.00020127171674612837,3189673000000,
-0.026041577979972436,0.0008027924909386292,9.447539657186242e-05,3189678000000,
-0.0672683030245372,-0.00037404206462224657,0.0004206107149193176,3189684000000,
-0.05726168117748991,0.00013350410782809053,-8.81926392524186e-05,3189689000000,
-0.09170317425288663,-0.03670408941837999,-5.658643424733727e-05,3189694000000,
-0.06287637400312336,-0.005655681155955476,0.00021800536874204366,3189699000000,
-0.05869644178675749,-0.004188171911667949,2.475279578117098e-06,3189704000000,
-0.07862325122591497,-0.015241149668714303,-0.00011631487703386457,3189709000000,
-0.04879873322889568,-0.0015882629535470248,9.637965949585617e-05,3189714000000,
-0.05245213691001135,-0.003081997440366675,4.725041190838883e-05,3189719000000,
-0.061555808585257006,0.0063627385131113,0.00026623338475429174,3189724000000,
-0.038656224282504176,0.00618772104088079,0.00021029692961175385,3189729000000,
-0.06447778028989315,-0.001745925971503291,0.0001367701320983607,3189734000000,
-0.05694450228996572,-0.021040877927890153,0.0001712329075294506,3189739000000,
-0.07195885913969383,0.001893352262701188,4.46463301483381e-05,3189744000000,
-0.05543124384486418,0.0017186128789191458,-0.00024446996332913747,3189749000000,
-0.059155566926468756,0.02891461469314242,-0.00017356241565289648,3189754000000,
-0.051154536325679255,0.010818676696201079,-0.00011923393519445608,3189759000000,
-0.034685577712276455,0.02464293055083132,-0.00012994415752295516,3189764000000,
-0.04873409621814101,-0.028463546927468802,4.7008785007190365e-07,3189769000000,
-0.049682041389953566,0.00981553514704215,-6.477640946482846e-05,3189774000000,
-0.05633106984847137,0.002697612229156954,0.0001951349649804721,3189779000000,
-0.08337538462137653,-0.009330914139936756,1.8337333887020283e-05,3189784000000,
-0.01156636782143302,0.0060775405917720795,0.0002076025147019827,3189789000000,
-0.03746527754847414,0.012069633484556919,0.0001045625880249107,3189794000000,
-0.022013759204418643,0.003589465463628699,-3.583949816878583e-05,3189799000000,
-0.0422729601668687,-0.02424073864141938,-0.00025734602135918134,3189804000000,
-0.0747100302234934,0.0003063054469283343,-0.0002725383829346762,3189809000000,
-0.05023753123065263,0.028797138149440227,-3.238213865234071e-06,3189814000000,
-0.07233877654814337,-0.015135959868197284,0.00015354198823631557,3189819000000,
-0.06219851242639436,0.006074711770901214,0.000233867440967284,3189824000000,
-0.0351224074453658,0.029522954905409342,-0.00018366222071010448,3189829000000,
-0.08452349453241192,-0.009031767985390448,0.00022838877601476416,3189837000000,
-0.032012586871551674,-0.02361770511789641,0.00029745264703812894,3189842000000,
-0.058493754825338064,-0.006761639800653019,-9.607843689863776e-05,3189847000000,
-0.0408301166830786,-0.01825153225376322,-0.00031884442202852637,3189852000000,
-0.043647512005180245,-0.015769776131257348,9.427889256171747e-05,3189857000000,
-0.08675755302228885,0.01666330464076842,-0.00011078018901082287,3189862000000,
-0.05912591147579005,0.006538867058835439,-0.00021224808630865196,3189867000000,
-0.0549818313892626,-0.003912235869731236,0.00021190061711220368,3189872000000,
-0.05525731270107942,0.003958895162186294,-7.463118136598656e-05,3189877000000,
-0.05480291550561927,-0.011664565450271395,0.00014775328044541616,3189882000000,
-0.06837797048739853,-0.002060312302800428,0.00029282342670367955,3189887000000,
-0.0578447186262915,0.00107288277096266,6.387693834296389e-05,3189895000000,
-0.04307558553603026,0.033896478222671896,2.326535852509474e-05,3189900000000,
-0.059524595670742676,0.0022437617122175817,-2.4898730385021667e-05,3189905000000,
-0.06183791811786354,0.009933253456428847,-4.711164619130403e-05,3189910000000,
-0.020621466019884536,0.022696342830879863,0.00027316833073255984,3189916000000,
-0.07002567397157375,0.0006060770721186766,-0.00019814448859442965,3189921000000,
-0.053208559446444655,0.005935292186629517,-0.00017939486916647963,3189926000000,
-0.06151759138952828,0.010097313152621917,0.00012558522146064499,3189931000000,
-0.07356111145986935,0.029611476993567913,0.0001158544850979221,3189936000000,
-0.06432336398451297,-0.0054231835275785605,0.00012078620945963021,3189941000000,
-0.03325372249474107,-0.0020535763334162214,-0.0001363839685698191,3189946000000,
-0.0652325461337677,-0.0023885357510494746,0.00013625031956217474,3189951000000,
-0.03224094222391846,-0.015879354069580128,-0.00026213152528642945,3189956000000,
-0.07033380959825809,0.004870218153298578,2.4258098029143258e-05,3189961000000,
-0.0658625842674162,0.009746541032515788,-3.503690419433276e-05,3189966000000,
-0.06179555978691466,-0.017951444498215705,-0.00020709217894571992,3189971000000,
-0.06546802153619372,0.016201203743115858,3.5540638441271335e-05,3189976000000,
-0.02981438491390813,-0.012712700254480496,-2.0903535397483068e-05,3189981000000,
-0.05577189475111187,-0.0037869296647753624,-0.0002930696044318419,3189986000000,
-0.06543280122489484,0.009684635124373097,-4.2297004405007106e-05,3189991000000,
-0.06893530505988021,0.01399931740606032,-4.51394695505737e-05,3189996000000,
-0.08446110865451735,-0.012499875017228908,7.51002791715693e-05,3190001000000,
-0.05033503730399381,-0.015585633909910548,9.319229275268852e-05,3190006000000,
-0.07784879527489393,-0.004379284597216706,0.00014313879892720004,3190011000000,
-0.06997447258985486,0.0035394376737492533,3.0469569707695613e-05,3190016000000,
-0.07424473274359886,0.0054883660398445415,8.284082975769895e-05,3190021000000,
-0.06052035074382957,0.01526831249172829,0.00010871030267945715,3190026000000,
-0.05113974305060293,0.030151245111327538,0.00016457545206462646,3190031000000,
-0.056229813034636075,0.009614851205294941,1.8917835222936737e-05,3190036000000,
-0.018088445772757436,-0.0217878464098231,-0.00024273912307910247,3190041000000,
-0.062482195386261125,0.007475708654212729,0.00010992135578045054,3190046000000,
-0.04305485525561012,-0.031555011178020974,0.0003333580869136806,3190052000000,
-0.08080458900882101,-0.00411543113633632,-0.00014724718009733845,3190057000000,
-0.08281608967846013,0.010900041267306593,-0.00026159745119631736,3190062000000,
-0.051840195561504626,-0.019932876320717687,0.00023940906454316644,3190067000000,
-0.05693241933635878,-0.0005001291056469214,-7.369548637308767e-05,3190072000000,
-0.06785980589428633,-0.007286511422143807,0.000291490667561011,3190077000000,
-0.031224034736754804,0.0024620790472660433,0.0005240667139495772,3190082000000,
-0.07015901125803929,-0.007646647131262297,-0.00014549060873509306,3190087000000,
-0.06731019817449252,-0.019009061868684556,0.0003168899245829459,3190092000000,
-0.055584626481671395,-0.0011786780663288407,-0.00021945830335412276,3190097000000,
-0.07525223550832294,0.019025980909116617,0.00012975886299548107,3190102000000,
-0.062162673650343676,0.01723890959607547,-0.0006251184164735292,3190107000000,
-0.05755924717358936,0.004729686173368006,-6.087888989706436e-05,3190112000000,
-0.04097261820186203,-0.0034835240710462765,0.0002466414493677536,3190117000000,
-0.06400126605658527,-0.0035974228686283362,-0.00012109707428700443,3190122000000,
-0.06849827507212074,0.02811173990302758,-0.000128955844197183,3190127000000,
-0.07115048772674043,0.01976973137769422,5.097793781428199e-05,3190132000000,
-0.04676335017575452,-0.005973474879699309,-0.00045517611935307946,3190137000000,
-0.061135732408654046,0.0010269024948458062,0.00010953253879764942,3190142000000,
-0.05298619708387627,0.023165223031211712,2.328102960935682e-05,3190147000000,
-0.035736294437266,0.010862061640707285,-0.00026485441390766256,3190152000000,
-0.07182626780046766,0.018787541280993733,-5.0199385841435284e-05,3190157000000,
-0.08568016538317122,0.01907248374441355,-0.00044850569674194667,3190162000000,
-0.037396058222876685,-0.015084287861261729,8.407124348169775e-05,3190167000000,
-0.04353948878997313,-0.0035906831945889768,0.0001704818076936221,3190172000000,
-0.06604729756362304,0.008693364922287011,-1.2485543817188692e-05,3190177000000,
-0.0697252927721979,0.009271243741956422,2.7113935260387893e-05,3190183000000,
-0.062497236992261,0.0064386964507010735,6.78498775227665e-05,3190189000000,
-0.052708068110659416,-0.007213446433890147,-0.00018768909038809395,3190194000000,
-0.06858484715488895,0.002661497418767531,4.213407833770557e-05,3190199000000,
-0.04682613670937885,0.01024959495082777,8.085745501902398e-05,3190204000000,
-0.04545786161414281,-0.029548488341420855,-2.1802094318678423e-05,3190209000000,
-0.06979281563663564,0.02437608898016712,-0.00041552765503251007,3190214000000,
-0.07327433734071383,0.028150834894093972,-0.0005815438995872414,3190219000000,
-0.058899335734512004,0.02625868168684767,0.00022070967659209374,3190224000000,
-0.028792910802287845,-0.01629262288638857,0.00027632282946324555,3190229000000,
-0.04041764949719742,0.010794495686482409,-0.00019208275927645561,3190234000000,
-0.07347045191674446,-0.039227531398788325,-5.9912066519617897e-05,3190239000000,
-0.06656718889970993,-0.033343192062851315,-0.00015377478379255643,3190244000000,
-0.0781481504934673,0.021976916786885577,0.00010509571443251248,3190249000000,
-0.015313919567359571,0.005342634093911343,-0.00034385173136560095,3190254000000,
-0.06854986005928418,0.02667593603293253,3.5643694332066686e-05,3190259000000,
-0.06688871521479599,0.03642419816384953,0.00010500811371926206,3190265000000,
-0.05622257247876424,0.003831239582875662,5.232681702124731e-05,3190270000000,
-0.05409979083209906,0.02182731906820689,-0.0002847836735082533,3190275000000,
-0.07776032133173676,-0.016590272611799683,-0.00013991024884072554,3190280000000,
-0.04952035717128121,-0.012382956033012808,4.134866229411025e-05,3190285000000,
-0.06984158364212893,-0.02273493593256555,-1.877385505634083e-05,3190290000000,
-0.03594039402818515,0.007037596060567406,0.00011332627956782671,3190295000000,
-0.06634904363165342,-0.002720259184844158,-0.00016628810293395368,3190301000000,
-0.1006367544447915,0.01604930359759406,-1.851339311973666e-06,3190306000000,
-0.06776629713273227,-0.002577931056077649,-0.00039944537817526813,3190311000000,
-0.07082254297115188,0.02098310585622237,3.2623579977951674e-05,3190316000000,
-0.06433691649020164,-0.005614958370024661,-0.00010897450849045835,3190321000000,
-0.04568013946087379,0.011598767406648187,0.00026376821699494155,3190326000000,
-0.0715646221346428,0.0013555070173279522,-0.0002322652128363282,3190331000000,
-0.022438919639889324,0.00030034026006182013,0.00036949836993730475,3190336000000,
-0.07249559692034539,0.004767280998900392,-0.00013130757073640746,3190341000000,
-0.06174385298824629,-0.00046914903985770403,0.00015930902674781404,3190346000000,
-0.05815557224499283,-0.01870778487041997,-0.00015312164688427205,3190351000000,
-0.03217405342678038,-0.003030144456519458,-0.00015590492677328323,3190356000000,
-0.058630700851559144,0.02430183425861947,-0.00039763304951019867,3190361000000,
-0.08816884292514103,-0.01857150195490838,9.418996061521044e-05,3190366000000,
-0.048048794269456054,-0.0027834121408519727,-0.00019060418837828103,3190371000000,
-0.05087919381612796,0.01680670864516955,-2.0829323461469588e-05,3190376000000,
-0.04063696643984212,-0.0021655866151724826,0.0001405567430606262,3190381000000,
-0.04740127740769383,-0.014249578030953,0.0002200941377472822,3190386000000,
-0.07210349616336914,-0.014126647986420961,-3.9869890867998715e-05,3190391000000,
-0.035185147875507666,0.017756963462964192,-5.4684525921570433e-05,3190396000000,
-0.09445208695110055,0.04307971801294716,-0.0001371934330913254,3190401000000,
-0.06977353933728667,-0.01840451843977044,0.00012067864104420859,3190406000000,
-0.05557825133012568,0.046589675995280265,5.168936221799669e-05,3190411000000,
-0.05318793922787112,0.017294677879672534,0.00021053377360187502,3190416000000,
-0.055146421226667554,-0.04085719978322747,-5.2256222422983266e-05,3190421000000,
-0.07263553588549596,-0.02320290021953781,0.00020514279428314507,3190426000000,
-0.07053641820411494,-0.014206148491557479,-0.0003581618616795453,3190432000000,
-0.09060142126744208,0.007965425100527106,9.67882455711782e-05,3190437000000,
-0.06426544954143053,-0.0011945725651071612,0.0001760682781701536,3190442000000,
-0.06460118914581998,-0.02262075457856964,0.00033415564543234943,3190447000000,
-0.04005389924042813,0.015396209900470557,0.0003090728777778465,3190452000000,
-0.07357107753470293,-0.007487907511912963,0.00023722930524295042,3190457000000,
-0.055864924184424555,-0.018109957995625512,1.3717957640294838e-06,3190462000000,
-0.04849017549440913,-0.011704965829089822,0.000401532297154908,3190467000000,
-0.05866209900930554,-0.0028145839496019525,0.00025236790711809644,3190472000000,
-0.07174822456440724,-0.024098083620701257,-0.0003723439087279241,3190477000000,
-0.03293507702912345,-0.003113521896286265,-8.419723843296336e-05,3190482000000,
-0.0693366009027026,0.004088035140121861,-0.00021753450215393716,3190487000000,
-0.05281689036645036,0.015186756232695763,-7.900595855616866e-05,3190492000000,
-0.07666496524512859,0.00013372781935767463,2.5806449615700096e-05,3190497000000,
-0.027511463561356506,-0.017244387070629447,-6.474016453089122e-05,3190502000000,
-0.07371193354667542,0.0206142032635475,-7.834944660007335e-05,3190507000000,
-0.08811490042241901,-0.017093886536172685,0.00024004303565528692,3190512000000,
-0.08696309499515917,0.005311913250597406,0.00012726748337049952,3190517000000,
-0.0216665919377335,0.029875381185717493,0.00018966994696880337,3190522000000,
-0.0656905122185418,0.0017176550581066083,-5.4455974003490545e-05,3190527000000,
-0.05517526905976716,0.007299264094121947,-9.935543657156052e-05,3190532000000,
-0.0450865012587817,0.03651889564580645,-0.0001299559520696499,3190537000000,
-0.07102603841444562,-0.021118418195419323,9.924597618010332e-05,3190542000000,
-0.07529244066022986,-0.02663389275178444,0.00013478641745966253,3190547000000,
-0.0774749577765401,-0.01068922197271956,-0.00013760221452002735,3190552000000,
-0.0691694582926253,0.013799143870676994,-5.0099568388821e-05,3190557000000,
-0.029266942959122945,0.006098448651548608,-6.965054714919745e-05,3190562000000,
-0.054822930480070364,-0.019909409231806244,3.048494602110081e-05,3190567000000,
-0.03442191841500611,0.03566644455095642,3.275357854813292e-05,3190572000000,
-0.03909824246741983,0.0019474829365220391,-0.000265479329736543,3190578000000,
-0.03148138234181555,0.01893452983823211,-0.0004853346476991819,3190583000000,
-0.06732446467528252,-0.0145556313347414,0.0003610417192187878,3190588000000,
-0.03627011001032429,0.02647703128636394,0.00012530864816409464,3190593000000,
-0.06427219890871999,-0.006327805280495713,-0.00019767153934220885,3190599000000,
-0.02853138393675884,-0.02914450494863188,-0.00021279883461576836,3190604000000,
-0.046099768330194746,0.004193522130843926,-9.714996690906752e-05,3190609000000,
-0.062412694460790535,-0.03158379805638501,-2.4847057698539534e-05,3190614000000,
-0.09871690411961992,0.03463337758165239,-0.0001337660100002842,3190619000000,
-0.061764899961891925,0.0027569309211291433,0.00012942687422534164,3190624000000,
-0.06468629056309906,-0.0014797643995377043,-0.00015380096058671886,3190630000000,
-0.039087643192296864,0.0067202147202091705,-0.00016524991956012202,3190635000000,
-0.04543183512685477,-0.002762893544229404,-7.109915930393958e-05,3190640000000,
-0.05468477018460554,-0.01709233624389051,0.00017045879403378497,3190645000000,
-0.026897070564381433,0.008559286143187777,0.00030895152588268366,3190650000000,
-0.06005538077192868,0.0006446496280386631,0.0003332492690275691,3190655000000,
-0.05100069521507454,-0.013330649310101741,-0.00030876015466830214,3190660000000,
-0.0470242879162916,0.01386050041695736,-0.00017873111068584862,3190665000000,
-0.04395737263201502,0.008299884719472513,-4.478381534654233e-05,3190671000000,
-0.04509033587015237,-0.013058602215556134,-0.00022555355076115503,3190676000000,
-0.034088439289970365,-0.016592870604334273,-0.00010105998756179458,3190681000000,
-0.05644999131683981,0.03478115469849597,1.4385444693415242e-05,3190686000000,
-0.057746363455807664,0.029223774511642448,0.00012696428756710085,3190691000000,
-0.02565876563275508,-0.016708968873913,-0.0001792326505909857,3190696000000,
-0.04722788959192448,-0.018465981309853375,-0.00019115808271711858,3190701000000,
-0.06525999073729918,-0.026234773797133126,0.00012844059697106856,3190706000000,
-0.0450434920440933,0.002955035939979661,0.00015558856517953958,3190711000000,
-0.05809120092058271,0.033615848172930604,3.9600911363930465e-07,3190716000000,
-0.04276067376899746,0.015260943027156634,0.0001369692107777353,3190721000000,
-0.060248581175701026,0.02715318258818796,-0.00012372665571555214,3190726000000,
-0.023987512803998884,0.01279327804098167,0.00016757053181993897,3190731000000,
-0.06086164579428782,-0.01009159321789472,-0.00022323819662708536,3190737000000,
-0.02341448657152119,0.008333274061144936,-4.6684691232145004e-05,3190742000000,
-0.050390938556327765,0.005490167667039114,0.0001920682858911369,3190747000000,
-0.054973153975753475,0.026660793000886363,-0.00016532734407917338,3190752000000,
-0.05406531002600197,-0.018013445366412924,-0.0003568642572573587,3190758000000,
-0.05264758970246022,0.020283821760330552,8.896066155551771e-05,3190763000000,
-0.0768143341723978,0.0018637889247354671,-6.207876935657599e-05,3190768000000,
-0.07322485404752435,-0.0011121531936086322,-0.00018382202369595198,3190773000000,
-0.06757844371435758,0.014732085404066947,0.00013049279054387638,3190778000000,
-0.056302414912446745,-0.0053359296555258095,-4.6285139883911137e-07,3190783000000,
-0.06828304282513412,-0.012599109753965554,-0.00026166242963888785,3190788000000,
-0.06251626118216316,8.433640996962711e-05,0.00023592162458045793,3190793000000,
-0.0842044908000318,0.008163915045712573,0.0002954609539511352,3190798000000,
-0.019027163459660122,-0.025373854970019916,3.203560335704255e-05,3190803000000,
-0.0740427795525398,0.012347790707304632,0.00012180880220233697,3190810000000,
-0.05872915568326299,-0.030418369318729935,0.0001555261375022039,3190815000000,
-0.039951696182267765,0.004653780241784367,7.574108585765465e-05,3190820000000,
-0.047682948562935236,0.0061958108542705895,-6.026072599873936e-05,3190825000000,
-0.06444884115965067,0.002778299476684712,-0.0001885033713452265,3190830000000,
-0.034010049494709337,0.048788678409421506,-8.284220899162884e-05,3190835000000,
-0.05605472636441063,0.0010663110143523029,0.0003070629257203274,3190840000000,
-0.06629394167360472,-0.018938091977818476,-0.00019088205269765187,3190845000000,
-0.058918814022822716,0.014082318159845859,6.300779909319119e-06,3190850000000,
-0.0462901440310807,-0.0071333507250196165,-2.1298469976541386e-05,3190855000000,
-0.06361505479110809,0.028638273392879308,9.185847638920109e-05,3190860000000,
-0.0719215190340761,0.03049772652108779,-0.00028466874958537166,3190865000000,
-0.039444726922412174,-0.01132285523102338,-0.00014143533550323633,3190870000000,
-0.06886782226236743,-0.004065258828905684,0.00015753145972378628,3190875000000,
-0.08082278529089557,0.03034320985579894,-0.00042657852747861574,3190882000000,
-0.06634805661248597,0.006072901292722192,0.00010694665704326326,3190887000000,
-0.06396165956003351,0.006947818623799881,-0.0002449983491010104,3190892000000,
-0.07685522563945667,-0.010832505668653212,0.0001253085877590982,3190897000000,
-0.05506149654487439,-0.006831670356120921,-2.198042568041479e-06,3190902000000,
-0.036279720003677685,-0.0023912625629743307,0.0002641913817458624,3190909000000,
-0.06306669301710141,0.005374477179221819,4.325185764810858e-05,3190914000000,
-0.05141345465991251,0.012918087717466487,0.00035399170562620266,3190919000000,
-0.06373342776225178,-0.010665679904154656,0.0001030506155158468,3190924000000,
-0.03381805574085285,0.002374732112529406,-5.288903639035388e-05,3190929000000,
-0.050305691605806974,-0.017857395924179106,0.00040864699049503287,3190934000000,
-0.061755822672569474,-0.03293603657524221,-6.208130899362344e-05,3190939000000,
-0.02890811273423781,-0.0009705777363955625,-1.5096811060443566e-05,3190944000000,
-0.05008704592995315,-0.022112676130293767,-0.00031137210199421464,3190949000000,
-0.07927915040805604,0.002130745467730681,0.000113859979935905,3190954000000,
-0.047940101176134634,0.0004123772987705247,0.00024265248623213186,3190959000000,
-0.05906115224340854,-0.02554812253462001,-4.064991105628972e-05,3190964000000,
-0.04216694560546951,0.03744218779182784,-0.0003080943147295471,3190969000000,
-0.018600281380400346,0.04764072979498097,-0.00022462832494832947,3190974000000,
-0.06946668995263905,-0.008847807552882152,9.952269523477623e-05,3190980000000,
-0.052296737502769024,-0.019992361875667306,0.0003444512562200599,3190985000000,
-0.08118205357924294,0.0002565781994537654,-0.00011730669713608525,3190990000000,
-0.04920186367219306,0.005218799750583091,0.00026310684960082116,3190995000000,
-0.049364875403316265,0.006849905060478076,0.00030006703714710006,3191000000000,
-0.027212345033076756,0.007651901074186414,0.0002758112289000324,3191005000000,
-0.04038721494355385,-0.019668237872656806,-0.00015268046416155092,3191010000000,
-0.04346402949277601,-0.011442099963999747,-0.00014047203434699066,3191015000000,
-0.0278341584539089,-0.009584380976440663,-0.0001313566925790558,3191020000000,
-0.029476110956707133,-0.002232441291971086,-0.00015251419649920083,3191025000000,
-0.04983614845656536,0.03338350193812263,0.0001156053900506823,3191030000000,
-0.02782427103208081,0.00029318604009295746,-0.0001618248823841833,3191035000000,
-0.07444925096882404,-0.009448689400535086,-1.0604467588591033e-05,3191040000000,
-0.05262487833803706,0.004146862941303701,-0.00021027598383010918,3191045000000,
-0.05721855468724451,0.008784226907918835,-0.0002233406317960772,3191050000000,
-0.0506133141773797,-0.011143733440142141,-0.00011647840955636878,3191055000000,
-0.057181666790785596,0.006902160147886213,5.441912094371523e-05,3191060000000,
-0.06158002457047471,-0.0033047281521852113,-6.776621770825911e-05,3191065000000,
-0.07143492558496227,0.022320618203791956,0.00015583725167319507,3191070000000,
-0.05963136379983209,-0.0003421883475508839,1.9198122846875655e-05,3191075000000,
-0.06869877286313175,-0.025647152651636997,3.2880682053304775e-05,3191080000000,
-0.03538103999650809,0.01181434939024524,-0.00017761940682037988,3191085000000,
-0.05520268738172221,0.015182585735963488,-2.0761446526429757e-05,3191090000000,
-0.06409175611010183,-0.004757973707982567,9.462074259199859e-05,3191095000000,
-0.05424396057862077,-0.0302404556399542,-5.995529030180696e-05,3191100000000,
-0.06531992669281955,-0.02026707147890993,-0.00012680643623450352,3191105000000,
-0.04167243354921207,0.02245758908626921,-0.00018949504369763465,3191110000000,
-0.037351456176363235,0.015761979437891264,0.0003579609890761602,3191115000000,
-0.04338269847727938,-0.01819990666518971,6.187603322789885e-05,3191120000000,
-0.047799720929769016,-0.007754517914530094,2.3584886189663528e-05,3191125000000,
-0.04481816391289245,-0.006534942958543735,-3.904002798726282e-05,3191130000000,
-0.057651994524359734,0.002403795837408901,-9.571821632181974e-05,3191135000000,
-0.044785057475984935,-0.007116101334401983,-0.00011362561541319454,3191140000000,
-0.08033702205611348,-0.018523092267868038,-0.00016020642607708443,3191145000000,
-0.06731012988183241,0.007307209555718666,-0.00042827407584106766,3191150000000,
-0.041674035942544846,-0.03163696208317304,0.0001002280514817284,3191155000000,
-0.04651947737406583,0.013503628904699708,0.00016436703514750584,3191160000000,
-0.1039825165072265,0.005461325598631985,0.00021309977750034933,3191165000000,
-0.050952064142881504,0.011205799632627427,-3.153334434949628e-05,3191170000000,
-0.051136320125402264,-0.008259864161439407,-0.0001118981966046247,3191175000000,
-0.07280131945997048,0.022906542546300254,-0.00022721734198374722,3191180000000,
-0.05118764641677503,-0.022220530218384524,-4.509960204675662e-05,3191187000000,
-0.08398130753159275,0.013035195371317462,-0.00023993137528219175,3191192000000,
-0.06954565860994259,-0.028622623303358137,0.00019038918935328108,3191197000000,
-0.09251156146243301,0.031490722160786105,-6.389315356512709e-05,3191202000000,
-0.07162970623817581,-0.01750954795856484,0.0001461635826170886,3191207000000,
-0.0207282848594127,0.018406584257442,0.00022669551688263165,3191212000000,
-0.041355419666651835,0.02739127471149126,0.00012088024299743138,3191217000000,
-0.046795841573497914,-0.00802823297803026,0.00028493532610135506,3191222000000,
-0.05454998745918323,0.025301277744862148,-7.370375846762234e-05,3191227000000,
-0.04890054969700871,-0.02113927108327881,-8.951553221413946e-05,3191232000000,
-0.04918775344171101,0.028609698399765984,0.00015779538359619676,3191237000000,
-0.06774052758358631,-0.00874493664794641,-0.0004117495085821694,3191242000000,
-0.04275032777587745,-0.034297845815880905,0.00031135996544689836,3191247000000,
-0.04299245009890984,-0.026928880151123526,-3.511945432115408e-05,3191252000000,
-0.045088492284299196,0.02738917493011585,-0.00021373700678643305,3191257000000,
-0.06705518153585151,-0.012224046855732557,2.3815504951069823e-05,3191264000000,
-0.06501917810857592,-0.013711326539911728,-2.4348415026075015e-05,3191269000000,
-0.06914686109897317,-0.005996216069626851,8.687506781781148e-05,3191274000000,
-0.06588369004441616,0.009474416243049791,0.00020288633828535087,3191279000000,
-0.02523779690229736,-0.011849401729153757,0.0002818295410528687,3191284000000,
-0.08258856479411752,-0.00043496888013492413,2.712665961119509e-05,3191289000000,
-0.07494481876943386,0.017100399785677702,-0.0003312235196392877,3191294000000,
-0.024929448539797762,-0.0007720896145466193,1.9471777792276698e-05,3191299000000,
-0.07428988061249471,0.0013435001322748906,0.0002728142896876021,3191304000000,
-0.047159289168233316,0.03328888377292881,0.00011487033228438585,3191309000000,
-0.03639696185819066,-0.0044260056119206454,8.698517797685752e-05,3191314000000,
0.6514427598668312,0.02225857633995271,-0.005811035239403288,3191319000000,
-1.0369979568200547,0.014747957114160262,-0.008073784895704025,3191324000000,
0.7419371505134014,0.023750422804552952,-0.0075572509874469685,3191329000000,
-0.6721577722603492,0.0024222171922918564,-0.009000814948815081,3191334000000,
-0.12719192201555346,-0.00420273195938116,-0.008566782799118388,3191339000000,
-0.0753062665030133,0.001347496217010532,-0.007505820512019299,3191344000000,
0.46844584326601973,0.022494092429321554,-0.006377243091281179,3191349000000,
-0.6081622334370715,-0.03652406091053546,-0.005349726799608111,3191354000000,
0.48086193096232077,0.01420477788431598,-0.0034726074553830945,3191359000000,
-0.0019829022081424112,-0.015102833594325148,-0.0017362340708736786,3191364000000,
-0.07481634187326637,-0.007182986329855199,-0.00027226677461073543,3191369000000,
-0.5268055586390225,-0.009255215369256983,0.001547617525160644,3191374000000,
0.4536393098971292,-0.006362503652320732,0.0029651687685049457,3191379000000,
