acc_x, acc_y, angular_z, stamp, 
0.24495854953591095,1.170242340231209,1.1135488056689582,3369418000000,
0.2493792780778245,1.1773146477063803,1.1139861121860608,3369422000000,
0.2440536426322153,1.1551483943602388,1.1152032588841094,3369427000000,
0.2937653220553511,1.1887076091604865,1.1160992890988488,3369432000000,
0.253829567010938,1.1623004625516105,1.1167702250780032,3369437000000,
0.24999954737522886,1.130692667463407,1.1178592734624249,3369442000000,
0.24969515086845978,1.1590138350137718,1.118561637457949,3369447000000,
0.24051834405289613,1.1859617983467685,1.119113550137308,3369452000000,
0.2654878193285166,1.170165391732258,1.1197089389251913,3369457000000,
0.22274077359872627,1.1642322179441034,1.1209859409032985,3369462000000,
0.28548346175929235,1.15904210013264,1.1218373225926643,3369467000000,
0.2602516090271607,1.1800766902069615,1.1228347937799315,3369472000000,
0.23302916494955903,1.1861412306369996,1.1237741609322511,3369477000000,
0.22695764014924003,1.1523972008326673,1.1242296040621862,3369482000000,
0.22368890221369112,1.1779986832592535,1.1249879702741175,3369487000000,
0.24118285819636587,1.224782767453197,1.12554101400742,3369492000000,
0.25636980121263286,1.18572911777768,1.1259342263020575,3369497000000,
0.23961007933609338,1.1615993114048389,1.1264020353178024,3369502000000,
0.2386974153956257,1.1519353625125455,1.1270517793756423,3369507000000,
0.23560436317885983,1.204949958176946,1.127391345491601,3369512000000,
0.2550356106618526,1.2178136314637724,1.1276715710853644,3369517000000,
0.2572648824822898,1.1465248321935337,1.1275662736586805,3369522000000,
0.2584249783156052,1.1923830751051374,1.1277800955844568,3369527000000,
0.25423041160069254,1.1958208628665452,1.1276938872579458,3369532000000,
0.25448208920258725,1.1465213471128728,1.1278946188259178,3369537000000,
0.24700410569725062,1.184161339440619,1.128484337598462,3369542000000,
0.24476484781173466,1.1964791974660625,1.128571638116208,3369547000000,
0.22342437443644036,1.1581171063940894,1.1285242092292278,3369552000000,
0.21966463896608351,1.1594382978270859,1.1287470632614072,3369558000000,
0.25326313911737913,1.1769501341764623,1.12931574524538,3369563000000,
0.21874184920200737,1.1668938603650831,1.129491840155732,3369568000000,
0.23782941969703378,1.1653427052507022,1.129748501232364,3369573000000,
0.23644670959206332,1.1581315798377199,1.129412076246277,3369578000000,
0.21804839807978182,1.1355465670092704,1.129513321182332,3369583000000,
0.226108548064544,1.1762519957096507,1.1295423308092007,3369588000000,
0.23251077345575036,1.1665686790226732,1.1295457350466864,3369593000000,
0.2511779770844449,1.1401403732840003,1.1290148752040834,3369598000000,
0.2424108575308075,1.1573560815211863,1.1288852774851863,3369603000000,
0.24624383027561023,1.1887781679938605,1.128020454767993,3369608000000,
0.20892672825186945,1.1717145002992488,1.1277950750219574,3369613000000,
0.24425289690073154,1.1925849698711597,1.127220906516757,3369618000000,
0.20994777645090834,1.1700336858760811,1.126603217041375,3369623000000,
-6.602005895009871,1.2036739956300126,1.1256962731485314,3369628000000,
0.17805246104302855,1.1445387246754186,1.1237195230169268,3369634000000,
0.3003782292064696,1.160313314904905,1.123095867625475,3369639000000,
0.24948006949874493,1.1083708787229403,1.122395538068264,3369644000000,
0.22133951190733295,1.113097680721897,1.121944996433819,3369649000000,
0.22695595330376336,1.1091005033401522,1.1214938922197224,3369654000000,
0.22090769862158327,1.1082080938204297,1.1206919862073765,3369659000000,
-6.8074285529960745,1.1598720987872047,1.1193868179911368,3369664000000,
0.37614746601871424,1.0980041807767142,1.118388877415766,3369669000000,
0.2647998666456296,1.1042770214565576,1.1182104417709995,3369674000000,
0.21517320253266103,1.066421826342819,1.1171888354792858,3369679000000,
0.2011007092940264,1.0610587394271724,1.1168771239167612,3369684000000,
0.18439040840861384,1.0886325389495115,1.1156241800983209,3369689000000,
0.19219705985666605,1.1244699772395952,1.1148827892338387,3369694000000,
-6.783886269168102,1.1090245133644991,1.1128903057524575,3369699000000,
0.31869486354189736,1.0805128028341098,1.1116980604697362,3369704000000,
0.25666633861903515,1.0653346180584375,1.1097111097194747,3369711000000,
0.2274155051206663,1.0490308571260234,1.108633575834006,3369716000000,
0.1994040964419985,1.0783752809079516,1.107507217709602,3369721000000,
0.19731502197429537,1.046456874175385,1.1061166445848167,3369726000000,
-6.829690090136221,1.0522001967297525,1.1042674253459037,3369731000000,
0.3278079252535526,1.0188351174355519,1.102937318117852,3369736000000,
0.2657726519948293,1.0278048412993022,1.1011917930125814,3369741000000,
0.19011015836440245,1.0000219943080084,1.0994823100930962,3369746000000,
0.19754112479299873,1.0355011638139109,1.0981131754032016,3369751000000,
0.17265028359029855,1.0056441114419172,1.0975848131204968,3369756000000,
0.20004472423276412,1.0315886242087138,1.0957501709165614,3369761000000,
-7.60574151733741,1.0791676290609415,1.0956517081771249,3369766000000,
1.259236238177416,0.8077107209605799,1.0944411594462575,3369771000000,
0.11438188575145102,1.0738197309033775,1.0909626853389813,3369776000000,
-0.48227810806968024,1.0996790373757692,1.0925850632697067,3369781000000,
0.8176617952655079,0.752491080677766,1.092858181740461,3369786000000,
-0.5479178193530496,1.2482658169309362,1.0905026832917617,3369791000000,
0.11433382639263714,1.0558011851526152,1.0926076058844905,3369796000000,
-6.856767896451356,1.0047695613486156,1.0926755972309738,3369801000000,
0.264759143500409,1.0069106458260606,1.094419589570832,3369806000000,
0.3350517399398873,0.9880160150975924,1.094082058192936,3369811000000,
0.3102869479361869,0.9115741723103308,1.0965886476013162,3369816000000,
0.20475142496082624,0.9465898406657772,1.098187644022696,3369821000000,
0.1564416244181913,0.972732587869905,1.1000122881706917,3369826000000,
-4.977428815183564,0.968528218044953,1.1010696187057676,3369831000000,
-2.2054882141916683,0.9391920314939148,1.1015672370515643,3369836000000,
0.34743755019178085,0.9280698363715527,1.1028585212057211,3369841000000,
0.16638579455262958,0.9374390116382031,1.1041670393824818,3369846000000,
0.159240228536354,0.9638670357032194,1.1060329503854707,3369851000000,
0.1350586697380046,0.9594817810067716,1.1069380191898457,3369856000000,
0.142283360301381,0.9285800780638831,1.107926667975919,3369861000000,
-6.368918322324345,0.9668936497948001,1.107742085481291,3369866000000,
-1.3721367052472004,0.9350488030563867,1.1075866947448907,3369871000000,
0.22856995727085766,0.8928450145218338,1.1078041791854123,3369876000000,
0.12412327134241213,0.9342268998928874,1.10812720323647,3369881000000,
0.10927080162354873,0.9083961396748647,1.1084907553978127,3369886000000,
0.1378268819020813,0.9108198835579682,1.1081771753668375,3369891000000,
0.855974262872144,0.8949447054078967,1.1071773785053838,3369896000000,
-7.685950648383041,0.921543043950196,1.1034863018489385,3369901000000,
0.2783596489783067,0.8201028324206043,1.102880881417252,3369906000000,
0.1883452944156338,0.7676183397157463,1.102052825029728,3369911000000,
1.0997958612613585,0.8281599090154284,1.0957009227375645,3369916000000,
-0.918736774632216,0.9839932697381647,1.093137387770251,3369921000000,
0.19514822102751003,0.749421724558055,1.0923139372691437,3369926000000,
1.1091719811316603,0.836419930132663,1.0854484169667984,3369931000000,
-8.085047696413936,0.9774445130485828,1.0809593099477226,3369936000000,
1.496875399897033,0.7237903128680149,1.0791936431341493,3369941000000,
0.1525104689817092,0.8711368545562681,1.0700190138185308,3369946000000,
-0.9658624895623962,0.7958995797344406,1.0694174518564574,3369951000000,
1.0342945647628408,0.7833664373445224,1.064564353784288,3369956000000,
0.03881994099191588,0.8219432745428447,1.0586094108229573,3369961000000,
0.13291362993745068,0.7898215597027132,1.0538423911141503,3369966000000,
-6.866172646179304,0.7762251315878764,1.050982175875137,3369971000000,
0.19247635110285063,0.7896747198616547,1.0445114503955661,3369976000000,
0.11032819940686939,0.7787352958963993,1.039083843367317,3369981000000,
0.14289085355501166,0.7641020570629813,1.0347860486994296,3369986000000,
0.11371620286757017,0.7761824302083903,1.0311948324745426,3369991000000,
0.10248741432284528,0.7803834238179371,1.028161366904206,3369996000000,
-5.626511485452733,0.8230951749921804,1.0254572891868485,3370001000000,
-1.0777551771559304,0.4957128358896203,1.0216530741916512,3370006000000,
0.04538102534538051,0.8723194633084533,1.0184702391910194,3370011000000,
0.1758998814701462,0.7809913016966837,1.0161625753757233,3370016000000,
0.24048687462759005,0.5750003163998928,1.0137136311577675,3370021000000,
0.16677047945482373,0.6559654258504879,1.0121496643339185,3370026000000,
0.1173286785292719,0.6937520175137774,1.009746987922838,3370031000000,
-6.72084095553293,0.7013856795945239,1.007959987324493,3370036000000,
0.016343091556906598,0.6815052620107227,1.0053045208711153,3370041000000,
0.2016144403680754,0.6422929110799062,1.0037155063411312,3370046000000,
0.13919127010893026,0.6748227402414354,1.0019664976462597,3370051000000,
0.07212372590652812,0.6744191230623108,1.0006891208064952,3370056000000,
0.10663816165268587,0.6559056587693152,1.0000220887049622,3370061000000,
0.07343322910163522,0.6427307147762058,0.9988440014595255,3370066000000,
-6.97385024614451,0.6723824209449741,0.9973203836688448,3370071000000,
0.19912770282702094,0.628328676317533,0.995453955912424,3370076000000,
0.12819322581553233,0.6604042819531731,0.9947503599010145,3370081000000,
0.10290139401242963,0.5967199938871107,0.9941432131668988,3370086000000,
0.039639068524529204,0.6656427439107054,0.9933421933949736,3370091000000,
0.08598612864501727,0.6309909894928021,0.9931069887037507,3370096000000,
0.05769979887386351,0.6139318410039177,0.992802115035264,3370101000000,
-8.585952411549854,0.4300973252499407,0.9919916809282572,3370106000000,
0.1657802053743688,0.6266213288942207,0.9917532648121873,3370111000000,
-0.3593123122740545,0.5170069451470838,0.9928500445701801,3370116000000,
0.5260193286071579,0.6414086215874508,0.9939600707623439,3370121000000,
0.03768128794440184,0.5890346675575007,0.994893802165066,3370126000000,
-0.4338325303219164,0.5327213051619764,0.9959280190361701,3370131000000,
0.47690322145056435,0.6774637469020499,0.9980043802528502,3370136000000,
-6.934332291447873,0.5938346595433668,0.9977374074300641,3370141000000,
-0.37943156843127507,0.5187101982152637,0.9990339583472443,3370146000000,
0.5420130880375535,0.676630294055766,1.0009622189214302,3370151000000,
0.07016910701853545,0.5478453029474979,1.0018422352182377,3370156000000,
-0.4419530115131514,0.5097166582585907,1.0050442273470304,3370162000000,
0.49698381872082625,0.6640655365449446,1.006435821834516,3370167000000,
-4.721608401949989,0.5507718297528844,1.0076031734404292,3370174000000,
0.7102638507511712,0.5378266273265069,1.009445580080343,3370179000000,
0.17032593703308643,0.589281298258844,1.0092139304646233,3370184000000,
-0.4855849013288523,0.6463773702468008,1.0112342456070402,3370189000000,
0.4836080012689019,0.511223897448898,1.010830428363938,3370194000000,
0.008948082498517793,0.5453990500819955,1.010022250461915,3370199000000,
-0.07235417446580665,0.5026587509704642,1.0085559905757187,3370204000000,
-6.934415861745864,0.5938885961598181,1.0065943229948788,3370209000000,
0.043417697203896974,0.5548048187223593,1.0044729980425668,3370214000000,
0.03291854322844381,0.48776335622038675,1.0031402753319068,3370219000000,
0.004358412254902626,0.4772660433317781,1.0020322239535182,3370224000000,
-0.0143096844178839,0.5092674104310623,1.0007162074300402,3370229000000,
-0.022379622322200646,0.5093539036819992,0.999645953053385,3370234000000,
-5.7191081195505555,0.5307078681353441,0.9987920552471646,3370239000000,
-1.3444076962356748,0.4430823436795242,0.996788067540652,3370244000000,
0.10604643706696484,0.485588786797117,0.996016421007268,3370249000000,
-0.03637574312482058,0.47844539907441463,0.9945590651842843,3370254000000,
-0.03672378951455528,0.46178333077178035,0.994342910860125,3370259000000,
-0.07279668543088565,0.4793216822871583,0.9936816219485652,3370264000000,
-0.06900605035992524,0.47514800512172334,0.9928933065631976,3370269000000,
-6.9331125257119295,0.47836552853870884,0.9925796474710048,3370274000000,
-0.20889723019597703,0.43272057808553716,0.9910515799139105,3370279000000,
-0.3393827904209173,0.46772946771751495,0.9911413515598713,3370284000000,
0.4105106019591236,0.5260471159611779,0.9916743646823011,3370289000000,
-0.11812129807984509,0.3206662911523881,0.9919056130869778,3370294000000,
-0.12631306534620051,0.45958841532666944,0.9913378572993445,3370299000000,
-0.5647572769859669,0.4346130906378216,0.9923093153701161,3370304000000,
-6.629540686274668,0.49495349703401315,0.9932420334663791,3370309000000,
-0.01609391596835774,0.3650636043580312,0.9928776237621361,3370314000000,
-0.44473353527084947,0.38878544338388205,0.9927671263350736,3370319000000,
-0.1891141008174352,0.4364474449102627,0.9938918395736149,3370324000000,
0.17674523544530757,0.4222352048874216,0.9953940553456382,3370329000000,
-0.14189382241825702,0.36531648700038505,0.99473531063084,3370334000000,
-0.5576200014721094,0.4161343809858584,0.9969959631401926,3370339000000,
-6.696151725451321,0.38919307334545583,0.9971423553834938,3370344000000,
-0.02034225847046562,0.3605252092568747,0.9970087545286127,3370349000000,
-0.5065061779653923,0.3524316502912808,0.9981899711538743,3370354000000,
0.39426004607031223,0.4628646042546637,0.9997262679480169,3370359000000,
-0.17320984800868702,0.3363682909754931,0.9989515465351148,3370364000000,
-0.627707125341881,0.3544658895674202,1.000148740595496,3370369000000,
0.18328354744282088,0.4162782047305039,1.0020947797531532,3370374000000,
-6.974199204763243,0.3494290459839935,1.0006839880457086,3370379000000,
-0.5629276989701124,0.33110666352876006,1.0007240594835383,3370384000000,
-0.08827606823667387,0.36941307573869697,1.0023128529701506,3370389000000,
0.34601531109859607,0.43084866302462704,1.002913041055351,3370394000000,
-0.2080653321607247,0.31818575354792683,1.0022187042599577,3370399000000,
-0.6107182017644104,0.3264233327691249,1.003308320038259,3370404000000,
-5.3235686979576595,0.4603855868342703,1.0042042683011403,3370409000000,
-1.4872511811402813,0.23989092979150392,1.0029135574637948,3370414000000,
-0.6031767203940768,0.2734962987004034,1.0029166706620403,3370419000000,
0.20353486630255824,0.35065799586195057,1.0049032745517765,3370424000000,
0.046084188428440254,0.3095305186203408,1.0042191203428805,3370429000000,
-0.278180350124558,0.3095390102212681,1.002538472619344,3370434000000,
-0.6501544453860283,0.29855045665157026,1.004724719081927,3370439000000,
-6.544142982175912,0.32311974963211776,1.0055294117430595,3370444000000,
-0.2547477048833522,0.31361031458234645,1.0042714864191549,3370449000000,
-0.5832096793428941,0.2549428413970092,1.0033119663225731,3370454000000,
-0.2704773499569016,0.263591905888705,1.0048544540671658,3370459000000,
0.39635544786883586,0.31673167614126,1.0046217255852496,3370464000000,
-0.30970276484380566,0.2634773036095528,1.0032494057855126,3370469000000,
-0.7406021449540572,0.25057947560980537,1.0035505711380057,3370474000000,
-6.495962063778972,0.39810511042318303,1.0034467360670682,3370479000000,
-0.28588215702544,0.17392680740954078,1.0023633255608375,3370484000000,
-0.2254293239956303,0.24037358993723332,1.0006998885962481,3370489000000,
-0.6969522472616626,0.22761837435538862,1.0013912450823543,3370494000000,
0.3150228028739945,0.2819951542242656,1.0017089688587917,3370499000000,
-0.32269063683172966,0.18479828746666951,1.0007797383506583,3370504000000,
-0.2637595059486227,0.251576271321072,0.9998820306290082,3370509000000,
-7.333775520099989,0.23689000754841313,0.9979578392812033,3370514000000,
-0.10735922991627295,0.1855511610674249,0.9985934934559976,3370519000000,
-0.1854926202196125,0.2075669395611078,0.9973469146165209,3370524000000,
-0.21663604220155538,0.23883306643976268,0.9969384131561178,3370529000000,
-0.24134724634563945,0.21064506243523373,0.9959357700965146,3370534000000,
-0.22724980840738138,0.2208182271589023,0.9946567585279388,3370539000000,
-3.7025596933007257,0.21974640297515133,0.9928308976880824,3370545000000,
-0.7589732501350609,0.10692415927287292,0.9799861530943902,3370550000000,
-0.5987118645422042,0.09909038913134664,0.9662333726850995,3370555000000,
-0.2503497316165158,0.38364696997786096,0.954096925422567,3370560000000,
-0.17542323773301777,0.16551332156044926,0.9430782399566949,3370565000000,
-0.2017549124352685,0.11758593347164745,0.9334831241969169,3370570000000,
-0.22547369718327717,0.09832834651000094,0.9250355847475089,3370575000000,
-3.765561688736529,0.21027113614155962,0.9110582645686428,3370580000000,
-0.7821157099329874,0.28979068784579076,0.8880709224503325,3370585000000,
-0.39646594246138034,0.15546700709219025,0.8662505193434111,3370590000000,
-0.27626557706685606,0.08079585588678599,0.8456038241762572,3370595000000,
-0.21868355488543248,0.18736716181816507,0.8265956745030161,3370600000000,
-0.244880017665325,0.09421444630227532,0.8083009869262596,3370605000000,
-0.22453920554511622,0.085049944459275,0.7922238196700023,3370610000000,
-3.9980133950327277,0.3307189428836519,0.7674879816571298,3370615000000,
-0.5447315103978072,0.3388421437483794,0.7328712369595664,3370620000000,
-0.27814537259355854,-0.054738805965618545,0.7110135962063392,3370625000000,
-0.23748035203859552,0.04164107141275074,0.6853282323581943,3370630000000,
-0.21747737003995216,0.17192486030838794,0.6613841607806474,3370635000000,
-0.21286103532733205,0.0647112960119145,0.6398327294117182,3370640000000,
-0.2206488827147156,0.0696574822545568,0.6198318281681874,3370645000000,
-4.0339645905639125,0.3494435756875096,0.5887102182851344,3370650000000,
-0.4625639774779024,0.20078666267991482,0.5563752143603912,3370655000000,
-0.27548354215776216,-0.09399934224828022,0.5260277461376285,3370660000000,
-0.27060720316831166,0.12136407181841564,0.49771302272186413,3370665000000,
-0.2421462021353856,0.0444427901911649,0.4712107365967212,3370670000000,
-0.25040373130408927,0.03351248113066582,0.4473489810521235,3370675000000,
-0.2547353575277491,0.0638364899665914,0.4252951603608349,3370680000000,
-0.27835865782033875,0.18651691220539382,0.40484650861984073,3370685000000,
-0.2841352751096284,0.06724995889159933,0.3828191981147342,3370690000000,
-0.2520898243356854,0.13584115154573895,0.369259039448189,3370695000000,
-0.28708950760945656,0.04243872030253675,0.35374636797250636,3370700000000,
-0.30607224926466575,0.11320924971431962,0.3389598504197949,3370705000000,
-0.3308192405134841,0.15182825218980736,0.32537316480284606,3370710000000,
-0.31853251095045054,0.10853258985249187,0.31339804574339136,3370715000000,
-0.3075445723978045,0.03319460088684223,0.30226141732433726,3370720000000,
-0.35160204320142374,0.07682310206144993,0.2913066781604418,3370725000000,
-0.35327448744820006,0.1482677458453896,0.2815812908104549,3370730000000,
-0.32942729122810965,0.06015063813733714,0.27261220261551183,3370735000000,
-0.3622896931848747,0.13731789756694332,0.2641704513942517,3370740000000,
-0.3750375086889653,0.06639252558762412,0.25652202698168236,3370745000000,
-0.12489359548994032,0.12608271914226218,0.24897921443448098,3370750000000,
-0.2298322993993846,0.11523560175928278,0.24238375381139268,3370755000000,
-0.41341572632841583,0.12140736852133316,0.23507987876278338,3370760000000,
-0.2769694545197789,0.1246875421682895,0.22766747363860915,3370765000000,
-0.29912163803930497,0.13565127561159832,0.2210780359886209,3370770000000,
-0.3459362507189795,0.14669656711307086,0.21351757656949094,3370775000000,
-0.39770856570877844,0.12948410665029012,0.20656738236144345,3370780000000,
-0.42673627084231547,0.12109202731809746,0.2007634302052686,3370785000000,
-0.4846604481616469,0.11026319720143266,0.19505956079020265,3370790000000,
-0.5082264752572992,0.13822944372856705,0.19174961215475111,3370795000000,
-0.40301191945031406,0.1282048562336232,0.1885244385781224,3370800000000,
-0.4073071882132523,0.11835783863607838,0.18650560835950938,3370805000000,
-0.42081072111853857,0.11052445372908355,0.1854845420353251,3370810000000,
-0.4306322996684155,0.09946531082252362,0.18590130373675673,3370815000000,
-0.4468837868519179,0.07063630348751535,0.18600512227024713,3370820000000,
-0.45583818030044004,0.10993914397841449,0.18813131917411322,3370825000000,
-0.43299604009348935,0.11814090917512099,0.19025668989563008,3370830000000,
-0.44652577159306434,0.09525414933482317,0.1924412502334957,3370836000000,
-0.4205512861711,0.09876742118534611,0.19636186081335602,3370841000000,
-0.4483581861931449,0.09297030065585424,0.19911864393462,3370846000000,
-0.29133593588105766,0.10791246473942273,0.20253091563084824,3370851000000,
-0.3957444652711142,0.1299030414313944,0.20430943792139541,3370856000000,
-0.44796059841700897,0.07064779184145964,0.20596409349351796,3370861000000,
-0.4726059219478455,0.11106753169173611,0.20736845118127106,3370866000000,
-0.4876944248455687,0.11369650534338753,0.20789297945723176,3370871000000,
-0.4620758088936726,0.1279215871050104,0.2080820026026818,3370876000000,
-0.4764221187932168,0.1075141475169547,0.2075225192386065,3370881000000,
-0.46473645400281527,0.09673800863609018,0.20646998754340476,3370886000000,
-0.47237251639574296,0.10382370952991249,0.20468289564093803,3370891000000,
-0.4899307657610496,0.09150476920725817,0.2034249030382843,3370896000000,
-0.496024225612037,0.09512376789513403,0.20144473034560087,3370901000000,
-0.4973155851949496,0.08604308165504981,0.19968758554936455,3370906000000,
-0.49801532632351814,0.10196557814575032,0.1981256349295083,3370911000000,
-0.47098044241089726,0.11950565517038221,0.1969197147937086,3370916000000,
-0.2917153534919585,0.07504610952263031,0.1958723566403989,3370921000000,
-0.499870475918261,0.10414240967101203,0.19491313714396397,3370926000000,
-0.4969154743213244,0.1243558531264659,0.19422072689465789,3370931000000,
-0.5212789656156971,0.11017617176562605,0.19462997743586644,3370936000000,
-0.5099991128248323,0.09243874300987365,0.19436011543410467,3370941000000,
-0.48542659642585795,0.09712639680563279,0.19534269895812645,3370946000000,
-0.4729879429983005,0.09985746055702042,0.1958154684440115,3370951000000,
-0.5348839613150324,0.08699985298879188,0.1967604393948201,3370956000000,
-0.512630184486029,0.059943090979912676,0.19753029559913243,3370961000000,
-0.5021860856864675,0.07515226010907573,0.19880253056330685,3370966000000,
-0.47609066708881437,0.08940017672305384,0.19989153687006037,3370971000000,
-0.5062924669616334,0.1064297826357937,0.2003895203448922,3370977000000,
-0.4916725765880932,0.09010575873180263,0.2011384639784784,3370982000000,
-0.5249152241874266,0.07647084733255921,0.20203988210911464,3370987000000,
-0.5251674856189097,0.11746981652595212,0.20189730413228607,3370992000000,
-0.510002591204084,0.08073906683458716,0.20183245816923617,3370997000000,
-0.5197287260290292,0.07770164121625035,0.20222396185195293,3371002000000,
-0.5227210012016906,0.09173156023439376,0.20160182685149908,3371007000000,
-0.5312426660877007,0.09063789747608259,0.20099042640257117,3371012000000,
-0.5320151906741167,0.08480230217402984,0.20040107631506376,3371017000000,
-0.3163716022527113,0.06372833571336416,0.20035508390452608,3371022000000,
-0.4638091468207858,0.09169723484339422,0.19929466066182613,3371027000000,
-0.5438162598273475,0.08824622324948073,0.1989139522220452,3371032000000,
-0.5415013057069041,0.07641136944058277,0.19837333892372191,3371037000000,
-0.5376897335150754,0.07263190674792545,0.19801663570845474,3371044000000,
-0.5318461777757464,0.027376830960795257,0.197536010686819,3371049000000,
-0.5511647356944857,0.08210662021696712,0.1974711145230674,3371054000000,
-0.5512123649079042,0.09216503994953064,0.19717743856932618,3371059000000,
-0.5357361844146974,0.0791294018654962,0.1972856043982387,3371064000000,
-0.5512775601335627,0.03655835446475311,0.197349463948552,3371069000000,
-0.5396192589477486,0.08064263362761398,0.19773730908643533,3371074000000,
-0.527480045591174,0.05673140709202584,0.19800583953915726,3371079000000,
-0.5865035951227339,0.07904368328771405,0.1983009882108804,3371084000000,
-0.5621071631344629,0.08442349429103368,0.1988117845354751,3371089000000,
-0.5416757049388998,0.06916335514564226,0.19918507847077274,3371094000000,
-0.5423094396206077,0.04841085599579832,0.19966992310538847,3371099000000,
-0.5467817950374292,0.0589162055652003,0.19999890450901647,3371104000000,
-0.5483253793879348,0.08574065415076423,0.2001809461072762,3371109000000,
-0.5542199927136122,0.0935641959311404,0.20031301217335815,3371114000000,
-0.5594518162363924,0.06314190657780003,0.2002201777747881,3371119000000,
-0.3808244261188759,0.05648268550443245,0.19996619329108753,3371124000000,
-0.5391661405584878,0.05797652444841816,0.19983982058204855,3371129000000,
-0.5598755701007421,0.06609436827873594,0.20013053211608517,3371134000000,
-0.5492059660719191,0.0698416503858573,0.19975262935702082,3371139000000,
-0.5468230625040016,0.06276021532063443,0.19919252448522978,3371144000000,
-0.5507409052559653,0.04994098603498133,0.19931441784138423,3371149000000,
-0.5664641061410349,0.05666593826717876,0.19871326113851415,3371154000000,
-0.5708422288629982,0.06120857103402489,0.1988171852731317,3371159000000,
-0.5820593691044836,0.024521126416148852,0.19873075701495188,3371164000000,
-0.5912947571897247,0.06141206456095122,0.19868474005149228,3371169000000,
-0.5790872961297636,0.05811272544371329,0.19842508641273812,3371174000000,
-0.5609056965702416,0.031820027190984514,0.19872282324077206,3371179000000,
-0.5263930305236625,0.03478874970277344,0.19864103598385865,3371184000000,
-0.5684930146204323,0.02106753657285478,0.1986031830944362,3371189000000,
-0.5830632850857644,0.062206883105404176,0.1988359536322728,3371194000000,
-0.5319071005230038,0.061994986331418096,0.19852658509308455,3371199000000,
-0.5778124137792721,0.054849280492953977,0.19864749842513887,3371204000000,
-0.5614727211594749,0.055814598001944854,0.1989825374342563,3371209000000,
-0.5890804947037137,0.051113234095324124,0.19927126075259952,3371214000000,
-0.5548083436364818,0.061136037805136115,0.19907281369486515,3371219000000,
-0.5719938759938308,0.04011987938120263,0.19918540171983215,3371224000000,
-0.37928394367028073,0.005295320275705506,0.19950347737076757,3371229000000,
-0.5828696802214401,0.03431241755813946,0.19913237436035552,3371234000000,
-0.5233467009402363,0.011608099674810975,0.1991670421277956,3371239000000,
-0.6086268295146325,0.0218027438498782,0.19931884475423609,3371244000000,
-0.5506202360989196,0.01715533240513662,0.19947749420649297,3371249000000,
-0.579456472060934,0.06153435705643853,0.19963347840792656,3371255000000,
-0.5347473913098494,0.04485908114683584,0.1992037079795841,3371260000000,
-0.5837187886986109,0.028617600767483577,0.19886492951869872,3371265000000,
-0.5754438889314436,0.034059701367596895,0.19928952949540157,3371270000000,
-0.5810336231561988,0.047084324369812074,0.19897060325973834,3371275000000,
-0.5833288785628019,0.041326833926982276,0.19900124952343082,3371280000000,
-0.5592604427682866,0.04022217391092815,0.19894579109773478,3371285000000,
-0.5717766069259487,0.0443728701337862,0.19893977091261725,3371290000000,
-0.5863531592054714,0.021737273134679408,0.1990168611049891,3371295000000,
-0.5852867622578518,0.027715681166866454,0.19890820372795417,3371300000000,
-0.5875372522096206,0.02429410466804601,0.1990380773664685,3371305000000,
-0.5911997928103186,0.02194112459788833,0.198695904816994,3371310000000,
-0.6081792634969113,0.008930297239758571,0.19907461286145656,3371315000000,
-0.5572758408367323,0.01417951245443339,0.1992117621353903,3371320000000,
-0.548323032348519,0.0394983539838721,0.19889051854339548,3371325000000,
-0.3585678464025744,0.03151093152210367,0.19921435937213247,3371330000000,
-0.5738422779904552,0.00048825863004186773,0.19914054741709947,3371335000000,
-0.5861479329578195,0.04581146677254184,0.19926124539555948,3371340000000,
-0.6043682844435054,0.04376416371854147,0.199299251635472,3371345000000,
-0.576445706844236,0.03760784870142812,0.19906965477122657,3371350000000,
-0.5496430990932906,0.012914036964972574,0.19946316121953578,3371355000000,
-0.6112959081695933,0.041134433320201835,0.19942168848320593,3371360000000,
-0.5896955317383398,0.01651642617561251,0.1995704474887256,3371365000000,
-0.5615866299660887,0.01505934027267338,0.19914005519221056,3371370000000,
-0.5739545700115088,0.020682439775846218,0.19933944832629552,3371375000000,
-0.5943773048020312,0.03160210829921182,0.19899920786455624,3371380000000,
-0.5841319592609207,0.026754733747888657,0.19869335563137466,3371387000000,
-0.5694795824398119,0.02950859259436017,0.19936198669705826,3371392000000,
-0.5679657220169007,-0.00317545069202025,0.19937141794077928,3371397000000,
-0.5945783895996163,-0.00420139880075375,0.19913808279306341,3371402000000,
-0.5948703678379789,0.026859030503830178,0.1989568093739662,3371407000000,
-0.5836939822709708,0.012043991902313794,0.19922449945061246,3371412000000,
-0.5772061927374597,0.009287962821630524,0.19924030050378286,3371417000000,
-0.5692290897591957,0.015081199659817173,0.19887259363096474,3371422000000,
-0.5678456731059295,0.005048073959604601,0.19931365161767936,3371427000000,
-0.3666614327406123,0.0007284093645855069,0.19891307820387893,3371432000000,
-0.5686012821427788,-0.0020614763417116516,0.19924106558839383,3371437000000,
-0.5856461789128135,0.03958319067777813,0.19910141662470496,3371442000000,
-0.5659325874396506,0.01568724888811277,0.19944333920507198,3371447000000,
-0.5893692528163703,0.014510514041410535,0.19939225059660926,3371452000000,
-0.6051603732940823,0.025695894541302347,0.1989045258420513,3371457000000,
-0.5545514973142351,0.0032481174701043357,0.1993491197942161,3371462000000,
-0.566015921503857,0.014530986522648491,0.19912437736623065,3371467000000,
-0.5567533315216161,0.022107727852539328,0.19938883902416654,3371472000000,
-0.5544051730871781,0.05286132066841033,0.19942962957836705,3371477000000,
-0.5865162675034828,0.03194326197170722,0.19923883127710795,3371482000000,
-0.5878419930721966,0.021892662223904888,0.19963254312366005,3371487000000,
-0.5688521795913036,0.004247584468201539,0.19942178061224056,3371492000000,
-0.5644537244424904,0.0009037393371452776,0.19905844715446874,3371497000000,
-0.5852317416556071,0.0009353678713426763,0.19941203187458936,3371502000000,
-0.5539022069603226,0.009069591638093748,0.19927139882339034,3371507000000,
-0.5704272985406533,0.027503873343337565,0.19956138099512258,3371512000000,
-0.5623337167774471,0.028903065570342553,0.19913359179530418,3371517000000,
-0.5454891022210739,0.00287231307175477,0.19938881345434425,3371522000000,
-0.5508562282123427,0.014177397035727042,0.1988878821215681,3371527000000,
-0.37217888975982194,0.03014244599253848,0.1990579009105429,3371532000000,
-0.549805751905119,-0.006069421259628225,0.19941768361955184,3371537000000,
-0.5551414193198232,-0.02594736496833902,0.19950494123946685,3371542000000,
-0.5645674227508998,-0.019001186838830515,0.19932047310956286,3371547000000,
-0.5637575964974408,0.008252124909475014,0.19915445340304805,3371552000000,
-0.5643821569214865,0.003423931499194858,0.19918996716829965,3371557000000,
-0.5680382217597943,0.024237895067206448,0.19938198651771702,3371562000000,
-0.5502924968347405,0.02274254213536864,0.19938026446158486,3371567000000,
-0.5712531104545238,0.03715099210100577,0.19923491607500582,3371572000000,
-0.5783928651083466,-0.01435588376074219,0.19927387344192818,3371577000000,
-0.5489545611938776,0.005960262001024607,0.19937357173591577,3371582000000,
-0.5501070452334755,0.008628345302380387,0.19935932058273598,3371587000000,
-0.5621728085900093,0.017230255068339598,0.1989456444509067,3371592000000,
-0.5254730300842697,-0.02641191227987949,0.1995371975302042,3371600000000,
-0.5277627889050029,-0.02194731930301316,0.19929941345674443,3371605000000,
-0.5471107210520286,0.0012398904113660634,0.19949253915681292,3371610000000,
-0.5279209068144969,0.009268354512987208,0.19932495637587336,3371615000000,
-0.5477904607977596,-0.008992806066239823,0.19931690862236923,3371620000000,
-0.5489077359413503,-0.00835328737628097,0.1992473254274329,3371625000000,
-0.5502246729450249,-0.019035941987608024,0.19886539850218865,3371630000000,
-0.35661738755780625,-0.005261641484325546,0.19933748012514996,3371635000000,
-0.5374918325332969,0.020505231612362177,0.19963986229373037,3371640000000,
-0.5261328582187182,-0.005155279110531732,0.19946537285521818,3371645000000,
-0.55273520559147,-0.009559452015512946,0.19951213153081987,3371650000000,
-0.5251471282795113,-0.011002611425538239,0.19932136461557792,3371655000000,
-0.5393373094690771,-0.017354341185119936,0.19925043572734835,3371660000000,
-0.5172996990454337,-0.021837509331466484,0.19921294149085084,3371665000000,
-0.5222777425604311,-0.024902389661736538,0.19891623760181493,3371672000000,
-0.49897154459439697,0.016033069303491715,0.19928549309955085,3371677000000,
-0.5315758963543347,-0.019320932875579875,0.19953991928133197,3371682000000,
-0.4970895331845655,-0.010758308036592848,0.19943606498730485,3371687000000,
-0.5287343844958905,0.026308834285834252,0.19937073327370605,3371692000000,
-0.5228951647989106,-0.0013602768877314193,0.19938462492817194,3371697000000,
-0.4975457231680808,-0.0042120296468518195,0.19940133472533914,3371702000000,
-0.5343425578943184,0.0161889304768447,0.19940238091376508,3371707000000,
-0.49888821358492785,-0.009497285481587427,0.19996726824148756,3371712000000,
-0.5132239184273981,0.00014013698499356405,0.19918760388740814,3371717000000,
-0.5343496826947717,-0.005191862467198404,0.19952683047314365,3371722000000,
-0.4799586088284608,-0.014991092804963878,0.1996077709658146,3371727000000,
-0.5022174084106101,0.005576429206467628,0.1992038814119263,3371732000000,
-0.29920588977054796,-0.01805005513586931,0.1996094659466083,3371737000000,
-0.4942704462271377,-0.009765314673218194,0.1994183019782475,3371743000000,
-0.49798534703942604,-0.0569057803147237,0.19916515738039595,3371748000000,
-0.49980798372150087,-0.007998221720727242,0.19944842441966093,3371753000000,
-0.4913986504255852,-0.021576005139467228,0.1993480626123733,3371758000000,
-0.484596842525325,0.0012281519286802978,0.19927252098048806,3371763000000,
-0.517565766496737,0.018028451494311808,0.19982450364962062,3371768000000,
-0.48749840110583464,0.016649421820614747,0.19909955263630963,3371773000000,
-0.4708398218963387,0.008805193144614592,0.1992027910455841,3371778000000,
-0.4779797653269277,-0.004972082385375014,0.1996009877245476,3371783000000,
-0.5004999303591423,0.0037772074761688573,0.19946263831040073,3371788000000,
-0.45826393312637803,0.015799768714635006,0.19949831785207617,3371793000000,
-0.4720535372986226,-0.005705974465212215,0.1995109742907321,3371798000000,
-0.4723159086875487,-0.014819967166160056,0.1995521710260141,3371803000000,
-0.4853829089496121,-0.03862953026693654,0.19977939456011085,3371808000000,
-0.48929018988225004,-0.00907547817432824,0.19941001532849453,3371814000000,
-0.47127780067998576,-0.02662349309270113,0.19982413840143315,3371819000000,
-0.4621555376062694,0.014431826503784339,0.19973702306514107,3371824000000,
-0.46390511701494974,-0.03479005122547013,0.19958099195154122,3371829000000,
-0.4502095445541187,-0.021707148792502916,0.1992716192421038,3371834000000,
-0.24678259873634092,-0.007086587923710335,0.19953432766145066,3371839000000,
-0.47599647204961865,-0.045802504364779964,0.19930436974395646,3371844000000,
-0.42692039327302744,-0.024411671463471958,0.1993468518775274,3371849000000,
-0.4465515761872861,-0.011455681346082887,0.1997014242412356,3371854000000,
-0.4767277816731438,0.014325390068859474,0.19946229779049393,3371859000000,
-0.4554030782669872,0.006583550481069955,0.1995601900823815,3371864000000,
-0.44153503848316633,-0.012287383591456725,0.19968119896821238,3371869000000,
-0.4593951532899716,-0.04718869946364627,0.19995288659329552,3371874000000,
-0.41610908624856746,-0.03401331039360273,0.1997903642184815,3371879000000,
-0.42090510928552577,0.013427963730401959,0.19949476363201277,3371885000000,
-0.43728317433894887,0.0012852911087302826,0.19974588578579405,3371890000000,
-0.4017317532544157,-0.02039802222727847,0.1996817298533887,3371895000000,
-0.43627116960981743,-0.03330660954705446,0.19925662028936653,3371900000000,
-0.4310948732127337,-0.030915274453866944,0.19961618278012935,3371905000000,
-0.43293218295139707,-0.017220354714564432,0.1998040207967073,3371910000000,
-0.4305203020892444,0.013433909752868862,0.19956745464724224,3371915000000,
-0.39955818580941593,-0.002282062958126283,0.1997397784756977,3371920000000,
-0.39858982625548944,-0.019863022738994728,0.19959278085474264,3371925000000,
-0.4031257469242373,-0.030851947507933637,0.199374831991649,3371930000000,
-0.3947978886409216,-0.024893918891506907,0.19962893635410522,3371935000000,
-0.19315644005981256,-0.007219990474278822,0.19968086870884286,3371940000000,
-0.3771310326062977,-0.04285569583960798,0.19977116311692963,3371945000000,
-0.4224970010713232,-0.009948641651344634,0.19977171154762938,3371950000000,
-0.38623599668932335,-0.025292977424796602,0.1997700894410229,3371955000000,
-0.3726906246407,0.009207073744114749,0.19955168769688472,3371960000000,
-0.40681278100012974,0.009693239254718697,0.1998014797150446,3371965000000,
-0.4131785876046681,-0.027316380537456456,0.19971295491405794,3371970000000,
-0.40577631208634335,-0.01902007590734597,0.19944617886719143,3371975000000,
-0.37924241491197563,-0.03227338727079071,0.19988901608333154,3371980000000,
-0.3887327431860295,-0.03814252946212082,0.1993826624767392,3371985000000,
-0.3762355495855504,-0.03869697153150882,0.19933655449210536,3371990000000,
-0.3863316502323566,-0.023704648144362732,0.19970308210231003,3371995000000,
-0.36714128875900276,-0.015756887531070244,0.19956808514493948,3372000000000,
-0.34954939177869976,-0.018577439143128923,0.19982174011459922,3372005000000,
-0.3638783811579291,-0.016651811608616198,0.19982538372621736,3372010000000,
-0.34697067253865516,-0.0028613083239466645,0.1996847629870537,3372015000000,
-0.3305088765477473,-0.005060570617025122,0.199597535736831,3372021000000,
-0.3211443772092704,-0.020592032758244106,0.19960697962797422,3372026000000,
-0.3522040000032928,-0.009972881969717136,0.19959934722124162,3372031000000,
-0.3824810431378271,-0.03331418369224799,0.19972860301889728,3372036000000,
-0.17841519979786752,-0.025718368769587403,0.19978192367958986,3372041000000,
-0.31886756259755944,-0.021351152194565924,0.20020479835740523,3372046000000,
-0.36578628917491424,-0.0074923257274284415,0.19919390478190532,3372051000000,
-0.35439666804634606,0.012652450339862453,0.19960106455106014,3372056000000,
-0.31761670896879235,0.0034709236376702993,0.19942581737852513,3372061000000,
-0.32701315515440676,0.002002358683923698,0.19962199621024707,3372066000000,
-0.33998452140688923,-0.018659747174006903,0.1997127705152413,3372071000000,
-0.31325451172362323,-0.040062301428195404,0.19998245265509182,3372076000000,
-0.32100274368784665,-0.045201730554658974,0.19975124039659195,3372081000000,
-0.29930938716826777,-0.03578318993107857,0.1996905822190328,3372086000000,
-0.36027564867712514,-0.028943385384564944,0.19995387126548805,3372091000000,
-0.3015612643238835,-0.0017969346010593239,0.1999855549287001,3372096000000,
-0.3032529271539636,-0.046611796703774674,0.1997139982291542,3372101000000,
-0.30228625264916376,-0.045326969492608865,0.19977520220541284,3372106000000,
-0.3136359291495565,-0.03433156307529339,0.19943095754358847,3372111000000,
-0.3224121664198231,-0.03709328781083154,0.19998188440622824,3372116000000,
-0.27827678289042934,-0.0473149716128081,0.1997230107482342,3372121000000,
-0.2975968029835575,-0.028434789976874764,0.19980128251728982,3372126000000,
-0.2665542714428693,-0.02865436300261009,0.1993901148546507,3372131000000,
-0.2529908701550286,-0.01853286467235573,0.19985177502853976,3372136000000,
-0.2814208271840869,-0.021690140745922234,0.19964008763644642,3372141000000,
-0.06073540307369683,-0.01748943562483065,0.19972435946405578,3372146000000,
-0.28421610119944707,-0.053322472415657726,0.2000207045568919,3372151000000,
-0.2666386738778674,-0.02745959081420005,0.19995558191320015,3372156000000,
-0.2597733605728589,-0.029144928461205467,0.19981263315184764,3372161000000,
-0.25211373715817526,-0.047915135352281896,0.1999524770462293,3372166000000,
-0.25938257406929505,-0.01544887101812405,0.1997477341502614,3372171000000,
-0.23071395645392154,-0.012407819083027757,0.19978861576983037,3372176000000,
-0.2044340763633978,-0.03484956585167076,0.19962446057092292,3372181000000,
-0.2857298694191166,0.001508479572483415,0.200041473800519,3372186000000,
-0.23890584794575956,-0.062215142439243996,0.1999421219995864,3372191000000,
-0.21160486641556156,-0.021393985804650968,0.19985152640529522,3372196000000,
-0.2293975214500813,-0.04872625457043383,0.19966261432536947,3372201000000,
-0.2250122302723074,-0.01057577681543738,0.19964799667571165,3372206000000,
-0.045874430992615886,-0.015661126828663004,0.19975078750989986,3372211000000,
-0.12981343550868615,-0.05200808227975984,0.1998994943246727,3372216000000,
-0.1961622880277084,-0.027699374592628175,0.1995347618132877,3372221000000,
-0.1907103025965071,-0.03572857923177759,0.199749468154,3372226000000,
-0.18585464250142378,-0.04156456468586063,0.1997524787377044,3372231000000,
-0.19198575386912403,-0.04428145356769053,0.1999397340692346,3372236000000,
-0.21477835900698974,-0.05404014909919516,0.19956203883076562,3372241000000,
-0.173093560061113,-0.028976616885554536,0.19966473391585365,3372246000000,
-0.16312036001821412,-0.05578073939417871,0.19960253269266506,3372251000000,
-0.13345889415165835,0.003653570438725849,0.20030454918949997,3372256000000,
-0.1488299727993076,-0.03249300267613219,0.19986777257291655,3372261000000,
-0.14459703607098962,-0.050504756351558905,0.19968448626000795,3372266000000,
-0.16003477509344197,-0.05162869021158008,0.19991333455434543,3372271000000,
-0.15903594224133882,-0.02690583344845188,0.20039712080259298,3372276000000,
-0.1281223340307765,-0.03169821299359395,0.2001232969000221,3372281000000,
-0.15161104467028652,-0.0011216279496038123,0.19990261901085196,3372286000000,
-0.1641595085140099,-0.06404581504153038,0.19974334651902176,3372291000000,
-0.10758578474521965,-0.06110669954711688,0.19974851789259895,3372296000000,
-0.13393657727959082,-0.07017458214067529,0.19987188195928066,3372301000000,
-0.15709361644097547,-0.030279905955455617,0.2002076966206938,3372306000000,
-0.11367272731752157,-0.06490881738327432,0.19993284792993923,3372311000000,
0.06503330587779006,-0.04541487170426254,0.2000982308801694,3372316000000,
-0.10658768305457464,-0.06852651964873283,0.20009196539281443,3372321000000,
-0.09699490987097024,-0.04846179081095528,0.19973868287225097,3372326000000,
-0.08813285826661729,-0.04255020036415468,0.20025430830466476,3372331000000,
-0.09051990555477203,-0.046474418483365594,0.20005833006704585,3372336000000,
-0.0945799101892211,-0.029410911188297945,0.20030886596816183,3372341000000,
-0.12465746364032637,-0.0493376043102786,0.20006264298501142,3372346000000,
-0.09218139319639544,-0.053908121952631206,0.20012888911754081,3372351000000,
-0.06737071493790056,-0.05304741757583109,0.1999953547163568,3372356000000,
-0.07712809541901867,-0.03277297220464633,0.20003078388967854,3372361000000,
-0.07832802164747338,-0.04521973818735052,0.200358828319005,3372366000000,
-0.17798511022906208,-0.10584019426430505,0.2005931395319417,3372371000000,
-0.029062117474909523,-0.007261722553622674,0.2012071584620372,3372376000000,
-0.05474460083124823,-0.0268288694963681,0.20198940431243576,3372382000000,
-0.03693875778101114,-0.05286233331935538,0.20188465405091643,3372387000000,
0.03101827888775726,0.15172950602870308,0.20226479524228583,3372392000000,
0.033361590496781085,0.10256818448985641,0.20363290326939923,3372397000000,
-0.01830693947770639,-0.012063606824990955,0.20504298656677636,3372402000000,
-0.0074817606642967795,-0.04834997052025283,0.20711208460535024,3372407000000,
-0.004792717110607932,-0.05462877130225276,0.20945731700684594,3372412000000,
0.24832451048974954,-0.05092710264452596,0.21205805285547258,3372417000000,
-0.006392222087889636,-0.04982367994119861,0.2142906487760818,3372422000000,
-0.01968458198335725,-0.04757904729855324,0.2166159345994764,3372427000000,
-0.020899876408626235,-0.04655027848663974,0.21833171037639892,3372432000000,
0.008350638033988268,-0.0695118405531503,0.22001911033147767,3372437000000,
-0.034786592003272,-0.06400381428178914,0.22129845044412103,3372442000000,
0.01443786310700792,-0.05337082056891861,0.22152959485350968,3372447000000,
-0.00499536044472621,-0.05482402504570587,0.22163715814408783,3372452000000,
-0.05214037124131658,-0.02560517922027349,0.22134341002567337,3372457000000,
0.01998547386831675,-0.016160260268786843,0.22029141807233338,3372462000000,
0.029134293942829785,-0.059956161780023054,0.21944914836436172,3372467000000,
0.03853575375832644,-0.0761327095386799,0.21835777598468747,3372472000000,
0.05074164518426835,-0.05311106600668098,0.21708364984328246,3372477000000,
0.047880420564763,-0.03533256730811814,0.21538148910716035,3372482000000,
0.03957765640903043,-0.039253498808593204,0.2143601577159275,3372487000000,
0.06317348766372585,-0.030659735955658494,0.21282753070981095,3372492000000,
0.06595806279612768,-0.03821284533671236,0.2119063123855116,3372497000000,
0.09440597700304221,-0.07050505174584097,0.21125241588938679,3372502000000,
0.049996684352282786,-0.04887393037089668,0.21097273886963588,3372507000000,
0.14614764759936646,-0.029369789979220448,0.21074656121303165,3372512000000,
0.27921497122522626,-0.3637890671388949,0.21038286003468382,3372517000000,
0.1742641698938763,-0.1443414672627222,0.20951752287990225,3372525000000,
0.19130765070603217,0.0020818913191781316,0.20760331145687388,3372530000000,
0.23256117178697078,-0.016679773019746883,0.20522669721205328,3372535000000,
0.2133527127749228,-0.004303392227947521,0.20326434678995778,3372540000000,
0.19899946341839844,-0.018547790469468306,0.20179755389555934,3372545000000,
0.1802290243648485,-0.03324968054809358,0.19894221626965794,3372550000000,
0.1997353232722637,-0.005509615919662723,0.19650972389642116,3372555000000,
0.17403903279791252,-0.02967376065321263,0.1937782411323746,3372560000000,
0.17183135753740955,-0.027342226128230257,0.19090466752723614,3372565000000,
0.2200937138060118,-0.02542047761719316,0.18856265890235296,3372570000000,
0.22184053496641695,-0.030009479867355825,0.18607277388572305,3372575000000,
0.21734571272060468,-0.02227947166107804,0.18266799546098242,3372580000000,
0.19862683651768348,-0.020662327604345092,0.18019151270866965,3372585000000,
0.18436672795306278,-0.0025618426040015024,0.17752739237767184,3372590000000,
0.2365227343033016,-0.01582170510275159,0.1741761894296163,3372598000000,
0.2115688266682872,-0.012433221702377546,0.1695965946408759,3372603000000,
0.23884428284031492,-0.012269333299787882,0.16636047630522632,3372608000000,
0.2653383880828586,-0.05628205566565172,0.16327807049280804,3372613000000,
0.20082633259788785,-0.00228530996632444,0.1599226821731833,3372618000000,
0.5276937365239821,-0.016137740713386955,0.15690762036239092,3372623000000,
0.23404501648375747,-0.005245802728747837,0.15384727819435942,3372628000000,
0.23991051483018644,-0.0030750713324731744,0.150122460567905,3372633000000,
0.24519696782174055,0.000852975723211815,0.146470637028092,3372638000000,
0.3153461150942638,-0.0205140818718281,0.1434364236721642,3372643000000,
0.2682298731818149,-0.0014291800641193305,0.1395257763579544,3372648000000,
0.25378706566257,0.03550819310880145,0.13609646017663238,3372653000000,
0.2676148294483736,-0.0016453666453166895,0.1325488566938103,3372658000000,
0.31858102334169863,0.012863392765610595,0.128534841130779,3372663000000,
0.228861672937878,0.03735240145969844,0.1275061123564816,3372668000000,
0.25835783574156246,-0.0066365698461508665,0.12179011901517268,3372673000000,
0.2990982154025142,0.01796357587845926,0.11756368651775236,3372678000000,
0.26730407566642606,0.043714731300227516,0.11367782846673567,3372683000000,
0.27351027869288297,0.034974283275770186,0.10997945003396019,3372688000000,
0.289239145833274,0.01630553770772576,0.10581880929460101,3372693000000,
0.2901478696911736,-0.044829663807353266,0.10184988096419569,3372698000000,
0.2621665244609691,-0.017471642543675378,0.0982590947885462,3372703000000,
0.30563870096551643,-0.002366414914376378,0.09459428763726144,3372708000000,
0.2734852626139398,0.03676046686207862,0.09127795140703567,3372713000000,
0.2638548230376469,-0.026328540970632523,0.08764278979700826,3372718000000,
0.477955613908629,-0.016768261500711697,0.08472678152724501,3372723000000,
0.23902538512231888,-0.006534176011527398,0.08158871629019201,3372728000000,
0.2778243843630531,-0.003941916763878825,0.0786684772798023,3372733000000,
0.2775232973217122,-0.014567807741763833,0.07551878043728262,3372740000000,
0.29886616843066693,0.0840260767846212,0.07288728802240717,3372745000000,
0.2673413701131489,0.05183938839467961,0.07059398417663137,3372750000000,
0.22371227675063873,-0.015230530671504507,0.06873428503059818,3372755000000,
0.22531012243030002,0.018013546585926313,0.06703426058456867,3372760000000,
0.23283073603822768,0.027668599848779347,0.06590104583235284,3372765000000,
0.22437849199939922,0.014583803214456932,0.06430316239783226,3372770000000,
0.23050510622224757,0.05218733601018165,0.06404582301610733,3372775000000,
0.227654475099225,0.06525074479163723,0.06354992708964423,3372780000000,
0.22720012910700044,0.04085609619494619,0.06280978965805854,3372785000000,
0.22367249512005669,0.0030009763049454845,0.06284564909630955,3372790000000,
0.21166546903958086,0.021712568655069594,0.06319686044124119,3372795000000,
0.1837366933521025,0.0436671495263249,0.06339256700819042,3372800000000,
0.22155468612992987,0.016991905296655892,0.06439815460585048,3372805000000,
0.23772928948741834,0.05922892100839202,0.06581620757155661,3372810000000,
0.261242774932823,0.04923464526688789,0.06668692346547808,3372815000000,
0.24239296434827215,-0.03278650600337929,0.06879774013334,3372820000000,
0.4422611943940613,0.04468331151817562,0.07004777952985218,3372825000000,
0.28738167784226354,0.18380736239498405,0.0726304189992608,3372830000000,
0.2591762310576576,0.10212198795328795,0.07493980751914629,3372835000000,
0.31984134468696884,0.19600585483273342,0.07740071667220529,3372840000000,
0.25002394569836367,0.034084466443140754,0.08038041952667399,3372845000000,
0.236174769253916,0.06210230359469189,0.08401318290429131,3372850000000,
0.2134646450636988,-0.001361533818720003,0.08778381466542581,3372855000000,
0.19291980450925666,0.081178745751861,0.09164449592204184,3372860000000,
0.3722459972388398,0.08905230625379369,0.09549398618611457,3372865000000,
0.4142464151380785,-0.0061131639521172475,0.10040364772045701,3372870000000,
0.4108074569014986,0.14088365998788882,0.10530312423953664,3372875000000,
0.2387407827599894,-0.2042566275417561,0.10811338014927348,3372880000000,
0.23749104397844323,0.08496536102421395,0.11579305905067956,3372885000000,
0.3257320053248397,0.3759126891250188,0.12103691527963831,3372890000000,
0.4367571297078243,1.1486081831570814,0.12714986286022487,3372895000000,
0.3560733754458854,0.414222960518733,0.13377864214996552,3372900000000,
0.19938236340897644,-0.3988233261573684,0.14035423683456633,3372905000000,
0.25853761167910655,-0.5756186755257371,0.14594531304573638,3372910000000,
-0.08935452945632505,-3.8618817556855123,0.15070248482805243,3372915000000,
0.1552648531924547,-1.3160863956016196,0.1542410478140036,3372920000000,
0.5006990742724131,-0.4662501554640905,0.1580761690214294,3372925000000,
0.5512904659125096,-0.22174268673014655,0.16105259198878522,3372930000000,
0.5047287333324774,-0.05914987479084001,0.1646275051403142,3372935000000,
0.3918137553896171,-0.03247611350702593,0.16773180909648316,3372940000000,
0.3004450307789428,0.003175414450046663,0.17089063130217588,3372945000000,
0.35112493935569583,0.01198949503387059,0.1755408613897998,3372953000000,
0.3378589420934494,0.02806498043503064,0.17725827351928033,3372958000000,
0.38689213317769333,0.014860684160207185,0.179289314398477,3372963000000,
0.3909864771716482,0.002185748286094569,0.18156646901343734,3372968000000,
0.3956791968457822,-0.004005660612339903,0.18298981644764098,3372973000000,
0.39320894437157,0.014063298924841957,0.18467249027524402,3372978000000,
0.4011274002879053,-0.007937156417566694,0.1862580428457469,3372983000000,
0.42459502942703814,-0.021150113987532186,0.1874078508511236,3372988000000,
0.39988069580396535,-0.0042336745970926355,0.18881336821062011,3372993000000,
0.43366178825334734,0.007814232838726573,0.1903645703745629,3372998000000,
0.4574506275133048,-0.004841277277742603,0.19131233486491694,3373003000000,
0.44494284804258133,-0.03769528323691532,0.19292246675814195,3373008000000,
0.45306606171497527,0.003212524133243492,0.19316332490386356,3373013000000,
0.4459113988970095,0.012806191834525152,0.19423025557624607,3373018000000,
0.4426648683639288,0.00705404277932814,0.1949464495973127,3373024000000,
0.5771232106884013,-0.02504648109393984,0.19684896169120275,3373029000000,
0.4434655649094572,-0.038511842836715604,0.1972054159105195,3373034000000,
0.45682176238896044,-0.028737526923077628,0.19786499352846262,3373039000000,
0.4727080859779693,0.023238083180455855,0.19865579954538792,3373044000000,
0.45442625979755064,-0.009275086969613955,0.19968162117128757,3373049000000,
0.45259939834111756,-0.018325567982191232,0.20052544247326987,3373054000000,
0.4527182393361025,0.012526682277392759,0.2009861788838787,3373059000000,
0.478961780613572,0.015566040580695715,0.20146967450983871,3373064000000,
0.4808140758595006,-0.009512007546094665,0.2022948016647976,3373069000000,
0.4536158527048816,-0.005556538692241144,0.20306066232591916,3373074000000,
0.45351841304635454,0.03103127235396047,0.20331896636231772,3373079000000,
0.4637855893177493,-0.0016328306697157,0.2037126243965314,3373084000000,
0.4899507503430477,0.031591906527392674,0.20458968840932482,3373089000000,
0.46467132522756815,0.017097179600061286,0.20498630766558934,3373094000000,
0.4846776021649894,-0.005011541258446994,0.20491974397749388,3373099000000,
0.44624423499660826,-0.015675566211611515,0.20544071397220082,3373104000000,
0.4737091713207383,0.02308966602423931,0.20571597519472243,3373109000000,
0.4608597067382723,-0.014707364519492437,0.2063794837952281,3373114000000,
0.4723268421538731,0.0018989954269312036,0.20647934940463064,3373119000000,
0.4502373515118295,-0.0005615992220510905,0.20645491712645594,3373124000000,
0.6376905926725744,0.00320436895687873,0.20721597756395463,3373129000000,
0.5090623083497311,0.006187252871896514,0.20709349692575196,3373134000000,
0.49042649002394795,-0.011612174946239336,0.20728353186758403,3373139000000,
0.4539444610874564,0.03804275878028853,0.20742291135366947,3373144000000,
0.45796340178161044,0.030659974468989118,0.20808498626721728,3373149000000,
0.4927818739696071,0.02258277061153955,0.20809580469338315,3373154000000,
0.48641191987156973,0.017076923298025952,0.20799104562270268,3373159000000,
0.2898229337397814,-0.03624798582887053,0.2085692954902189,3373164000000,
1.020485255476872,1.5802520284138961,0.21019716337964753,3373169000000,
1.137218083013819,1.1842355754311347,0.21198871644947598,3373174000000,
-0.16946200124433633,-1.7785493099296406,0.2122253584165537,3373179000000,
0.022861041779700754,-0.6326425060192595,0.21275475212760708,3373184000000,
1.6522660940017717,2.532892126265897,0.21505182204207646,3373189000000,
-0.17361034417045448,-1.7442678589279645,0.21474049979236678,3373194000000,
0.00017615090051574522,-0.6814131635112987,0.2162172041090843,3373199000000,
0.6770556794056861,0.517207289399673,0.21692658422210664,3373204000000,
0.9772396684752498,0.5019266396326385,0.21706121561881664,3373209000000,
-0.06830267222167949,-0.8294087898811641,0.21754389181771927,3373214000000,
0.3519240249203913,-0.32713071579019865,0.21750142730828506,3373219000000,
0.9555253716771038,0.513958606443309,0.21760155779809645,3373224000000,
0.18173842772672208,-0.38286474189388586,0.21720596451770915,3373229000000,
0.5269635465181111,-0.169840290698673,0.21737097738064448,3373235000000,
0.47494352754341435,-0.06771428733377846,0.21832034053925384,3373240000000,
0.8166567430944829,0.12454410779450051,0.21760762600282627,3373245000000,
0.18896023042880203,-0.03309866460613419,0.21715040587580375,3373250000000,
0.4566682636452868,-0.01564376956135322,0.21706894234918023,3373255000000,
0.5610394552372189,-0.03448734736451406,0.21755777399021142,3373260000000,
0.7921291044576336,0.06286644723768348,0.21723823281727664,3373265000000,
0.23584486867341614,-0.03522705652902655,0.21675124084750638,3373270000000,
0.4318141700264144,0.01965988875861641,0.21731888769951407,3373275000000,
0.5270620411295494,0.013152396959067066,0.2180794345148239,3373280000000,
0.845120625572834,0.03715401254330861,0.21797930962699402,3373285000000,
0.3281476083880083,0.02364791952247323,0.21757555814725063,3373290000000,
0.3890341756611349,0.01375043579831236,0.21837582212111117,3373295000000,
0.543729793375192,0.008858925765191188,0.21911833546601367,3373300000000,
0.5365762381803142,-0.04393348757310005,0.2191332966710024,3373305000000,
0.604464602854083,0.04928487611713665,0.21837703283596085,3373310000000,
0.3848510927227724,-0.05546170711770852,0.21895870837368153,3373315000000,
0.5222139243306071,-0.012850095417785097,0.22019438748644624,3373320000000,
0.8138330968493929,0.08872569338506975,0.21995397846375234,3373325000000,
0.16359961744509346,-0.1235197809989457,0.21921739520599617,3373330000000,
1.214550953565502,0.8976784635702756,0.21889067120612304,3373335000000,
1.406194990296671,1.7075895050919658,0.21628225721356123,3373340000000,
-0.06607256850822235,-1.5937291736741657,0.2146737632474157,3373345000000,
1.191880521508399,1.634480766260418,0.21447567591091382,3373350000000,
0.9478146491431717,1.4168632686791087,0.210305361293602,3373355000000,
-0.49389194579443185,-2.4892914350219932,0.20831840729333087,3373360000000,
0.21638326804524274,-0.9248699640683088,0.208188708538655,3373365000000,
1.7388662503161243,3.2619908480694297,0.20555234591345103,3373370000000,
-0.17477254061054776,-1.851805972909777,0.20227174257771255,3373375000000,
0.05461628665703423,-1.0542423437427475,0.20232318464720425,3373380000000,
1.2970865353412657,2.021147259204616,0.20085744823907845,3373385000000,
0.17991817293469273,-1.081252004081464,0.19894183183157838,3373390000000,
-0.0702861569780662,-1.4427829775333543,0.19870579262744342,3373395000000,
0.5778310246799165,0.33836102937431717,0.19959416100629343,3373400000000,
1.239589500769529,1.5122365252947227,0.1971545170936323,3373405000000,
-0.2175960525549074,-1.8077976721451194,0.19726682467260415,3373410000000,
0.07583824080865353,-0.7880010312787598,0.19816022400771618,3373415000000,
1.9094857304904902,3.1240630893851646,0.19678727254028916,3373420000000,
-0.3271156879489909,-2.1887457091081037,0.19684297650607271,3373425000000,
0.02076666825362193,-0.9053087484955181,0.1977364469391424,3373430000000,
1.9054608143270466,2.794661138201955,0.19733040549907627,3373435000000,
-0.10164740056718133,-1.6566512163134912,0.19831365735740583,3373440000000,
-0.07160813745707725,-1.0831209523601162,0.19845601185364373,3373445000000,
1.5303170358491793,2.3613637966462813,0.19801555969593815,3373450000000,
0.10760785816953704,-1.0782850398512136,0.19750531031492644,3373456000000,
-0.03703970897448795,-0.9117352728910171,0.19769259860748647,3373461000000,
0.6359973942948699,0.5748149832307474,0.19760529577780214,3373466000000,
1.2398495396557336,1.1816818188043892,0.19766062081183336,3373471000000,
-0.18623377130725635,-1.4630184520544374,0.19773663590581883,3373476000000,
0.11621649597311973,-0.6240927022521595,0.19833361272585426,3373481000000,
2.1397304172191527,3.3192257113935972,0.19890559547942308,3373486000000,
-0.4291250836382182,-2.1652232693272424,0.20040043576743605,3373491000000,
-0.4866417849367294,-1.1141569063220922,0.20203543701716434,3373496000000,
2.7941653917013785,4.11972963379414,0.204191048655048,3373501000000,
-0.3311288822092358,-2.410080082368812,0.20628732392047922,3373506000000,
-0.23792168745945608,-1.077114542926372,0.20704914439331337,3373511000000,
1.6284610323863222,2.471473652013716,0.2096480554720249,3373516000000,
1.5880350499619607,1.8298923381076633,0.2122544623609451,3373521000000,
-0.8911722661809003,-2.6178843393700335,0.21333153456062837,3373527000000,
0.04991224850114919,-0.8849448427204372,0.21410160812885018,3373532000000,
0.3611391629249809,-0.301968091990085,0.2146639421927246,3373537000000,
0.9429721978338099,0.3569163195124647,0.21486408113004124,3373542000000,
0.327180168398054,0.20058900215288136,0.21508674818650816,3373547000000,
0.28973180826224904,-0.41428589662724036,0.21593596883457122,3373552000000,
0.7387778923616789,-0.07998247345248229,0.21592256040566485,3373557000000,
0.5435451757003754,0.3231393873711196,0.21549179925384784,3373562000000,
0.296691322106877,-0.29578529946486726,0.21677598011493476,3373567000000,
0.4597035336605507,-0.0577945427568721,0.21708710058831407,3373572000000,
1.1587894392926774,0.7898083002332934,0.2155381820325594,3373577000000,
-0.04990805778479253,-0.5834271423972933,0.21630924877533958,3373582000000,
0.43540552169742724,-0.16614008913777187,0.21659123930827184,3373587000000,
1.0779345306052905,0.6724046950871999,0.21547535307388185,3373592000000,
0.02764189215436716,-0.5002347905479568,0.21554352146013625,3373597000000,
0.5895993370916548,-0.09819473089612718,0.21632754276316782,3373602000000,
1.0947126924853399,0.6663477944658478,0.21462822847346258,3373607000000,
0.11564164490359899,-0.42999920914501755,0.2148262547155488,3373612000000,
0.3665961231562518,-0.1554498637688912,0.21484729725775034,3373617000000,
0.9243379225982196,0.4151602748070913,0.21309551622808254,3373622000000,
0.3609285630042756,-0.21144339402424184,0.21229311289928512,3373627000000,
0.1868042336953952,-0.17924545504213932,0.2130294191965133,3373632000000,
1.08456325836093,0.720300503590217,0.2121403928542039,3373637000000,
0.22002228406778235,-0.43317026664788094,0.21115975781333424,3373642000000,
0.38588094055727046,-0.13381404120828133,0.21096044413484194,3373647000000,
0.4304140401946001,-0.07688358265276517,0.21178159362684418,3373652000000,
0.8050003461103709,0.5179189561383323,0.2109846353709862,3373657000000,
0.31004223848429807,-0.3554280881060382,0.21036412914763777,3373662000000,
0.41427094838918277,-0.07365247170353756,0.2101726115446029,3373667000000,
0.4523861118596353,-0.019594661508968568,0.21004805907976556,3373672000000,
0.5359509837689007,0.0062404523826514475,0.2095993612220025,3373677000000,
0.4690636114221867,0.008037158883697573,0.21014009899024874,3373682000000,
0.4614660826887778,0.02236897764918959,0.2100371096693838,3373687000000,
0.5042119437806668,-0.02389644350025858,0.2096675591990427,3373692000000,
0.5384124424212057,-0.04725764034333266,0.20951301017977786,3373697000000,
0.5538067837623794,-0.004612047117171814,0.2093911451334154,3373702000000,
0.5852026294077535,0.07287830219096697,0.2087173299777797,3373707000000,
0.43297950758646897,0.04892485481021816,0.20751685212800708,3373712000000,
0.5066060241009144,0.044368760890626004,0.20641366646471482,3373717000000,
0.43844387024206455,0.02553755632383289,0.20396534982958756,3373722000000,
0.7075296121048691,0.4026568378618371,0.20138855552046764,3373727000000,
0.32822438144826854,-0.26479885856558494,0.19871379152986107,3373732000000,
0.9796968069819223,1.049093347792822,0.19644426919282681,3373737000000,
0.6280541497577895,0.36272601441863106,0.1948012508607533,3373742000000,
1.061114833408437,1.164178032970239,0.1909249605011799,3373747000000,
0.571697611755489,0.2176080769916175,0.18930938231570307,3373752000000,
0.7061130781493482,0.5116947058279551,0.1881749800602579,3373757000000,
0.8739170313287101,0.8004499011902941,0.18698358790185088,3373762000000,
0.6086196331430652,0.3050521557052081,0.186527732738271,3373767000000,
0.3897681121645165,-0.11485863095352213,0.18697147608401124,3373772000000,
0.4137054939489325,-0.08225368288392453,0.18753553029501152,3373777000000,
0.4060980190000012,-0.02774767840569773,0.188913882766463,3373782000000,
0.4691390770829186,0.04331048264201862,0.19065663304816483,3373787000000,
0.45887883895774,0.06707044296164355,0.19237740153504643,3373792000000,
0.3985734462837334,-0.13782743313197024,0.1944612723100342,3373797000000,
0.4032685886873419,-0.14373482743328114,0.19660663904287004,3373802000000,
0.41122115722931524,-0.05544610988765804,0.1981371672533327,3373807000000,
0.7299208952751624,0.13060005824032572,0.1994752022830409,3373812000000,
0.40930877433269536,0.016565077214943144,0.20052651885719816,3373817000000,
0.4273450630023173,0.0413529366113977,0.20116577386315074,3373822000000,
0.3681231650071932,-0.11416907688889988,0.20143730511043972,3373827000000,
0.4895590612751894,0.1274366448428746,0.20128023436531087,3373832000000,
0.4537579781498794,-0.010262193301337756,0.20066672443006295,3373837000000,
0.36906335490315734,-0.12673994885598577,0.2005742690513824,3373842000000,
0.41652409908057947,0.0642637393669046,0.19948436539856024,3373847000000,
0.401241328654605,-0.03898223240709404,0.19869837886708785,3373852000000,
0.3916774661090761,-0.024616085920834477,0.19765400310750478,3373857000000,
0.5335508975053054,0.14245820044345003,0.19708564476814375,3373862000000,
0.31632629624758457,-0.10884089370090025,0.19606869806990462,3373867000000,
0.43195757369570104,-0.009266826377412666,0.19533258259016453,3373872000000,
0.47864306557316044,0.1307105913888724,0.1949899837142853,3373877000000,
0.40991804176343427,0.05154435528087249,0.19446945128304483,3373885000000,
0.42436371898194897,0.05583688306964522,0.19405639506272399,3373890000000,
0.3120687195544437,-0.20168483306875729,0.19394900607647295,3373895000000,
0.4693430872084992,0.15466301944010538,0.19428396998884134,3373900000000,
0.3447741851376807,-0.10445527216319327,0.19421274383124207,3373905000000,
0.4067001127551931,0.06122026617074494,0.19499128776224772,3373910000000,
0.5668814555768242,0.060499430817926254,0.19557129270690543,3373915000000,
0.3104751484016453,-0.17923527271203288,0.19567174240752275,3373920000000,
0.4307200318223671,0.07198717510733774,0.19598458803423052,3373925000000,
0.3478452874520099,-0.034340791564794956,0.19649279676641582,3373930000000,
0.376965068891241,-0.03585430777543958,0.19643544835376534,3373935000000,
0.4205940710739866,0.07172905120025352,0.19673942494067037,3373940000000,
0.3829852493940536,0.030661433285185904,0.1969828156298849,3373945000000,
0.3161170218121021,-0.08593752654296148,0.19738026305609938,3373950000000,
0.48654016245531834,0.21707233804179868,0.1973262409563133,3373955000000,
0.36772439809756635,-0.06592604030342193,0.19701477653407573,3373960000000,
0.38313629714030706,0.11112564428276821,0.1969353521030028,3373965000000,
0.2954590027761667,-0.16237781449434754,0.19666949992880703,3373970000000,
0.4189141119915146,0.15326052430919096,0.19640432374709652,3373975000000,
0.35082113396101217,-0.01673482058552904,0.1959035758430252,3373980000000,
0.329563591640622,-0.015514325331206228,0.1962201217197116,3373985000000,
0.38960672984388567,0.050079900861631124,0.19558797561561642,3373990000000,
0.43739349606787803,0.08226517321587612,0.19520026531464835,3373995000000,
0.19564534259481192,-0.23257209877047097,0.19579647039216533,3374000000000,
0.30319190537134516,-0.10986942611111244,0.1951321713556877,3374005000000,
0.09600011017213377,-0.42985902601541176,0.1929298047629496,3374010000000,
0.5427427556999664,0.057058161261267025,0.18920461195758215,3374015000000,
0.47225463064306356,0.23054271556365838,0.1851237478676143,3374020000000,
0.49289260682181607,0.295845189681571,0.18228288507470566,3374027000000,
0.32350436126405757,-0.012552841898437223,0.17909349019758453,3374032000000,
0.23046234941583282,-0.22803260416533647,0.17802939011416122,3374037000000,
0.38572244788889704,0.1300242450353833,0.17833587440902088,3374042000000,
0.30266609592984683,0.009529634643785095,0.17974617268176335,3374047000000,
0.17519087389124033,-0.19995977310731478,0.1821167833779244,3374052000000,
0.2671877141751435,-0.03400187141008794,0.1855561450332309,3374057000000,
0.33956363549626817,0.06731907473086494,0.18884528326018554,3374062000000,
0.22285493775148363,-0.1462838718357671,0.1927217743558643,3374067000000,
0.32612399727777336,0.07676212957444772,0.1959094470235457,3374072000000,
0.3173264040851968,0.03483522903319698,0.1994535420180519,3374077000000,
0.23249994511020905,-0.10879791180656576,0.2024782114508011,3374082000000,
0.2054902038370385,-0.10845145155337615,0.20470568541098474,3374087000000,
0.23224744825320318,-0.06476071189559064,0.20604734096173985,3374092000000,
0.30014884622033794,0.06061739762277009,0.20692642341214051,3374097000000,
0.23804080841793443,-0.06922962743817468,0.20703769459268723,3374102000000,
0.3071659864967964,0.015548528481288706,0.2068106382159963,3374107000000,
0.2051985272028461,-0.11685255013162532,0.20564388400522385,3374112000000,
0.4484368867146102,-0.04261047221719925,0.2035503028187691,3374117000000,
0.3377969928265792,0.03168941171283862,0.20181707962564233,3374122000000,
0.19671417998955004,-0.18501007300640582,0.19954308629483247,3374127000000,
0.30340479960365685,0.12486879266196842,0.1975279453137052,3374132000000,
0.1986443558518142,-0.11641251579579817,0.1956031429175467,3374137000000,
0.2879985626794561,0.05995545937649996,0.19394991565243969,3374142000000,
0.2082461211475717,-0.04609179240919466,0.1927192380251431,3374147000000,
0.19904734108119054,-0.0728124549778368,0.19133938844056095,3374152000000,
0.2107832601811854,0.01683221358098755,0.1912285312520849,3374157000000,
0.2146986233708657,-0.06650219388400609,0.19150969692868014,3374162000000,
0.20899335976722883,-0.07952600841315548,0.19113053123664317,3374167000000,
0.23312967604255752,-0.013165483886678517,0.19257258285942555,3374174000000,
0.13721821315977914,-0.11178467401284006,0.19383579918014843,3374179000000,
0.22098512773852733,-0.01942330136558005,0.1950038378623514,3374184000000,
0.15564681693709023,-0.09046037206847957,0.19658621573489718,3374189000000,
0.2236743585575672,0.01193080572328466,0.19754566751978153,3374194000000,
0.17242847836321826,-0.02778320465967194,0.19900432209320337,3374199000000,
0.2149940070081578,0.006224082114781783,0.2002389693273655,3374204000000,
0.17925872737235618,-0.03738102873988432,0.20079172924473895,3374209000000,
0.20833927137188943,-0.004754619549796196,0.2013919095384769,3374214000000,
0.3728537028917574,-0.04335917802884254,0.20141323711391798,3374219000000,
0.15801373727368673,-0.015258338932505083,0.20171566507306005,3374224000000,
0.1505556101552366,-0.07066673662751995,0.2010131995535745,3374229000000,
0.18822163386232604,0.05496164451382143,0.2005334602479587,3374234000000,
0.12464006696184537,-0.08766307752618863,0.19981264219181302,3374239000000,
0.18727914826294162,0.005180318560617476,0.19913207715989306,3374244000000,
0.127036560039735,-0.07693855923375771,0.19842879391056897,3374249000000,
0.1184627594453577,-0.07178644885452864,0.19796016342008335,3374254000000,
0.1611703562836027,0.0018243098767784516,0.19729753317354534,3374259000000,
0.19055086759655795,0.023194009924592526,0.1963298909558662,3374264000000,
0.14577112872835393,-0.050478146659020215,0.1964738414328632,3374269000000,
0.09927169132825417,-0.04343935278894419,0.1960535254164847,3374274000000,
0.13188681144588552,-0.06570150896947377,0.19599149561659407,3374279000000,
0.12988905145733035,-0.06682550876998192,0.1963025007590392,3374284000000,
0.14329734883666273,-0.030934420649597803,0.1961882246427718,3374289000000,
0.1363223948637523,-0.011814371608195318,0.19675690342197255,3374294000000,
0.15179827756351366,0.005523240237633856,0.19736333731267355,3374299000000,
0.10619019784347125,-0.05741023820484367,0.1980913671306226,3374304000000,
0.09797348926504412,-0.03161709588026083,0.19851955182818232,3374309000000,
0.11436890255398403,-0.04712734859654638,0.19920300023014267,3374315000000,
0.2850378345226151,-0.07589953949913553,0.19997368823714595,3374320000000,
0.1159053793742529,0.01685125540994615,0.19998090027477738,3374325000000,
0.11773090053751002,-0.03264859224294864,0.2005814220335482,3374330000000,
0.0990744335648842,-0.04736600479978956,0.2001830097572781,3374335000000,
0.10508014537829571,-0.054143538844834194,0.2006780732420779,3374340000000,
0.08922975870283949,-0.044278566500392275,0.20049763347074157,3374345000000,
0.07812838762385811,-0.028394777646446205,0.2002189864547752,3374350000000,
0.08283843827377432,-0.04672907532639013,0.1998780143744331,3374355000000,
0.08378549657728451,-0.0475304687812373,0.19971175621234774,3374360000000,
0.10860418696791506,-0.028615677292167612,0.1996591109725637,3374365000000,
0.07265327107663556,-0.010578206650559373,0.1991617272047653,3374370000000,
0.051590052773173724,-0.05383228074056471,0.1989145878304304,3374375000000,
0.056010969526950324,-0.02324272332934603,0.19904103052284774,3374380000000,
0.06018341306667785,-0.0394973896228139,0.1987066901822129,3374385000000,
0.08093051598881712,-0.026302373599734707,0.19838649763187582,3374390000000,
0.07085632524030999,-0.010364665280391924,0.1987467777899346,3374395000000,
0.012862718366798746,-0.038522143766481366,0.19876606195464133,3374400000000,
0.05529259987398862,-0.04919823409308095,0.19915141396366529,3374405000000,
0.04314924548287123,-0.036432865130148456,0.1990033402913394,3374410000000,
0.026109458645329146,-0.01927318874576577,0.19942730719490318,3374415000000,
0.013999450425937426,-0.07078808725417418,0.19962338152165782,3374420000000,
0.24261989313401824,-0.02681077730972909,0.1999245973730119,3374425000000,
0.0756814067452474,-0.0010955080391144394,0.1999630758358181,3374430000000,
0.0784126773577788,0.01811906330285809,0.2002515591418243,3374435000000,
0.046143170725718635,0.029379386702237137,0.20056301205974741,3374440000000,
0.04083006216875394,0.009731449800781408,0.1999414510380677,3374445000000,
0.06949380621385594,0.06021090211820337,0.20027014748406213,3374450000000,
0.020470532961213043,0.06300777078533451,0.20035565733489696,3374455000000,
0.06975379439962796,0.027073807639235843,0.2004669069301689,3374460000000,
0.05563330818674222,0.03523162912000818,0.2006905431940266,3374465000000,
0.03769978825253857,0.01950337189389919,0.20055359283661967,3374471000000,
0.006411953262362088,0.021659446953950067,0.2001758413829402,3374476000000,
0.053238514051879536,0.034210409919543563,0.2002481977824776,3374481000000,
0.0689518755618099,0.018294258003663594,0.1997581776509785,3374486000000,
0.02246713440286654,0.04861576369970248,0.19971997180542483,3374491000000,
0.03932847977364384,0.012518700401616924,0.19998913723185482,3374496000000,
0.034892634510237434,0.057968594433815274,0.1999135978246863,3374501000000,
-0.003455651766388344,0.009279666058979452,0.20003058709183566,3374506000000,
0.019817943526099467,0.018319979413565415,0.1996776305451093,3374511000000,
0.0038863941342078025,0.021283157383422367,0.20008594393874526,3374516000000,
0.00016940890973077402,0.02053639217851111,0.19989228596170003,3374521000000,
0.20018185903977884,0.06986477611554996,0.20019094298367712,3374526000000,
0.012557523125703036,0.039371796828646395,0.20007232310825246,3374531000000,
-0.032815530968146926,0.06189292050800563,0.19999439862433757,3374536000000,
-0.02528918365139208,0.04746240418255184,0.20013660372382447,3374541000000,
-0.021359233136668865,0.008437909129434654,0.1997041731106663,3374546000000,
-0.016457638276118368,0.027787001388664852,0.19996443772559294,3374551000000,
0.002427693610728251,0.01765185652101325,0.20000278780267014,3374556000000,
-0.018665209734263586,0.03528746003376253,0.2004065376491262,3374561000000,
-0.04192856093123898,0.020837101479862213,0.20037759406745384,3374566000000,
-0.008902015943905536,0.03931903076130215,0.19991595766814269,3374571000000,
-0.05577530170977439,0.033299272177977686,0.19988143619885654,3374576000000,
-0.04188585717130556,0.04541763049381971,0.19991912400008308,3374581000000,
-0.0628573818152514,0.05448642185980279,0.1996789705439402,3374586000000,
-0.04262418079804727,0.04672486342045356,0.20010882830127322,3374591000000,
-0.04773672141660564,0.042396788372890355,0.20018292395851253,3374596000000,
-0.0396252002892833,0.03916311306305273,0.19960976542472958,3374601000000,
0.027189068257842133,0.12249140529586584,0.19964088908897182,3374606000000,
-0.0548631675606239,0.05968046096829685,0.19917306563237983,3374611000000,
-0.10953751794181482,0.07087308405881415,0.19869511355724967,3374616000000,
-0.05533331218738274,0.04770591907971277,0.19868328790437115,3374621000000,
0.1159760864513202,0.023762916491637837,0.19902078735311193,3374626000000,
-0.0722774152161327,0.0666513407519404,0.19868229656303066,3374631000000,
-0.07525884470184989,0.06397666902621837,0.1984688662560246,3374636000000,
-0.08202462772056664,0.040419621555449675,0.19895445688386723,3374641000000,
-0.0931524419275281,0.05433980462433208,0.19923805157336794,3374646000000,
-0.09166309247283885,0.029738061010358502,0.19911493693670726,3374651000000,
-0.07235538654505017,0.05213887935449795,0.199224735547507,3374656000000,
-0.10038705403955886,0.0419023853639543,0.2000484052801537,3374661000000,
-0.0968493137983737,0.03307379426207234,0.20000209650805617,3374666000000,
-0.10484325307224082,0.02839074699397392,0.20047354264042352,3374671000000,
-0.09045316110501105,0.050100386457272626,0.20052961366050515,3374676000000,
-0.12974509337866436,0.08424538782514,0.20069997971788792,3374684000000,
-0.11912218054624729,0.037991381743932455,0.20077912025500738,3374689000000,
-0.13150193623774037,0.048725210816210535,0.20057178972221046,3374694000000,
-0.14841694624951038,0.03307487488337033,0.20082096286803766,3374699000000,
-0.09992690745838943,0.05596904638504453,0.20023820510768095,3374704000000,
-0.1452743633558935,0.02130064709193482,0.20066979378310937,3374709000000,
-0.13148891315992647,0.030693033236381097,0.2002264338921221,3374714000000,
-0.11846777464553825,0.04602323548911165,0.20007264068245975,3374719000000,
-0.1391358687183127,0.070019236514401,0.19969008097642674,3374724000000,
0.056735157575302446,0.05447308792129912,0.19946616296616732,3374729000000,
-0.1350290325932268,0.04993231427922738,0.20004069199057778,3374734000000,
-0.16640409129804792,0.044002305278154165,0.19944232090782965,3374739000000,
-0.1320980507000504,0.004369472353685573,0.1993271636020481,3374744000000,
-0.1558719963183637,0.0333306731469656,0.1991078058283596,3374749000000,
-0.188825980627396,0.08715688447931405,0.19945279638869748,3374754000000,
-0.16718897495872065,0.05309844745374414,0.19967332161334206,3374762000000,
-0.16542434636605793,0.05218960350416638,0.19958158812692653,3374767000000,
-0.155853455265963,0.06209674662079399,0.19978598159532032,3374772000000,
-0.14578563288241608,0.057027899236584995,0.19992590076701702,3374777000000,
-0.1592710661030559,0.04925766337832437,0.20009510975171005,3374782000000,
-0.17793431480384572,0.06725999869532262,0.2000742101966351,3374787000000,
-0.1851402151939173,0.0481891178638787,0.20001473541034726,3374792000000,
-0.20545148112512127,0.032526960929565654,0.19976558035367342,3374797000000,
-0.19204573030335526,-0.008678889527983458,0.20025369924597283,3374802000000,
-0.168814339950014,0.07169181052037683,0.20014589331311697,3374807000000,
-0.1871478968315337,0.013697521195791693,0.2001386168114296,3374812000000,
-0.19452916921484337,0.04142925466840658,0.20002843810917628,3374817000000,
-0.18598464915370078,0.02518569129151281,0.20055119598177534,3374822000000,
-0.19314966647511095,0.06291939363001756,0.2003186783497405,3374827000000,
-0.011675572668454398,0.05305137777163492,0.19979981970291105,3374832000000,
-0.1756223918678844,0.045818076753408446,0.20023550726131115,3374837000000,
-0.21140705494500675,0.058014166708683784,0.19990058540086825,3374842000000,
-0.24891256837257328,0.054866351952735946,0.1996471288752747,3374847000000,
-0.21110474866466217,0.0760283480861822,0.19997454053954045,3374852000000,
-0.1737139508436,0.0326236266623743,0.19993921699415504,3374857000000,
-0.20428965215818015,0.036172540743824075,0.19995380000749408,3374862000000,
-0.2527969911330292,0.011084093918105255,0.19984272040864604,3374867000000,
-0.23885849159812286,0.06297595499354858,0.19953011096224144,3374872000000,
-0.2725447297447813,0.053908898815815294,0.19978565553342684,3374877000000,
-0.21269201631818674,0.08617548978412029,0.20016657947646396,3374882000000,
-0.2027055936735706,0.06622306088977754,0.19985993421746864,3374887000000,
-0.24992351524219328,0.043662789905607374,0.1996949573442644,3374892000000,
-0.20930208767817177,0.05018681609894584,0.19985004092260467,3374897000000,
-0.22137396480105986,0.053199147619411295,0.19959631386586124,3374902000000,
-0.22825922312190272,0.07096192256468352,0.19962456848430765,3374910000000,
-0.2907479756458649,0.05514315019664163,0.20035423747386713,3374915000000,
-0.2265696566966236,0.07646299152160987,0.1997204781762647,3374920000000,
-0.22771789525560243,0.06408493007069442,0.199868631694533,3374925000000,
-0.24800653527918035,0.04164748065270723,0.20028888330856953,3374930000000,
-0.035532590933102196,0.04984166532051089,0.20035472559085923,3374935000000,
-0.2364721831437054,0.047299013396582636,0.2005086300995988,3374940000000,
-0.25979388374967877,0.077243550424022,0.20021710803289774,3374945000000,
-0.23288255799480095,0.05554207194376397,0.19981111241338553,3374950000000,
-0.286056859537705,0.039263269828610545,0.2001432061850477,3374955000000,
-0.254881540406533,0.04938674070252887,0.19956290745949098,3374960000000,
-0.25759820281439566,0.0501229485887766,0.19975759361361953,3374965000000,
-0.24425090768881336,0.04191478826327625,0.20007351502467352,3374970000000,
-0.2591358421199827,0.050010665304428034,0.20022225717501432,3374975000000,
-0.2308004974627207,0.04755482925864231,0.19978564492403114,3374980000000,
-0.27962885040827734,0.03874084274998711,0.19983371218072254,3374985000000,
-0.27605036716022985,0.05604757153046398,0.2000788231703155,3374990000000,
-0.2439197548416743,0.05311109342121908,0.1999545031843494,3374995000000,
-0.09122168003346201,0.05791935135569232,0.19984312001232793,3375000000000,
-0.27401503678383665,0.06981153440041356,0.200032103776487,3375005000000,
-0.2639276714380822,0.059845004679887175,0.1994781289916003,3375010000000,
-0.2856253506031857,0.06113617293889633,0.19975586850141322,3375015000000,
-0.27761296255783435,0.05002435964410482,0.19977614320290654,3375020000000,
-0.26504305144827256,0.07370529591617454,0.19959993362179268,3375025000000,
-0.2869465328552748,0.05702779424268954,0.19958977573458891,3375030000000,
-0.2777543848629015,0.060770066531108814,0.1998415259843949,3375035000000,
-0.29618906541839074,0.05364934437907434,0.19963257055406033,3375040000000,
-0.3159978405831857,0.10211554737028855,0.1998797952563299,3375045000000,
-0.28741554030265304,0.04082390343363314,0.2000837007725424,3375050000000,
-0.27914035190683795,0.047415296170039846,0.2002160561565896,3375055000000,
-0.2906714584034529,0.031664444855961676,0.19992993765393038,3375060000000,
-0.2567444035863889,0.05456384166915108,0.20006382972151088,3375065000000,
-0.3005696306933118,0.06636723124779155,0.20006945290152212,3375070000000,
-0.3106265450258932,0.0755633342094975,0.2000166018636512,3375075000000,
-0.2710523291658029,0.07307604091687764,0.19943549881462727,3375080000000,
-0.28011002728125095,0.036863878464486424,0.1997174421998469,3375085000000,
-0.29869835694621494,0.05382515723314242,0.19985409841189067,3375090000000,
-0.31741460302829166,0.06544758061970905,0.2000635769490479,3375095000000,
-0.3192544667871147,0.041530286256202524,0.2000443454607887,3375100000000,
-0.08316049432830971,0.06092346787361239,0.19973651188629957,3375105000000,
-0.3232823344265402,0.060929744105814636,0.19997338797978,3375110000000,
-0.3059896092119129,0.060989687989248725,0.2000027208298206,3375115000000,
-0.3253224954304412,0.06552076659443445,0.19993077624745242,3375120000000,
-0.320625890255527,0.04757967064256319,0.1997300151431543,3375125000000,
-0.29131592120128175,0.05774516838878521,0.19990186127700105,3375130000000,
-0.3033912547755637,0.048861131759581955,0.19978981124140924,3375135000000,
-0.285311742689615,0.03550203914373365,0.19995640625816186,3375140000000,
-0.3270249759771464,0.06016784739390371,0.19960641051340608,3375147000000,
-0.31160706488226086,0.04645235177533931,0.1997993963475494,3375152000000,
-0.31702203007302737,0.04392103279009918,0.19993185837087293,3375157000000,
-0.30412262432945414,0.03277535549546026,0.20003547920711262,3375162000000,
-0.30556356414341435,0.08039048248929587,0.1999645053863688,3375167000000,
-0.2860781016181166,0.06761481338517747,0.20030873698959398,3375172000000,
-0.3250794432037363,0.04655399945002593,0.19992035954073878,3375177000000,
-0.29750955532684287,0.06860756483873318,0.19960500273340326,3375182000000,
-0.30917401199147,0.041328282410166214,0.19970751026593112,3375187000000,
-0.3381714083909777,0.05015153135526328,0.19966462016523595,3375192000000,
-0.30170962930835554,0.030800715434650884,0.1998494298054252,3375197000000,
-0.3252052535324662,0.06860577967725068,0.19958729916933496,3375202000000,
-0.18153024730516765,0.04694163975731699,0.19979447396121222,3375209000000,
-0.3501010990387013,0.06329890300360622,0.19957582238949403,3375214000000,
-0.3423174926271303,0.041118861933399795,0.19990888432635037,3375219000000,
-0.2951460537703846,0.05694360175993894,0.1995466610352563,3375224000000,
-0.32151405462518645,0.048519462593638096,0.19964030859175322,3375229000000,
-0.31490169896615033,0.08033455797012162,0.20005766244479015,3375234000000,
-0.3337262655048555,0.028670341314409854,0.19978923056365847,3375239000000,
-0.30551578910571786,0.06504758898427637,0.19988218824488965,3375244000000,
-0.33747839754393566,0.0690416121592746,0.1995261560957764,3375249000000,
-0.3274170276252952,0.053303024934095916,0.1997681903453303,3375254000000,
-0.3517337980828016,0.06310062657076408,0.19948915453029772,3375259000000,
-0.3355869353238688,0.039310769597616584,0.19984590471290797,3375264000000,
-0.3070300819464713,0.09960625229505145,0.19941420087798903,3375269000000,
-0.3043007753567359,0.04893171079613493,0.19984846957924815,3375274000000,
-0.29944907082400235,0.07795852719443433,0.19974390065477587,3375281000000,
-0.33055601291374465,0.04080607765672173,0.20008954513280303,3375286000000,
-0.32462048991865133,0.04094150794281679,0.19980221031735443,3375291000000,
-0.34855421185172863,0.044656175505130374,0.1999435221102405,3375296000000,
-0.3310440118435342,0.06570442014478721,0.1995074081457319,3375301000000,
-0.1412586800179384,0.017473964527622114,0.1995244047995257,3375306000000,
-0.333748000907528,0.0411583749318243,0.19990318277057087,3375311000000,
-0.31213173934488514,0.0719911133027351,0.1998851918109288,3375316000000,
-0.33239463617833853,0.05377889803650593,0.2000626835649783,3375321000000,
-0.360704355665596,0.061260938746977966,0.19956889423246052,3375326000000,
-0.33964340599057086,0.09381764030722356,0.19986525074380748,3375331000000,
-0.296365327775463,0.05649419414773922,0.19976480489868753,3375336000000,
-0.32746314708899016,0.05796691295150648,0.19965627628643265,3375341000000,
-0.3365479015361304,0.05112389279305399,0.19972207890851146,3375346000000,
-0.3403497649562135,0.05101841960860866,0.20001865859955859,3375351000000,
-0.29813357971603976,0.06560903119357969,0.2000065082254302,3375356000000,
-0.3334067221346472,0.03980306361589191,0.19986796458881714,3375361000000,
-0.3219398348458699,0.05707638680792836,0.1994812330074749,3375366000000,
-0.34759799884790626,0.06899549825802012,0.19987970678160444,3375371000000,
-0.33635885745710475,0.07461247747291846,0.19994498473373262,3375376000000,
-0.3494645283426636,0.05902065707013873,0.1995758693453141,3375381000000,
-0.3031801458546792,0.04915051127870241,0.19966121223872263,3375386000000,
-0.3121230051870642,0.04853309886904335,0.200100879565428,3375391000000,
-0.32596841334442467,0.04245585747052712,0.19988739817593346,3375396000000,
-0.3426423282084349,0.039816186760346955,0.19985279756644733,3375401000000,
-0.3542383836564486,0.06916086667015964,0.19986321996395676,3375406000000,
-0.11325046409473757,0.048553028172715174,0.1996745441992195,3375411000000,
-0.3267983159825751,0.061678081033942345,0.19957547983543694,3375416000000,
-0.3342293892642326,0.04585538229631782,0.1996930174852833,3375421000000,
-0.30771887277510357,0.046416234789803966,0.1995975481101677,3375428000000,
-0.32162129373545195,0.04574087542279913,0.1998604545339621,3375433000000,
-0.30285548523501027,0.10608907483323787,0.19992253388076936,3375438000000,
-0.33044465824074426,0.06785551320841467,0.19981788772094217,3375443000000,
-0.3024989826941179,0.05780196149082306,0.1997552262537419,3375448000000,
-0.3054168936415401,0.057687745612721025,0.20009135421038993,3375453000000,
-0.31046737627922694,0.05756657474373926,0.1996848124639523,3375458000000,
-0.302362634976695,0.053620920243850456,0.19968915983503183,3375463000000,
-0.3098753290679038,0.06316366237677246,0.1999731996383148,3375468000000,
-0.3355837366497993,0.08241502893126443,0.1996889840863133,3375473000000,
-0.31756556380129924,0.0672566195622546,0.19962522756281945,3375478000000,
-0.3105668055051164,0.04321102495481775,0.20004239067140264,3375483000000,
-0.32860009566269927,0.03328413704968956,0.1999069408968494,3375488000000,
-0.28695072310495356,0.045460187467400555,0.19971179417237392,3375493000000,
-0.31158429231264917,0.052055420598882136,0.1996464032367618,3375498000000,
-0.3116784488549644,0.06970629755070534,0.1995419336259388,3375503000000,
-0.31033134225707326,0.06033443615454515,0.19949374224598024,3375508000000,
-0.10632465771425657,0.05745850333150132,0.19974398329046986,3375513000000,
-0.2922514855139476,0.0468985341619486,0.19976944619563267,3375518000000,
-0.30728748519708854,0.04746995738824996,0.19996203764549147,3375523000000,
-0.30954939926966146,0.055170462615157845,0.19941713818287185,3375528000000,
-0.3357732178240277,0.04992757022205989,0.19969913077493515,3375533000000,
-0.3000794673174713,0.022105519140635514,0.19974510263367037,3375538000000,
-0.28094304201415365,0.07419330686168778,0.19972565515803065,3375543000000,
-0.3024725975810419,0.043810146088106405,0.19945932521248594,3375548000000,
-0.27884642546331895,0.05507814094495403,0.19987889693809335,3375553000000,
-0.30376158839522266,0.049956412022671884,0.19965249021552903,3375558000000,
-0.2947186157600247,0.06055980417076992,0.19985579835059708,3375563000000,
-0.2918099557115107,0.060302478320250597,0.1996600544608233,3375568000000,
-0.30860437353557435,0.06359838011325682,0.19944558857618458,3375573000000,
-0.2994229517242693,0.03967130120145065,0.19958407596650285,3375578000000,
-0.32848344435638954,0.07238810392012049,0.1994990629568963,3375583000000,
-0.2598007741492399,0.0505051584433544,0.19957412134365454,3375588000000,
-0.2884981421670272,0.048119184394133846,0.19945809982873544,3375593000000,
-0.31122316973951625,0.05546021022846468,0.19945228526607992,3375598000000,
-0.269553026557767,0.04521275294653213,0.19942647908672895,3375603000000,
-0.28105564984503667,0.05514386405712008,0.1995845540221045,3375608000000,
-0.06328227373089335,0.045104224627133996,0.1998700528136506,3375613000000,
-0.305561801064627,0.029187974448699965,0.19989673722739737,3375618000000,
-0.2629218724269261,0.039895949472610805,0.19952573929423154,3375623000000,
-0.2985727820373408,0.01645706731169358,0.19980271550629833,3375628000000,
-0.2895736728021944,0.05889870817389157,0.19920331601096183,3375633000000,
-0.27539235282387814,0.055976258022273795,0.1994637656567177,3375638000000,
-0.2337247506355697,0.0716228561809501,0.19962797224197562,3375646000000,
-0.30255228277804797,0.03888769512611942,0.19966569585838173,3375651000000,
-0.2788717774595142,0.03711701668054796,0.1996872456084561,3375656000000,
-0.24932693147898,0.05223946924103976,0.1996641674848808,3375661000000,
-0.28323142453483174,0.051974906396168516,0.19962626876942818,3375666000000,
-0.24739120135991688,0.06084339151332868,0.1997546021081162,3375671000000,
-0.26617655889972286,0.05002333951009463,0.19987959205751704,3375676000000,
-0.24183367163305877,0.046223540083237126,0.19978700857492393,3375681000000,
-0.244185273200994,0.04463278387230844,0.19980549016009175,3375686000000,
-0.26927849816572574,0.044001601395912894,0.1994213781183248,3375691000000,
-0.26036131670402574,0.038470097086732706,0.19975877489112856,3375696000000,
-0.24525048514224637,0.036071790175613516,0.19981568914243492,3375701000000,
-0.25414438792777555,0.054649342878387935,0.19965631390292765,3375706000000,
-0.2342093922145762,0.04316295955617135,0.1998506144987983,3375711000000,
-0.023466380854762027,0.04877432796425636,0.19959866391057005,3375716000000,
-0.23300406451870037,0.045681625988382296,0.19957790264348574,3375721000000,
-0.2381988634383328,0.04886752304350538,0.199685600679737,3375726000000,
-0.25075564911485543,0.04381920103976091,0.1995955975750611,3375731000000,
-0.22746098907377144,0.06599527570727129,0.19937031547418543,3375736000000,
-0.19816514427370902,0.03942540871401608,0.1994835110422107,3375741000000,
-0.26008060126551413,0.039421826956605684,0.19967275134474408,3375746000000,
-0.2323351859662589,0.031013685488478222,0.19963648980870735,3375751000000,
-0.25795903711647433,0.017815326998587195,0.1994825953545837,3375756000000,
-0.20822110847725914,0.049745235173151464,0.19971168265672234,3375761000000,
-0.19789420608598843,0.018755776207290187,0.19971846175813582,3375766000000,
-0.22784150484347637,0.028410321990665465,0.19967096070630944,3375771000000,
-0.23022121053547118,0.03969087964809385,0.19938428174014397,3375776000000,
-0.23522644519857447,0.018334203830628323,0.19980249875283004,3375781000000,
-0.22534167191500346,0.009165322899308544,0.19969724915881645,3375786000000,
-0.19925016767761128,0.02503423339253894,0.19981408936438919,3375791000000,
-0.24435591528340322,0.024259236485465067,0.1997952624634594,3375796000000,
-0.20029840435443283,0.0446737638600326,0.19937592516333372,3375801000000,
-0.22451934682820163,0.032796690344835386,0.1995652590644521,3375807000000,
-0.22104357887245013,0.0328987398220709,0.1997976795377083,3375812000000,
0.0369648940053169,0.033918467045873334,0.19962768547896803,3375817000000,
-0.22613973631395207,0.03684721926280793,0.20011279404058113,3375822000000,
-0.17598161303095092,0.022668793223071766,0.19961789114632017,3375827000000,
-0.21140528464880767,0.03319411666382722,0.19954337995956598,3375832000000,
-0.20199405945093968,0.053884390049555086,0.1998010457131156,3375837000000,
-0.1954596142774755,0.05484587469581556,0.19960716212007537,3375842000000,
-0.17312195773177186,0.017238733766180774,0.19954071937889298,3375847000000,
-0.19231482565761457,0.03825448861380608,0.19967657118562437,3375852000000,
-0.19893296503720656,0.013082519828538784,0.20009162134177982,3375857000000,
-0.16478019406182937,0.04707295117980281,0.19984006311064786,3375862000000,
-0.15958824826018356,0.005083813934604553,0.19986729131667333,3375869000000,
-0.17111595459604192,0.03348663547306608,0.19959919872441545,3375874000000,
-0.13734419823595573,0.011113179025563882,0.19956738966619555,3375879000000,
-0.13373693707365808,0.029405253384135764,0.19999210762990563,3375884000000,
-0.1448309184324626,0.018418928094397036,0.19923184996352272,3375889000000,
-0.158561151946371,0.03496300518562369,0.19947014295540388,3375894000000,
-0.1459627849020366,0.005247040713665,0.2001412990626079,3375899000000,
-0.1388786567530934,0.03665016668182694,0.19991478926226927,3375904000000,
-0.1798945022607448,0.039723846481559195,0.19975315062606008,3375909000000,
-0.17142118156221545,0.05463518273287278,0.19955734250372043,3375914000000,
0.074059948370619,0.023678386612618237,0.19944221912078922,3375919000000,
-0.15635717396108778,0.010893286421425964,0.19975271705305064,3375924000000,
-0.1361814217827469,0.046769539610272,0.19973721212122458,3375929000000,
-0.1534245352640305,0.014724731056075076,0.19970749090972595,3375934000000,
-0.14471149052575014,0.03295759138214305,0.19962481156813827,3375940000000,
-0.11960010952061034,0.041519893578407005,0.1997452017807527,3375945000000,
-0.11605433328430367,0.016261648265295924,0.19950809854708404,3375950000000,
-0.12036916626149402,-0.008991767513577963,0.19963789660099124,3375955000000,
-0.12400317044474347,0.03941744303139061,0.1998360461283352,3375960000000,
-0.14718804201598779,0.01393001361149349,0.19960617565724803,3375965000000,
-0.0925102657030469,0.01461417956138103,0.19969361428371252,3375970000000,
-0.07903429025860964,0.048488705379729484,0.19945732368343658,3375975000000,
-0.1309310841280782,0.04085080820363256,0.19962007903004436,3375980000000,
-0.10675569354347006,0.029574968073003017,0.1998355719404919,3375985000000,
-0.09053581950538861,-0.014315543305667883,0.19979972529334067,3375990000000,
-0.0932350144029575,0.024894066705544008,0.1999232359945601,3375995000000,
-0.0808564641094123,-0.006871042938624172,0.20004707157944068,3376000000000,
-0.08616696456502475,0.0024344645828331436,0.2000440950036102,3376005000000,
-0.07528836882048418,0.03279604324998207,0.19987614215725713,3376010000000,
-0.059589955877523984,0.023274851659685545,0.1997778414192313,3376015000000,
0.13848722877137043,0.009764534690395505,0.19988173706897536,3376020000000,
-0.09613105386467599,0.016726317120660417,0.20019756064211205,3376025000000,
-0.0669356533756185,-0.002477580078496501,0.1995622227707376,3376030000000,
-0.07132926895968646,0.007448576159846726,0.19988503725540238,3376035000000,
-0.17135933264089123,-0.05645738955520155,0.1999940622926396,3376040000000,
-0.07170514683847026,0.001882204216271277,0.20040695620156465,3376045000000,
-0.05609864808893697,0.03322837067767794,0.20050507762482264,3376050000000,
-0.0791768786466255,-0.0003480138856097534,0.20091297033430308,3376055000000,
-0.062360900007608355,0.010388120129166702,0.20066702694261127,3376060000000,
-0.03822642837677392,-0.0021845448518060025,0.20151005988119663,3376065000000,
-0.04818405908564691,0.012824623456202881,0.2014227898384676,3376070000000,
-0.027376186444383985,0.009717573276747498,0.20128478483109014,3376075000000,
-0.04529752877741578,0.007478760550834663,0.2008676580493638,3376080000000,
-0.03454883103921887,0.03721059593837914,0.20065420896255742,3376085000000,
-0.024386250907913135,0.02743701750731157,0.20067549318484604,3376090000000,
-0.03389035253386105,0.02687561723613459,0.20060389205066317,3376095000000,
0.02520002057661002,-0.015465842910662582,0.19994559757307195,3376100000000,
-0.018427240596951566,0.014316338726330837,0.19959011144249675,3376105000000,
-0.0391644795072868,-0.01528005150881522,0.19937404486988494,3376110000000,
-0.03704258719555377,0.03276370539361477,0.19932578709232965,3376115000000,
-0.003146094814347477,-0.02003854051799641,0.19921624979608946,3376120000000,
0.20449814108903097,0.013224581040822457,0.19916182836268181,3376125000000,
0.0025461493977139192,0.023768529326646047,0.1993355680459186,3376130000000,
0.016086116524642192,0.027343819565297273,0.1993465910308287,3376135000000,
0.032404829519604876,0.024634650364358107,0.19919970125495018,3376140000000,
0.04487138435933724,0.01791383272311571,0.19963535807850435,3376145000000,
0.014576092311854201,0.004600125282597106,0.19948201447915334,3376150000000,
0.0212027172908832,-0.0013576203712205165,0.19970159295617787,3376155000000,
0.0320103311616706,0.02535342692418158,0.19956500833610655,3376160000000,
-0.009674409002138732,0.012424065423787385,0.20026184591754678,3376165000000,
0.028282971836161727,0.014512496059925235,0.2003961912384389,3376170000000,
0.029735939822842346,-0.01449009597723298,0.200669219541618,3376175000000,
0.03761186670355446,0.006306827640844493,0.20065154646393035,3376180000000,
0.05109936305606882,-0.002897891350556174,0.20085782598479343,3376185000000,
0.030791640380930824,0.005585816821896845,0.2008295079904432,3376190000000,
0.04084820868867184,0.02116556959951651,0.20073940378945918,3376195000000,
0.05614067550362923,0.005060270446194978,0.20034543813121045,3376200000000,
0.02397367873788128,0.01575003351338149,0.2006042232036304,3376205000000,
0.06240349261762106,0.006814301903530161,0.20048093189419755,3376210000000,
0.04100233911260936,-0.019357125494651888,0.2001238959730812,3376215000000,
0.043537456211620675,-0.035129592695238424,0.19956089976253452,3376220000000,
0.2546974010921295,-0.01904428330030379,0.19973837521205756,3376225000000,
0.06978581084496331,-0.022520698811963454,0.19920471939661824,3376230000000,
0.06521124769107646,-0.004254420152537528,0.19927925305636077,3376235000000,
0.09815089637142917,0.01438664999286468,0.19928867199001088,3376240000000,
0.08133149303363486,0.03665469570067106,0.19948143096512325,3376245000000,
0.06897784904639287,0.02609168108233694,0.19917708572751008,3376250000000,
0.16263146505760823,0.06380273223622164,0.19960667869287657,3376255000000,
0.16040996351303557,0.05876576852384412,0.19964697039791446,3376260000000,
0.1385579404186561,0.004563787978857287,0.20031592537962323,3376265000000,
0.14576483513005306,0.03410606415840123,0.19996444044759526,3376270000000,
0.14705181091524652,0.06290377380408377,0.2004017626883889,3376275000000,
0.11092681827823297,0.05249914037913751,0.20086045073570105,3376280000000,
0.16694390453712443,0.0398105662565261,0.20023545055865097,3376285000000,
0.13319203056696924,0.02946097628419025,0.2003978896479603,3376290000000,
0.13845628172468435,0.0223202171694045,0.2004087400898176,3376295000000,
0.13842064145702423,0.0039826631572814665,0.20015476032413887,3376300000000,
0.13977770598322056,0.011588188846161935,0.2001826044580144,3376305000000,
0.1179183868125663,0.0030480094414223613,0.20001810443592025,3376310000000,
0.13338910137932927,-0.012285165760522068,0.19998096144948707,3376315000000,
0.11492446515351297,-0.02222565989336555,0.19985717457461244,3376320000000,
0.3077896253341794,-0.007694657264233179,0.19988975781357637,3376325000000,
0.1788124862956457,-0.008174913547382277,0.1995226340132336,3376330000000,
0.12218314622905917,0.002163987314711724,0.19939566731443817,3376335000000,
0.154182125450251,0.006962603660810925,0.19907161174725077,3376340000000,
0.10513306670483542,-0.0116120210897479,0.1993465355075478,3376345000000,
0.1256624245650206,0.012684020962813434,0.1990941439180338,3376350000000,
0.12123122293275951,-0.0005119365357158651,0.1989135213554966,3376355000000,
0.11208282743678154,-0.01476562721891412,0.1993986566508721,3376360000000,
0.10312943679884559,-0.03225283788627281,0.19921262525835004,3376365000000,
0.15836190160379993,-0.026538855926943397,0.19902266014901632,3376370000000,
0.12116361339230543,0.012621876372445648,0.1994159087471866,3376375000000,
0.07547677738976022,-0.07629006174856,0.19966586384116802,3376380000000,
0.09953447297751725,-0.022448236455093064,0.19957218790528425,3376385000000,
0.10029852330654852,-0.023007069735268046,0.19964160322373023,3376390000000,
0.08606863873227248,-0.025473853348664578,0.19992902275233995,3376395000000,
0.06865984694543942,-0.07878825443769522,0.20040972297102774,3376400000000,
0.18660168453795709,-0.02222908189185524,0.2002937374874755,3376405000000,
0.179055269002434,-0.013122711269135263,0.1999401818331214,3376410000000,
0.1985601328118915,-0.010257417148950175,0.19969393869756247,3376415000000,
0.18410804770359473,-0.0005286089454731996,0.19891160159950783,3376420000000,
0.19089784507041985,-0.01364855981847596,0.1979484323890268,3376425000000,
0.28778372007799463,-0.048292696742876125,0.1977046864501859,3376430000000,
0.14754860781515705,-0.026977238930372894,0.19730162344188415,3376435000000,
0.16054195746589034,-0.050537498768216005,0.19736241551039796,3376440000000,
0.14602942581427183,-0.03609935093882015,0.1972704445981535,3376445000000,
0.1986556252342532,-0.023203952790655395,0.1977145849106425,3376450000000,
0.16582741824072147,-0.010354835782218564,0.197987226999447,3376455000000,
0.17786391782896058,0.01843326911561633,0.1982796331204014,3376460000000,
0.1978862030686481,0.0017589352734641989,0.198372283903221,3376465000000,
0.21783875507913586,0.0242709486495872,0.19892066740651596,3376470000000,
0.22998009893263274,0.021484148438187918,0.1993165809205456,3376475000000,
0.2254315821663945,-0.0030077134404918136,0.1999908726030163,3376480000000,
0.2432450346938687,0.006445501166208189,0.2001987215662659,3376485000000,
0.23721557943635718,0.04498947075794703,0.2006427261306369,3376490000000,
0.41492801062145457,0.026408244858257265,0.20101514345828495,3376495000000,
0.23293229340787378,-0.005022168394482933,0.20122919801531297,3376500000000,
0.21309508370166463,-0.019167232033380513,0.20174633063786274,3376505000000,
0.201612089151973,-0.01610440017378452,0.2019447232847774,3376510000000,
0.20706641048788096,-0.003389494332522287,0.202410878109311,3376515000000,
0.24349335111987305,-0.024120839354712497,0.20208905959019635,3376520000000,
0.30020182399441847,-0.23212946798450512,0.20282187586459416,3376525000000,
0.2984864133494694,-0.05138642072333729,0.20482784231444381,3376530000000,
0.30232891135898443,0.020439875962499233,0.20538441776787017,3376535000000,
0.2849730229917634,0.0252915819351476,0.20845162343577844,3376540000000,
0.24792245203707897,0.03349311969397609,0.21113841484231927,3376545000000,
0.25588804671015497,0.0073228963582905645,0.21341127188596698,3376550000000,
0.14762576819541667,0.17258540002408224,0.21543854691306596,3376555000000,
-0.024001376079795397,0.3691274710279933,0.2154370839861259,3376560000000,
0.24524741218910845,-0.051061415216648975,0.21498491396261885,3376565000000,
0.2821047744109397,-0.0800141081706666,0.21335589201099328,3376570000000,
0.23389364380027844,-0.048826085669731394,0.21184532807321438,3376575000000,
0.2296484603744311,-0.07228186104950343,0.2106395130734657,3376580000000,
0.18272858146017126,-0.04310649725788547,0.20899807129814363,3376585000000,
0.2534211201912917,-0.029348219273265606,0.20777708237286516,3376590000000,
0.24158727357555146,0.009583639659928284,0.2067029366471913,3376595000000,
0.4382428240983469,-0.0005668116189794783,0.20592059760718986,3376600000000,
0.2269372465264158,0.005386091171573324,0.20512670389454096,3376605000000,
0.2436133521585708,-0.032216661382470646,0.20515130306522755,3376610000000,
0.24508643610168807,0.002699775499974943,0.2033722617307649,3376615000000,
0.260376952007122,-0.009169698530355213,0.20278450191310662,3376620000000,
0.2569622246538368,0.0003410451836043382,0.20225134120383054,3376625000000,
0.25076954766060244,-0.027114168048343833,0.20189868025763247,3376630000000,
0.23537537929594465,-0.006223253487622624,0.2017249510141029,3376635000000,
0.22134699257443144,-0.022943219137556845,0.2015629814141479,3376640000000,
0.2570160795728154,0.01910067074815488,0.2012997427522199,3376645000000,
0.23880029765832358,0.003140537696696139,0.20121046943765453,3376650000000,
0.2312294772411007,-0.01090711818525111,0.20131117028729978,3376655000000,
0.24001918983245973,-0.00922301483440735,0.20150963513695955,3376660000000,
0.252012065479666,-0.001434419823285217,0.20137441544867624,3376665000000,
0.24961057185721086,-0.02202443754910468,0.2010889158128186,3376670000000,
0.265621722731672,-7.406431247462299e-05,0.20087373966309302,3376675000000,
0.2716376577894017,-0.007278310071904484,0.2011575064919629,3376680000000,
0.27579319921263107,-0.0052651302637015535,0.2009096976808118,3376685000000,
0.2469071714354428,-0.0037212061746157567,0.20147930190120122,3376690000000,
0.2784809675980859,0.003948791890937909,0.20072297641845063,3376695000000,
0.4556992299291815,-0.012945703405076664,0.20067581095964449,3376700000000,
0.31123905975720223,-0.0311825941861976,0.2000706963680781,3376705000000,
0.27715486127183503,-0.03324517211850712,0.1996755434155643,3376710000000,
0.2649430875883781,-0.020245597626070123,0.19889941638998798,3376715000000,
0.2656275673691644,0.014843913991517214,0.19868608130210144,3376720000000,
0.28409606216751193,-0.01391021596703313,0.19743429530743004,3376725000000,
0.2920529513463642,-0.010438137413476337,0.19702231053721167,3376730000000,
0.318323598150875,0.006374708496227859,0.19649879961086614,3376735000000,
0.27964424640596464,-0.0051748860281055015,0.19682867953746097,3376740000000,
0.2874045392261758,0.0009353439728990747,0.196522381396802,3376745000000,
0.28219215676514325,-0.010986730115575747,0.19725353553196184,3376750000000,
0.28900927148971944,-0.0063672878753597145,0.19755283385358813,3376756000000,
0.2940601375367053,0.004372190074619345,0.19767148893931014,3376761000000,
0.27766583732376726,-0.016550089148206184,0.1983097196051897,3376766000000,
0.28182331823355944,0.012212778177871572,0.19927592760750662,3376771000000,
0.28947867688675527,-0.00976943552058598,0.19986085275871984,3376776000000,
0.2965639801764575,0.02266914909502484,0.19961522282843702,3376781000000,
0.29440100991765733,-0.009240891108053853,0.20006713586832311,3376786000000,
0.29082904201345094,0.0023540842682515193,0.20040210132457448,3376791000000,
0.2980682295816108,-0.018854425667267236,0.20001448718002676,3376796000000,
0.42758360604902096,-0.004592588629049485,0.2003002787803103,3376801000000,
0.31996618282358147,0.005094526742521597,0.20026471271736604,3376806000000,
0.3211758260638361,0.012423039282311529,0.20040390815496906,3376811000000,
0.2796381741265627,0.015836148997587878,0.19945974001654018,3376816000000,
0.30804525796442445,0.02512862726947699,0.19977310546747412,3376821000000,
0.28828665901401734,0.018297216418216775,0.1994887167885098,3376826000000,
0.31679699487881274,0.02637090858459611,0.19897932888586511,3376832000000,
0.30043773388722605,-0.0009542466094707956,0.19911331339212995,3376837000000,
0.3135788975813162,0.02067311608781798,0.1990602671006026,3376842000000,
0.3293220252269857,0.027890080233037635,0.19926173305381215,3376847000000,
0.30992819001948263,0.02182374798724796,0.1993068208576159,3376852000000,
0.266335494386191,0.037304849623273836,0.19926191251649672,3376857000000,
0.3004708677648863,0.017330620065892942,0.19938240241865213,3376862000000,
0.28435450777331645,-0.011031281414525671,0.19988974008778618,3376867000000,
0.31615285307705565,-0.033935937882124914,0.20000190535756043,3376872000000,
0.2853898968384295,-0.03158943076424282,0.19996542992520575,3376877000000,
0.3057467960402752,-0.030610597437196033,0.2004111223340789,3376882000000,
0.3268461597445895,0.03692391852513666,0.20064837794744575,3376887000000,
0.2862629047663996,0.03228271066566,0.20102390189156327,3376892000000,
0.30296282681621933,0.02867409820540176,0.20050118530783997,3376897000000,
0.3383092667812434,0.01890906755917891,0.200344871838674,3376902000000,
0.4010749489210561,0.02855653357618846,0.20031947084608268,3376910000000,
0.3194719706534746,0.02052835602456673,0.2001781239491676,3376915000000,
0.30556531684590543,0.01764304060000885,0.2000872755701162,3376920000000,
0.3059261559826339,-0.003459474233398655,0.1996401555741621,3376925000000,
0.3048397688764341,-0.009662706112994805,0.199263228695789,3376930000000,
0.3202918811408272,0.03537822418648914,0.19966433658041835,3376935000000,
0.28949999907899404,0.02321194999080948,0.19891690263516773,3376940000000,
0.2717139282359377,-0.00029265501828550436,0.19934570685655126,3376945000000,
0.2724132329085149,0.06852753487906153,0.20013715660369966,3376950000000,
0.27880316678893663,0.03389063637742054,0.20049545676243233,3376955000000,
0.2881212645638211,0.003725497666524521,0.20224758044161711,3376960000000,
0.30156524458011297,0.004396903278664717,0.20426557298764308,3376965000000,
0.279501331609476,0.02557885795190653,0.20594798185294974,3376970000000,
0.32283869510602037,0.014187255873649229,0.20712846094522883,3376975000000,
0.31522935029427784,0.024297759033482,0.20945969731047856,3376980000000,
0.29572695156880724,0.0377079351567206,0.21048494964660125,3376985000000,
0.3107841154237542,0.030817029408681064,0.21182111011868984,3376990000000,
0.39582246590730125,-0.01804863697400065,0.2121985237516456,3376995000000,
0.308840128151724,0.07527942063251539,0.21139077174159449,3377000000000,
0.47439788805037225,0.01527474626058519,0.21045962993006484,3377005000000,
0.3480788465194899,-0.002331493296721405,0.20895890340760268,3377010000000,
0.2890404793417523,0.03748400592911724,0.20795156808316745,3377015000000,
0.2703017563189311,0.004999883562122678,0.20718428092869443,3377020000000,
0.33881950702830865,0.03616898463442003,0.20624968639756974,3377025000000,
0.3071387630459882,0.032665972296875435,0.20567582950335092,3377030000000,
0.31862805257174914,0.033056742248476996,0.2048244552882489,3377035000000,
0.3216175364807582,0.025914766339796887,0.20498643302897024,3377040000000,
0.3073204047262757,0.08087600666854064,0.20444112154278887,3377045000000,
0.3405397912875799,0.00849867057948472,0.20457249678527561,3377050000000,
0.28205287872103774,0.030268565741640788,0.2044118509108669,3377055000000,
0.3164248787854718,0.039823366546117095,0.2042701510351705,3377060000000,
0.3395351516560533,0.04258922084446456,0.20439677515876234,3377065000000,
0.30711685753689916,0.015131376386736714,0.20445058473930225,3377070000000,
0.307219766197074,0.03732669425613158,0.2041301488688878,3377075000000,
0.3081281962277656,0.04528711127591506,0.20473458047322543,3377080000000,
0.30514455361266996,0.029333607669255128,0.20451992756186876,3377085000000,
0.30031391154034504,0.041003199604556055,0.2047893787219812,3377090000000,
0.2878395281118353,0.03449520038229456,0.20436979705092798,3377095000000,
0.265595699562165,0.02326148532097913,0.20477719300275762,3377100000000,
0.29051159768258716,0.06419147762764671,0.2047396846207029,3377105000000,
0.527161833496776,0.009680490439380952,0.20456362858603538,3377110000000,
0.3296373636366503,0.007925227931004326,0.20388482966870622,3377115000000,
0.3048526012827753,0.024434337592619294,0.203147379855896,3377120000000,
0.30580225253515014,0.02600479180487832,0.20298717916233833,3377125000000,
0.3159104460559387,0.03831889251445046,0.20136573165847044,3377132000000,
0.30056843736410654,0.016244190447750335,0.20057702012281636,3377137000000,
0.2869177523323947,0.0485054848426786,0.2000557870140044,3377142000000,
0.2851508169695552,0.023810926810850796,0.19906191191576392,3377147000000,
0.29755925342326583,0.009629607261911284,0.19814384402963317,3377152000000,
0.28252736907795156,0.040432132908279,0.1976230366391769,3377157000000,
0.2746907262396768,0.01050356316681235,0.19733326198136952,3377162000000,
0.3145861418242025,0.0481198622056866,0.19736337473719132,3377167000000,
0.29788607409421647,-0.007777657748176275,0.19749700845073642,3377172000000,
0.2872348583005523,0.036011118212488515,0.19740931864101302,3377177000000,
0.313227175667068,0.02297573001430191,0.19786219326378762,3377182000000,
0.32739304196250163,0.01796705720934663,0.19868586473214017,3377187000000,
0.32546232347745535,0.029304114473177788,0.19870828802359247,3377192000000,
0.30153603654686256,0.029607169384161434,0.1999801627714103,3377197000000,
0.3009661861200485,0.016762694918301915,0.2004208758927387,3377202000000,
0.3155235242204053,0.030645004954066506,0.20056100605336355,3377207000000,
0.42159414831948644,0.032238058599466185,0.2012146313256955,3377212000000,
0.29052250605353935,0.021992826446037603,0.20165891654028598,3377217000000,
0.303459086704874,-0.003426964059173216,0.20182755906907926,3377222000000,
0.27411300729859867,0.007651217086379737,0.20151042922007473,3377227000000,
0.30282991971256074,0.027446852140775278,0.20187495607106484,3377232000000,
0.31673320125509513,0.031022800778819762,0.2016392401183875,3377237000000,
0.3273492267699431,0.006523069810731164,0.2014015396933979,3377242000000,
0.25829170056950423,0.01777747588306907,0.20111148055135816,3377247000000,
0.27330346106056497,0.0016196352985484892,0.20062716215029466,3377252000000,
0.2815238862181283,0.0324755580488776,0.20037276017564734,3377257000000,
0.28333724923214887,0.00596770247193857,0.1997121391818515,3377262000000,
0.2639994946632478,0.01819482694547673,0.1998150068324942,3377267000000,
0.25103487292613036,0.018097176085407233,0.1991534473832471,3377275000000,
0.28352535803033146,0.02550852211890883,0.1994627763256409,3377280000000,
0.29134229452889226,0.021571304601709803,0.19916962363861376,3377285000000,
0.2737494010775756,0.025509102145160868,0.19888189249605653,3377290000000,
0.2580886520813044,0.027226479553656344,0.19966602044305734,3377295000000,
0.2833550941563401,0.02153543004794524,0.19917097717958243,3377300000000,
0.2979121021931252,0.0409096294920941,0.1993409412341819,3377305000000,
0.27977391475001023,0.013852523479108817,0.19954499776691315,3377310000000,
0.4761491078491106,0.022571813150442814,0.19943903228696638,3377315000000,
0.2576231742824906,0.006892335193006921,0.19982879165118905,3377320000000,
0.27826955656470914,0.019381361065283546,0.19977803939531413,3377325000000,
0.28799139446136285,0.02148531232917194,0.20049077084113479,3377330000000,
0.2774476212817909,0.02699209648811427,0.2002035826509189,3377335000000,
0.23909733193298172,0.03561342625653466,0.2004559663706439,3377340000000,
0.23532844239628198,0.01849745707207468,0.20064662891234458,3377346000000,
0.2521087453077359,0.018223620914841202,0.20058005091863415,3377351000000,
0.26974291436585696,0.05010824409498056,0.2002713794747014,3377356000000,
0.23507557507086618,0.00969484537258107,0.20034593653739563,3377361000000,
0.2628304248314298,0.0045953511378815665,0.20031452720214207,3377366000000,
0.23529620307251345,0.020253451616262016,0.20032830075035601,3377371000000,
0.26971170401669287,-0.015102911636835905,0.2000439923081159,3377376000000,
0.24230928173596403,0.03265364370452605,0.20015965523964907,3377381000000,
0.2242979043907347,0.025307290231518988,0.19960729836999028,3377386000000,
0.2441418850653021,0.016224638850364768,0.19987142834285448,3377391000000,
0.22428104453536218,0.004593427514394734,0.19986774509473162,3377396000000,
0.26071064423623735,0.004744684286642027,0.1997798710810139,3377401000000,
0.2372674278024376,0.004655286393025017,0.19959465392094466,3377406000000,
0.23191427835933037,0.006325543200793888,0.19973011629415166,3377411000000,
0.45096538718934776,0.012727563558660344,0.19965743081698434,3377416000000,
0.2533417262670051,0.016358566981037537,0.20017205374581837,3377422000000,
0.2142479188470179,0.023446190590383113,0.20032893988622966,3377427000000,
0.2434466151867382,0.01153444786775552,0.1998230012580148,3377432000000,
0.23928904845254867,0.03610938286036034,0.1997893601426534,3377437000000,
0.22959247590714021,0.02917118907474516,0.199976508170944,3377442000000,
0.22825641499187177,0.009227426387779545,0.1999404488208281,3377447000000,
0.23738687605795408,-0.0008218919395330728,0.20034020060923685,3377452000000,
0.2476161657682335,0.03609814226560833,0.1999978866105923,3377457000000,
0.2355965630265751,0.027544669987922783,0.19999336680481186,3377462000000,
0.2193052350747994,0.021196539588002578,0.200346606093581,3377467000000,
0.22089436633562476,0.018040155849983003,0.20012018527282266,3377472000000,
0.22216635903969192,0.015984044887730336,0.1999583978553881,3377477000000,
0.20979235437773697,-0.000612935644837288,0.20018430037238466,3377482000000,
0.2239759672698479,0.017580953975714846,0.20025534398220543,3377487000000,
0.24319192407208245,0.0008583047740185392,0.19972600134081134,3377492000000,
0.19175927816013677,0.012522418433978898,0.19957855390387025,3377497000000,
0.1981486168492021,0.019292476893819785,0.20011924500066283,3377502000000,
0.225213911317122,0.040391363745249834,0.199706607749757,3377507000000,
0.20634538123674062,0.024844091862905295,0.20000696933755907,3377512000000,
0.4164354109055043,0.045617466223358695,0.20002836586719283,3377517000000,
0.1908364323358257,0.02062710860011165,0.19966501025860103,3377522000000,
0.2013178494737969,0.013524272468077891,0.1993525535878757,3377527000000,
0.20680322019136788,-0.027210375753828616,0.19999746178454428,3377532000000,
0.23377734439385983,0.015425842274959762,0.19976635763125883,3377537000000,
0.19936304909277014,0.04863407577906768,0.19972815561944493,3377542000000,
0.1872238991114088,-0.0036952994774796313,0.20021080813525266,3377547000000,
0.17717380728565926,0.01915409965417176,0.19998486188357628,3377552000000,
0.2033087849716626,0.0020333531831572566,0.2001595346248464,3377557000000,
0.20250073931355855,0.016962972965050158,0.19998676523311001,3377562000000,
0.19149814005207377,0.03252007294780561,0.1999691465237107,3377567000000,
0.18165206515189317,0.020887015214890198,0.1996837106614392,3377572000000,
0.1932592284297069,0.009607081950638943,0.20021961549143322,3377577000000,
0.1955303486110995,0.0228409155286581,0.20019904889855433,3377582000000,
0.16820793131939143,-0.021305583571969725,0.19990232382719453,3377587000000,
0.21621761880549348,0.013891422327438775,0.20005134885670542,3377592000000,
0.2038898272535898,0.019117323221310368,0.19988353598186445,3377597000000,
0.16700050171047506,0.018197912872023905,0.1998193630744584,3377602000000,
0.20291725614835673,0.0017639501038011068,0.1995049331440488,3377607000000,
0.2000117378002027,0.03555004164958887,0.1997903328082266,3377612000000,
0.20660251842999233,0.014978485471948142,0.19983264817653573,3377617000000,
0.3560477966304888,0.01941409168641413,0.19975155731324684,3377622000000,
0.17431866221513867,0.0043092778607237685,0.1999371314272026,3377627000000,
0.17551319651761055,0.008168755164756243,0.1998916133061521,3377632000000,
0.16495252230921612,0.00935545005184154,0.1996621624640681,3377637000000,
0.17956168971294503,0.012261633122367274,0.20004322123273008,3377642000000,
0.17505313680233958,0.024749285778154065,0.20025006315914567,3377647000000,
0.1590898181613545,0.015786415421730222,0.20012540855764083,3377652000000,
0.19414002717196652,0.009343510681013483,0.19982198866874926,3377657000000,
0.1448088304447828,0.020715721778085158,0.19967984122623425,3377662000000,
0.16143722123360402,-0.005712394351703821,0.20000277954100706,3377667000000,
0.17562142321030483,0.0022997035066031346,0.19969179937044196,3377672000000,
0.1799095005532197,0.04573638376257158,0.19989721645826067,3377677000000,
0.13980102088655766,0.019448065228961083,0.1999740697241678,3377682000000,
0.1382770688233066,0.011195501986206901,0.2003283187626047,3377687000000,
0.1465480932428041,0.007878770228065917,0.20002773569454566,3377692000000,
0.15110494647154235,-0.0037026892966685807,0.19985847933134226,3377697000000,
0.1414842585470849,0.01783067749613727,0.20008880236602697,3377702000000,
0.12831270602539857,0.03197179083678562,0.1998297172438554,3377707000000,
0.14312369795609753,0.019669104302509878,0.20017510814252437,3377712000000,
0.1271238173817072,0.027517673653896055,0.19966822555520344,3377717000000,
0.2765620783279547,-0.0035330355674215216,0.1995746860666168,3377722000000,
0.12679074967227277,0.009821092812635573,0.19992909577419626,3377727000000,
0.12969120104487367,0.03312492491245916,0.20018762335163207,3377732000000,
0.12788001538149876,0.02952050127173875,0.2000368306839365,3377737000000,
0.12638048672502303,0.0005654679737777495,0.19989736895111462,3377742000000,
0.13683272109473046,-0.003092288307138577,0.199837954028697,3377747000000,
0.1098889400263907,0.03063857262045834,0.20006924335578283,3377752000000,
0.1280208641550717,-0.02042535570498241,0.19955060874843733,3377757000000,
0.10334937516137435,0.010384968204753108,0.19959448493914486,3377762000000,
0.1026906133762068,-0.014898657236587606,0.2003264801351374,3377767000000,
0.10994652813229684,0.012094772194978688,0.20008815989359416,3377772000000,
0.12334670642435,0.012809895918096812,0.20026921164522646,3377777000000,
0.09112875477804198,0.016826509760126344,0.19959996864009807,3377782000000,
0.08999326650797679,0.00869554423729246,0.20031601167747334,3377787000000,
0.1016811273176171,0.02215656212927429,0.19987015169217337,3377792000000,
0.11375398036471852,0.026550003047461225,0.1997927000913733,3377797000000,
0.09664411392601616,0.0038778838202518182,0.19972231685027517,3377802000000,
0.09949125929140616,0.04099921215008448,0.19986276486633572,3377807000000,
0.06397770500746663,0.01257144249644523,0.19979264049718404,3377812000000,
0.09638384108529596,0.02426419272055233,0.19988545686291614,3377817000000,
0.2826439965052591,-0.006547038417387406,0.19993241264093908,3377822000000,
0.049297127487330984,0.0019130097941000065,0.19980868158926562,3377827000000,
0.07133577802220115,0.0043938975664519105,0.20011890444721758,3377832000000,
0.08490030655073315,9.404646697992562e-05,0.20008160710552628,3377837000000,
0.07238858203111519,0.0145779521631065,0.1998843729114521,3377842000000,
0.09073706611504662,0.035723240507939624,0.19979824620296346,3377847000000,
0.058309430904247214,0.028880203808084225,0.19974537580356488,3377852000000,
0.03249977692230528,0.02953354306256951,0.1997960804552783,3377857000000,
0.03458952871771226,-0.00963756067748914,0.19988835544646347,3377862000000,
0.048856841859227625,-0.004366691936134995,0.19975789493345084,3377868000000,
0.05301964275004968,0.024892337702777188,0.19974247754498692,3377873000000,
0.03862001399893035,0.01766253301384511,0.19944787644330134,3377878000000,
0.07343877085929096,0.018860137068803986,0.1996638827554723,3377883000000,
0.05247238570475132,0.013242841893264523,0.19941917038007106,3377888000000,
0.04899123012618224,0.013949570059044271,0.19979066645125768,3377893000000,
0.07560930958439939,-0.01750289690749267,0.19971700142962198,3377898000000,
0.04632590003439193,0.029339268572310905,0.19977518192347543,3377903000000,
0.04555420149146923,0.011040243698633725,0.19996010188768135,3377908000000,
0.047312585641136884,0.006256213398660084,0.20011454681853433,3377913000000,
0.054223756471655934,0.018500058078293986,0.2000821343129829,3377918000000,
0.17798838926009378,0.02629719283674266,0.20009839519298733,3377923000000,
0.03650477664183628,0.006786704608258852,0.20031611152344278,3377928000000,
0.04376188858583326,0.02864866029031296,0.19998192938694362,3377933000000,
0.020709527057268834,0.01090110933559923,0.20027655415904558,3377938000000,
0.020811836740223875,0.03752568945440932,0.20018082634451864,3377943000000,
0.005159055338073716,0.005005731970785821,0.2000440577756206,3377948000000,
0.0070889447141214475,0.0033961437252559967,0.20020676904882231,3377953000000,
0.017409174578334886,0.0007850545554882009,0.19974364332360459,3377958000000,
0.02943950044791469,0.027052408483091928,0.20039816642127312,3377963000000,
0.039500114486800256,0.004995381713734615,0.20009222312170813,3377968000000,
-0.018827208291850514,0.04164985913542224,0.19976653636858144,3377973000000,
0.014293987716916496,-0.0062892920020525545,0.20045628861605483,3377978000000,
-0.007361744122421934,0.026788361289538966,0.20013274320834626,3377983000000,
0.008454490206812399,0.03444126716783304,0.19999456275920582,3377988000000,
-0.02451209385584278,0.006855540398537686,0.1995289972363729,3377993000000,
0.007576611551727699,-0.0001423834813739401,0.1998527930722247,3377998000000,
-0.01379641516748277,0.03426297296779681,0.20028604501020492,3378003000000,
-0.03356710590803545,0.031753519552051745,0.20015694618423582,3378008000000,
-0.014716757241196211,0.030390127384741367,0.20013511407205267,3378013000000,
-0.04766155615097267,0.020491839910603916,0.19996895355235597,3378018000000,
-0.013249914327163256,0.035775453646729516,0.1999899962616204,3378023000000,
0.16025718184099508,0.057084849030189795,0.19998481387567624,3378028000000,
-0.022764013456049094,0.027472160352007897,0.19966128912602357,3378033000000,
-0.06172742358183275,0.0034447197828937244,0.19990669843130152,3378038000000,
0.016132540638472227,0.024510817465385738,0.19985056127768677,3378043000000,
-0.0416852322140654,0.03261929666851026,0.1999454532865825,3378048000000,
-0.021342800948157343,0.029956676412713816,0.20008812770699433,3378053000000,
-0.06592307278377518,0.014601083582133223,0.2001240049764122,3378058000000,
-0.05742850070249519,0.03948005476048626,0.1996897913462938,3378063000000,
-0.027865035132746335,0.01230452473371103,0.19976356241845608,3378068000000,
-0.02806260677622456,0.013111662374600123,0.20003620773982653,3378073000000,
-0.031222602200207204,0.017590558536186306,0.20016486558206487,3378078000000,
-0.027880672720262192,0.040199120475491144,0.20004068249540766,3378083000000,
-0.05940839631730807,0.03738625866388845,0.19983422203099233,3378088000000,
0.13991777988323797,0.014955122106669742,0.19982720874522852,3378093000000,
-0.05782298650492901,0.04408160815863378,0.19939336388351886,3378098000000,
-0.05470572848148578,0.0203749000726015,0.19983234231207542,3378103000000,
-0.09233661509841051,0.0009834272795557174,0.1997391865527303,3378108000000,
-0.08777798557557623,0.01347336325081464,0.19971718043163192,3378113000000,
-0.06493469748629835,0.005222394920776804,0.19952805305978527,3378118000000,
-0.0800119253248231,0.03865663562962687,0.20001129275242183,3378123000000,
-0.09884438311561361,0.009449193904475725,0.19982918708943617,3378128000000,
-0.09962004667424725,0.04392843294502541,0.1992807879298155,3378133000000,
-0.08970943797650001,0.023940763570529655,0.19963418477422673,3378138000000,
-0.08235388673831602,0.04396966956309444,0.20017696084553685,3378143000000,
-0.11505679871650179,0.03609426324810965,0.19993249990053796,3378148000000,
-0.04917277157138342,0.058098593444097554,0.2001656792418804,3378153000000,
-0.11423090432018636,-0.007013524891304385,0.2003971614362308,3378160000000,
-0.0929796734988366,0.01865460882852777,0.2000302480899542,3378165000000,
-0.09338464834029037,0.03363802141914475,0.20011964057082596,3378170000000,
-0.11301024682637598,0.007880463619866829,0.2003977090052908,3378175000000,
-0.09465931494323417,0.009191126795454942,0.19996995771341225,3378180000000,
-0.1250970319726453,0.028236165582987808,0.20011435375959338,3378185000000,
-0.14814076376034727,0.02384751391532241,0.2000783588399036,3378190000000,
0.045255656231021735,0.04339805958887822,0.19994978714276876,3378195000000,
-0.0722152281669407,0.061843380507795094,0.20025316236948285,3378200000000,
-0.10693095295236914,0.035863403467464056,0.2000349661749063,3378205000000,
-0.133620489478744,0.032550397808550395,0.19993609331169,3378210000000,
-0.09806389563023112,0.04900937332677087,0.2001327881581268,3378215000000,
-0.1333493831745934,0.020323688815282216,0.20029487852546804,3378220000000,
-0.12394018272636624,-0.018611336324293862,0.1998722971956737,3378225000000,
-0.13785793833413215,0.03931003685398622,0.19968506416466691,3378233000000,
-0.1333440692222377,0.028203928147325686,0.2001909496124812,3378238000000,
-0.1426849882987638,0.020849864398483048,0.20000514386324367,3378243000000,
-0.11996578442002877,0.0065775382818322806,0.2000833955607334,3378248000000,
-0.14423775060691676,0.021987424064766024,0.1995577430843533,3378253000000,
-0.11278598768570038,0.04729623659206661,0.2002994279133491,3378258000000,
-0.13742694188033044,0.048957883432159635,0.19977814319185402,3378263000000,
-0.15459913719149557,0.027141819556464986,0.20019675809609785,3378268000000,
-0.1134146259633114,0.030770965299569592,0.19995807731689044,3378273000000,
-0.1455249920120042,0.04485764208920491,0.2002351748774966,3378278000000,
-0.15489313277966255,0.05853711431122351,0.19990423749492797,3378283000000,
-0.16631876058840167,0.04304074198867025,0.20014514001144806,3378288000000,
-0.15762206864278003,0.01982749455663451,0.20016672236233093,3378293000000,
0.03046810265649022,0.050733007075906125,0.1998330181337602,3378298000000,
-0.15130257819439444,0.03704563720229266,0.20043053831096405,3378304000000,
-0.17000679952799613,0.0328388478210078,0.20016120471934615,3378309000000,
-0.1872162857922668,0.009460372400260705,0.1999438484852971,3378314000000,
-0.1622611485419816,0.03543376910074425,0.2000353954272303,3378319000000,
-0.16611399996890816,0.011458697489938701,0.20000429405232534,3378324000000,
-0.20218378868747572,0.0619306483783984,0.20011311284022984,3378329000000,
-0.14635944165957088,0.05480559800551997,0.2002043969044246,3378334000000,
-0.16137007985464658,0.04350201558532773,0.20001552985089324,3378339000000,
-0.15923164864555536,0.06895616912960272,0.20000168899467785,3378344000000,
-0.17071456729722853,0.03446400690020538,0.20009783483018032,3378349000000,
-0.1550513544001355,0.02652472727924629,0.19999104140914875,3378354000000,
-0.18204133415843424,0.006851381819590746,0.20001625949960683,3378359000000,
-0.20493133887564516,0.009405942976207442,0.1998527174909092,3378364000000,
-0.20259090132051338,0.04339021834825796,0.19993128440413582,3378369000000,
-0.19394890326112954,0.03661306238766108,0.2005258001789122,3378374000000,
-0.19283503377859937,0.010394481065956248,0.19997059617552132,3378379000000,
-0.15127755922179942,0.04366947715456988,0.20000816557425788,3378384000000,
-0.201188508742106,0.04627267347047038,0.19993952050857752,3378389000000,
-0.20225753887953885,0.041548097461411734,0.19977248154388844,3378394000000,
-0.014391037558284036,0.027616851200549304,0.19999797225456392,3378399000000,
-0.1455967491325687,0.04915630253042222,0.20002809963521825,3378404000000,
-0.18331734944621092,0.0387464367064591,0.19993036984128051,3378409000000,
-0.1775920594816995,0.06345976319529631,0.2000057062872353,3378414000000,
-0.22537971545304636,0.026064792495271088,0.20011405551069764,3378419000000,
-0.173669143168057,0.04289351638764351,0.2000396985551716,3378424000000,
-0.21570328966395086,0.05622222053478311,0.19993286708930852,3378429000000,
-0.2027352057137371,0.024961595038150604,0.19983742142552613,3378434000000,
-0.19673392356930275,0.020313149874960298,0.20005573867341855,3378439000000,
-0.1764977135101617,0.041853563253235825,0.20000894280346607,3378444000000,
-0.18762414461015617,0.03421918790474959,0.2002372225642094,3378449000000,
-0.1902372790652656,0.017651413845774764,0.20033718047733703,3378454000000,
-0.19932334277370528,0.05961642663814755,0.20039339506623174,3378459000000,
-0.20013453091622413,0.028885817072841248,0.19979865885332548,3378464000000,
-0.20335179069829296,0.02981912498730188,0.2001594884913312,3378469000000,
-0.21208262130736508,0.03448924221387063,0.19981465633973983,3378474000000,
-0.19728339036745515,0.03385649569878254,0.20021183835663608,3378479000000,
-0.22025115988143057,0.010807269834893347,0.20004048967191926,3378484000000,
-0.18727666906397394,0.05514692637173022,0.20017662298512262,3378489000000,
-0.17561161350682877,0.01962775897084997,0.19996809098705934,3378494000000,
-0.1858307496953969,0.05314881716658368,0.19993894710507093,3378499000000,
0.01219798911281572,0.057166391048480786,0.19990620870811965,3378504000000,
-0.23968786641908407,0.024829395116885675,0.20008751037099284,3378509000000,
-0.21471803215428045,0.037366271390092416,0.20002728935183806,3378514000000,
-0.22332431069763137,0.022393208849727692,0.19981850943761387,3378520000000,
-0.20550091105814033,0.03913774614428727,0.20034282566937076,3378525000000,
-0.215304186016313,0.026533036199941365,0.19993363228276467,3378530000000,
-0.18867889609082827,0.03732127187256607,0.19977948681970265,3378535000000,
-0.21261192753104594,0.05163944997301543,0.19996946162427567,3378540000000,
-0.1844889663044379,0.06786715531816956,0.1996769155028119,3378545000000,
-0.22632297399055823,0.05763810993279925,0.20017392804163486,3378550000000,
-0.1992736403418862,0.061611616137057894,0.19987790383695406,3378555000000,
-0.19882201435347716,0.0272517475536437,0.19999434331901086,3378560000000,
-0.19049747314721727,0.05647716596507371,0.19985944805892797,3378565000000,
-0.2062697514627596,0.03715320247378402,0.20031268134362576,3378570000000,
-0.20242070761486242,0.04179853600293204,0.1999747330078916,3378575000000,
-0.21815240747673648,0.04016459879651163,0.199699679709148,3378580000000,
-0.2480274022285323,0.05846515550021208,0.20002080309808368,3378585000000,
-0.2138737227383736,0.034049490915449974,0.20042967228411146,3378590000000,
-0.23875735390792815,0.05123037981505443,0.2004020932144712,3378595000000,
-0.2191856451097648,0.05714003174285308,0.20028678957996288,3378600000000,
-0.01298961925027909,0.06863536492013506,0.19971178307491888,3378605000000,
-0.2173895456504695,0.07787964275465858,0.19978796042697913,3378610000000,
-0.19764679531805632,0.06535098834960398,0.20008440366792812,3378615000000,
-0.22761373289570394,0.044916090516912255,0.20007043708395103,3378620000000,
-0.19523752644589867,0.06207138211340285,0.1997789001170115,3378625000000,
-0.2164457395564809,0.039073942541632024,0.1998374456951656,3378630000000,
-0.23387073901942224,0.05701372839053386,0.20018531139046067,3378635000000,
-0.21422309989627375,0.029707530939632576,0.19997552145352104,3378640000000,
-0.2054240174987633,0.06532381732435993,0.19996588660895628,3378645000000,
-0.23595749467089575,0.042246210235952666,0.19995809564105343,3378650000000,
-0.20221015256404098,0.05476845092846885,0.1999141080469646,3378655000000,
-0.22705701085326996,0.057213478014511265,0.19990643072590933,3378660000000,
-0.20973538640491649,0.05167794649578852,0.1997641292946285,3378665000000,
-0.21316123543557108,0.03448028521746916,0.19992204736919114,3378670000000,
-0.1834313951667864,0.042732843124035164,0.20030627306161258,3378675000000,
-0.22419659305678505,0.04522594845077926,0.19989051482118672,3378680000000,
-0.2084847683749382,0.05019266442933272,0.19976769334994435,3378685000000,
-0.2226770063514087,0.10257550929806918,0.20022955437367249,3378690000000,
-0.19186420055826012,0.04629349653568117,0.1997088947373055,3378695000000,
-0.2289600738160854,0.014723267257558632,0.1999349041720335,3378700000000,
-0.034024721496921526,0.04125751065770167,0.19990773883098661,3378705000000,
-0.17245115937041144,0.027262940010831238,0.19975305052267286,3378710000000,
-0.23809936068807624,0.025718341461367665,0.2002183617672752,3378715000000,
-0.2108328546113753,0.046986530493403934,0.2000393978934408,3378720000000,
-0.1717022271629937,0.05868137005458621,0.2002203628629463,3378725000000,
-0.2062206739387803,0.030874273099657963,0.20002634463067898,3378732000000,
-0.1904740648338846,0.0614025128560023,0.19973263766558894,3378737000000,
-0.21922155999886372,0.041722649681205155,0.1999710460687082,3378742000000,
-0.2287119488443057,0.026432197258495407,0.20015580241146985,3378747000000,
-0.1952005726078026,0.04463999990697145,0.20022725598466298,3378752000000,
-0.2092936028109058,0.05027440396066594,0.20017308400300493,3378757000000,
-0.2136325910582453,0.05472070119303514,0.2000714310656414,3378762000000,
-0.19751299015548002,0.06678396467643086,0.1999586276851453,3378767000000,
-0.1956749087366741,0.03024737170745529,0.19978219491688257,3378772000000,
-0.24206412172030178,0.09051586808211698,0.20015054007412017,3378777000000,
-0.18094171553260988,0.05772377098507674,0.1999825710057486,3378782000000,
-0.21872898749560593,0.023275981065736976,0.2001434486911287,3378787000000,
-0.16444313599920846,0.054622923292416414,0.2000500952048304,3378792000000,
-0.19240939497614956,0.03781313128219856,0.2000992996758763,3378797000000,
-0.18357240987846218,0.059434501992247826,0.19990321891165191,3378802000000,
-0.004266293600797347,0.015543123413677147,0.2001105509649381,3378807000000,
-0.1939169813364116,0.023010629266899802,0.20007652065311474,3378812000000,
-0.2073269633994246,0.042931563368237086,0.2000101131768857,3378817000000,
-0.23902015846594854,0.05423668570287473,0.20014103457473337,3378822000000,
-0.21019554963161768,0.043468672723257315,0.1998848030650433,3378827000000,
-0.19632120161213218,0.03098709630499582,0.20022037727740868,3378832000000,
-0.22158645327055607,0.05982427410842238,0.19975592760922187,3378837000000,
-0.20145264914954933,0.04294288721595114,0.1997209987076598,3378842000000,
-0.18458337251650192,0.04267666040259532,0.19999325294853149,3378847000000,
-0.2031122508073224,0.027663735587684663,0.20016736803688875,3378852000000,
-0.22920659036648894,0.052261816096119997,0.1999846282069981,3378857000000,
-0.16402518759237786,0.045960419062275666,0.20029993669391816,3378862000000,
-0.14688478711906278,0.06314984616108832,0.1994811557903677,3378867000000,
-0.1871832207492871,0.046510485501095156,0.19996757646947885,3378872000000,
-0.175872353961083,0.04063882628217359,0.2000863259998072,3378878000000,
-0.17659944892089116,0.054458381290401044,0.19965901197977876,3378882000000,
-0.17060201431848668,0.05462492805409504,0.20012068019990345,3378887000000,
-0.20076199731862374,0.06654188589247995,0.19998825145043628,3378892000000,
-0.17623424992023928,0.054573591690155444,0.1998003559066073,3378897000000,
-0.16777771870412603,0.022811974161285935,0.20008961671568237,3378902000000,
-0.17864269520241963,0.043372908761204663,0.19998545658478573,3378907000000,
0.009298626682323768,0.04634544920673963,0.19996624093509505,3378912000000,
-0.1764541404260641,0.027439746086336,0.19985561904375188,3378917000000,
-0.1636788601026854,0.0573507370444689,0.19986251912481975,3378922000000,
-0.16046203257636021,0.04167248170034002,0.20019727658117556,3378927000000,
-0.17750933582135592,0.031070070871501106,0.1999017710033349,3378932000000,
-0.16778315715063458,0.07724046295655694,0.19967082702912103,3378937000000,
-0.17553779084705023,0.04604772461160477,0.19994902671073855,3378942000000,
-0.17581805468048328,0.04512256423348363,0.20038144067147548,3378948000000,
-0.13818080650139564,0.04989125326985765,0.19988592031168517,3378953000000,
-0.15725369752490903,0.07023634464349028,0.19993021915823983,3378958000000,
-0.18672270541023323,0.03808992960558811,0.19983088989118325,3378963000000,
-0.15909883202007363,0.049075042594219534,0.20000914629967395,3378968000000,
-0.14662219348213879,0.03672293570424532,0.20022394726961748,3378973000000,
-0.17464899251471916,0.024947327746364576,0.20002710907047228,3378978000000,
-0.17127454116752033,0.07720910368392181,0.19991300818255106,3378983000000,
-0.1398054013829687,0.0211153450476665,0.20033531491352624,3378988000000,
-0.13989792823579986,0.06358384652240406,0.19975684840590227,3378993000000,
-0.14339934380358157,0.020320179430448997,0.19993569528686614,3378998000000,
-0.16812973002321166,0.04057123401192621,0.2002215586523046,3379003000000,
-0.12535444005330623,0.059689393119442866,0.1999565929004704,3379008000000,
0.047212520160996536,0.016828021221516564,0.19996582321806036,3379013000000,
-0.1378684391473325,0.04527292584554875,0.19985710828100564,3379018000000,
-0.11637115939929474,0.03403555268828743,0.19963601955345295,3379023000000,
-0.14168622612051673,0.060694402881521184,0.19985271814218103,3379028000000,
-0.13784030347552023,0.019290876575203855,0.19975765669791276,3379033000000,
-0.11598453682786286,0.02752267114463069,0.19990107648669395,3379038000000,
-0.1467795142628185,0.02474524447896212,0.1997776027736709,3379043000000,
-0.14920973569010734,0.05302024271530627,0.20023537218620144,3379048000000,
-0.09779445648588928,0.03191148759320979,0.20021244843107663,3379053000000,
-0.15195626004381052,0.05910044168240904,0.20034202527348258,3379058000000,
-0.11971529173122206,0.04130304202882969,0.1999697268429923,3379063000000,
-0.10618225030615436,0.058978035132515316,0.19995091444462143,3379068000000,
-0.12967204230042462,0.03406348799009966,0.1999578308380924,3379073000000,
-0.13415239658748154,0.039029458290515746,0.19993720567894893,3379078000000,
-0.11086214629714308,0.05037972904804777,0.1999708681472772,3379083000000,
-0.07962102599605758,0.07871987748833484,0.1995733373346903,3379088000000,
-0.12327919915201836,0.04305240222374173,0.19965900660025013,3379093000000,
-0.09246748772464641,0.0313941718504759,0.2001782715954103,3379098000000,
-0.07067844956263653,0.04273587815017802,0.19971490031829486,3379103000000,
-0.06054633409115422,0.04884782941170387,0.19972611056600478,3379108000000,
0.04490287567405575,0.03611254425351135,0.20018812915672984,3379113000000,
-0.03224418450473217,0.06366931260143359,0.19988875297123948,3379118000000,
-0.10237977592446264,0.0621523082930697,0.19985121360098135,3379123000000,
-0.08359565835693863,0.05088400178504185,0.19983579424375228,3379128000000,
-0.09380408808472974,0.016656222689629747,0.19992032826237477,3379133000000,
-0.058208582036543874,0.06480241131734561,0.20037879143338008,3379138000000,
-0.0716084726228618,0.047254096841810866,0.19970485370581528,3379143000000,
-0.08736365101102614,0.048174287739517624,0.2000176330173918,3379148000000,
-0.11104341876488516,0.03250234584341953,0.19994061398608218,3379153000000,
-0.05460358939448013,0.01166172485405819,0.19964964521531733,3379158000000,
-0.08048424475371138,0.034876176055655655,0.19988140430763396,3379165000000,
-0.08380743719268513,0.04970344939677662,0.20015518659239476,3379174000000,
-0.25008698596957957,-0.13555959625203026,0.20099501147000556,3379179000000,
-0.012344532260513102,0.07482737962169611,0.20127831699198157,3379184000000,
-0.019789685359835607,0.06849665120375129,0.2017033595204741,3379189000000,
-0.06936213589825138,0.03156514279823713,0.20217809201658873,3379194000000,
-0.0442707678827093,0.037186287337352075,0.20243814505630423,3379199000000,
-0.019930704086188317,0.06459226792043149,0.20251056821294894,3379204000000,
-0.008698646652723022,0.03418456680308106,0.2020452257978921,3379209000000,
-0.052593571030925754,0.047634967956513466,0.20202537517670074,3379214000000,
0.16623562802868408,0.03125823323703567,0.20198692277151803,3379219000000,
-0.05031615174928854,0.02587910416578153,0.20095273402958377,3379224000000,
-0.0020581533274228944,0.051317838261011106,0.2006230247356303,3379229000000,
-0.04025846182925481,0.05008678360731179,0.20001115319269522,3379234000000,
-0.010763807849527596,0.030819490948852835,0.19949981105349926,3379239000000,
-0.0006437649265142315,0.03521674600175047,0.19919244573884617,3379244000000,
-0.020834823133898294,0.023900690807418426,0.1987703143024775,3379249000000,
-0.01657748278880499,0.02446639445957415,0.19892803555398028,3379254000000,
-0.017589406630969685,0.040338022445046494,0.19842184640698732,3379259000000,
-0.03516645692242027,0.029019675808627986,0.1983612563925588,3379264000000,
-0.030113657349235903,0.043447708197545266,0.1987511398175771,3379269000000,
0.0042088048847084,0.03283761632283766,0.19881059295603776,3379274000000,
0.014363324533805021,0.019650081349244404,0.19910170943619757,3379279000000,
-0.003360629796057388,0.028076915780517332,0.19912859591499923,3379284000000,
-0.015486653872933649,0.016469506837373117,0.19931747653977566,3379289000000,
0.006169362095063111,0.024417711923085828,0.19982835344938182,3379294000000,
0.014924618104084094,0.047835215203363084,0.20032170895552068,3379299000000,
0.04019932799087275,0.030177570344096294,0.20038400297652176,3379304000000,
0.012908564225192778,0.016655678983698633,0.20084957940519993,3379309000000,
-0.01250141882396776,0.03086322343427738,0.20066864800382156,3379314000000,
0.23858249137797055,0.03914597743971374,0.20058771937407674,3379319000000,
-0.005391021212356462,0.05655610059450747,0.20075467208981884,3379324000000,
0.04609406378242247,0.02928051833593811,0.20093708943242145,3379329000000,
-0.0026671653814257824,0.04861387381905151,0.2007692053790266,3379334000000,
0.043928002520723486,0.044952920803971654,0.20061202621448018,3379339000000,
0.00048264065503879003,0.04038941339580325,0.20035468149475452,3379344000000,
0.04167474188972231,0.027738510006535107,0.20064167835687477,3379349000000,
0.03950681916003165,0.06162021807522867,0.20047045664165078,3379354000000,
0.039026569301139374,0.05714393903176277,0.19996085723643725,3379359000000,
0.014996393303010232,0.043905415543874234,0.19966287205033748,3379364000000,
0.07423369337939245,0.048372783530514135,0.19992664069883773,3379369000000,
0.02557744657643432,0.05025143887296596,0.19977906551353283,3379376000000,
0.02478287362682723,0.03076487427520849,0.19953807304450477,3379381000000,
0.04465461987476452,0.03108002303688768,0.19936940163270964,3379386000000,
0.028463934862327463,0.018123611526871183,0.19951612085292655,3379391000000,
0.039176191852320484,0.03101682425199087,0.1993443077196686,3379396000000,
0.0732798050891821,0.03300662038331712,0.19971500547676227,3379401000000,
0.06328792422422914,0.0029543126713506146,0.19963491912363282,3379406000000,
0.010998219460758081,0.04634479759770514,0.2002306247435331,3379411000000,
0.05892085052010391,0.05404748240929309,0.20001505041018247,3379416000000,
0.2670586118092799,0.030103792380476842,0.20000648134316754,3379421000000,
0.07116505979933135,0.0686995531269801,0.20012221662180552,3379426000000,
0.07738223852798254,0.061663841804589906,0.2003323553012812,3379431000000,
0.10536662356901755,0.04255626276210954,0.2002172523334078,3379436000000,
0.052956687093429565,0.03940055438782851,0.20059617985366496,3379442000000,
0.0961446563535311,0.058949180798772254,0.20034701550947037,3379447000000,
0.06977645912857415,0.024845609533357092,0.20016094948207527,3379452000000,
0.08125127500135991,0.07110724980735539,0.20065983050315858,3379457000000,
0.07099846495593898,0.04150459531773613,0.200844989511808,3379462000000,
0.08880975871466917,0.030996054512700183,0.20077114854018885,3379467000000,
0.0976030999521669,0.025512687460537115,0.20165055188651418,3379472000000,
0.09997594468561107,0.07700914083194653,0.2019750576656815,3379477000000,
0.08257296322234434,0.048427250845949316,0.20189214183575352,3379482000000,
0.1179540029721186,0.03362382022526329,0.20199237276879867,3379487000000,
0.11422859521129405,0.03041380807995513,0.20190037123132504,3379492000000,
0.12985299357467156,0.039671675434687914,0.20153141618922268,3379497000000,
0.10748346507629203,0.05948123946408848,0.20153666678699758,3379502000000,
0.12497893197152461,0.02276267261651945,0.20095735943186432,3379507000000,
0.09148254258836912,0.027942782061760065,0.20045846309982399,3379515000000,
0.08452826942944569,0.053808164598945385,0.19984265433474532,3379520000000,
0.28702015759822813,0.02186222846431094,0.19927045492624096,3379525000000,
0.10894782155831088,0.056621245161155395,0.1984740879712653,3379530000000,
0.06885603064368437,0.01846794469834165,0.19725309934821236,3379535000000,
0.10164906979859857,0.0392911583278419,0.19721868506528234,3379540000000,
0.07636062005679792,0.018940913695346555,0.1965701252394534,3379545000000,
0.0815770267810748,0.012878426770647503,0.19650648592711698,3379550000000,
0.09389500575712136,0.00867244822002771,0.19606212011938653,3379555000000,
0.1105491524356371,0.021483170427476626,0.19626509672622147,3379560000000,
0.1157451839594069,0.014820409901734942,0.19646843316424611,3379565000000,
0.11653956862254194,0.027392346631861277,0.19644461572328908,3379570000000,
0.09469488348403521,0.02503206610502928,0.19713104877929735,3379575000000,
0.14643532376009788,0.015949571651139215,0.19769131194885245,3379580000000,
0.11122308347931972,0.03130008292817042,0.1986341745644009,3379585000000,
0.11503793557832953,0.038097632429627534,0.1995211797539524,3379591000000,
0.11424102594471927,0.030219543509639582,0.20049126080634827,3379596000000,
0.11254455568248796,0.054574488289285725,0.20099011656641216,3379601000000,
0.1355642195672475,0.04894753350331278,0.20167504955984294,3379606000000,
0.15553048302014383,0.021417624410728593,0.2026643045852684,3379611000000,
0.10573578389410541,0.04391545641141798,0.20296241954943792,3379616000000,
0.17839859928523838,0.04803148362852072,0.20287352548831233,3379621000000,
0.33190375734292255,0.03714770486697034,0.20300016862259798,3379626000000,
0.15997625051662995,0.03896032751222507,0.2028976856267401,3379631000000,
0.16520161215756252,0.05195519298765322,0.20285658798871897,3379636000000,
0.1178394601506321,0.027486710507758964,0.2028787006578517,3379641000000,
0.11517479011858513,0.034293845928359476,0.20289776566442808,3379646000000,
0.1446180164442288,0.01520045790744351,0.20224034122066337,3379651000000,
0.15384132386731114,0.028927338300145607,0.2013997292655202,3379656000000,
0.151616984426324,0.016409682212660242,0.20085244328449384,3379661000000,
0.160338740891023,0.0360943813076549,0.20034508225565129,3379666000000,
0.14768618724588817,0.01921008219527872,0.20013275925060764,3379671000000,
0.14826411747408577,0.026322181736945272,0.19899763008157847,3379676000000,
0.12700382066178748,0.010696071825967865,0.1997316702852863,3379681000000,
0.1393837975350524,0.0766902022830594,0.19881045698946692,3379686000000,
0.3077367867962248,0.036497672299951045,0.19834196144966118,3379691000000,
0.1825575911164818,0.01755027522837419,0.19817101681529692,3379696000000,
0.14931537733458516,0.003998220557289482,0.19839258122326803,3379701000000,
0.14331830239887333,0.018601484790912854,0.1985667744595477,3379706000000,
0.19642214386021442,0.03964497930190217,0.19793702726435108,3379711000000,
0.16903688151883323,0.01761227616434751,0.1983736574018276,3379716000000,
0.1721995876531308,0.04057490309076469,0.19868206095145283,3379721000000,
0.1442620132388357,0.06974114926932573,0.1986735106333688,3379726000000,
0.16532516293602137,0.01714984991962317,0.19925328458803776,3379732000000,
0.14362180360714444,0.004226986185718422,0.19904010971143768,3379737000000,
0.1333350728070744,0.01605502709082413,0.1994536479418951,3379742000000,
0.1571105771094384,0.028043828779383755,0.19961880136182067,3379747000000,
0.17990357861831868,0.003466974053916258,0.19970976443937036,3379752000000,
0.18308654236325142,0.06516111815185684,0.19964575227313325,3379757000000,
0.16214355120483484,0.035521410583776794,0.20030506838441436,3379762000000,
0.16180373003014006,0.014263997479853461,0.20015227903959087,3379767000000,
0.17084415229880617,0.012434751390221264,0.20047283366844984,3379772000000,
0.17346945268329722,0.02837520680235868,0.2005110880809864,3379777000000,
0.15830683021996664,0.018829452981663868,0.2005399013113801,3379782000000,
0.15423541196465335,0.02825022598953494,0.20067706483101194,3379787000000,
0.1707037290198691,0.044696725991905634,0.2009730896475851,3379792000000,
0.32568387833813095,0.025522408335778648,0.20107489573290843,3379797000000,
0.16987609407780568,0.04345828251330512,0.2012336923505284,3379803000000,
0.2026594462933105,0.032014388701316975,0.20063326133035275,3379809000000,
0.22079464214845165,-0.008743395803043789,0.20077709915322084,3379814000000,
0.16944902096654024,0.030628173910592818,0.20112985181703227,3379819000000,
0.18121067171879446,0.019804274599654025,0.20089234488087548,3379824000000,
0.17963531046123646,0.013798627487295611,0.20058046627626655,3379829000000,
0.16186091673440206,0.04637014697380548,0.20058329782365208,3379834000000,
0.20270876862032228,0.022405395180152207,0.20090343891057727,3379839000000,
0.17310243003543124,0.019929433165186243,0.2001274234849132,3379844000000,
0.17170366904013712,0.014206183351160027,0.1998429974436212,3379849000000,
0.1963997661044245,0.00669798899946919,0.20015912660337193,3379854000000,
0.19255262066601916,0.030169814425675748,0.19980271991948104,3379859000000,
0.18208714464913475,0.03381164139764009,0.19963511768261016,3379864000000,
0.15361583231209802,0.0021164857584092395,0.19930828035575177,3379869000000,
0.19217324674225686,0.016621026875989646,0.19945818779597724,3379874000000,
0.16237676969153214,0.038859615595318336,0.1995967152748424,3379880000000,
0.19142359478437926,0.04410724913586715,0.19913080164267147,3379885000000,
0.1723691673281104,0.014816270836895146,0.19957459900237942,3379890000000,
0.3227907975551869,0.024437033145590193,0.19906613880220272,3379895000000,
0.2139437965680357,0.04274373369476615,0.1992466907533487,3379900000000,
0.13979158957891513,0.027917230446398354,0.19921573134976614,3379905000000,
0.18627426755584958,0.05029881714286901,0.19930509707861313,3379910000000,
0.1557108646864231,0.05913763020329841,0.19916531350264507,3379915000000,
0.1767841812301104,0.03329923764984992,0.19977783937814184,3379920000000,
0.19217444395324745,0.008308076723279507,0.19957572225912945,3379925000000,
0.16079642501413488,0.015777325032026054,0.20001197895412104,3379930000000,
0.20038164423242155,0.012829490637396562,0.19951403608412527,3379935000000,
0.17088304689480666,0.016703944515094243,0.19983479560705794,3379940000000,
0.166680687138977,0.001305912006121436,0.19997501538243162,3379945000000,
0.20129511792004112,0.00819580174194489,0.20017375085228892,3379950000000,
0.19974041660841146,0.0001937017189692497,0.20051538562991908,3379955000000,
0.19896518704517027,0.021750398253105683,0.20065940957367354,3379960000000,
0.20896429067322103,0.0003714834405196231,0.20049387041770036,3379965000000,
0.2029803545650289,0.0484679965960763,0.20042609436742817,3379970000000,
0.21863720940521647,0.011326629275715748,0.20062830001073104,3379975000000,
0.17350213517499313,-0.0029163874444420937,0.20052411575791546,3379980000000,
0.21371442672047608,0.046775410699633535,0.20062011460617307,3379985000000,
0.18732472842719594,0.022599702342171683,0.20043060593522188,3379990000000,
0.19012460253725494,0.02638724517626137,0.200712628413883,3379995000000,
0.39826478219819167,0.04244932298544087,0.20060131664950492,3380000000000,
0.2134288054695787,0.03847495658831972,0.20003922749140096,3380005000000,
0.19766980123833758,0.024719827961955883,0.2003501072627991,3380010000000,
0.1838110169978832,0.002374970950434343,0.20015373210265322,3380015000000,
0.19769168671884946,0.017214983901386625,0.2006189315063261,3380020000000,
0.19612877636127476,0.008741923952447092,0.20006851826030156,3380025000000,
0.18385136311660621,0.04567923769162065,0.19981413785052823,3380033000000,
0.1756389140710266,0.013845292753729595,0.19981303116116042,3380038000000,
0.16344620211831615,0.03549704987445037,0.20009401605466437,3380043000000,
0.17779219773558358,0.0008215812489626752,0.1995439855453832,3380048000000,
0.1954525306411443,0.011829954415243482,0.19971351837821788,3380053000000,
0.195160288229269,-0.01811393625187362,0.19953905398358016,3380058000000,
0.17875353759038817,0.02611819482957686,0.1994911050155806,3380063000000,
0.20374948177525518,0.028235130393299144,0.19918777778783048,3380068000000,
0.2440199082803022,0.028452809045012975,0.19989860823461864,3380073000000,
0.18670352782950475,0.01069308627371155,0.1998266018685296,3380078000000,
0.17273084849186662,0.03263906928484062,0.19967548009052713,3380083000000,
0.17131688153514935,0.014372112900923058,0.20000187092567126,3380088000000,
0.17462782260829138,0.0401276393523764,0.20001341571985462,3380093000000,
0.19498574440515987,0.030752610983781382,0.19980298114504702,3380098000000,
0.2870389691019691,-0.020775085376602,0.1997707749987765,3380108000000,
0.1688556139014482,0.015733647419693526,0.19972082460234789,3380113000000,
0.1945810742746639,0.04752724405283631,0.19989720561390636,3380118000000,
0.16588121018422286,-0.008784023568109763,0.2001169857823146,3380123000000,
0.20372519867651148,0.0088753824171932,0.20008430683364256,3380128000000,
0.17365626620947291,0.019585881055630885,0.19998364491982465,3380133000000,
0.183159813493007,0.0198781824666812,0.2000246079751028,3380138000000,
0.18910589428193633,0.02980756348632512,0.19984620279117254,3380143000000,
0.21872353904468433,0.03685488504736921,0.2002135489037101,3380148000000,
0.19987360824199843,0.03395283839607287,0.20015743450011425,3380153000000,
0.1756869819690228,0.01457801288545295,0.1998466598252099,3380158000000,
0.1596451562084808,0.023536710851601125,0.19990120466743191,3380163000000,
0.17756484787074453,0.025759907961600187,0.2001977096463067,3380168000000,
0.17142721912121714,0.023349993840019803,0.19978833134737625,3380173000000,
0.1687694164562754,-0.017548717839985056,0.2001464264172239,3380178000000,
0.19276905389344287,0.047629605820169646,0.19991501120701421,3380183000000,
0.1730737013354942,0.03104852175498298,0.19996727452936885,3380188000000,
0.18575543289988483,0.02048809148778854,0.19994072315319675,3380193000000,
0.20778903870259063,0.028617272743974725,0.20000592519022925,3380198000000,
0.3906856954967616,0.003131527449260752,0.19993052213913987,3380203000000,
0.19542922786727343,0.002870149353769412,0.19950554515448715,3380208000000,
0.18718188443710698,0.04101864781634931,0.19997614106435346,3380213000000,
0.17715759182640795,-0.016659991214156688,0.19960873375323893,3380218000000,
0.19391716096506673,0.037076738753740214,0.19982823910641245,3380223000000,
0.18263409015561588,0.024449862100949023,0.19944228553430113,3380228000000,
0.19754241907017028,0.014375478604620927,0.20038666063649552,3380233000000,
0.1744730837394572,0.05533704708310733,0.20012965970187055,3380238000000,
0.15984149870064696,0.00977212858342305,0.1997255117950307,3380243000000,
0.17936922513184567,0.008665688827851192,0.1997823826113733,3380248000000,
0.1844198551712643,0.03695477032698549,0.19941313752397283,3380253000000,
0.15625110800812286,-0.010247105422588058,0.1995182712891527,3380258000000,
0.14566953956523615,0.003272999420156266,0.1996653011289987,3380263000000,
0.16985713138669845,0.014125164306927758,0.20006017219768507,3380268000000,
0.18215458541334348,0.056528059368528796,0.19976231552548565,3380273000000,
0.18784396361807898,0.003785610046530906,0.1999087849645115,3380278000000,
0.17542653435043587,0.0077446109531415525,0.19953573060733854,3380283000000,
0.1302990105728929,0.03337213051896915,0.19995771795927172,3380288000000,
0.15528450675344924,0.049952399741949934,0.19970513017649116,3380293000000,
0.18768403637028816,0.02418680269045495,0.1998778034452475,3380298000000,
0.3539939411098585,0.02493772495170726,0.19982088710887833,3380303000000,
0.18619278688854615,0.037533589084852215,0.20024693860629397,3380308000000,
0.18336421230199063,-0.02059031245471806,0.20001364476844133,3380313000000,
0.13515546537703377,0.03298993011680499,0.20005705578563315,3380318000000,
0.1685491419719872,0.02829846467321949,0.19995863325320104,3380323000000,
0.20510436636001542,0.029497280345219277,0.19992507880725233,3380328000000,
0.16297097544958672,0.003770792820931606,0.19985259782617698,3380333000000,
0.15993620396556193,0.017199921869266187,0.1998743219440535,3380338000000,
0.16319776446640177,0.03430846727615027,0.19994242620488423,3380343000000,
0.17062773944653603,0.023790597849828257,0.20041319064208538,3380348000000,
0.12757402391852907,0.029783254115194918,0.19979977369973584,3380353000000,
0.1340804391124733,-0.002980606812017148,0.19987532632502072,3380358000000,
0.1537410589400746,0.038759315573884776,0.20003758922228704,3380363000000,
0.1561321545393813,0.019507459874349174,0.20005553557868663,3380368000000,
0.1344770188670489,0.025025541196189764,0.19992531713606407,3380373000000,
0.1621810152813569,0.038340413202380026,0.19974988607555189,3380378000000,
0.1638149067446189,0.01430129384791853,0.19935919443701547,3380383000000,
0.16213165688727416,0.00409566977528051,0.19985074332624475,3380388000000,
0.15410325059802327,0.04057136083583931,0.20003821850852346,3380393000000,
0.15641643060448784,0.009506990088636624,0.19973830673472748,3380398000000,
0.1614064383476116,0.0039272743382018985,0.19964630515420848,3380403000000,
0.3139968207482403,0.052336423170368,0.20004502688359488,3380408000000,
0.16175881820679064,0.011571713093879499,0.19993009267491188,3380413000000,
0.1097676821009793,0.019622660179758104,0.20001885217553694,3380418000000,
0.18132423685402754,-0.007601218249773362,0.1998417895449757,3380423000000,
0.12162782414205024,-0.015980642287533958,0.20008233744202128,3380428000000,
0.12554155480140097,0.028766801111125142,0.19988575469259082,3380433000000,
0.15621819956595465,0.018098424691589773,0.2000395782634812,3380438000000,
0.15151388515586758,0.023962505343115458,0.20040765939960464,3380443000000,
0.14276405407916717,0.01114003900999015,0.19985802789232932,3380448000000,
0.12965299334829405,0.04933523385378445,0.19983771932940658,3380453000000,
0.13350551475067832,-0.0053031541589499895,0.1999080443219094,3380458000000,
0.1183791384337853,0.04127742389955321,0.19973918710916685,3380463000000,
0.11934821893210563,0.016957522665441285,0.19981306147862923,3380468000000,
0.13756864413273803,0.022511080914366884,0.1998357662275936,3380473000000,
0.1178297857635202,0.005607969469457165,0.19992013171363304,3380478000000,
0.1356935149500907,0.04537602757311886,0.19988772577811528,3380483000000,
0.11461797601072299,0.007602681967030242,0.20015168241789968,3380488000000,
0.11917441143046686,0.015895453353077956,0.1998370465642503,3380493000000,
0.1677075706719208,0.008700454144043279,0.20006004909854225,3380498000000,
0.11005897307176442,0.03325852394916695,0.19988255341652877,3380503000000,
0.3032220226398437,0.062256694278317946,0.1998694171227324,3380508000000,
0.1523969348326103,-0.0009835599580862893,0.20002773279021951,3380513000000,
0.1245539079654815,0.033844239169929145,0.19974729508033465,3380518000000,
0.09479965744258946,0.028495005954424446,0.20007630140410984,3380523000000,
0.08912360502386488,0.017752769956417162,0.19991539790482651,3380528000000,
0.11165931487963392,0.01629456400472,0.1996879689093246,3380533000000,
0.12302763462083388,0.04826997191230102,0.20012096944529512,3380538000000,
0.10543311650590108,0.02773659587344505,0.19980915409770772,3380543000000,
0.09695558730713578,0.03584682326985174,0.19997725213549078,3380548000000,
0.09708819461396873,0.06437769760970566,0.1994531732411799,3380554000000,
0.093701492136307,0.031749229260792655,0.19985486735032781,3380559000000,
0.13598700834975175,0.027457253900295037,0.19985956796600257,3380564000000,
0.0805590348904226,0.02090079448178773,0.199618408711682,3380569000000,
0.08149179572876282,0.030214705393995824,0.2001643727042842,3380574000000,
0.11075200700228413,0.018109759058185293,0.1999391178757852,3380579000000,
0.07912503712621063,0.0366185397967229,0.19993887113235975,3380584000000,
0.11088085112087159,0.05250928178064368,0.19968074740365685,3380589000000,
0.09144663282953698,0.03136590948706615,0.2001913882783555,3380594000000,
0.08267082196550604,0.042586285136784946,0.2000479375786606,3380599000000,
0.07730802139648027,0.049142906384667014,0.1997121072830719,3380604000000,
0.24283472410598372,0.019183944289599755,0.19992840811688345,3380609000000,
0.1031418384825915,0.008581688158516298,0.19979291147037173,3380614000000,
0.07473553855480805,0.009237868989069729,0.19988772040543187,3380619000000,
0.058870598405681644,0.04075531745240499,0.19991899062388627,3380624000000,
0.09385140887686237,0.029120894115248132,0.19967716809848923,3380629000000,
0.07955959112649345,0.012501087763545542,0.19986241892722548,3380634000000,
0.03280746351227874,0.046900305438636394,0.20004898331173132,3380639000000,
0.07163249444699096,0.03853913167275919,0.2000071744808399,3380644000000,
0.06154084651043909,0.005348889274082523,0.2002642583708546,3380649000000,
0.05401268922704039,0.018007906859630718,0.19998087078682683,3380654000000,
0.040152202355281774,0.03988593221077224,0.1999291988857622,3380659000000,
0.06312733509388353,0.02633537647663622,0.2000348668400403,3380664000000,
0.05041785739233062,0.04717266587716869,0.19950876059333722,3380669000000,
0.05810121883122222,0.03615111131217689,0.19963821846337318,3380674000000,
0.05209088371057134,0.03134648975303743,0.19980650426051377,3380679000000,
0.054039779135270444,-0.004540002541880316,0.19941108154232962,3380684000000,
0.0635817828725258,0.022691056094986624,0.19974031770525835,3380689000000,
0.06141846382403153,0.02244959351342174,0.19974762451576158,3380694000000,
0.05894430625922141,0.012679404449778948,0.19988072819535693,3380699000000,
0.08074683516529323,-0.013473622064257944,0.19989326871781418,3380706000000,
0.23196950488690937,0.032248048008647064,0.1996938115584872,3380711000000,
0.061166570510044406,0.03685699389964439,0.19974356802957938,3380716000000,
0.004807487958093153,0.019536966410710208,0.19977744640379297,3380721000000,
0.01866867633276583,0.01730851270728447,0.20041510557762918,3380726000000,
0.04743519181791065,0.03217320860387876,0.20023120096509733,3380731000000,
0.07475402835264562,0.03857306716547006,0.2001062367235395,3380736000000,
0.03304012261139659,0.02779657614523325,0.20029876899356464,3380741000000,
0.04054821653083771,0.03128357871180996,0.2001856258561432,3380746000000,
0.023528554505780286,0.035223313940237894,0.199819324567333,3380751000000,
0.033234809903973095,0.006785036351790449,0.20017512593415426,3380756000000,
0.024125117534261768,0.02581617177227504,0.2002136984183492,3380761000000,
0.030757243566225594,0.014468210888931137,0.20022798043971082,3380766000000,
0.033859217579768536,0.018611837864647658,0.20000748183421155,3380771000000,
0.004906950997804933,-0.003123320828672109,0.19967594833603525,3380776000000,
-0.00019593910834552267,0.023237252763261,0.19983089966153247,3380781000000,
0.032421819290645366,0.03161686092464377,0.20014114974676261,3380786000000,
0.012617902753516482,0.04151224337355341,0.19983263208041213,3380791000000,
0.010276495693527402,0.018464452972677542,0.19984206324191356,3380796000000,
0.026727952712061007,0.030993338317351554,0.19995007220211958,3380801000000,
0.0015673550085423989,0.024731071083189705,0.20005898027165026,3380806000000,
-0.0006636778341980506,0.03853033323447062,0.19993705817325536,3380811000000,
0.1829135100705748,0.03996652173416842,0.19996854793256394,3380816000000,
-0.010934449828083132,0.07025350388081077,0.19989954809112095,3380821000000,
0.020408626346284667,0.012187230909509277,0.19994323142084172,3380826000000,
-0.016863712024654465,0.02457960546780262,0.19999960498769995,3380831000000,
-0.021712779798080794,-0.008577392849556165,0.20012400751222412,3380836000000,
-0.006352097476800905,0.0015807745002819028,0.19988452258810518,3380841000000,
-0.023674448897786478,0.04900930279771277,0.20019408525505958,3380846000000,
-0.007033783184239403,0.03593659891410958,0.19957932223047087,3380851000000,
-0.02353934714434204,0.035597948144264736,0.19968315376472492,3380856000000,
-0.0004628746535920176,0.01885256198091017,0.20033384498228354,3380862000000,
0.004105846757186848,0.03020261760830292,0.1999017235540217,3380867000000,
-0.04232349706124114,0.03118783466022373,0.1997501800975812,3380872000000,
-0.0028116253533454864,0.028411085681577904,0.20015669097477073,3380877000000,
-0.011204274504864827,0.03439961618550328,0.19988591304272257,3380882000000,
-0.022839279500206696,0.021034994585997894,0.19970160967653203,3380887000000,
-0.010142428652506235,0.014383537985576896,0.20023009624444588,3380892000000,
-0.01979913365584743,0.0661737683908089,0.19999952440883464,3380897000000,
-0.045377603233493824,0.017821636944148858,0.199743012466323,3380902000000,
-0.05819691869310613,0.004764239530485798,0.20007178790225394,3380907000000,
-0.04216772007975659,0.009016211764555308,0.20033777842766662,3380912000000,
0.18543940774561443,0.014413952462579555,0.1999487923021281,3380917000000,
-0.03731637416545988,0.01659456070612293,0.2000328270469484,3380922000000,
-0.05626137154085702,0.0470390111374549,0.2000583053374743,3380927000000,
-0.026646944125865293,0.03137487678403255,0.1998997959728939,3380932000000,
-0.014610977191381578,0.030730697935319295,0.19980333958436716,3380937000000,
-0.038031689513188575,0.04842226569582662,0.20003602421558267,3380942000000,
-0.04471970143429478,0.04703961178672717,0.19969072187518308,3380947000000,
-0.06987428795605832,0.020281546847452335,0.20029809187996797,3380952000000,
-0.02831003053188539,0.05078398628234742,0.20033576608308792,3380957000000,
-0.02705906123709639,0.04798977517877529,0.2002321549052466,3380962000000,
-0.06818376652445152,0.028626520146962472,0.19977573096824416,3380967000000,
-0.08727889352416787,0.009044397158708969,0.19959633896927503,3380972000000,
-0.056791964861130625,0.027622320117334224,0.19963728702244626,3380977000000,
-0.08017008656219389,0.019348122793950723,0.1997696179696479,3380982000000,
-0.1140757667918822,0.04677381139096487,0.1997396615099078,3380987000000,
-0.07651623715380657,0.0698641234396429,0.19971914976936364,3380992000000,
-0.07575852968323862,0.04253166087493271,0.19974678724690165,3380997000000,
-0.0655706693841277,0.026576532587511217,0.19982988013686076,3381002000000,
-0.11057688659231707,0.0413972131172134,0.20003159958299227,3381007000000,
-0.08473808830054512,0.055837031371690396,0.2000374511758426,3381012000000,
0.0581116971969613,0.03703657257570871,0.20000940413426946,3381017000000,
-0.06260219413782661,0.059556059440516534,0.20012233091851128,3381022000000,
-0.105983223449402,0.05208141503867703,0.20006095998601833,3381027000000,
-0.09204134749106833,0.012752863255778554,0.20002484141903806,3381032000000,
-0.09906027461711334,0.03326873706118628,0.20038786407124864,3381037000000,
-0.08614189958110341,0.024682541025119034,0.20029578931740424,3381042000000,
-0.09687511259591529,0.037445516490796506,0.20080432775301982,3381047000000,
-0.1160383896617599,0.056486003970623366,0.20009607769011278,3381052000000,
-0.09296639481202128,0.045415409237106914,0.20047724080354165,3381057000000,
-0.058341999174022025,0.05445734155359582,0.20007401185758553,3381062000000,
-0.10324588046217366,0.044709594497756446,0.20006999913181422,3381067000000,
-0.08334227163277724,0.05808696657530638,0.20031784430632896,3381072000000,
-0.04777136093545393,0.053338914908793736,0.20013177160656265,3381077000000,
-0.11732405483678111,0.061141614346246216,0.1999885357262075,3381082000000,
-0.097580031758377,0.01643497833790238,0.19954535701783463,3381087000000,
-0.09379632768669474,0.040313611027488074,0.19998743936917973,3381092000000,
-0.12336948145705458,0.05781268592453985,0.19992206024641918,3381097000000,
-0.11828064372520956,0.051969859276073574,0.19999614899781173,3381102000000,
-0.12477715125041948,0.06386053556106613,0.20034739563987233,3381107000000,
-0.1333519882437591,0.05598242502879376,0.19947914739899567,3381112000000,
-0.13578427023408862,0.04834867845134048,0.20011230988678042,3381117000000,
0.0728502405270604,0.05524181144539142,0.2004667792700518,3381122000000,
-0.1250986124743198,0.04108649643077167,0.19982974858366453,3381127000000,
-0.1285683492548433,0.04216397770378666,0.20004119062589365,3381132000000,
-0.10048930871995054,0.08877608271160722,0.20000972410884815,3381137000000,
-0.10988594836544598,0.04578501359517191,0.19993228204391045,3381142000000,
-0.12900116536872927,0.05179330028157551,0.1998727639062914,3381147000000,
-0.12255668120418889,0.0028457225443711126,0.19994165076518655,3381152000000,
-0.15410500051835654,0.05283058539409405,0.2000111021492232,3381157000000,
-0.12837357213433478,0.05359538699227288,0.19982068100080516,3381162000000,
-0.11892486129119148,0.04982771968107754,0.2000161377093895,3381167000000,
-0.12594193495733516,0.04606601347830284,0.20024226409675358,3381174000000,
-0.16343424547682406,0.03741576801579517,0.19963657927778705,3381179000000,
-0.13987173265694236,0.04735988063653468,0.1999999783373272,3381184000000,
0.053553890204809794,0.02655207479157671,0.20015725199166834,3381189000000,
-0.13091868821646596,0.03869443498760851,0.19998515281719337,3381194000000,
-0.14424208073296663,0.06319101434756087,0.19985958866231868,3381199000000,
-0.14737642651398875,0.034767669984630115,0.20012493648254057,3381204000000,
-0.15514329774557706,0.06055492277332937,0.20013154710413503,3381209000000,
-0.14392838930221433,0.031056138023998203,0.20014560272179535,3381214000000,
-0.11111819338685384,0.05351364617075357,0.19979763684561871,3381219000000,
-0.11958611732496291,0.059513090118084824,0.1996766484591,3381224000000,
-0.14001759884903778,0.037538332561403896,0.19991292626472285,3381229000000,
-0.1354271173620256,-0.0010453969651357392,0.2001339075728956,3381234000000,
-0.14117046897107793,0.058809992808769376,0.1998512538390438,3381239000000,
-0.1626600099110899,0.06100387821972552,0.19990215946346981,3381244000000,
-0.159060229854124,0.0468046142544261,0.1998679208305325,3381249000000,
-0.16697497356318838,0.0485439692334767,0.19999236298936002,3381255000000,
-0.14971313913627035,0.02437707173945179,0.20028485726098116,3381260000000,
-0.11047875089241882,0.040810274658886835,0.19999381641896652,3381265000000,
-0.1403508808896214,0.021114769249225316,0.19983596385317778,3381270000000,
-0.18661284263533176,0.06834300064448195,0.19982890859419458,3381275000000,
-0.16983434293608024,0.03836014346173097,0.1997074846820646,3381280000000,
-0.17485033772382594,0.0890635111096606,0.19975929062837186,3381285000000,
0.03889284135686545,0.06248297746180787,0.1999486002916384,3381290000000,
-0.13181985707333113,0.05333407639182139,0.20020637113815043,3381295000000,
-0.17734436887383717,0.03659214489716854,0.19975503500887268,3381300000000,
-0.1297380915274431,0.06600035531106366,0.20017934156081946,3381305000000,
-0.14802270397770761,0.01829921435473621,0.20014382709687362,3381310000000,
-0.1481648216874384,0.08096309241919845,0.2000981271028011,3381315000000,
-0.14931765003676192,0.02321665656263197,0.1999332841908292,3381320000000,
-0.18321435490054694,0.061909327363904726,0.2000927289995685,3381325000000,
-0.17529752981661928,0.07512812256003884,0.20004560595083515,3381330000000,
-0.14112785944622652,0.056948499491964816,0.20013101056549565,3381335000000,
-0.1589356323821734,0.0545422752050755,0.2000732588893038,3381340000000,
-0.15706058108017373,0.05898506044167871,0.2001565081674851,3381345000000,
-0.13413392896060344,0.05522077988172015,0.20001670865978413,3381350000000,
-0.19272776039806389,0.04757142542584707,0.20018535916151078,3381355000000,
-0.1603787322384802,0.06342452338124913,0.1996555379084364,3381360000000,
-0.15753488517529537,0.046201786055574255,0.20002301569572506,3381365000000,
-0.13720639011431976,0.043487423728457784,0.20016632612893512,3381370000000,
-0.15313452424263196,0.06415341821943425,0.19978624149280072,3381375000000,
-0.16318860593852405,0.04045240588165758,0.2001494161792122,3381380000000,
-0.1865409512858193,0.05301720339642661,0.20004967656240474,3381385000000,
-0.16922882777846054,0.06254616496746725,0.19979415218418425,3381390000000,
0.08208461467098876,0.03172184319914893,0.19997247226110823,3381395000000,
-0.15420099106145907,0.053319171825815,0.20008602154918506,3381400000000,
-0.17024013333342355,0.032244971685473356,0.19972129776067715,3381405000000,
-0.13088213246020897,0.05052178459102482,0.2001518089747361,3381410000000,
-0.14926670078078408,0.07516772244526088,0.2004445933078581,3381415000000,
-0.1431104659509524,0.030126677274644593,0.20008422574418658,3381420000000,
-0.16454704808497986,0.07676678324467996,0.2001110329582572,3381425000000,
-0.15384776086478757,0.0943397270063899,0.20018321081043625,3381430000000,
-0.15765742510057917,0.04239076478284854,0.19996031948697138,3381435000000,
-0.17475008641333162,0.0504617477862599,0.19991360104997347,3381440000000,
-0.1380066616874976,0.06622616385482806,0.19960644568647326,3381445000000,
-0.12496612969767285,0.06293531628917759,0.20002066633025184,3381450000000,
-0.16010155175202317,0.0517351263281772,0.19976346625058694,3381455000000,
-0.1700331472702487,0.05938517978187138,0.20037568374812234,3381460000000,
-0.16291963550017804,0.057907945874891946,0.2001291562684451,3381465000000,
-0.15705147925477533,0.018989970120268297,0.2000169883841181,3381470000000,
-0.13784013851972077,0.033480383568534305,0.20004254452670506,3381475000000,
-0.15118438090631847,0.05243384442369566,0.19993062555939375,3381480000000,
-0.14773744766713104,0.06344750512685977,0.20041706817209962,3381485000000,
-0.15589709338084298,0.05956455285128745,0.2000673238286725,3381490000000,
0.053832625024368363,0.06531128187025495,0.1998886421262326,3381495000000,
-0.1474602162114673,0.04982956824174838,0.1997880254446766,3381500000000,
-0.14149569528533093,0.0709243530973611,0.19967462317696538,3381505000000,
-0.15568418089212005,0.07356292732976331,0.20011623365449674,3381510000000,
-0.1476034906689188,0.042882907922136254,0.20010618199242133,3381515000000,
-0.14920059203652308,0.0575520262602252,0.20001215380883539,3381520000000,
-0.1494265086353675,0.056646318628497686,0.19978559367474202,3381525000000,
-0.16151443596630385,0.05264356877718095,0.20027691806812525,3381530000000,
-0.1803237144382969,0.06161260384295382,0.19997674203367347,3381535000000,
-0.13219180397208555,0.040941375752288345,0.19978568005596317,3381540000000,
-0.16382995909153664,0.06844731487793418,0.2000477429408962,3381545000000,
-0.1576000456638483,0.040066106948406295,0.19994940962589364,3381550000000,
-0.1334763930736424,0.07104180749046125,0.20008320583957456,3381555000000,
-0.13475373965311283,0.042344184514095565,0.19990673376705134,3381560000000,
-0.1370735273366066,0.03545262464710754,0.20029104782003398,3381565000000,
-0.13869936241448763,0.05037989782105692,0.2003064808246498,3381570000000,
-0.12073973719588452,0.0573210300108326,0.19958693057862967,3381576000000,
-0.12662575068881524,0.07641534666868387,0.20013490791112873,3381581000000,
-0.15209503516451758,0.06137634978145865,0.2002430459638917,3381586000000,
-0.13734954101308935,0.049562649445346545,0.19984369085868325,3381591000000,
0.07208689208763935,0.08598122258485646,0.19997243379775903,3381596000000,
-0.12392369169454831,0.06904422922572377,0.19993986315406376,3381601000000,
-0.12974586706256222,0.047090137594277395,0.19949500965562256,3381606000000,
-0.146972086053345,0.06493818790138606,0.19977427735936273,3381611000000,
-0.12588101521548628,0.04371713234992752,0.20047350454772897,3381616000000,
-0.1309224299716246,0.07151994965330304,0.20002897603755804,3381621000000,
-0.1275724234888093,0.07404575461246662,0.1996707433524335,3381626000000,
-0.12783102904762278,0.06645803578528049,0.19996260389226292,3381631000000,
-0.11612004688874272,0.04945880329542684,0.19972429152772522,3381636000000,
-0.11174058646384893,0.054012044268937534,0.19990154047617448,3381641000000,
-0.09162204814989565,0.01642643398038974,0.19989657463127686,3381646000000,
-0.16348469842591215,0.05964935220906187,0.19977448903711428,3381651000000,
-0.1363525977732112,0.03244224778516919,0.19968304173181017,3381656000000,
-0.13714362519166795,0.0499176395894278,0.20000809640367334,3381661000000,
-0.08832889014714787,0.06127440151678083,0.19994688238255223,3381666000000,
-0.14395121446925044,0.04572548583213146,0.20007774094192668,3381671000000,
-0.12984316228453074,0.05891147497398346,0.19992955354320402,3381676000000,
-0.09531978326973897,0.06011425600318027,0.19970138439100102,3381681000000,
-0.13659101427568043,0.07162390527268454,0.20014211604395576,3381686000000,
-0.1171784736950594,0.06651911719053263,0.19994403557504506,3381691000000,
-0.11227397541117697,0.026735799242656004,0.1999476763205654,3381696000000,
0.08231299041549592,0.061459207175035134,0.20002833159922728,3381701000000,
-0.10724652078171254,0.06820076524087837,0.1999513454106739,3381706000000,
-0.14256532512796435,0.0648431732336713,0.1998560675635953,3381711000000,
-0.11495893913872528,0.06330747432532403,0.19986401712284213,3381716000000,
-0.12888227777381345,0.03413689549341542,0.1997925552354017,3381721000000,
-0.09102343645801526,0.06497305274206727,0.20018200287939877,3381726000000,
-0.06979092127522837,0.02996841365910353,0.2000723485361532,3381731000000,
-0.1099077316384236,0.03139687165994776,0.19999540047306574,3381736000000,
-0.13496866458999643,0.03264440238129132,0.19984749339717217,3381741000000,
-0.10963264931152675,0.052702301418817744,0.1998109467119321,3381746000000,
-0.09195076657854474,0.05650149569054896,0.19999713084183185,3381751000000,
-0.0844181153699812,0.020664689616574687,0.1997594056111176,3381756000000,
-0.07629936743730706,0.06880012720240088,0.1996621008916859,3381761000000,
-0.08287474071152424,0.06018725095265556,0.1998430828026675,3381766000000,
-0.09439806383295181,0.07082587013538917,0.2001621101358196,3381771000000,
-0.041717547448947005,0.0668090691214334,0.19989993488826988,3381776000000,
-0.10290714624092617,0.05290914386319958,0.19966023113338016,3381781000000,
-0.09952374517257334,0.06260558559962245,0.2004463924568656,3381786000000,
-0.0929864607159199,0.05566022847656047,0.19972297216718135,3381791000000,
-0.07927612935242252,0.04543797081109901,0.1998941297259384,3381796000000,
0.15328640809140368,0.058858521319795506,0.1997770958387489,3381801000000,
-0.04774173661523508,0.055067682602007,0.20011289256806178,3381806000000,
-0.045597312978684024,0.0625136324530639,0.20025156343661601,3381811000000,
-0.0531513668173097,0.06071028387369589,0.19998650054375677,3381816000000,
-0.0697541448708879,0.05341818359801137,0.20008228029226593,3381821000000,
-0.07297191175833781,0.028494347530730543,0.19988078631629289,3381826000000,
-0.17319015010156388,-0.08419964216279525,0.20059758550637238,3381831000000,
-0.04495049998376546,0.11766778572148671,0.2014153297075282,3381836000000,
0.01760362879137565,0.15380299319388036,0.20138192912018382,3381841000000,
-0.1375470813228872,-0.06825718413916441,0.2014596008934157,3381846000000,
-0.017196728680413324,0.06368404898237505,0.20177378196487564,3381851000000,
-0.04384047768383483,0.04857384639444676,0.20185358903747974,3381856000000,
-0.05973434975266991,0.036953974871761344,0.20176523087923182,3381861000000,
-0.02658321218582561,0.008360077587278664,0.20192663566865846,3381866000000,
-0.0985277985285107,0.05274827813590372,0.20213361726361787,3381871000000,
0.004786191108446636,0.022185884633557536,0.20137893970354648,3381876000000,
-0.05987496599460332,0.04129157726245915,0.20125122635643672,3381881000000,
-0.04200338733167078,0.04350262216569632,0.20093701056254465,3381886000000,
-0.031977227634899186,0.037336264933526805,0.20019682981936945,3381891000000,
-0.040250596923647144,0.046613798019486015,0.20036453758653247,3381897000000,
0.19358049224629165,0.04269913102925784,0.19977226300898848,3381902000000,
-0.03047107827103846,0.04402168339632968,0.1994053241113618,3381907000000,
-0.027573922112411994,0.055673543532629786,0.1993433942217802,3381912000000,
-0.022901496773099293,0.03319746286903377,0.1992711632571531,3381917000000,
-0.0374820100858318,0.04296513309971567,0.19928436928385262,3381922000000,
-0.036392919945915335,0.05174567286665118,0.19882571883526637,3381927000000,
-0.03667244159561087,0.03179901435159228,0.19900942823441398,3381932000000,
-0.04012362474175678,0.0876751572941396,0.19903117744411222,3381937000000,
0.0309437972988423,0.0353873791055308,0.1993710050140441,3381942000000,
-0.014546380575443985,0.07167038187084396,0.19935046192850697,3381947000000,
0.002098955773194043,0.05475546380609688,0.19971760850958267,3381952000000,
-0.0017453917509536515,0.031115533077942095,0.20000597484829563,3381957000000,
-0.0032345231465885434,0.07423818023758577,0.2003105766787087,3381962000000,
-0.013815297682468208,0.038599777016509094,0.20041189301311005,3381967000000,
0.009600547551333096,0.06237632998532541,0.20047043146648844,3381972000000,
-0.017790992503447185,0.06185546392562849,0.20049123580444111,3381977000000,
-0.011384335190648522,0.03997587349348935,0.20040777975208637,3381982000000,
0.0010007426758207728,0.05300568850990845,0.2005929446624341,3381987000000,
0.022749179976385217,0.06371378851141936,0.20049416727869993,3381992000000,
-0.0013014082154137636,0.07513743505660596,0.20007780144819542,3381997000000,
0.011762261670368267,0.08392850428437348,0.20043842667911915,3382002000000,
0.23589348201177773,0.035616580867928224,0.2004334317262875,3382007000000,
0.007956344848769604,0.048852943759561736,0.20041844300186418,3382012000000,
0.026716549060076727,0.06556820695035631,0.19991801104366588,3382017000000,
-0.0015353841765687725,0.0758319277320238,0.20002273109476884,3382022000000,
0.045815770362180756,0.044142792183324085,0.20012366087021025,3382027000000,
0.0030982476948427477,0.05263006747220879,0.1997823700109375,3382032000000,
0.04673357701404228,0.06783623627662824,0.19924899054761117,3382037000000,
0.024807502117533773,0.03281660362229015,0.19984331976199105,3382042000000,
0.037361888529345515,0.04510963268514544,0.19989712285323064,3382047000000,
0.017285957291973367,0.008959156776509769,0.19957759987412932,3382052000000,
0.05363375811634012,0.04893053313861537,0.19958043812518483,3382057000000,
0.033802312929528434,0.055467625128705116,0.19988168184826557,3382062000000,
0.034062736919396784,0.05195575408872204,0.19971097061769236,3382067000000,
0.011723121570275372,0.04238770870886685,0.1999774880629297,3382072000000,
0.03300253136552056,0.0662286609768998,0.19982076188160114,3382077000000,
0.04007717437136357,0.06714183831132084,0.2000113483987338,3382082000000,
0.04135128293567936,0.051455426415431944,0.20002591659173571,3382087000000,
0.021663355241340946,0.028527846671120266,0.20015323039009816,3382092000000,
0.04505264506788469,0.06008371066142608,0.2000604677830657,3382097000000,
0.044005608701919045,0.05194801843996169,0.20028154404130022,3382102000000,
0.2605855479845582,0.0462859161697122,0.20007808612609107,3382107000000,
0.030191624492675734,0.06973413496294249,0.20014867689097926,3382112000000,
0.0568062746657684,0.027039877792301156,0.20021496064758096,3382117000000,
0.031157671265482467,0.05222847213344923,0.19989008654513468,3382122000000,
0.026033308512851964,0.019953786740007046,0.19995266718993593,3382127000000,
0.055361381747313976,0.036966514802453304,0.19984493906527237,3382132000000,
0.0905574168901283,0.0018410201941400015,0.19981057937890717,3382137000000,
0.02486044298435244,0.057536703942933705,0.20006532274386332,3382142000000,
0.045064144060891244,0.03371826068544012,0.19993746410475396,3382147000000,
0.03498300999551731,0.02486054673919079,0.19995530335872616,3382152000000,
0.04094583759682488,0.023230231637901298,0.19983265378590256,3382157000000,
0.06615281836680062,0.06746064619715708,0.20023512757434653,3382162000000,
0.039565018351885,0.04003664241101529,0.19984474277861317,3382167000000,
0.055007917648497495,0.03248083576350623,0.1999114008491676,3382172000000,
0.06670030813335229,0.052313191792712044,0.19997911476013017,3382177000000,
0.04802261660999213,0.060795333946061715,0.20016761332215055,3382182000000,
0.05024671599807902,0.03811878415061988,0.1999885546658393,3382187000000,
0.0977331879616054,0.06183086287791381,0.19997392985808826,3382192000000,
0.058799153309531,0.08514174622224262,0.2000205080131293,3382197000000,
0.0935554219851005,0.06396265128222961,0.2000275419645312,3382202000000,
0.24290278788305106,0.04278167047863775,0.2004342787154918,3382207000000,
0.11122279208645615,0.036850399302535176,0.20014699090642993,3382212000000,
0.07745686218694015,0.057181436650941955,0.2004836912032727,3382217000000,
0.081233771596309,0.047660037233699847,0.20041002217181608,3382222000000,
0.09266577312579151,0.007871383218965682,0.20067665579022956,3382227000000,
0.07292067164425468,0.046309198139129426,0.2009064465645334,3382232000000,
0.09145093757934625,0.04060706056209204,0.20082686469863317,3382237000000,
0.11635879209157923,0.06504757130199544,0.2011816871971426,3382242000000,
0.11990196197572223,0.09615904320352067,0.20173001140657112,3382247000000,
0.08371800972722529,0.05637813740935125,0.20169246184838796,3382252000000,
0.11869439565715717,0.08184965675970321,0.20121121936170736,3382257000000,
0.0980657926691205,0.044649254300282284,0.20144747029009458,3382262000000,
0.07763085201867694,0.05939444485901,0.20098716327291533,3382267000000,
0.09887066595713292,0.039048836397171605,0.2011187667186649,3382272000000,
0.07129595053945768,0.05258283201710827,0.20054487337502488,3382277000000,
0.09730895770830669,0.0145406010409838,0.20019417029516287,3382282000000,
0.0863723403316695,0.03804965312167252,0.20008729387661153,3382287000000,
0.07131490387055886,0.03589042731556554,0.19988597395828983,3382292000000,
0.11674094838233369,0.04846843341699677,0.19925822550642355,3382297000000,
0.1077905512543855,0.0599261866717502,0.19832510953832147,3382302000000,
0.09727914294260502,0.06462822518059652,0.19843197717341976,3382307000000,
0.2886797590624574,0.03344682360516705,0.198139427569511,3382312000000,
0.08847804153890523,0.03560762692291137,0.1975456404996679,3382317000000,
0.07902965931367312,0.04661790430407506,0.19696516353345334,3382322000000,
0.08936138307416915,-0.001503074189792654,0.19728888227971433,3382327000000,
0.09894851953418642,0.04348944001480302,0.19675377589365756,3382332000000,
0.07225837727502223,0.02528432806748255,0.1972271043694648,3382337000000,
0.11214756279333571,0.06385929543766175,0.19758307422938776,3382342000000,
0.08195240682729865,0.03578997229171694,0.19784697425265269,3382347000000,
0.07937719754396348,0.03443993286125821,0.1981379323594384,3382352000000,
0.07606662966766652,0.028805457832980677,0.19880608678974673,3382357000000,
0.11614903586928085,0.05871422855035491,0.19920250860540906,3382362000000,
0.1115350948106886,0.05415065755620674,0.20002662964482745,3382367000000,
0.13389402739854223,0.041317413801952474,0.20016432177760018,3382372000000,
0.1141290688087376,0.00905411949089989,0.20118105208005352,3382377000000,
0.1191838098630463,0.056907730202789164,0.2014146013085087,3382384000000,
0.14418539857235124,0.028272640366112788,0.2024118521351378,3382389000000,
0.1120200440028075,0.07112632144975328,0.20226603363048626,3382394000000,
0.08211288396970495,0.030288522790797825,0.20278367671088288,3382399000000,
0.11036911547742521,0.05534750551127814,0.20269626098944515,3382404000000,
0.12012099280806894,0.040712417758676615,0.20254838344058743,3382409000000,
0.3141523981864559,0.049824906332985336,0.2027507515735699,3382414000000,
0.11169301072223206,0.04643116388428133,0.20229715436789397,3382419000000,
0.10472558042133645,-0.002440547303915748,0.2018780352173174,3382424000000,
0.10577748900699935,0.06897388939972662,0.20125951897602978,3382429000000,
0.12445444554549653,0.04875684935710092,0.20118625652187333,3382434000000,
0.12740447379688766,0.05872020574199755,0.2004701755128174,3382439000000,
0.09645663853931263,0.018160478461551756,0.20025846601230168,3382444000000,
0.10107440187919917,0.004449971679247398,0.20027416483954374,3382449000000,
0.11638417526348013,0.018841905145292534,0.19924994779177324,3382454000000,
0.11216205847075282,0.06220512492533675,0.19957669200214073,3382459000000,
0.11627452084209879,0.03822180832092339,0.19867648249963538,3382464000000,
0.11663219879366352,0.02712750881578651,0.19864832553676523,3382469000000,
0.12136845736562411,0.045059154721938936,0.19832456526291817,3382474000000,
0.13631100993031903,0.05732959425288614,0.19824041918975885,3382479000000,
0.1266508304538532,0.06045080474009577,0.19820482873199166,3382484000000,
0.1129737627094745,0.005771170896565939,0.198173698550372,3382489000000,
0.1160986440272119,0.033777897731224325,0.19821022626911064,3382494000000,
0.10143336045763492,0.014957228173075338,0.19854615072701026,3382499000000,
0.13247591176100032,0.024468012877395463,0.19851194809690503,3382504000000,
0.14038955479124712,0.03297980228224629,0.19858349683284232,3382509000000,
0.2879323503241372,0.03795236716689883,0.1991752317712168,3382514000000,
0.1328436644935183,0.019774770360030624,0.1992496230776337,3382519000000,
0.11785664066407064,0.05744086743059317,0.19963232069989523,3382524000000,
0.12653771852054524,0.03782820509062588,0.1994682867342471,3382529000000,
0.13063448427965682,0.01483371627314847,0.1998091967844248,3382534000000,
0.12032071564129353,0.027880759318740123,0.20026578827096722,3382539000000,
0.09682818408118674,0.022693354583687642,0.20041411411682838,3382544000000,
0.14994713607855095,0.060516215534239345,0.2008181111781346,3382549000000,
0.10797819540811841,0.04299164538749868,0.20081256144625018,3382554000000,
0.12983009308084517,0.024342494007390972,0.20089902595896567,3382559000000,
0.11113023834036873,0.03001186646742137,0.2011857197851773,3382564000000,
0.11369342054769023,0.039216690025028464,0.2007626399891584,3382569000000,
0.11268850951198896,0.02516537186890569,0.20047597333627654,3382574000000,
0.11678848014807397,0.03243264483131126,0.20075895549899278,3382579000000,
0.12468695869419864,0.04798828682148616,0.20085459367401817,3382584000000,
0.14651731986778022,0.041543746514410826,0.2002502564183679,3382589000000,
0.13823593924286864,0.06204934601366023,0.20043521651060825,3382594000000,
0.13620698486965757,0.012496730206590975,0.20048814399954656,3382599000000,
0.11184079724905634,0.0374355753704854,0.20033390782823216,3382604000000,
0.12572422982679518,0.06200318603188349,0.20057569784150417,3382609000000,
0.1382304794357594,0.02903292731170271,0.20041760066478223,3382614000000,
0.2795378583828194,0.05698298720600449,0.199792794688079,3382620000000,
0.11157210713152903,0.007969331734151111,0.20014184501650947,3382625000000,
0.10756620127980866,0.02116231265923353,0.19992833197349816,3382630000000,
0.1423696895592346,0.06036859347236867,0.19981541365124456,3382635000000,
0.12343619672891662,0.014054863636572296,0.19983714514904907,3382640000000,
0.14678596919393197,0.03309845309462214,0.1994725240578201,3382645000000,
0.12070291639747868,0.05224331097448003,0.1996058570149741,3382650000000,
0.0989029330162471,0.002655785641952846,0.19926691948299532,3382655000000,
0.11846506894075519,0.01907997577713787,0.1996146889935475,3382660000000,
0.13371983816163321,0.059865128857007385,0.19928806885083164,3382665000000,
0.12071428389267107,0.028827610608911803,0.19944520648531364,3382670000000,
0.09388636041859241,0.04330716675512097,0.19948877817818225,3382675000000,
0.1461727716052057,0.049190582967684617,0.1993316688671349,3382680000000,
0.3327560735630848,0.05399743948829727,0.19941288697489593,3382685000000,
0.10557451316154731,0.04013679792323827,0.19963049045919334,3382690000000,
0.10367047327518014,0.045518158256850905,0.1996120879024618,3382695000000,
0.12634389198851176,0.02075927348943162,0.199222648789509,3382700000000,
0.08624275577823791,0.05829559132008556,0.19982972610749367,3382705000000,
0.12289226565488816,0.0258855916461228,0.200142548567014,3382710000000,
0.13336387175892128,0.015411146100346246,0.2000187239671358,3382715000000,
0.10814006539798114,0.02813161719436235,0.19963414696755977,3382720000000,
0.12780589864649972,0.02630826155039665,0.20003142283739456,3382725000000,
0.1117291348552527,0.031135029673623967,0.1999734485039041,3382730000000,
0.10197007514561099,0.038599210681844756,0.2000045234729628,3382735000000,
0.10653829601884049,0.04612618041701599,0.20046403206431393,3382740000000,
0.08736612680227723,0.0392448832149569,0.20050545624916027,3382745000000,
0.1416794666741134,0.036433055715996567,0.20051899251444158,3382750000000,
0.09770236377433052,0.004891212766303159,0.20081427525821546,3382755000000,
0.11712398037745848,0.05844269717770121,0.2002371508952301,3382760000000,
0.10172855208859634,0.056824699129179396,0.2006767041822125,3382765000000,
0.09613863955909813,0.026808959989685653,0.20058690356412187,3382770000000,
0.10449925694948482,0.03858251340874,0.20012391267472227,3382775000000,
0.138003345344442,0.038010467708973275,0.20046511430245972,3382781000000,
0.36562136140557466,0.05136105764007749,0.19998687938445356,3382786000000,
0.10549302008641813,0.02619445564332385,0.2004496986792125,3382791000000,
0.11751672635841554,0.035200495121738146,0.20003543904951113,3382796000000,
0.04627335467765675,0.06267263956875986,0.1998823506991457,3382801000000,
0.11937169350891808,0.028380222283884163,0.19991254326586957,3382806000000,
0.09857878622287333,0.039526348148702935,0.20000325688675868,3382811000000,
0.1165531041223276,0.034916109367600895,0.19991720279576541,3382816000000,
0.10902226299166679,0.0420010310391699,0.1998772268475407,3382821000000,
0.1113352829202967,0.02788070523744067,0.19959725695387237,3382826000000,
0.13286227644932025,0.05834934686350448,0.19937091052003264,3382831000000,
0.10701408317370807,0.045261315490856116,0.19987295061234658,3382836000000,
0.08757553607451046,0.043220244181843656,0.19979741010334037,3382841000000,
0.08407134680725696,0.049244512977719104,0.19931667720964613,3382846000000,
0.13229646473446957,0.050814741520922566,0.19948723868201976,3382851000000,
0.09764711383648009,0.007081780176800199,0.19966316049711927,3382856000000,
0.10807711723930517,0.043610251089002544,0.19964611665018966,3382861000000,
0.107868993599793,0.04674321540820463,0.19991797135804973,3382866000000,
0.11229334699648871,0.040740828046697423,0.1993478594642138,3382871000000,
0.09003495130158529,0.029117321519794064,0.1999052076468574,3382876000000,
0.1074937558750744,0.07559226691437007,0.19967665170466198,3382881000000,
0.030308173143598918,0.03109957089357923,0.2000145549026015,3382886000000,
0.27405065335569334,0.03181787106307299,0.2002326766158972,3382891000000,
0.09017192999385053,0.031196275473256242,0.20002506882033305,3382896000000,
0.07937337609160652,0.048572089085281156,0.19960271349134354,3382901000000,
0.0794932276313827,0.024216968935791162,0.20015260928781328,3382906000000,
0.07230221812453529,0.042655209359098695,0.20011399758633902,3382911000000,
0.11701748805873269,0.03420701784226025,0.2002777043824982,3382916000000,
0.08512235417908712,0.03160412486152721,0.20005527486500002,3382921000000,
0.08874410043973546,0.009352180149289967,0.2003952747226574,3382926000000,
0.08760395945987531,0.058716629357221134,0.20015325978744347,3382931000000,
0.11020126318846944,0.028008802133128903,0.20019685131219905,3382936000000,
0.10774950883467518,0.022500012232724298,0.20017472098197667,3382941000000,
0.10859959571066463,0.05537651760622735,0.20013746203275096,3382946000000,
0.09460220837736807,0.06302351498642028,0.2000812664204275,3382951000000,
0.06835451184165145,0.03685737786647886,0.2001381800947181,3382956000000,
0.09763835161345305,0.02208475644021652,0.1998089827709262,3382961000000,
0.0483328119527421,0.056338529527115475,0.19997279270067225,3382966000000,
0.07134645651832833,0.03672010795599454,0.19997869073543142,3382971000000,
0.0716626054389919,0.04074230196399236,0.20009989005461823,3382976000000,
0.03168935678754714,0.03526888552272262,0.19993223141980104,3382981000000,
0.09122655420052529,0.03867607860230505,0.20033310538311067,3382986000000,
0.2659424189073412,0.04368281536204093,0.20011178028243398,3382991000000,
0.07596985617046689,0.07018078706159316,0.2001471607565833,3382996000000,
0.06485769997536156,0.04410278081049971,0.19984347251291198,3383001000000,
0.06538854335306106,0.0008599400237794749,0.1997148409013541,3383006000000,
0.0810993264012591,0.029055525815090376,0.19976329959620218,3383011000000,
0.09181435453568274,0.04330754434895928,0.19899643990054533,3383018000000,
0.06357578144431349,0.04952935406038948,0.19932296963032345,3383023000000,
0.0791890052426935,0.047955222237063444,0.1993948882632916,3383028000000,
0.041964121231121906,0.012963517460957932,0.1994185121913619,3383033000000,
0.06557741157056544,-0.0023210030391054987,0.19935883210209945,3383038000000,
0.05298102248639926,0.05147872896326266,0.19968882389564663,3383043000000,
0.0773776759658028,0.03710128530520899,0.19969091735617878,3383048000000,
0.04841091312381078,0.022291083563761496,0.19980150217398462,3383053000000,
0.04643955857072113,0.019146565607694038,0.19998083947326492,3383058000000,
0.05106873406834623,0.049797443494338414,0.1996975589922076,3383063000000,
0.057036454207249065,0.04346305267343142,0.20010252668605963,3383068000000,
0.08021098824111318,0.057455584603653805,0.20041458211484905,3383073000000,
0.03765557383807622,0.07248675337262905,0.20002564911869433,3383078000000,
0.05357178841194191,0.0329353033744538,0.2002398203280493,3383083000000,
0.047932524966998014,0.06698168479037381,0.20029941693353384,3383088000000,
0.2731093420734755,0.03703630908239103,0.2003268604437913,3383093000000,
0.03934289122402045,0.03037327497557532,0.200303785501902,3383098000000,
0.04850882875798968,0.0635264429521684,0.20013578993518627,3383103000000,
0.05710464669756926,0.041742616504764886,0.20045770005627855,3383108000000,
0.053034057330095766,0.057536827925459,0.20004896944734712,3383113000000,
0.016950781310246767,0.013044448591514782,0.2002575567611021,3383118000000,
0.08285104818254166,0.02656566583832416,0.200098918278881,3383123000000,
0.043155404930344046,0.01773801334383292,0.20003548097913068,3383128000000,
0.012958214812549974,0.033400050649684015,0.20010565322571278,3383133000000,
0.033704237576668385,0.06705413192451881,0.1996141673731066,3383138000000,
0.030621293199654998,0.05745943983476233,0.19946691633537542,3383143000000,
0.036916533132076525,0.06530347604818679,0.19953215096088925,3383148000000,
-0.0027444964490338473,0.0635207364784769,0.1996216749033672,3383153000000,
0.06230784482382517,0.024484347397977814,0.19995501287886883,3383158000000,
0.0310086094977898,0.04266428859134057,0.20002102842903585,3383163000000,
0.03621147000686421,0.0636594534823261,0.20017607902605902,3383168000000,
0.010627001630882402,0.08468464226708831,0.20008232457973774,3383173000000,
0.044543348113927364,0.05206624217388667,0.20003699687412455,3383178000000,
0.017329849695293827,0.020842208633306464,0.19986267213131076,3383183000000,
0.0066650501097882935,0.036530493818737755,0.20003756206591405,3383188000000,
0.2122808174351186,0.034653685759790845,0.19987942085022797,3383193000000,
0.04067403532155427,0.04339321792511255,0.20006588865422678,3383198000000,
0.00967447144890596,0.049545910281324115,0.1998399080765579,3383203000000,
0.00652876317097331,0.028534640863235476,0.20021609413250258,3383208000000,
0.01960684294743521,0.056071277242961355,0.20010030850194013,3383213000000,
0.028626478260631767,0.06135990927470089,0.19959638382359202,3383218000000,
0.008580679500218598,0.03648666965005502,0.19989463682177172,3383223000000,
0.020731390324262026,0.04051105365446355,0.1998955744528856,3383228000000,
0.023582148299813296,0.06066473642467535,0.19986645771161332,3383233000000,
0.012063518671973472,-0.002028815426766084,0.1998899654609423,3383238000000,
-0.0006645587341573746,0.048946104821058295,0.20010686116919663,3383243000000,
0.024841387189140775,0.05573639502073001,0.19994844421683033,3383248000000,
0.021068514398610943,0.029352978372391897,0.20006119967804303,3383253000000,
0.014138119295514883,0.04383465641026147,0.19951720886145793,3383258000000,
0.012854791705136762,0.013330355328939995,0.20042071796336772,3383263000000,
-0.031032914655196007,0.055970735705186805,0.19998908633825735,3383268000000,
-0.0070847268291967845,0.06202102499958227,0.20009028170695273,3383273000000,
-0.006604764555505665,0.05212134202967163,0.19990992460733933,3383278000000,
-0.023605040717976818,0.0066143623132420976,0.19985131664245853,3383283000000,
0.010044121905216872,0.007120270403683744,0.19999903242480715,3383288000000,
0.018601318156091187,0.025491309543697774,0.1998037558928341,3383293000000,
0.18365355762973495,0.022428748629057704,0.19989526888806033,3383298000000,
-0.01805447343705292,0.025025600303390065,0.2000247017065786,3383303000000,
-0.0016976044834282021,0.047320790762543065,0.19990302689668113,3383308000000,
-0.04613816817696084,0.029938143436269268,0.20026974064532482,3383313000000,
0.0030230471724514117,0.0249805772111593,0.1998080418852933,3383318000000,
-0.0035796400756181873,0.06395344151195703,0.19995458131500757,3383323000000,
-0.029362622019578684,0.05218107913968176,0.1999305862634268,3383328000000,
-0.009841196067808498,0.03556891305764172,0.2004317789480653,3383333000000,
-0.018126863834065067,0.06745285662535727,0.20021822020349803,3383338000000,
-0.0013219270356764207,0.05135490211501349,0.2003414851427513,3383343000000,
-0.062009269622522435,0.043915587095785184,0.1998121028830269,3383348000000,
-0.059953452602601744,0.06325154147584568,0.2000138403182794,3383353000000,
-0.04637644783581599,0.06527431957244442,0.20016643072881446,3383358000000,
-0.03150763345388574,0.06781268830913281,0.19998761794965522,3383363000000,
-0.0563556018677503,0.01640458659678947,0.20024475006818948,3383368000000,
-0.06136339763767628,0.02616563551707735,0.20031077330993835,3383373000000,
-0.059698565589146366,0.06425011324809758,0.2002942532792934,3383378000000,
-0.07928130946671516,0.009778992757861628,0.2002553944312658,3383383000000,
-0.04824639042835155,0.0717284541632275,0.20021335346161434,3383388000000,
-0.08574952689818875,0.022715794346870388,0.19981838910381447,3383394000000,
0.12890434984531202,0.05417966672374067,0.19973933662031318,3383399000000,
-0.005866074635478124,0.131872964864221,0.20012078691660695,3383406000000,
-0.061622334976855916,0.015478809365344612,0.1996455189994128,3383411000000,
-0.07674530776746878,-0.011117293389299149,0.19946694275591614,3383416000000,
-0.03120715444506883,0.08017744152320305,0.19952143212069195,3383421000000,
-0.06754188361494724,0.04753454755186749,0.19972392271287526,3383426000000,
-0.040612908228110575,0.05531787847978187,0.19939384528745333,3383431000000,
-0.05985339239980071,0.0207019499054878,0.19960157456310246,3383436000000,
-0.045594640742057116,0.03998543884029737,0.19952149844932754,3383441000000,
-0.07301256120426902,0.04809476100839876,0.1992528526398296,3383446000000,
-0.07967347114268082,0.046442897731200514,0.19985660063517005,3383451000000,
-0.07489383073091685,0.030439651629351402,0.19954654316780956,3383456000000,
-0.08167743685868425,0.05139195534700443,0.1999684540935094,3383461000000,
-0.0821732762796281,0.041632160059728855,0.20016902412061371,3383466000000,
-0.051369951325276386,0.04810670586952951,0.19973034101152765,3383471000000,
-0.10555820654444381,0.06843309657377272,0.2004298532614871,3383476000000,
-0.052349644176939894,0.04638477913829252,0.20001349428901294,3383482000000,
-0.07689354853402097,0.038853105167415296,0.19995145203038583,3383487000000,
-0.0991755243175442,0.0638441831430233,0.20017178183754447,3383492000000,
-0.11333869538049969,0.034463660933743756,0.20037692286484018,3383497000000,
0.08969728993635875,0.050635959462984284,0.20054814137067228,3383502000000,
-0.13602925630966212,0.05063695502409232,0.20006686557039172,3383507000000,
-0.08354185752257189,0.03246373670055258,0.19963172820996603,3383512000000,
-0.0922969533171417,0.07294379179961707,0.20021363541513798,3383517000000,
-0.11268387914257963,0.07352133240556212,0.19995769437129338,3383522000000,
-0.10268809085509387,0.04644229179791194,0.19976914953510747,3383527000000,
-0.07590664428781287,0.0592709113548883,0.19977749152955937,3383532000000,
-0.06400925657052728,0.05056960289669745,0.19980154099907166,3383537000000,
-0.07988868342595332,0.058316630042417786,0.199769761004895,3383542000000,
-0.08693490776796223,0.06081290030580759,0.1997562719388,3383547000000,
-0.06604432991927817,0.048582622605406245,0.1999943218219374,3383552000000,
-0.06973963558488037,0.04214282648289991,0.1999571416529157,3383558000000,
-0.11139817429667417,0.04187919226389007,0.19988506634973024,3383563000000,
-0.11238124991851248,0.03394782942490644,0.1999142807641023,3383568000000,
-0.0929260058593931,0.06082579093390322,0.1997863744957279,3383573000000,
-0.10611931206635032,0.060420017851862025,0.20031605540900732,3383578000000,
-0.14761518741801172,0.024703654417702982,0.1999638108432615,3383583000000,
-0.10847313665583373,0.04286764376897702,0.19996515995895053,3383588000000,
-0.09868983398147285,0.04161646859518976,0.19974683856751785,3383593000000,
-0.08319667089102784,0.032430661748970316,0.2001082090685305,3383598000000,
0.08935966941902185,0.052683877093615994,0.20027958238730137,3383603000000,
-0.09334253063722699,0.06142021066708232,0.20004235693403463,3383608000000,
-0.146730984708157,0.03647598705671763,0.19995372465789243,3383613000000,
-0.1026650600800043,0.04221850630620386,0.19986254645463955,3383618000000,
-0.1292751863254211,0.05408232539832365,0.20005304629641915,3383623000000,
-0.10251144409223613,0.04617617123968445,0.19986090007202084,3383628000000,
-0.10497599157254471,0.04387056280268002,0.200173909443271,3383634000000,
-0.11316137565738156,0.05650312074501915,0.20018729078074732,3383639000000,
-0.10814269625284602,0.04991192801528355,0.20002298552347575,3383644000000,
-0.12597567536745857,0.06040890127030819,0.19984257696115992,3383649000000,
-0.09122485815177851,0.08267893188097729,0.1998293531160486,3383654000000,
-0.08579769229691553,0.047813488951957056,0.1997296066646441,3383659000000,
-0.11418724584080694,0.06691105913771879,0.20040253957914972,3383664000000,
-0.11110298411435322,0.03634807494064224,0.2001516674477142,3383669000000,
-0.08979108623377303,0.03487521045927862,0.20043587414738734,3383674000000,
-0.13875366379070578,0.03502303128920128,0.20013670212481618,3383679000000,
-0.1105029920926471,0.08232331381840965,0.19989326353504666,3383684000000,
-0.13794080622579638,0.02782279292470242,0.19982698762148643,3383689000000,
-0.1684778385439046,0.03606005196608467,0.1998969109687385,3383694000000,
-0.09674121333928193,0.036960505239338574,0.1998350607188018,3383699000000,
0.07549266193630834,0.06824690185621134,0.20000642096670568,3383704000000,
-0.13187692558498212,0.044836062466062074,0.20016447336583626,3383709000000,
-0.11881992015907275,0.05047991724712905,0.1997075097811131,3383714000000,
-0.14576364744050224,0.04695381318565572,0.19984789874534203,3383719000000,
-0.11494205922145806,0.03895798899175452,0.20003686782335317,3383724000000,
-0.13020229788635324,0.06739822564828796,0.20002729345218276,3383729000000,
-0.1605868994914736,0.07727236302541124,0.19976617438797178,3383734000000,
-0.12549063153200943,0.03687308751245417,0.19984625015089721,3383739000000,
-0.1444724161250724,0.05559385523922818,0.19969607866688766,3383744000000,
-0.14007858973160994,0.05339283504159653,0.1997149045739639,3383749000000,
-0.12347963762609553,0.04178347528905031,0.1999930298548452,3383754000000,
-0.11316554766327874,0.03311736008796061,0.2000450963797811,3383759000000,
-0.1536476134100199,0.06698847077531309,0.20033644698151992,3383764000000,
-0.12789918966754898,0.026693891456512065,0.19985732721578423,3383769000000,
-0.1419206589865632,0.04544299909208176,0.1997280908322532,3383774000000,
-0.1287923864032196,0.08835766873731113,0.20008739413078291,3383779000000,
-0.13930833546726057,0.06912101791209409,0.1999655908696153,3383784000000,
-0.12345678457634891,0.04514802172493827,0.200170165732774,3383789000000,
-0.12554723208342358,0.0564242013064596,0.19996065172224498,3383794000000,
-0.11601268031373359,0.06295029747349379,0.20003420911370826,3383799000000,
-0.1146082495364556,0.061160553913885876,0.2001953359066073,3383804000000,
0.08981997938392032,0.07875210843138727,0.2002405843377334,3383809000000,
-0.10966366233730841,0.0646899031073883,0.1999731557813253,3383814000000,
-0.09807680127201807,0.06712262735588363,0.20004995190623906,3383819000000,
-0.14660599965101107,0.04655934339119186,0.20034404951995458,3383824000000,
-0.10282042496175767,0.041444511484646944,0.19980544796916072,3383829000000,
-0.13021295269305663,0.05678021779064571,0.20027865353971,3383834000000,
-0.1273172874941473,0.058333722518827215,0.19990821055501645,3383839000000,
-0.09759393471232794,0.07859070644375335,0.1998994336552906,3383844000000,
-0.10063460222066958,0.04926185907376196,0.20019863113377417,3383849000000,
-0.09892735089342994,0.06794785522976284,0.19987485856583984,3383854000000,
-0.13051294626294815,0.08170418149060685,0.19994824656247667,3383859000000,
-0.12659969783514297,0.053573921073713116,0.19994142752068422,3383864000000,
-0.11060233295756326,0.083339646817496,0.19999880934505906,3383869000000,
-0.11102154419553971,0.061384631054784804,0.19988786956423038,3383874000000,
-0.10460492362269012,0.06716681309278236,0.1997651926004198,3383879000000,
-0.11942861211862389,0.06158932728668161,0.1996955202275484,3383884000000,
-0.1012870141994717,0.059403436354134545,0.2003966279497279,3383889000000,
-0.09928904761136209,0.05700651618039187,0.19983467056063367,3383894000000,
-0.12346404908386388,0.06799425195862033,0.20004657748842694,3383899000000,
-0.10647861816671764,0.04501068516992082,0.19973343761084503,3383904000000,
0.08421338708383774,0.06379033277237502,0.19999637409304996,3383909000000,
-0.1097112220228017,0.04497538447186083,0.19991012546936193,3383914000000,
-0.09115661172595332,0.058840000181761005,0.1999921366430112,3383919000000,
-0.1025867210737679,0.05845556165798085,0.2000791251710221,3383924000000,
-0.11478268737479654,0.0966987012853415,0.19953292831311434,3383929000000,
-0.10267497123123914,0.02645454464316262,0.20023366728797637,3383934000000,
-0.10808586796923889,0.04903499253667475,0.20020720556527585,3383939000000,
-0.11279220720798246,0.03286286442830432,0.20016443093406072,3383944000000,
-0.11528185648007055,0.08446934521356797,0.19981064660956546,3383949000000,
-0.09467489076271488,0.06711610166823621,0.1997894348250288,3383954000000,
-0.10050994765979611,0.08508685290772178,0.2001115034292975,3383959000000,
-0.0807886648434948,0.08231821701964823,0.19974087597722032,3383964000000,
-0.0970962274667965,0.06374149602437384,0.200002221743683,3383969000000,
-0.09010843127262655,0.08549494653141136,0.20011657880089714,3383974000000,
-0.09879914918172232,0.0645767578000196,0.1998168699209324,3383979000000,
-0.1309231142178022,0.0398689482981157,0.19997582381733095,3383984000000,
-0.10716702549655827,0.06492984500043261,0.20036187253522922,3383989000000,
-0.10132329832940264,0.07321484921270766,0.19958342225885062,3383994000000,
-0.08392188115176778,0.06621568918425744,0.20012960091428664,3383999000000,
-0.09820737114136523,0.061838945255658154,0.19977250135890584,3384004000000,
0.0607434276333872,0.04436018036328074,0.19993821279767346,3384009000000,
-0.07131131390851335,0.0673632731999196,0.20007322533408956,3384015000000,
-0.09441642815155214,0.04431437628781893,0.20000246594682689,3384021000000,
-0.11459912410741038,0.07101549608937213,0.20007565636563612,3384026000000,
-0.11161454820008085,0.03617236242967195,0.20027886426615066,3384031000000,
-0.08893794348760266,0.029363536790944316,0.19971775732542116,3384036000000,
-0.08105804907019105,0.0623263381160679,0.1999136911821212,3384041000000,
-0.06617101701991976,0.0671723557348848,0.19969437669661944,3384046000000,
-0.09146846746798953,0.04295445004295452,0.1998503874510551,3384051000000,
-0.050908280283073634,0.07253409098206662,0.19999388055549078,3384056000000,
-0.07651394504381448,0.05420968711746968,0.2001563614009279,3384061000000,
-0.048872349753779014,0.05569668677585851,0.19959215205981728,3384066000000,
-0.08336882077222785,0.05963717642298665,0.1999836153353005,3384071000000,
-0.08666760611900241,0.053265948281292066,0.19994361075062822,3384076000000,
-0.08656258198506132,0.05717968803483522,0.1999050790954601,3384081000000,
-0.09427817747003453,0.0408177144114962,0.19939540357095986,3384086000000,
-0.11003918235028001,0.01718937044217162,0.20026372661198283,3384091000000,
-0.04870769006693775,0.060782387073153754,0.1996773988086508,3384096000000,
-0.05339697845954261,0.06909879127807175,0.19981113421899904,3384101000000,
-0.0803633389872052,0.05648613052379651,0.20006411274441038,3384106000000,
0.11413078402223464,0.06409948376600348,0.2001240562324653,3384111000000,
-0.09226450210876036,-0.09384887571320688,0.2001903865505273,3384116000000,
-0.05488724074434317,0.05828588836351125,0.20095684109567863,3384121000000,
0.02813384984650087,0.26178105351297853,0.20089742483298165,3384126000000,
-0.15345763395203446,-0.14360151865308032,0.201309098702869,3384131000000,
-0.014240613031150075,0.07837227282059235,0.20192429536681747,3384136000000,
-0.04247264542417124,0.06982713218342683,0.20235557892740685,3384141000000,
-0.08641372810564105,0.08426979651101608,0.20252677079222664,3384146000000,
-0.041961439001062785,0.040741446394167366,0.20248144629643733,3384151000000,
-0.03645787953922215,0.07120617835390071,0.2023949242237022,3384156000000,
-0.05200512115584536,0.06137170769040766,0.20204735334642565,3384161000000,
-0.028264545317200105,0.05687418452056448,0.2015124526020913,3384166000000,
-0.03372288717102687,0.06987952915759196,0.20135605498608858,3384171000000,
-0.059032916688083435,0.059274016042703236,0.20070903881218882,3384176000000,
-0.03926520292228264,0.03946768787184324,0.200166470388015,3384181000000,
-0.05105236464774044,0.07982973235280931,0.19979850817338735,3384186000000,
-0.0474246485556308,0.06464355215516183,0.1991772901728003,3384191000000,
-0.03620729412707385,0.05151032325950586,0.19911443221421468,3384196000000,
-0.03704922731478088,0.04296641915058409,0.19843698936393703,3384201000000,
-0.021351789981299656,0.061746381187894786,0.1986242821762,3384206000000,
-0.013193059518835214,0.06878462102917376,0.19831668449135473,3384211000000,
0.1507526446355472,0.07201344196011476,0.19869201255202595,3384216000000,
-0.03170010738293502,0.05864068069556118,0.19854844719752154,3384221000000,
-0.016237318057119518,0.06591501310962736,0.19892893541405926,3384226000000,
-0.02488380279021103,0.03980933847593808,0.1990329013681256,3384231000000,
-0.03467949876329281,0.06591589023623501,0.19954202173828453,3384236000000,
-0.018976002187763217,0.05683357024295422,0.19991476381977366,3384242000000,
-0.02464137844301331,0.06385930606079142,0.20030874188429573,3384247000000,
-0.0027362843228155905,0.07498587748863476,0.20036107344920384,3384252000000,
-0.02319659426229979,0.037225535065981516,0.20049756686852183,3384257000000,
0.00016625242900045016,0.06417159955339666,0.2006640909697225,3384262000000,
0.0011161729807673618,0.0354530440971747,0.20064324237062306,3384267000000,
-0.012839422764564436,0.05174994140443995,0.20081404377869946,3384272000000,
-0.029347336471632946,0.05716004904621106,0.20067571057194664,3384277000000,
0.19677886502870515,0.05770233927178406,0.20058471980654247,3384282000000,
0.0011635528442182916,0.07046781829695646,0.2006894445762825,3384287000000,
-0.01668526513211657,0.06039832314973333,0.20012053242695482,3384292000000,
0.017347528779010437,0.024913254604323386,0.20058790124403378,3384297000000,
-0.027424950370385587,0.055085424051738566,0.2003717597455824,3384302000000,
0.017937098571719025,0.048949467813928865,0.20019236648881467,3384307000000,
0.010133020749958336,0.024013365218332583,0.19970847403866107,3384312000000,
-0.007032420070506686,0.052434880918890626,0.19988780631403932,3384318000000,
0.005280113242587756,0.06572731521767514,0.19935443617934867,3384323000000,
0.02661688326957284,0.048769620850973715,0.19943711017740465,3384328000000,
0.022377030379285397,0.028580376608640466,0.1992423306238107,3384333000000,
0.012906912811397263,0.04156433925364659,0.19979467613898208,3384338000000,
-0.01388826332804839,0.06175786138931997,0.19976715601703407,3384343000000,
0.016990139762155566,0.02071208524121463,0.1994248786528145,3384348000000,
0.02594849188686748,0.07551852965947492,0.2000518374990232,3384353000000,
0.0030581089582427945,0.07161909330657236,0.19951768459786529,3384358000000,
0.03016976125004952,0.07072831803838057,0.20019214147225772,3384363000000,
0.009564692449439114,0.03717951026592879,0.20010431245118335,3384368000000,
0.015479907232746523,0.05903969423279314,0.1998965577990465,3384373000000,
-0.00029971355744200234,0.06325336535054031,0.20028515028405663,3384378000000,
0.18354388302795926,0.04452520164764705,0.20020710368570638,3384383000000,
0.08556061488144773,0.03956689054513189,0.20037545100472265,3384388000000,
0.027061317565005044,0.05565921081453466,0.2002742634554734,3384394000000,
0.016830901810940366,0.033950302402963164,0.20013785796963834,3384399000000,
0.030794719817541248,0.08136820449833872,0.2000995941806117,3384404000000,
0.019897135728737553,0.06557621283387195,0.20004739505759736,3384409000000,
0.009804136249372132,0.042221114065645986,0.20020128360197081,3384414000000,
0.028679515571027027,0.027916536260693802,0.19976197486876082,3384419000000,
0.035062205486274714,0.0813446418735014,0.20008795864927648,3384424000000,
0.03358538893727002,0.09507743082516606,0.20034313700119546,3384429000000,
0.018225359194380106,0.09096235021416808,0.20022331477826594,3384434000000,
0.029162469931568666,0.04946066539523522,0.1998648905878499,3384439000000,
0.03619434377516831,0.07334784056220736,0.1999066384568718,3384444000000,
0.03854393656486675,0.04646981837233378,0.19979999689518368,3384449000000,
0.045775576809296455,0.041449552906935,0.19974028007118505,3384454000000,
0.02768768190627744,0.05111596312521853,0.19957397276693808,3384459000000,
0.05150927486886299,0.01470881551258059,0.1999131405780065,3384466000000,
0.05301820573532517,0.07559185653300667,0.20006164329862683,3384471000000,
0.04613656023148779,0.07158544122058565,0.19986946928533267,3384476000000,
0.048601587773477464,0.04816617280493011,0.20039147492909617,3384481000000,
0.24807838631415993,0.012267203732277368,0.19992094029474658,3384486000000,
0.06697629874829103,0.05831762757044997,0.1999079256163641,3384491000000,
0.045464081341384584,0.04657613771364815,0.20025749133621645,3384496000000,
0.04685729103202802,0.0831107536016886,0.2002691044001239,3384501000000,
0.0341473627173465,0.05810978272513694,0.2002012362620482,3384506000000,
0.028490214159091212,0.03605054032154351,0.20022127100527495,3384511000000,
0.03468384284769864,0.03770441080038932,0.19980532793117395,3384516000000,
0.057848676916311514,0.06157036239850644,0.20017187791757557,3384521000000,
0.029584382544086147,0.07542907320115201,0.19995505480466277,3384526000000,
0.07189366246936942,0.05042424336843051,0.20043796721574322,3384531000000,
0.05944056268044258,0.055750719514685305,0.20001926560787137,3384538000000,
0.05232897269807712,0.01434255904587884,0.2002242813841524,3384543000000,
0.06825707439138592,0.03854197868164539,0.2000259276722909,3384548000000,
0.04538945987667752,0.05528260042049956,0.19986919710950796,3384553000000,
0.05399517551653576,0.015402891786604228,0.20015087554237335,3384558000000,
0.056018042941155484,0.05203127087748828,0.19986620123282184,3384563000000,
0.07817636953333885,0.02156230051945183,0.19940934064197383,3384568000000,
0.08311051623150176,0.06766037038517653,0.2000215280388697,3384573000000,
0.054421242173521185,0.0759994154223801,0.19980955846190843,3384578000000,
0.03182991621369998,0.040699021802722384,0.19971310692595207,3384583000000,
0.2837745122626235,0.058678965492682124,0.20004227117859275,3384588000000,
0.06284279952587578,0.06426060462112101,0.20020825322038524,3384593000000,
0.07704118597840909,0.03468404846511034,0.19969314285672252,3384598000000,
0.05633551688021227,0.04658339886553655,0.20012930802337056,3384603000000,
0.0788490139393512,0.05921297511137834,0.19999768709163737,3384610000000,
0.055446972945043374,0.04715607302013676,0.1998499964102622,3384615000000,
0.06406083899560759,0.04701073099582769,0.1997251731928925,3384620000000,
0.07510867511674356,0.026550021950748827,0.1999146659933934,3384625000000,
0.03701861007202334,0.04179710475305798,0.2002106816299773,3384630000000,
0.05759572502580397,0.06123398844090527,0.19993214635773648,3384635000000,
0.052380506766710286,0.06442491790192476,0.1996120937394667,3384640000000,
0.07514171670882568,0.0868129420605018,0.20010623649635279,3384645000000,
0.08110309498823282,0.04501479328237349,0.20012820083964558,3384650000000,
0.0669599934654119,0.05589849493507199,0.20011596941046889,3384655000000,
0.0702878240473407,0.05677743537533889,0.2001529415341967,3384660000000,
0.06216368173472023,0.01771961513916425,0.19952035921943012,3384665000000,
0.056373917207129046,0.0833939706774671,0.19977253421815405,3384670000000,
0.08389510665053536,0.05668056318022381,0.20001124173212975,3384675000000,
0.058673601496211765,0.05491227670586195,0.2000349771137311,3384681000000,
0.06595448112408359,0.08466717493304414,0.20011485757187417,3384686000000,
0.28273981032160905,0.04466874293136322,0.2000638479634064,3384691000000,
0.07222237408119689,0.03526360851302367,0.20006109291888294,3384696000000,
0.07207040220302922,0.04781722989506681,0.2004195011698027,3384701000000,
0.07102143139585361,0.0655696301752413,0.20033456929215218,3384706000000,
0.10520742026353783,0.022972974719252057,0.20036347763589252,3384711000000,
0.07864734228613185,0.05798384038868292,0.2007272310989604,3384716000000,
0.050408269107607276,0.05610596137651054,0.20079634422313716,3384721000000,
0.0705387701049055,0.044394469995327555,0.2011757822847824,3384726000000,
0.0883915763562701,0.05502069425417652,0.20105520943827618,3384731000000,
0.07756009079138394,0.05846241984921838,0.2011527455629696,3384736000000,
0.05554889327815257,0.08495934424376564,0.20067261754239113,3384741000000,
0.052010109996821194,0.01628534821263866,0.20127694650313135,3384746000000,
0.11246993977537402,0.06569618948724794,0.20116615177084518,3384751000000,
0.07666809906450868,0.061093276886093985,0.20103736162141203,3384756000000,
0.06150222461677255,0.071284092942529,0.20029271481464506,3384761000000,
0.07138532767422642,0.03561130049907658,0.20026186503756419,3384766000000,
0.086999137560907,0.0646132713551985,0.199880803669529,3384771000000,
0.057496102354391385,0.037797099982693476,0.1997244542333246,3384776000000,
0.08085049550304506,0.046153317223418755,0.19909604288207033,3384781000000,
0.09157596756002095,0.02085351026425552,0.19903017938069584,3384786000000,
0.2409035058213695,0.017259055344730143,0.19873911468051683,3384791000000,
0.11001420984302605,0.0882957718475911,0.19741870907714548,3384796000000,
0.08044826930648506,0.03529523106321068,0.19788112980207634,3384801000000,
0.07176227306141292,0.061032071359464424,0.19744397811153144,3384806000000,
0.08675190185668448,0.038706478674350446,0.1974018657710394,3384811000000,
0.11305245708613382,0.05838403315919826,0.19765195399063812,3384816000000,
0.07508335688536111,0.03707601877449804,0.19820479378545472,3384824000000,
0.06265806861150927,0.03527954526108194,0.19802726652512692,3384829000000,
0.0881699648080551,0.022109923163927445,0.1986020344535932,3384834000000,
0.07636924949572765,0.07496565211896004,0.1988120727001933,3384839000000,
0.07760559953719769,0.06165280850723517,0.1991352323286899,3384844000000,
0.08697978383981797,0.057720359401816836,0.19963533102514172,3384849000000,
0.0802718781570986,0.010170290331280016,0.20045200766514484,3384854000000,
0.0686332914222641,0.07764306146826745,0.20033304831357954,3384859000000,
0.06301353665839031,0.03592270871414838,0.2012638731560606,3384864000000,
0.08531108024085415,0.03645931669643034,0.20121123038746422,3384869000000,
0.0723915201929303,0.037439448641204284,0.20200815188881735,3384874000000,
0.08275694844628956,0.0370214115175542,0.20194503378482978,3384879000000,
0.08194257073231062,0.06739962781450792,0.20199059474056252,3384884000000,
0.06424983963776197,0.03727687356136475,0.2020277905978776,3384889000000,
0.2631726489140178,0.03649124935107748,0.20214418924932173,3384894000000,
0.09548706110396696,0.031159661071154,0.20186157682491118,3384899000000,
0.10251938070055504,0.020032576191654945,0.2013562461260017,3384904000000,
0.11715029891537497,0.03114649996967669,0.20106574863437562,3384909000000,
0.10870883035133708,0.06203466669772246,0.20057759449012416,3384914000000,
0.06749446123870936,0.06214883739226367,0.1999896675169954,3384919000000,
0.08524507765812132,0.05225127616455168,0.20050816754607875,3384924000000,
0.09295483459768616,0.058957708599318204,0.2001324326877025,3384929000000,
0.08845595878278074,0.02820617481116717,0.19971765614919781,3384934000000,
0.062132511021790196,0.05602216161462889,0.19932144633951895,3384939000000,
0.08026791029197133,0.06215334126964564,0.19934420759054233,3384944000000,
0.04263253623144403,0.0666871290099455,0.19897632889567535,3384949000000,
0.07427714814988533,0.05782622557897253,0.19911515484904102,3384954000000,
0.07700091224271632,0.04813781575187679,0.19877633264251898,3384959000000,
0.0979915304409077,0.06071731268546465,0.19852182048212402,3384964000000,
0.0937039748158997,0.044136386763010585,0.19885250635539503,3384971000000,
0.09830949941602524,0.04896740744998278,0.19880004473870597,3384976000000,
0.05661523859570283,0.05579811181239339,0.19915774040692286,3384981000000,
0.0647585254893907,0.08882494481459866,0.1987638221260489,3384986000000,
0.030180327432196598,0.05497559434764793,0.19915066515969085,3384991000000,
0.2549893228133914,0.06724254417529649,0.19959944320540485,3384996000000,
0.07306671184375374,0.026208887764558993,0.19943402219867482,3385001000000,
0.07093310693955367,0.08465296676121889,0.19976220104899187,3385006000000,
0.060722165365393606,0.033858961038756755,0.19988228558981128,3385011000000,
0.08394304997925217,0.046861915200160566,0.19994583911301037,3385016000000,
0.06821219826168304,0.05021523955551346,0.20060735199424384,3385021000000,
0.07986910297306093,0.068742273625447,0.20007822557999447,3385026000000,
0.06369582704227604,0.0433811859905566,0.20020310496026544,3385031000000,
0.0875074123077215,0.022165963850444243,0.20033095053008307,3385036000000,
0.10766888556962882,0.017296187472917043,0.2003258106718404,3385043000000,
0.08805171420513201,0.05185122960526603,0.2006794310248997,3385048000000,
0.07184154359077875,0.06843376457590113,0.2005094262420011,3385053000000,
0.07788755040914057,0.051036392042090026,0.2003361776375529,3385058000000,
0.07280576017045236,0.011103812358423414,0.20056129783315976,3385063000000,
0.08615591852909142,0.05946660851960243,0.1999610798454677,3385068000000,
0.07953175624729047,0.0132732719314691,0.19988090646909137,3385073000000,
0.08159100933363694,0.029755281340361033,0.19993828826278645,3385078000000,
0.0772351359477168,0.038572660990541956,0.20014721165879573,3385083000000,
0.07266938003821223,0.024808900766578653,0.19977043622181156,3385088000000,
0.04571658670972996,0.06522885491255798,0.20007998245021993,3385093000000,
0.2801229029809754,0.06532290117584828,0.19979595102344797,3385098000000,
0.0780237041961644,0.07231851410212972,0.19979119530840864,3385103000000,
0.010825491072975542,0.042631761195821155,0.20000933259458287,3385110000000,
0.05983646292678324,0.057108282361436655,0.20002179476588153,3385115000000,
0.06420073398506526,0.06265437903143922,0.19962312269826432,3385120000000,
0.0631521706201924,0.05196766704203423,0.20005028461480032,3385125000000,
0.05904390850092616,0.028124522111480463,0.19999223429583715,3385130000000,
0.07853383189713857,0.04292835777412357,0.1998915272273636,3385135000000,
0.08790091468827202,0.03071741657316316,0.19945916944102518,3385140000000,
0.05855996233990092,0.0613403687475495,0.20009131909998162,3385145000000,
0.05818631643540408,0.03495103992922681,0.200117029342287,3385150000000,
0.08019051100546522,0.06474966410766511,0.2000869992827189,3385155000000,
0.0423189630616598,0.03648119594347804,0.20019358626891018,3385160000000,
0.07077095995821295,0.05046853678225861,0.20031266255767155,3385165000000,
0.028380687000734837,0.029155377877564614,0.20000951110811263,3385170000000,
0.059291312076772774,0.07111568731860077,0.20006765328303974,3385175000000,
0.056439977476546166,0.034345069752154095,0.1998813228431013,3385181000000,
0.05160322278365748,0.055229144917506516,0.1999340717321746,3385186000000,
0.0576838119763967,0.05728327164034412,0.2001650775931188,3385191000000,
0.030016752274640665,0.055765530027795475,0.2004406438355395,3385196000000,
0.239393475024299,0.06424694639204578,0.20000484677822225,3385201000000,
0.07398321534736788,0.07276250170758458,0.19990791597566632,3385206000000,
0.015724427003040168,0.06948418752474264,0.2001723215682882,3385211000000,
0.037590313817245945,0.06319608948821373,0.19968603535347174,3385216000000,
0.04371542415948118,0.035856140648635126,0.19974415112330707,3385221000000,
0.05273098243202246,0.06389684121709002,0.19959191936077583,3385226000000,
0.01855610243460298,0.058135992723703414,0.1998816775798279,3385231000000,
0.03381143695715225,0.06704318285035338,0.19980163848546417,3385236000000,
0.03798443043971827,0.0302844125854774,0.20011004213806807,3385241000000,
0.02309353163391419,0.050026340105449346,0.2000091294402173,3385248000000,
0.04158174060062775,0.06058960888498245,0.2000671585127678,3385253000000,
0.028012061007041303,0.05345453267552524,0.20010068558696822,3385258000000,
0.03404642760427341,0.05209179578737844,0.19978340058370977,3385263000000,
0.005810810889146069,0.07563398680207674,0.1996003767129914,3385268000000,
0.05217719698998922,0.07337765819745194,0.1997381960616964,3385273000000,
0.03626473873185022,0.02369368072767401,0.20001495857583368,3385278000000,
0.043500726119544204,0.0636129835447697,0.20070430686957927,3385283000000,
0.041570323586026324,0.0615686463710826,0.19981910713228665,3385288000000,
0.02320592791118208,0.05651891911874903,0.19990550584657196,3385293000000,
0.014606620148108904,0.03138110109393144,0.19988804235550553,3385298000000,
0.21575406073649772,0.05320493074131817,0.20054402330866414,3385303000000,
0.0124209397462295,0.024598604809935275,0.19961708347018056,3385308000000,
0.05067193696475774,0.039543289957521544,0.20005805934048837,3385313000000,
0.04923660277340058,0.09000159056080625,0.20000472093261876,3385318000000,
0.034270624626939084,0.05073938777239561,0.20022835975273373,3385323000000,
0.011568062288824153,0.07280130945535358,0.2002173995712769,3385328000000,
0.042354485644152215,0.05151300243892344,0.20005209149800723,3385333000000,
0.03093322604906219,0.04093457837327747,0.20020924180965133,3385338000000,
0.018795219487139348,0.09031080480240218,0.1997176961678254,3385343000000,
0.01675532386061825,0.07694002807749037,0.1998769727052792,3385348000000,
0.029555843739411544,0.053746557417905266,0.20003567631452876,3385353000000,
-0.004366402716713687,0.07969171030795329,0.20003841549404633,3385358000000,
0.03109772199461707,0.051417023087932084,0.19999769929478245,3385363000000,
0.020031046885724747,0.058379492943714924,0.19997453313770933,3385368000000,
0.0058455734677433065,0.03047056749303764,0.1995989452837841,3385373000000,
-0.019132391525008022,0.06457295374349778,0.20000308037011147,3385378000000,
-0.009269539205786409,0.05576322147171116,0.19982180803469987,3385383000000,
6.8584656834513e-05,0.027982911106692102,0.19994278202113422,3385388000000,
-0.025870257202400666,0.05048274547881141,0.19985314655260875,3385393000000,
-0.01830138597597144,0.05267696878550749,0.20013570925209564,3385398000000,
0.20040962769248355,0.054685498224728395,0.19994800085743447,3385403000000,
0.04290745979468077,0.04585151198834987,0.20018949560060798,3385408000000,
-0.023993662084954258,0.06131256566504223,0.199898093314117,3385413000000,
-0.007716427271804735,0.03934573327467291,0.20033783339959177,3385418000000,
0.009988138517532896,0.05021995653766471,0.20007680991988347,3385423000000,
-0.023491617667332966,0.0525342362535855,0.19994778901993956,3385428000000,
-0.010436784564476907,0.0815651363808611,0.20018886564873845,3385433000000,
-0.010738234957458685,0.02754536838462864,0.20003156694374688,3385438000000,
-0.01335969235419196,0.06785656781907973,0.20018277238512622,3385443000000,
0.0010095736028313002,0.050692569231538386,0.1999557058145603,3385448000000,
-0.009107142304696152,0.04598462874083608,0.20015887250725936,3385453000000,
-0.007212623455391131,0.058421117170543074,0.19997422690446848,3385458000000,
-0.010632581178908975,0.07505587144637275,0.19966042559481684,3385463000000,
-0.011852541591636054,0.0359835785272197,0.19996163864744726,3385468000000,
-0.026217414422584438,0.037455130973887224,0.1999026960863439,3385473000000,
-0.030334036031238177,0.07367462055736179,0.20020339916733362,3385478000000,
-0.04833391432626784,0.05017843964511352,0.19991197678854822,3385483000000,
-0.05001350167623912,0.046650215179082015,0.1998685097954068,3385488000000,
-0.029244518658806062,0.055439472151038886,0.20001923746699207,3385493000000,
-0.003611802156735039,0.01691988128426075,0.20032964104323467,3385498000000,
-0.032750744826702365,0.04493263378769194,0.2002798422193421,3385503000000,
0.16442024121068588,0.08717213271844541,0.20014224063348005,3385508000000,
-0.009956792160322987,0.05917862062860144,0.20002511887961397,3385513000000,
-0.028341623042000587,0.05650615078665574,0.19993170584511938,3385518000000,
-0.025137308211068948,0.08325465706015972,0.20012968333535353,3385523000000,
-0.05553259398813809,0.053935045742229556,0.19979070623361617,3385528000000,
-0.02491523204120267,0.06892166134636832,0.20027299960165304,3385533000000,
-0.05343984446909929,0.028644017678530392,0.20005653780762933,3385538000000,
-0.030700355981066126,0.06785168869882226,0.20011239934825162,3385543000000,
-0.048318544037242304,0.03698230315090752,0.19986135233867405,3385548000000,
-0.038640684192313285,0.05486545708834536,0.19996679511745957,3385553000000,
-0.045285451527469794,0.05514510301264549,0.20004137141390405,3385558000000,
-0.05818831689038513,0.054464096376992774,0.20040400865151844,3385563000000,
-0.061568572453200104,0.05353591871232466,0.2002503805318912,3385568000000,
-0.06758020021101908,0.027071778949631413,0.19989827345990832,3385573000000,
-0.0391718860025117,0.07535096719952337,0.20032220649001115,3385578000000,
-0.043365198441569434,0.0600767823819146,0.20008467196892502,3385583000000,
-0.03327055842604272,0.05514156587968961,0.19979233214287842,3385588000000,
-0.052523163033208586,0.07405083045779687,0.20012525333637757,3385593000000,
-0.061522502024706514,0.03266717777156915,0.2004116141814062,3385598000000,
-0.06629538307693426,0.06119168255331034,0.20029050100663603,3385603000000,
0.16090074301504223,0.07629931404865578,0.199689362322141,3385608000000,
-0.056646332107823515,0.06545099731344844,0.1999621524067262,3385613000000,
-0.05004279345745454,0.040185866604141765,0.1997551058179014,3385618000000,
-0.06068051452337407,0.07469829976441707,0.19967057969886587,3385623000000,
-0.056025236166132,0.06089507943331131,0.19978876421398656,3385628000000,
-0.06703801778939023,0.06227773988989284,0.1997984186909786,3385633000000,
-0.08057527639781745,0.047249250339839545,0.19975364664539347,3385638000000,
-0.0850997756488289,0.09140809273358519,0.19947415997311357,3385643000000,
-0.04262295891415899,0.06358646931818561,0.19944524065177058,3385648000000,
-0.0432929431755461,0.045262991450230404,0.19952289519187746,3385653000000,
-0.07712956119386419,0.06517388073941537,0.19985878698983364,3385658000000,
-0.08173849412559374,0.04257497022758496,0.19948262338983253,3385663000000,
-0.07958857613883033,0.0706906367965528,0.20018134644321608,3385668000000,
-0.05390990034635185,0.052546627389098426,0.1999140338133736,3385673000000,
-0.06512196813469463,0.05437546612104619,0.20014867185355956,3385678000000,
-0.05269600536030199,0.0655962938881839,0.2001780085819647,3385683000000,
-0.08713760041816739,0.07952058624071115,0.20025167592311954,3385688000000,
-0.07965010111857643,0.05169283859455956,0.2002702272444035,3385693000000,
-0.09987070161798439,0.057987081931717664,0.2001346124883108,3385698000000,
-0.08502283973993571,0.04813501713050245,0.20056805144529397,3385703000000,
-0.06191972574122242,0.06574288496242828,0.1999971425802361,3385708000000,
0.11729041702529784,0.09388343950007025,0.20043505475793963,3385713000000,
-0.08455374444436886,0.06927847323946791,0.200456744590013,3385718000000,
-0.05550949947764397,0.03586598799578171,0.1998899313822451,3385723000000,
-0.10465925442995931,0.06713347413228427,0.20019776065144596,3385728000000,
-0.09350004149731929,0.07894946429647995,0.19996491781765688,3385733000000,
-0.10771438248951944,0.08559451699048719,0.19989688140468617,3385738000000,
-0.10453127900168062,0.06451484337431666,0.1997901101179324,3385743000000,
-0.0887473046479942,0.03585415180990591,0.19976213108988952,3385748000000,
-0.0811447951766703,0.03884478322937793,0.20022352355318596,3385753000000,
-0.0914686977737935,0.08679708220715812,0.19998289224549892,3385758000000,
-0.06406619309571002,0.06159448838266841,0.19962554058540088,3385763000000,
-0.08603974760514954,0.07542344814003166,0.19993052424916308,3385768000000,
-0.08151578459527917,0.04728346657316126,0.19973332374777103,3385773000000,
-0.06413522518405709,0.04244742046340562,0.19952128591086318,3385778000000,
-0.08118030476764113,0.0682499193444687,0.19972159054366903,3385783000000,
-0.10507230023297089,0.06257965245154751,0.19987661587161845,3385789000000,
-0.08668731073053405,0.06007879281266908,0.199653889930723,3385794000000,
-0.12065853784830502,0.05703597101246273,0.20047409735624652,3385799000000,
-0.08080038793142966,0.08363649598547511,0.20005141714022828,3385804000000,
-0.09884461084886857,0.037645960434568186,0.2000315353243079,3385809000000,
0.11377115428511295,0.05501797619591185,0.20040690247900866,3385814000000,
-0.10576357663410228,0.016643654992709894,0.2001281930530101,3385819000000,
-0.10046949625817196,0.056815541149341814,0.20011640883402193,3385824000000,
-0.10334569663313134,0.045857468126953294,0.2000765962948214,3385829000000,
-0.09921307111135484,0.040706766016464335,0.2001063239576663,3385834000000,
-0.11957484312434258,0.05527255766977927,0.20005196745714235,3385839000000,
-0.0685765482124931,0.06306910555960629,0.1999648718247567,3385844000000,
-0.10195332905722068,0.06959371403100183,0.20000431965613436,3385849000000,
-0.11313566534808837,0.04395642860615773,0.19981491287381123,3385854000000,
-0.10389056087051371,0.0533468959461961,0.19977186865164068,3385859000000,
-0.10345362510812887,0.05486237919528488,0.20022700482723746,3385864000000,
-0.12077365359757128,0.039959053907518596,0.1998665209631221,3385869000000,
-0.11958894520859634,0.04755053928140778,0.1995571236949493,3385874000000,
0.08386826356424484,0.10651120355209992,0.20035852232093557,3385879000000,
-0.052596644732591444,0.04610282254221244,0.19978955789962288,3385884000000,
-0.1006137468652884,0.048145748145872067,0.19987441062177985,3385889000000,
-0.10092693436904317,0.032697715429864126,0.20007890125112954,3385894000000,
-0.10882541051573551,0.05536551219154816,0.19996736204723678,3385899000000,
-0.1348898034203369,0.05720301586781171,0.19963833070885778,3385904000000,
-0.11225433341905826,0.06611568887315748,0.20015005211471534,3385909000000,
-0.1019331478795287,0.0596266041796536,0.19999208810665098,3385914000000,
-0.11689175250920232,0.07362952844766212,0.20042486753397126,3385919000000,
-0.09189722503026035,0.023856674258609552,0.19990444974072097,3385925000000,
-0.09509801938348506,0.05295302209216423,0.19974536886466052,3385930000000,
-0.08163131404029189,0.08022225744594105,0.19983001766799532,3385935000000,
-0.11658021645364768,0.04136991182093329,0.2002498791018864,3385940000000,
-0.10930545090795706,0.02080385591809708,0.20009803455597827,3385945000000,
-0.10020410591511296,0.03596849843368842,0.2001366205558823,3385950000000,
-0.10596973651592334,0.04769293068360741,0.20006706338980246,3385955000000,
-0.13009687221289007,0.08645127831832383,0.2001126589362918,3385960000000,
-0.09952297991276124,0.047568356984800886,0.19982447437412088,3385965000000,
-0.09742993680332747,0.07701089486617024,0.19974003110200042,3385970000000,
-0.09350293004558541,0.06596865892172005,0.20001056330855352,3385975000000,
-0.10057975247688512,0.03297900568152689,0.1998760525261759,3385980000000,
0.10544377565098263,0.050947461414576664,0.1999771454737479,3385988000000,
-0.08847840566877614,0.012964747898583838,0.19978138911757898,3385993000000,
-0.10242297434153332,0.0646319840144547,0.19989960545217994,3385998000000,
-0.10549982544929737,0.0940235798601269,0.19979888843176255,3386003000000,
-0.09318689745524605,0.05142751288341508,0.20002662787710668,3386008000000,
-0.11570197288024553,0.0733356430699335,0.20013644781142903,3386013000000,
-0.11380528603017409,0.06458371678418776,0.199961873059993,3386018000000,
-0.09976196103554778,0.052569728439462365,0.20014542396721843,3386023000000,
-0.10257350439357606,0.06577586589126146,0.20015142564122837,3386028000000,
-0.10436252071293345,0.03250141214453142,0.19985680663416483,3386033000000,
-0.09147514143349296,0.08112246611296127,0.19967728064907572,3386038000000,
-0.0852052669817496,0.06706408270793306,0.19964956898834033,3386043000000,
-0.10038229861392077,0.04991380939682764,0.20000224195697097,3386048000000,
-0.08686707357764871,0.09528174725691926,0.19979523368381133,3386053000000,
-0.0950364631057799,0.0855558247123926,0.19989070573662113,3386058000000,
-0.12353900601084389,0.0526741521430952,0.19972696612408766,3386063000000,
-0.07139429442703762,0.09779099514669123,0.20037811876481135,3386068000000,
-0.1165432618843833,0.08454229993459814,0.20036107132734865,3386073000000,
-0.0823637791735935,0.06954778051541675,0.20023142880155873,3386078000000,
0.08580637476779858,0.05875640513929829,0.20007096968851043,3386083000000,
-0.06323338902731271,0.06702060848328091,0.1998326994727764,3386088000000,
-0.07924397380243656,0.03171141280555954,0.1996631387306082,3386093000000,
-0.09292856314128625,0.05855629521728828,0.1998308397822824,3386098000000,
-0.07861101294875447,0.08062112745093167,0.20021629454422465,3386103000000,
-0.09141154756704893,0.07368695483590798,0.20002145607608476,3386108000000,
-0.05959818512897638,0.06939748140546093,0.2001114928846084,3386113000000,
-0.10283517571284213,0.06613310612933848,0.20029177332270517,3386120000000,
-0.0929512945462455,0.05412953653987113,0.19992020096234356,3386125000000,
-0.08744922017618592,0.046896466943332056,0.20029238546944758,3386130000000,
-0.08281318309456843,0.08079115464188573,0.19970302187071254,3386135000000,
-0.05286912968346091,0.058928331741812,0.1999622903131929,3386140000000,
-0.04580434991455055,0.05211266713737445,0.1999611904932968,3386145000000,
-0.06522239113208232,0.06767141792570829,0.199894307940882,3386150000000,
-0.08410328222058844,0.053103628813355896,0.19971282681256786,3386155000000,
-0.07989357396241238,0.06060369335492734,0.19998066421710237,3386160000000,
-0.0874288974196524,0.05396296101862074,0.19999608034615945,3386165000000,
-0.01591320859806538,0.07053375899944526,0.19982820200308243,3386170000000,
-0.07556441983734288,0.05202813604325318,0.19984877166091272,3386175000000,
-0.06472517781601904,0.05065941704661588,0.19976220309330148,3386180000000,
0.08333540189988087,0.06382593901311792,0.19987593242488408,3386185000000,
-0.06832708937620602,0.06706078275052987,0.1994971940840368,3386190000000,
-0.045706371961793696,0.06243558135877973,0.2003874109842869,3386195000000,
-0.18556753870523124,-0.16908944723863412,0.20032446382394123,3386200000000,
0.048619747278098126,0.2506326556231307,0.20118186752481318,3386205000000,
-0.15288303107694928,-0.17620643191625782,0.20099066277035435,3386210000000,
-0.06887608593386228,0.06304163939942273,0.20127257735666984,3386215000000,
-0.04397892240458104,0.07319366438489579,0.20190318403045948,3386220000000,
-0.06659752391085957,0.07594350425879343,0.20264808087457264,3386225000000,
-0.07507175821524766,0.06141499976871788,0.20282988017502332,3386230000000,
-0.07689905067769152,0.018357464293817377,0.2026828809238919,3386235000000,
-0.035499247176298966,0.08029358111249563,0.2022135887399112,3386240000000,
-0.02845787037161841,0.08646378962893367,0.20216036935984477,3386245000000,
-0.03936684089990149,0.06008623585038149,0.20121740971815685,3386251000000,
-0.041437854324908284,0.060711415721015835,0.2015210720629907,3386256000000,
-0.056460441754329335,0.05969830456526758,0.20071267595340372,3386261000000,
-0.033875590965833716,0.08320617986873725,0.20029303109652352,3386266000000,
-0.023316393739327628,0.07545270901779998,0.1994941422459174,3386271000000,
-0.05286530325031724,0.06609392757805922,0.19898158809037572,3386276000000,
-0.004907553732305642,0.05236646572096308,0.198847451312743,3386281000000,
-0.017942931740563505,0.09299441849256516,0.19837151842313144,3386286000000,
0.1602877318645568,0.06353812126533777,0.1984541105654931,3386291000000,
-0.029508207918026913,0.05941609935022703,0.19848246153175125,3386296000000,
-0.00712399387163876,0.050958506889812266,0.19886000696570386,3386301000000,
-0.008908009993861314,0.06036990379998627,0.19853232676680724,3386306000000,
-0.02458342405271469,0.09920428803131548,0.19918330947441484,3386312000000,
-0.04891344482514362,0.09746372020920466,0.19942042376778008,3386317000000,
-0.04144695354118175,0.08159034949517863,0.19948387685392518,3386322000000,
-0.027655760918728317,0.04532534804734646,0.200331370265151,3386327000000,
-0.02198069330913623,0.057670463270543926,0.20021289314959692,3386332000000,
-0.03612084432195417,0.08809054940846889,0.2006500563696693,3386337000000,
-0.015813805376658895,0.03856146375443778,0.20069544628599603,3386342000000,
-0.023604718890420342,0.05455223743821867,0.2005438048317476,3386347000000,
-0.03884169844697881,0.08645533211804636,0.2007196645816171,3386352000000,
-0.03458709556989778,0.046230743218666305,0.20083775239934903,3386357000000,
-0.020468832697709258,0.05359387779268662,0.20077644968972674,3386362000000,
-0.022842130395131333,0.07043855399309792,0.20118017648587347,3386367000000,
-0.05844354267734574,0.07406668225727633,0.2006410532195777,3386373000000,
0.003886589739877544,0.05696709118876791,0.20041186090715876,3386378000000,
-0.010688951367986333,0.04714078573474445,0.20016494503746704,3386383000000,
-0.037757404227131725,0.058184806306095564,0.20029458148276671,3386388000000,
0.20641485479439917,0.020127401840423276,0.1997617146378108,3386393000000,
-0.005910278604305961,0.033595566211412,0.1999231895573574,3386398000000,
-0.031324952648291396,0.05605689414504143,0.19973858468789318,3386403000000,
-0.022251319255780003,0.062466964546541534,0.19948475992721673,3386408000000,
-0.0003704475790418686,0.06456129738754254,0.19937130771494518,3386413000000,
-0.0030033654803108554,0.018550201219570017,0.19947400288186748,3386418000000,
-0.021298885076902134,0.09083026430740859,0.19971724895138138,3386423000000,
-0.010960776418928512,0.056457575513444214,0.19939487031527878,3386428000000,
-0.03940725600172646,0.061293477155658034,0.19936532136899082,3386433000000,
0.003108643361744354,0.044922011554227495,0.1994778747103045,3386439000000,
0.013033425517135284,0.06418061764253011,0.19965991893440657,3386444000000,
0.004524246312494069,0.07025802074040433,0.2000624965545551,3386449000000,
0.014255621305373126,0.057330537702281435,0.1999610150698838,3386454000000,
0.023592553748456556,0.06984697985310545,0.1998484406683619,3386459000000,
-0.013188892901979409,0.07991188931448391,0.20038111934567282,3386464000000,
0.027392410799004806,0.05709561509927793,0.2001240741085867,3386469000000,
0.0027617776183045035,0.06281610236204808,0.20020149385574618,3386474000000,
-0.001300334475804952,0.08971290111513026,0.2005430208548981,3386479000000,
-0.0008233425937134147,0.04025618460687051,0.20036122809545917,3386484000000,
0.014766468339141699,0.03334034611767722,0.2003889551694679,3386489000000,
0.18706587438438219,0.09245318257732581,0.2005679939289927,3386494000000,
0.014468219867140506,0.08766797628077826,0.20020594109626677,3386499000000,
0.011946164243300073,0.0487819857650333,0.19991710456580072,3386504000000,
0.02943544721052594,0.04535853669112387,0.19973372666759362,3386509000000,
0.029165837100117546,0.08318722894234734,0.20017079653169534,3386514000000,
0.042434762306144146,0.0860656900428964,0.1997889092022833,3386519000000,
0.06365877539616685,0.043437516578916965,0.19999641141201108,3386524000000,
0.006130810742939846,0.07497265657979219,0.19985887891260745,3386529000000,
0.012894568675743602,0.06531668189956628,0.20000895880097502,3386534000000,
0.05024001522282411,0.04283156613384332,0.19982437962915725,3386539000000,
0.010565927479766465,0.047969165933624436,0.20011720989185366,3386544000000,
-0.008767642811235099,0.05841802514275292,0.1997757006539542,3386549000000,
-0.003630743588382876,0.08475409065853094,0.19977815058408566,3386554000000,
-0.01813492950281134,0.045370174575267486,0.1998771722022417,3386559000000,
0.03173724442234581,0.06223238905337345,0.19974412544960643,3386564000000,
0.022257429462917477,0.05968438816628402,0.20010705387406078,3386569000000,
0.04359848036755497,0.05499848744732009,0.20012262523912386,3386574000000,
0.02223943590530583,0.06503031818110253,0.19979255238242247,3386579000000,
0.0055020253989311995,0.0766684221310517,0.2001349709014589,3386584000000,
0.00814399031711274,0.06996277030006957,0.2005353110816503,3386589000000,
0.1950609476815632,0.04160037844691501,0.20011971427177574,3386594000000,
0.03480099274151922,0.08555835701154269,0.1997980378823643,3386599000000,
-0.00454994201282119,0.04667178191737473,0.1997606957186805,3386604000000,
0.0240954069973537,0.05153233772276454,0.2000776767360622,3386609000000,
0.029146559115086876,0.06845867850160667,0.19997879739797936,3386614000000,
0.016038569578700042,0.059460510689752694,0.20004411976314435,3386619000000,
0.053610951263206974,0.05548318824268357,0.200349177564704,3386624000000,
9.142788847443448e-05,0.08524971810057419,0.19991470811928588,3386629000000,
-0.028242306011119718,0.04455211572104685,0.20016889650034608,3386634000000,
0.047829569519693964,0.08107925947560023,0.19988741914626498,3386639000000,
0.0028122626906383133,0.07385568518024571,0.20007649910018835,3386644000000,
0.020137693592814525,0.05537488284745392,0.19967397780324816,3386649000000,
-0.004564830896914136,0.04535201243590059,0.20010628705489708,3386654000000,
0.039202813376394044,0.04724317076692183,0.19961352485797385,3386659000000,
0.026533460621256756,0.06654760015009974,0.20020462238071618,3386664000000,
0.047187043063620246,0.0688333589282527,0.19964833742446564,3386669000000,
0.01885343561442871,0.07842664220637761,0.20027885841076795,3386674000000,
0.03163406165441355,0.06547076023038367,0.19994247970421183,3386679000000,
0.0167608999617936,0.06670586109676456,0.2000688242800486,3386684000000,
0.04301548857916637,0.06423724689877111,0.1998155743436926,3386690000000,
0.23302305973613485,0.09006962578283896,0.20003703208055454,3386695000000,
0.07813384010187781,0.03319374800573732,0.20011596047321117,3386700000000,
0.006872070096901606,0.0956551405171519,0.20001912832807983,3386705000000,
0.01027734499503808,0.05314916455653407,0.19982055029112236,3386710000000,
0.009343393796641012,0.06540771464171051,0.1998253525120729,3386715000000,
0.03108009249716836,0.05394775257840094,0.20045197291098524,3386720000000,
0.045418174898930866,0.043040373865079966,0.1999455314173905,3386725000000,
0.028541843607709453,0.07425595668225965,0.19980461256095539,3386730000000,
0.053455159568969624,0.06937432759788081,0.1999808591235721,3386735000000,
0.053800116709054144,0.05809581643256823,0.20014041445930375,3386740000000,
0.03992993542125764,0.04641101464181514,0.1995132893225381,3386745000000,
0.03094068835868339,0.04470052651318987,0.20043541775943532,3386751000000,
0.01563065047103181,0.07659741628720636,0.20020629648213412,3386756000000,
0.05489804498540225,0.010905301901599232,0.19982567550295763,3386761000000,
0.036252044033195596,0.058959428838733084,0.20015967337313736,3386766000000,
0.01989220365314152,0.07548827760210744,0.20014027993885772,3386771000000,
0.03393082119073237,0.05729648287416813,0.20010228526730747,3386776000000,
0.02529314980235279,0.05142013559636465,0.20002742593016345,3386781000000,
0.023731667581589504,0.049262705353731076,0.1999883784976907,3386786000000,
-0.0020544192838711853,0.07410425187234322,0.19967978021353025,3386791000000,
0.06307192729430125,0.052308963216420805,0.19969022062926728,3386796000000,
0.2316314657517443,0.045575664086342955,0.19994215051008546,3386801000000,
0.05172983013737902,0.04550744059625651,0.1998414481164472,3386806000000,
0.007605657538899486,0.054010426278936645,0.19977805899771595,3386811000000,
0.025452508121682073,0.07425545534654235,0.20000657810516972,3386816000000,
0.06308441732067498,0.054233959173695764,0.19988275188130045,3386821000000,
0.012886777505178557,0.05799676470906535,0.19981537208703004,3386826000000,
0.03404920360071972,0.05548783262482953,0.2002795883659592,3386831000000,
0.03373899733888387,0.08438946344848935,0.20008427863570585,3386836000000,
0.03455023402085123,0.07676939440437318,0.20009799895131153,3386841000000,
0.05775754673090901,0.045980800754410446,0.1999317872146686,3386846000000,
0.04991745527268401,0.08720379035575984,0.20014269574979598,3386851000000,
0.04085272095405734,0.05795829359824686,0.2001739254114703,3386856000000,
0.040657031089710347,0.05754924552084841,0.2000932002529361,3386861000000,
0.02981867278615665,0.06503555764452958,0.20010930853480757,3386866000000,
0.02393503459031036,0.07571935255069981,0.19978529170751622,3386872000000,
0.0434123562802663,0.07381887513924927,0.200023671146358,3386877000000,
0.08503842806810875,0.07690925136726923,0.2000274332533536,3386882000000,
0.03192091979195184,0.08094196338366672,0.19978336811406033,3386887000000,
0.04214726204135295,0.0795717072586033,0.20007068567052955,3386892000000,
0.06666029985265277,0.024086484190296055,0.20010641509081772,3386897000000,
0.23022338138027135,0.04034948829893502,0.20043250623770673,3386902000000,
0.04966751310128595,0.06700172109285214,0.19980960483494303,3386907000000,
0.057421106552696076,0.059833737046010624,0.1997599034599861,3386912000000,
0.07733312316411717,0.054071598299757766,0.20011374114664304,3386917000000,
0.06846196161435406,0.044428784256426414,0.20002784158205283,3386922000000,
0.046757982975579454,0.03339901507103499,0.20002136326802944,3386927000000,
0.06088253758574842,0.0686444647928851,0.1996417645379617,3386932000000,
0.024493730948568437,0.05953614635340321,0.2000364717606694,3386937000000,
0.029998881581653886,0.05711180798278875,0.19988832297946182,3386942000000,
0.024254476006209037,0.04316305264816727,0.20017781012630462,3386947000000,
0.04580346384575625,0.10098372817693799,0.2002825593738594,3386952000000,
0.003955792308876216,0.04490134446997555,0.20036416474868185,3386957000000,
0.04570829990906774,0.03150892327824792,0.20008764528567788,3386962000000,
0.06360564569538163,0.05485005889400822,0.20012860483592207,3386967000000,
0.057046264126371385,0.044019639438248444,0.2000597299507171,3386972000000,
0.0566866752927796,0.09494371921221426,0.2000976749323733,3386977000000,
0.02764622047164833,0.06032877067079461,0.20020951908844087,3386982000000,
0.04466342582513135,0.05076937496977865,0.19966308427186163,3386987000000,
0.03919339742056382,0.044432505990231574,0.199820430504102,3386994000000,
0.02856910530606494,0.04145209746081369,0.2000455952801379,3386999000000,
0.25304048294929943,0.1002469459936335,0.2000389590429303,3387004000000,
0.04030602843860312,0.07648723925254464,0.19997192704175465,3387009000000,
0.03831141923796479,0.024726569943151873,0.19993865855598192,3387014000000,
0.03952722909539993,0.059785163285791004,0.20012694713211718,3387019000000,
0.028525573779534994,0.05954650225887754,0.2000274519511238,3387024000000,
0.03900958042506443,0.06198766020853838,0.19994620738720054,3387029000000,
0.05828887142604569,0.07849947436116544,0.1997833170181172,3387034000000,
0.021650312119838797,0.02460026622576955,0.20010356092601855,3387039000000,
0.041459544140703575,0.08768475670645653,0.19997356868686486,3387044000000,
0.04155552089512675,0.0762107647748426,0.1999318556641696,3387051000000,
0.05429450390679408,0.0770710633989308,0.200222901098142,3387056000000,
0.03679470447251744,0.08687005249476681,0.19950347675889862,3387061000000,
0.05707353710985712,0.08008058315695502,0.1999597669272931,3387066000000,
0.031217239952610023,0.09006409972578808,0.19996649197909033,3387071000000,
0.054862001429082805,0.05001122088618905,0.1998556744047104,3387076000000,
0.03288358384274953,0.06107967613393267,0.20012515427816158,3387081000000,
-0.01022317326116707,0.04714857829539654,0.19995595250061524,3387086000000,
0.015678984203772645,0.05106551277983605,0.20006533714044106,3387091000000,
0.051332761644899284,0.06106920526970217,0.19987921694970395,3387096000000,
0.01648396446809662,0.08899322588364506,0.20039869696333093,3387101000000,
0.23647426107791555,0.09107501221903233,0.1998971343251642,3387106000000,
0.04712101825784912,0.049430583126123584,0.20007423728079288,3387111000000,
0.014434682683992128,0.041423322235131704,0.19984069098243284,3387116000000,
0.04661013092273966,0.04720794106309387,0.20004077959173916,3387121000000,
-0.008506765151968156,0.06464710896574802,0.2001558076132295,3387126000000,
0.050376679046792196,0.06907013970349861,0.20013420045173738,3387131000000,
0.03995595227498893,0.039455733434371795,0.1998820665154863,3387136000000,
0.011298439687868013,0.04883007043268943,0.19994009946306238,3387141000000,
0.056494198834179374,0.04948237082136599,0.2003242903404351,3387146000000,
0.02130199010162929,0.04162675545934218,0.19974489117823147,3387151000000,
0.033104890208336527,0.06055663760676539,0.20010586956657744,3387156000000,
0.03720231378177292,0.061439557755695255,0.20044708971435168,3387162000000,
0.005472450386872149,0.060356362474748376,0.19993163390639995,3387167000000,
0.038509061735858094,0.06257807842678675,0.1998453308639276,3387172000000,
0.059201043272342505,0.025365690524331665,0.1997272611291794,3387177000000,
0.027947402147322276,0.06494468508550556,0.20009684459865598,3387182000000,
0.019338677664158352,0.0844651429957624,0.1998673236471129,3387187000000,
0.02354879239778765,0.051279799211477746,0.2001627257745926,3387192000000,
0.029942715217247423,0.04709080694452319,0.20029522692373666,3387197000000,
0.0031141653771009047,0.07091410704572937,0.20000186969874764,3387202000000,
0.18606650932812566,0.06928894671897368,0.19997710930162088,3387207000000,
0.014677515236464848,0.022868795318206965,0.20043780060200814,3387212000000,
-0.0015022569333602367,0.0672364144494798,0.19998621138791794,3387217000000,
0.02251123726439522,0.014529603801347893,0.20029094653407534,3387222000000,
0.04011424942762533,0.055282049678687335,0.19994900861915116,3387227000000,
0.0466426339641684,0.03850158944977676,0.1999567928858731,3387232000000,
0.020635916448527542,0.05121485091621741,0.20011118457897786,3387237000000,
0.007534460079899129,0.036320791299083346,0.19961965949690172,3387242000000,
0.019584516410563205,0.0474739782640257,0.20007206254562634,3387247000000,
0.03760331090100917,0.07137754207163555,0.20021725433828094,3387252000000,
0.01964570570949667,0.09405534834585569,0.20008673871982327,3387257000000,
-0.0052903827927400175,0.050474043722335236,0.2000053021033969,3387262000000,
0.025712871984388805,0.06319937455079311,0.20022113045820128,3387267000000,
0.031850999822000514,0.047985586959234224,0.2000179985749687,3387272000000,
0.015091569389476535,0.04243584965450245,0.2000323362819336,3387279000000,
-0.0017215629597876932,0.051592178648522155,0.20001112000788784,3387284000000,
-0.006888738850283132,0.06919176617553913,0.19990908233319515,3387289000000,
-0.04903604058193148,0.0342567683535276,0.20003670804156656,3387294000000,
0.0273454058674591,0.07513198172426071,0.19997846657297544,3387299000000,
0.006438597906758538,0.0803981843791412,0.19978693643611864,3387304000000,
0.20166283256150594,0.05133052736477475,0.20020499969318445,3387309000000,
0.01848119285790787,0.05497915020014092,0.2002003727209606,3387314000000,
-0.009552429479843656,0.045932646411932516,0.19994428291484426,3387319000000,
-0.0330819954097689,0.05724325900620235,0.19998634590304276,3387324000000,
-0.010778157362002638,0.050703967832748845,0.19977099988841238,3387329000000,
0.013434573619362771,0.0525313044615419,0.20008837249787387,3387336000000,
0.014984746384702301,0.0315568548850195,0.20064186747446427,3387341000000,
0.0034745184494318648,0.06797660697621816,0.19980146939602306,3387346000000,
0.0233689066978366,0.06535485983362221,0.19966852394266899,3387351000000,
-0.0009918327584881024,0.06830328124373088,0.20014043126492548,3387356000000,
-0.0012014371515874913,0.05694263314452909,0.19968878370225238,3387361000000,
0.015655491787212296,0.04762251340119518,0.2002824013136184,3387366000000,
-0.015604131627253201,0.058768801160790786,0.20009575750597144,3387371000000,
0.029407540159760735,0.048402724824661986,0.20008257969977417,3387376000000,
-0.00614393198832704,0.05049955699253388,0.20011885489613523,3387381000000,
-0.021407204781216587,0.07544292861684676,0.20010298321674097,3387386000000,
-0.01961586719999568,0.10842181244027352,0.20022171436409567,3387393000000,
0.01591373444649139,0.055450073520729865,0.20018416647872853,3387398000000,
0.0041623265603265725,0.05610610580570663,0.20000787285041668,3387403000000,
-0.0016219698785290403,0.06678066303087893,0.19997066379486111,3387408000000,
0.18091481798352674,0.05140974376840547,0.20034271230995115,3387413000000,
0.011179595108292455,0.08323032560919168,0.20027622578792792,3387418000000,
-0.011729254081165584,0.08420684496876406,0.1999670772819147,3387423000000,
0.0011105441608356935,0.08695043258215543,0.19986348861674383,3387428000000,
-0.0020269962869562674,0.06314023948535138,0.20008820511618236,3387433000000,
-0.021395295897443524,0.06854216188430347,0.20016397933252897,3387438000000,
-0.006579032535936556,0.08037467478932397,0.20029903777993258,3387445000000,
-0.04568208151007274,0.0430924693493856,0.2000105622462957,3387450000000,
-0.023998666682693633,0.07078358984904275,0.20021135794074768,3387455000000,
-0.010204950889650186,0.06159896304767378,0.19995058746794456,3387460000000,
-0.014420280100717534,0.04352611815954946,0.19985153341225384,3387465000000,
-0.022823921195746735,0.056444087898970985,0.20012217313589803,3387470000000,
-0.03928588389198641,0.06932602943495199,0.1999452109368053,3387475000000,
0.1824691402450987,0.05633967713854632,0.19993061741966417,3387480000000,
-0.02213122133457031,0.05262800379467596,0.19985798936820517,3387485000000,
-0.05015862174425069,0.08580162856601616,0.20005492658934038,3387490000000,
-0.0585210805759001,0.05447712389909168,0.19968794120847694,3387495000000,
-0.018784249008066953,0.08640300634098669,0.19963811016542432,3387501000000,
-0.039105869825489775,0.03618527148345797,0.20023237921752904,3387506000000,
-0.030859020310266598,0.054018514805246526,0.19996848136831205,3387511000000,
-0.08463820854877555,0.014315780322317818,0.20056650320414826,3387516000000,
-0.022192935975563537,0.04371974728023869,0.2000903748558866,3387521000000,
-0.04822234402858585,0.05024205299801738,0.2001049852684191,3387526000000,
-0.01815086544763317,0.09294594801070635,0.20028519299567543,3387531000000,
-0.038759820662534,0.06437965609880293,0.2001046007424707,3387536000000,
-0.021715013877537673,0.056070606056691986,0.20040424603696216,3387541000000,
-0.03606415001624512,0.07836573837595265,0.20000385721340083,3387546000000,
-0.04628620984055713,0.05151238342661644,0.20038588582888123,3387552000000,
-0.03983275989803752,0.059103936327078575,0.2002093579488759,3387557000000,
-0.03370469146374068,0.0479076870944743,0.20031163813543154,3387562000000,
-0.07501182397947419,0.04687324307361754,0.19994763887470404,3387567000000,
-0.063509353478196,0.03530527194952909,0.20014120107428676,3387572000000,
-0.03373064679472323,0.0836565958278078,0.20009800118292412,3387577000000,
0.11750467186142675,0.08225118663704119,0.1997971071071247,3387582000000,
-0.05791988503158741,0.06730855414188518,0.20005203215926978,3387587000000,
-0.06587180990444289,0.06011198584018847,0.20008982602488443,3387592000000,
-0.07002692576233005,0.06996838155278735,0.20000826259466636,3387597000000,
-0.042283614791913005,0.10739440647540792,0.199378837957099,3387602000000,
-0.07448017895173706,0.005504323917444346,0.19989339396641614,3387607000000,
-0.015671515027666057,0.11247156424878067,0.1995286885626152,3387612000000,
-0.07587309946863646,0.04684635785463061,0.19949809453817904,3387617000000,
-0.06620738583504313,0.056949467025517966,0.19941094175574517,3387622000000,
-0.07491388696130062,0.048911620491963535,0.19925483680285308,3387627000000,
-0.029147230374805804,0.0732340926833296,0.1994495843798221,3387632000000,
-0.09102473914467274,0.08522469435724674,0.19935687189016502,3387637000000,
-0.05456079732682973,0.08377481731097128,0.19939675775185134,3387642000000,
-0.041101011556001266,0.060304536349701905,0.19938948825910363,3387647000000,
-0.07528448010121488,0.06570461262628999,0.19963106559585006,3387652000000,
-0.0729821695523198,0.0916656821535849,0.19978145062447222,3387657000000,
-0.06194879830630113,0.05070418780660711,0.2001076906540476,3387662000000,
-0.06742387564832757,0.06264135422807438,0.19971963108298285,3387667000000,
-0.04919342934287911,0.10469301375743548,0.20022734438984527,3387672000000,
-0.05387751117523122,0.08039594008048435,0.20018333493058968,3387677000000,
0.12474996367995932,0.0930216980567773,0.20005034233714017,3387682000000,
-0.05202248813434347,0.06994396105863404,0.19976975346689033,3387687000000,
-0.060570000314297164,0.04860873455285149,0.20035182340627639,3387692000000,
-0.061613894979211735,0.05157976238994907,0.20012851224332934,3387697000000,
-0.1095725611143038,0.02214758989181464,0.2002809485459847,3387702000000,
-0.10535491270998995,0.05121666114273663,0.19999834427976335,3387707000000,
-0.06175526159545168,0.06354339228505322,0.1999028557516049,3387712000000,
-0.07889332496972684,0.05765619250443051,0.19983687771577918,3387717000000,
-0.0907953997339946,0.05452485252422107,0.19976335223940087,3387722000000,
-0.09884529157161602,0.04100151357259425,0.20020766280496685,3387727000000,
-0.09135298714379603,0.08369975188171076,0.19980574592110392,3387732000000,
-0.06844926170534453,0.04695102987457157,0.20022258801837525,3387737000000,
-0.06956599600492865,0.06730772168595685,0.20006179498092333,3387742000000,
-0.09769865767491151,0.046683197906966345,0.19974720253545747,3387748000000,
-0.08847325436418763,0.060567698335362116,0.19958683826110304,3387753000000,
-0.05122704376172877,0.08008145476380611,0.19958401961709335,3387758000000,
-0.08066676780678697,0.057595063567414534,0.1998717998788508,3387763000000,
-0.044220159423225214,0.046284033425031776,0.2001694348454509,3387768000000,
-0.08289504173055776,0.0944751298350798,0.19971366086487594,3387773000000,
-0.08023256662134447,0.05327481317512123,0.19990980110667753,3387778000000,
0.061887370407832695,0.09188491816494121,0.19962578944670095,3387783000000,
-0.042292445684729646,0.06209494456859169,0.19967505192704585,3387788000000,
-0.08824874524144022,0.08651047290171263,0.2001441104416096,3387793000000,
-0.09354162105679086,0.06463006207230801,0.1999689160383747,3387798000000,
-0.11863654158013154,0.04823419647169748,0.20044189755267366,3387803000000,
-0.10298434506796088,0.07832866649180549,0.20036830269150638,3387808000000,
-0.0865033414841238,0.09703326800405243,0.20021692574944117,3387813000000,
-0.09718380003896987,0.04576632713700554,0.1998064253681043,3387818000000,
-0.06783796637346658,0.06653666164490384,0.20007192698530027,3387823000000,
-0.07456118734374567,0.022765384983941997,0.2001172311140598,3387829000000,
-0.10231250969788343,-0.0049931716178376745,0.20007128669207316,3387834000000,
-0.06953414209844072,0.0825133539614473,0.2000265433667166,3387839000000,
-0.10633230335342223,0.07148731455649779,0.1999663943152065,3387844000000,
-0.13106143496181677,0.08644537915968585,0.19983894425863966,3387849000000,
-0.10555105563048477,0.06754696859633687,0.19984076250986815,3387854000000,
-0.07673133381265206,0.048218742925983216,0.19986638531253734,3387859000000,
-0.09977884784851777,0.06180501930675396,0.20003954308760843,3387864000000,
-0.06478828253047242,0.06721023644786195,0.20020125145725748,3387869000000,
-0.1032080560960404,0.10131473869605685,0.19989146219048012,3387874000000,
-0.08399667352050666,0.08569566549379702,0.1997660341576415,3387879000000,
-0.10563175821270064,0.07434081879465472,0.19976235991368838,3387884000000,
0.11420467910681553,0.06941727857600481,0.19991547275282495,3387889000000,
-0.1016806428610652,0.053966925077003146,0.19999844230377578,3387894000000,
-0.09415673982496976,0.07011215463077039,0.2000421612558084,3387900000000,
-0.08130226796244758,0.0649497408377291,0.20035375029958366,3387905000000,
-0.07480398551677934,0.06851697146405565,0.19971801591948554,3387910000000,
-0.057516462551257495,0.06818960463590991,0.20019197470345132,3387915000000,
-0.07720109140414534,0.06018841248617707,0.20018562642032406,3387920000000,
-0.08319231937726113,0.04082438809885306,0.19999199634041345,3387925000000,
-0.08303527379703389,0.05185847118652791,0.19983090777425286,3387930000000,
-0.05700578339169805,0.049613527744848826,0.20000718848293714,3387935000000,
-0.08124889930915714,0.08675034567264138,0.20044611777449134,3387940000000,
-0.09203333294434204,0.0507976082926465,0.19994456541572972,3387945000000,
-0.08496417040406755,0.07485182289270435,0.199990214784354,3387950000000,
-0.08659274153824616,0.04614468896380875,0.2000350166239455,3387955000000,
-0.08307412974721548,0.08025137646425047,0.1999374543981155,3387960000000,
-0.0990319957818761,0.08947962402924044,0.19960583600591245,3387965000000,
-0.08269963181665334,0.07044774730367637,0.19966114350379435,3387970000000,
-0.099563696891357,0.04791623070630471,0.20017054119098776,3387976000000,
-0.0767118981938522,0.06422995620057921,0.20008486711026383,3387981000000,
-0.08078780871802378,0.044127521197990766,0.19974901873766165,3387986000000,
0.11477234621424083,0.06457944609491215,0.2001492174630394,3387991000000,
-0.07759320128484594,0.07627476238102683,0.19972860122075745,3387996000000,
-0.06790262484502546,0.08490173069792661,0.19970431994366328,3388001000000,
-0.06696805986305819,0.07745891281352416,0.1999264739441507,3388006000000,
-0.0664393354332094,0.09355358080300993,0.20031774382694376,3388011000000,
-0.04413251130790675,0.09150482049592461,0.19985502665167562,3388016000000,
-0.0720811424622311,0.06390492036323957,0.1999078120805538,3388021000000,
-0.07292424146287772,0.06283727135871418,0.19991232360203176,3388026000000,
-0.08427737696313811,0.054800933824480536,0.1998393782290785,3388031000000,
-0.06964788820772148,0.061828651022436974,0.20016228235703964,3388036000000,
-0.09384589352763045,0.0703802265261356,0.2000181173320744,3388041000000,
-0.07993754747496526,0.040862493142157466,0.199861555709978,3388046000000,
-0.057287825173526374,0.04851451229737347,0.19966039499251304,3388051000000,
-0.047875563138304864,0.06491671318973606,0.1998695480664259,3388056000000,
-0.06215379250792446,0.0768659461829937,0.1999453379753116,3388061000000,
-0.0859645975299884,0.09230343413600028,0.19963038164778582,3388068000000,
-0.07794268480594631,0.05196256380716153,0.19959003895657995,3388073000000,
-0.03441020017298902,0.06573505332318115,0.19977509701263726,3388078000000,
-0.06372756968260489,0.028189907607135564,0.19963565566517133,3388083000000,
-0.15487295340861115,-0.08555901321473854,0.20077697034236885,3388088000000,
0.2348007050523728,0.2302700944188523,0.20037646468523118,3388093000000,
-0.1596440748678779,-0.09192438809071107,0.2008398765860163,3388098000000,
-0.07023149877548379,0.08581715107338769,0.20121574044089632,3388103000000,
0.0018747386262923417,0.1916343856280608,0.20142222247042174,3388108000000,
-0.14330414991337678,-0.07450388236457033,0.20161904381108067,3388113000000,
-0.038421902457065685,0.059888834606742,0.20175673480819775,3388118000000,
-0.06200326864655728,0.10026976190943991,0.20192820717740168,3388123000000,
-0.07188970962742965,0.03715321199621277,0.20142592978338442,3388128000000,
-0.0334564574057284,0.06355745425901635,0.20178253611494976,3388133000000,
-0.05449547734803623,0.06868296793782777,0.201801124189121,3388138000000,
-0.062005796482438855,0.10685843284887923,0.20125422348677047,3388143000000,
-0.05006326482743914,0.03507760125703056,0.20094238231415545,3388148000000,
-0.05815124380818987,0.07679849869241898,0.2007606131174707,3388153000000,
-0.059223464883253946,0.08231261391461242,0.20010968933832582,3388158000000,
-0.05369789247000136,0.09344816793095398,0.199948906842075,3388165000000,
-0.02815260070474184,0.05761085290207804,0.19960929928528348,3388170000000,
-0.01313372250223794,0.06380732916474646,0.1994840251742186,3388175000000,
-0.024879721851113097,0.07631558880244076,0.19911789707087788,3388180000000,
-0.02651095678133595,0.047376175267128326,0.19889286974128054,3388185000000,
-0.02981099083137983,0.07188523097033182,0.198960088341896,3388190000000,
0.14837263842149,0.10455341012513399,0.1992713418345556,3388195000000,
-0.028136256187406696,0.037947330099231735,0.19913946812717978,3388200000000,
-0.034040926448416664,0.08333784631680591,0.19938926153270597,3388205000000,
-0.029339182159938644,0.044818312079501516,0.19939428651173352,3388210000000,
-0.009732626291345133,0.06398500368613141,0.19936392838415332,3388217000000,
0.002813680825734015,0.05648717729367161,0.20015631973418918,3388222000000,
-0.05973307380227007,0.09592156024617673,0.1996601600436108,3388227000000,
0.002321989810604771,0.043526545322104086,0.2001908318514314,3388232000000,
-0.046938439956769336,0.08644545151156549,0.20055254200849368,3388237000000,
-0.017406656190983513,0.1131211305628072,0.2005948614477787,3388242000000,
-0.05446962184721232,0.08103776616994277,0.20036950715762278,3388247000000,
-0.030377346935429563,0.06678792682024326,0.20063709126500973,3388252000000,
-0.0003157981832908642,0.07535259945192772,0.20036622522185657,3388257000000,
-0.009635581296174305,0.05565656512107757,0.20039453303584934,3388262000000,
-0.039071391191356455,0.04746510892475009,0.2003167116451958,3388268000000,
-0.01703195765768762,0.08941767853163213,0.20020830837054307,3388273000000,
0.002492141729803464,0.04407185355544148,0.20008643374809257,3388278000000,
-0.035125848073926005,0.05021263137203029,0.19991258888128718,3388283000000,
-0.021987769372018552,0.09655533615939996,0.20009864389000476,3388288000000,
0.13960982947954725,0.06954252347296293,0.19958455370606487,3388293000000,
0.017269573012267177,0.053583857257624205,0.1995947287111531,3388298000000,
-0.041839920064228105,0.050232149860307634,0.19962115681614465,3388303000000,
-0.008664335199156398,0.06367914372805271,0.19953833826690245,3388308000000,
-0.011024550390601517,0.07707171322828375,0.19967988563066424,3388313000000,
-0.01605220476222925,0.059839785196177483,0.19978221836837545,3388318000000,
-0.002735677138226875,0.06392268523566073,0.1998332132938,3388323000000,
-0.005987824399398245,0.05502228452143916,0.1998527135860605,3388328000000,
-0.013530441476117655,0.05509732414689825,0.1997956753028147,3388333000000,
-0.029506773301142694,0.0345158775813866,0.19949253433577926,3388338000000,
-0.027690538206237934,0.05443651564211853,0.200018937377789,3388343000000,
-0.01844648909988667,0.0908412430779693,0.19988347866800868,3388348000000,
-0.010776804951791882,0.10837387128705059,0.20007828129781924,3388353000000,
0.001852640726719701,0.076201866178095,0.20016198796221207,3388358000000,
-0.02150254812491427,0.05957152234451567,0.19989649613460836,3388363000000,
0.003029844259852192,0.10552844258800045,0.2001509687253902,3388368000000,
0.03155910157253656,0.05038421026289987,0.2002074620184881,3388373000000,
0.001663665095562275,0.065327154297627,0.20014667199793298,3388378000000,
-0.016734127564338924,0.08270641459266921,0.20028564217448713,3388383000000,
-0.019054100227169683,0.07678794812489745,0.20020209519384566,3388388000000,
-0.025006894457790987,0.09621856510084265,0.20009376095886436,3388393000000,
0.17097352424773896,0.05770289092380975,0.19986374974685447,3388398000000,
-0.028113089804553536,0.05532480843980872,0.20038583775716295,3388403000000,
-0.0011925327294544496,0.06692477935515168,0.1995505358411268,3388408000000,
-0.035937471842745324,0.047531418143948526,0.2000342141601846,3388413000000,
0.015840615610977698,0.09254029909393276,0.19997299180835806,3388418000000,
-0.019005727677090804,0.09011289277956516,0.19990496021637597,3388423000000,
-0.0006549188816696301,0.09927557116837821,0.1998366759927514,3388428000000,
-0.0050186710705622355,0.03729160306322993,0.19992230063903152,3388433000000,
0.007661858551136418,0.0854634688447841,0.19954121964642169,3388438000000,
-0.019030125336737383,0.08369960939035817,0.2001332707973944,3388443000000,
-0.011701406024603626,0.07229572401165707,0.20003269769118362,3388448000000,
-0.004990509799481409,0.10462270066307046,0.19998085381206768,3388453000000,
0.007023975347766881,0.049042966409832356,0.1998058196842591,3388458000000,
-0.0038492584162524066,0.06191659603718625,0.19975396682895594,3388463000000,
0.007968086859470537,0.0862932267434368,0.1999904536416179,3388468000000,
-0.0036994258769113783,0.07242706833697575,0.20020114280705748,3388473000000,
-0.015683922806984205,0.061233294761060354,0.2003987390426291,3388481000000,
0.013710213930717856,0.07967358690272908,0.1998247147857807,3388486000000,
-0.02155957567194888,0.07852462573853798,0.20020987839464374,3388491000000,
-0.0026328486589902063,0.052478289599925905,0.19982697959774562,3388496000000,
0.20378747670282524,0.05100549738177374,0.19981575018825729,3388501000000,
0.03323572502365077,0.06397357802291355,0.2002488951361093,3388506000000,
0.011614540928009473,0.05606682923286372,0.200310685845415,3388511000000,
-0.023209705070825388,0.06391890663016651,0.19995020029888247,3388516000000,
0.01107948545798916,0.0613852979562806,0.20004031915529905,3388521000000,
-0.00528631799119468,0.05964915601839917,0.20001478878785123,3388526000000,
-0.010292906480366622,0.060740859653038756,0.19989505941474428,3388531000000,
0.05587908846323361,0.05047159392204495,0.20026810288154778,3388536000000,
-0.003685887831686858,0.06264596957192282,0.20009707821494854,3388541000000,
0.00891494117879726,0.0839796419630407,0.1998295131485582,3388546000000,
-0.0016329670226432943,0.07024158691332487,0.19959140349982463,3388551000000,
0.0075303019125750855,0.045783643723544994,0.20016547069519194,3388556000000,
-0.00030749101163753643,0.046510207935990325,0.1999592628772116,3388561000000,
-0.014255187878390571,0.07741452346625753,0.1995253695066942,3388566000000,
0.0032300815181109622,0.09516819055126674,0.20013984912403027,3388571000000,
-0.0041106918821305375,0.07024895608344765,0.19990918619900624,3388576000000,
0.022047624235968157,0.05004372900850643,0.19993367366182416,3388581000000,
0.013530836380441546,0.10418453401562308,0.20016367868146276,3388586000000,
-0.001261261219276077,0.050944861893589,0.20029808514623024,3388591000000,
0.011380957532841476,0.03137544843513841,0.1997794879632895,3388596000000,
0.13133046847647392,0.09901781857303776,0.1999469441356014,3388601000000,
0.0020882265982820405,0.06188810864788071,0.2003410117384395,3388606000000,
0.009976232891818433,0.10035299445483692,0.20007763713242574,3388611000000,
0.01029411269382899,0.09356026754287845,0.20000472422853569,3388616000000,
0.020464400642747217,0.07845851492372344,0.2004092374752647,3388621000000,
0.016041429394387324,0.09731852420300816,0.19996559186048105,3388626000000,
0.011254894035643757,0.05262177204625085,0.20010198161571,3388631000000,
0.03892653865887719,0.07200462770629065,0.19980287180634163,3388636000000,
0.004141420164727511,0.052044753729902464,0.20016529756467738,3388641000000,
0.009727173511911573,0.07661973073876574,0.20011428073416987,3388646000000,
0.004253839379821603,0.06415789743982853,0.19991609106051356,3388651000000,
-0.002687727219395057,0.06833796004449957,0.20002477117288073,3388656000000,
0.004879773866652549,0.07426536811443277,0.19978075622337563,3388661000000,
0.019977097426681377,0.052667194804206036,0.20007617216867568,3388666000000,
-0.025890160500695862,0.07291389293193516,0.19996525554859412,3388671000000,
0.01583692212064048,0.07730258427642242,0.2000522264860241,3388676000000,
-0.01986937096675482,0.070886190380689,0.20001737674608908,3388681000000,
0.007193104298999931,0.07863502141426798,0.20023499779988585,3388686000000,
0.0024030620483171923,0.04642203173523589,0.19990322242866315,3388691000000,
0.014716662581658928,0.03971527490419969,0.20032172088083228,3388696000000,
0.1367139420529014,0.0820179616830567,0.20027884231818757,3388701000000,
0.04098995492531411,0.045247439967812955,0.2000566765563216,3388706000000,
0.01537763475753066,0.0785690393063493,0.20009954018708973,3388711000000,
0.024524133966399488,0.06316029755001151,0.19975582798533686,3388716000000,
0.014682170782326445,0.08749491925005734,0.19981557473085612,3388721000000,
0.01819808195548772,0.05396348530545701,0.20001489741754627,3388726000000,
0.01902712226464756,0.07432529054279946,0.19994000586338273,3388731000000,
-0.022374988165275327,0.1006473742383418,0.1999447024812223,3388736000000,
0.018372713159296394,0.07492589933224796,0.19983194429311021,3388741000000,
0.0024539661088066912,0.09326956393790889,0.20024748037783832,3388746000000,
-0.02645886108704161,0.07617586319224402,0.19991603850089815,3388751000000,
0.018961661309630666,0.046856469882650756,0.20008756930225371,3388756000000,
-0.0010189193292313107,0.07995809357817682,0.20037325054806485,3388761000000,
0.025946418942157358,0.07011354188156985,0.1994361006923058,3388766000000,
0.0002070502047379144,0.06974380350228314,0.2000075567323525,3388771000000,
-0.015710383988331696,0.06892962908271408,0.2001235133761592,3388776000000,
-0.006117627768870114,0.09208692183886612,0.2002941941716481,3388781000000,
-0.010294507518779484,0.05882824019707045,0.2000908787972981,3388786000000,
0.016377077137788652,0.05234445994389224,0.19961203249898538,3388791000000,
0.019265185842213275,0.0903620409574502,0.1998082125948586,3388796000000,
-0.0073196903391835036,0.061519843859487736,0.20012068307600428,3388801000000,
0.20193462688963074,0.08531536647592668,0.20014030243805708,3388806000000,
0.016103052424550793,0.11334544816368526,0.19994171795413293,3388811000000,
0.007753280578744048,0.05075913556968336,0.19998749187344816,3388816000000,
0.01836101092156304,0.08550932985001938,0.20033287074557854,3388821000000,
0.015851750903490516,0.03258024185442278,0.20009926431544084,3388826000000,
-0.017715283673636437,0.06004858241462763,0.19956029413849477,3388834000000,
0.010934329749204476,0.06575321409643275,0.199914272151158,3388839000000,
-0.007222373973486606,0.04836803205819643,0.19980896124793954,3388844000000,
-0.014880084030104868,0.04653191669858707,0.20037068718198023,3388849000000,
-0.005514797292719411,0.039600631358397365,0.2002236303030866,3388854000000,
-0.010842329770426802,0.04997777774834109,0.2001659250087523,3388859000000,
0.017696738219787456,0.047456588569334816,0.19953484896010162,3388864000000,
-0.007874648727347656,0.06099461171774395,0.20042125335845662,3388869000000,
0.23819245282138982,0.07835469485142764,0.199858383868785,3388874000000,
-0.0008281860392655379,0.04700933445089302,0.20006823364811602,3388879000000,
0.03481921885120435,0.051598671109913924,0.20000396540079582,3388884000000,
-0.007849705990143457,0.08183541352095135,0.20003731900720909,3388889000000,
0.00835337122761784,0.06294645234765742,0.19992906240118594,3388894000000,
0.013070091578594708,0.060382630621583507,0.19992514989234034,3388899000000,
-0.007873448882560957,0.07434743207600997,0.20019211044343527,3388904000000,
-0.021854644514375222,0.06319385153978671,0.20032059355977042,3388909000000,
-0.03778452913566897,0.054702442565860585,0.19986054291322705,3388914000000,
-0.008059174577286443,0.06700146558729937,0.20036168602419438,3388919000000,
0.01647400178508463,0.0735557563201853,0.20008238448176327,3388924000000,
-0.016925649436393273,0.08939142502729258,0.1999589781837177,3388929000000,
-0.00043115976981255525,0.05068836987827921,0.19988327372910922,3388934000000,
0.0003459324822957053,0.08178776546649405,0.1998402561992079,3388939000000,
-0.005204184410091054,0.05103045298537284,0.19993482073607957,3388944000000,
0.01488254058759424,0.07579342381928096,0.20042029269638306,3388949000000,
-0.00454791557921288,0.1353398733879133,0.19995519212291377,3388954000000,
-0.017966618088078534,0.06184894666681709,0.19970925008939955,3388959000000,
0.0029805272253726443,0.11217651399870414,0.20004059689583856,3388964000000,
-0.012516620467799446,0.07936262674669095,0.2000540843029768,3388969000000,
0.19190008211307535,0.06440083334794484,0.20010560794669696,3388974000000,
-0.012955212059075646,0.07282515703268158,0.2003596312522084,3388979000000,
-0.0052721510497203755,0.07018766537853559,0.20006137496161677,3388984000000,
-0.005076548468079452,0.06691908328084664,0.19995868678421008,3388989000000,
-0.03325520476569266,0.03619260534010454,0.1999033010119646,3388994000000,
-0.011506672422734655,0.058040501988310685,0.19993506418976362,3388999000000,
-0.035042644004919035,0.05292107377403049,0.200404417579776,3389004000000,
-0.03563463036385209,0.0692802945210145,0.20021114634608855,3389009000000,
-0.02994468913205824,0.05931604791252053,0.20009366210773774,3389014000000,
-0.004386122371689052,0.06941469025008365,0.20002098391342665,3389019000000,
-0.009045730642694315,0.06794035611779987,0.20010631034961315,3389024000000,
-0.024855254126926928,0.06852504708488974,0.20023325105724074,3389029000000,
-0.039363646384012144,0.0710171573925742,0.19982584200706247,3389034000000,
0.014562238973768352,0.040307198234418556,0.1998395100774024,3389039000000,
-0.01965035543902092,0.07251796882390468,0.20018547106307033,3389044000000,
-0.01762179680586262,0.062164645568357935,0.20011725999018137,3389049000000,
-0.0008565387994261438,0.062285600124942386,0.20008911157122136,3389054000000,
0.005838557627016763,0.06427930646277222,0.2000710632194955,3389059000000,
-0.03403005030335332,0.09004304989713277,0.19994616917657124,3389064000000,
-0.016361081219847994,0.04631825191336085,0.2000001991720965,3389069000000,
-0.03659071717520227,0.06610292078985247,0.19964688482798518,3389074000000,
0.31106201957494595,0.07156627424335953,0.19999114850897312,3389080000000,
-0.02454775407381678,0.06580774445139423,0.2002068645361177,3389085000000,
-0.018890162707736097,0.07576483391026399,0.2001695300044734,3389090000000,
-0.05840199539084873,0.07994644030569478,0.2004513623821523,3389095000000,
0.0063936757464400674,0.08348372495793263,0.19978818010343175,3389100000000,
-0.04055804942617074,0.07055110071414707,0.19984282884516252,3389105000000,
-0.03883844441135022,0.08934856916358612,0.20038029247764721,3389110000000,
-0.05275357874702872,0.05210131105507117,0.19972591863988623,3389115000000,
-0.04272412315097297,0.07795003553247516,0.2001400586763166,3389120000000,
-0.028401124401256986,0.071694241929202,0.20011515608573652,3389125000000,
0.018699324786737463,0.08958293767937109,0.19989592453146543,3389130000000,
-0.06291975605380701,0.10004943878193481,0.20000077142779824,3389135000000,
-0.04861420346937137,0.05110152207765962,0.1999865414233278,3389140000000,
-0.04894383698552966,0.0855503438434248,0.20012505682424986,3389145000000,
-0.044308670572024714,0.07508520863740499,0.19996374175310352,3389150000000,
-0.042204133005017574,0.058656497302835245,0.19969996908664686,3389155000000,
-0.042584043813757896,0.08299269439448026,0.20004675930545063,3389160000000,
-0.04113883742627927,0.05269853384674568,0.20007948393800876,3389165000000,
-0.05609482611816536,0.0674596881966107,0.19998086804047083,3389170000000,
-0.015325997918094622,0.06285029556668648,0.199733451649443,3389175000000,
0.14574169189415861,0.08311622858042546,0.2001134650944688,3389180000000,
-0.04152706642522142,0.07279107114690138,0.1999213781667291,3389185000000,
-0.03931652015494224,0.07529759935755814,0.2002444448758877,3389190000000,
-0.055498939563471905,0.042287498198782664,0.20017582774156537,3389195000000,
-0.03747804259915853,0.06595438153350484,0.19988330524902728,3389200000000,
-0.06044147128536216,0.0891745774747004,0.20006830278781398,3389205000000,
-0.0456156201790408,0.07854274504376539,0.19957869345809578,3389210000000,
-0.03270597815207181,0.08704884210946934,0.2000273172605649,3389215000000,
-0.03611448435359017,0.06402201616271315,0.20017343475228447,3389220000000,
-0.05340746726111494,0.07808449031237086,0.19997482365959246,3389225000000,
-0.06165138159055438,0.06213836432820621,0.19985747458744196,3389230000000,
-0.06814947704943684,0.07280882323151694,0.19982431035121803,3389235000000,
-0.028056871637184132,0.116921637968541,0.19965176590512096,3389240000000,
-0.09285824106620569,0.036829838809865054,0.19982627759063037,3389245000000,
-0.033336128514482706,0.12148266149786247,0.19995459068918384,3389250000000,
-0.05369939830037192,-0.0028138550846029467,0.19936431595292456,3389255000000,
-0.05924791023554508,0.11056416398128281,0.1994424692682822,3389260000000,
-0.06551383822651433,0.0650359493780665,0.19944267189488743,3389265000000,
-0.04600032865255822,0.05256690373097621,0.19974712188640234,3389270000000,
-0.058880583511135065,0.06867429824583181,0.19939882391639763,3389276000000,
0.21704599931316038,0.06436577875792064,0.19964004045441988,3389281000000,
-0.07124051938852359,0.06511750708117071,0.19982972221459527,3389286000000,
-0.10700532202290683,0.08576881237239099,0.19964900326028545,3389291000000,
-0.0832040669622496,0.07553283660716419,0.19957454137628214,3389296000000,
-0.05406646391144288,0.06698163623367412,0.19967054620098715,3389301000000,
-0.06418569101210378,0.039280552666226265,0.1998114807722692,3389306000000,
-0.07572672148416393,0.07038971638709761,0.19996683668503903,3389311000000,
-0.061371253533380465,0.04912880680785699,0.20012614645281349,3389316000000,
-0.10056882378942145,0.06263160993587108,0.2001952817277068,3389321000000,
-0.08149502112616511,0.05684237640600487,0.20010192496860726,3389326000000,
-0.09266518042746003,0.0892868835005431,0.200109238991277,3389331000000,
-0.075550173959069,0.05378578784926444,0.1998739495687497,3389336000000,
-0.049323099341085586,0.0875177663783078,0.2000339924879211,3389343000000,
-0.0781886759415953,0.06893391965131386,0.19975049036717477,3389348000000,
-0.06573183154855289,0.04571761819320964,0.2002387582099695,3389353000000,
-0.05794641888797629,0.053168005775046996,0.19990451338001525,3389358000000,
-0.05402374934398527,0.08589180377093295,0.20022011237940301,3389363000000,
-0.08040357171144127,0.06106162016028696,0.1998244619638079,3389368000000,
-0.10161067090766257,0.05858115538105546,0.20013822578092713,3389373000000,
-0.09656849691108108,0.06498172014155311,0.20007721041617363,3389378000000,
0.14066194764065365,0.08532417818490876,0.19982341605800732,3389383000000,
-0.07033694206436288,0.10734745244116699,0.20009061127962635,3389388000000,
-0.09334360900859072,0.05828500947794105,0.19992101784021726,3389393000000,
-0.07544233158317554,0.05142722857283176,0.20025685239939564,3389398000000,
-0.07103499957819288,0.0497043903066042,0.1997371749657042,3389403000000,
-0.0972362493715231,0.0781438504829341,0.19976965666595795,3389408000000,
-0.06843651423200611,0.07131879992261775,0.19987717019730705,3389413000000,
-0.04737207269448973,0.05659453908963048,0.19940973898520933,3389418000000,
-0.10030679925600752,0.07243720574773461,0.20016248995471536,3389423000000,
-0.10667865964979092,0.05464625617699602,0.19994377511975572,3389428000000,
-0.045991986791599666,0.0632887689189148,0.19950190156937328,3389433000000,
-0.060412085936142966,0.06710322169347073,0.19994389854263445,3389438000000,
-0.07879058505571525,0.062243734355100125,0.19992635416035387,3389443000000,
-0.11076701466902503,0.04574225152932174,0.19993787014256337,3389448000000,
-0.06859613631881654,0.07044675126643454,0.19986272162128624,3389453000000,
-0.099741034111768,0.0764646029127124,0.19988457204590215,3389458000000,
-0.06969050945541307,0.08053499358988875,0.1998511434193261,3389463000000,
-0.07154506288578551,0.08875310448852049,0.20065915462863884,3389468000000,
-0.06363870656368928,0.03777330768581844,0.20002408451201928,3389473000000,
-0.0728781493884045,0.07293733544695881,0.1998845043294264,3389478000000,
0.06636553130678956,0.07099941738447064,0.1997052422257343,3389483000000,
-0.014898755709580016,0.07572053560760712,0.1998616890258255,3389488000000,
-0.0675161092827622,0.06598562235399376,0.20013278645296692,3389493000000,
-0.0739080811886283,0.06882677638614348,0.19976673890465485,3389498000000,
-0.0823862708844055,0.08239375662199437,0.19995718895199838,3389503000000,
-0.0781267985777832,0.06198299841671999,0.19963947705035492,3389508000000,
-0.10081994463022183,0.08668386789138142,0.20022777345996468,3389513000000,
-0.09753593939041506,0.0557647510284439,0.1997758220601471,3389518000000,
-0.07515096238250639,0.04244822082601439,0.19996187477908023,3389523000000,
-0.07270577867979856,0.08003122630649756,0.19981130098245004,3389528000000,
-0.10517073423585038,0.07168913121857498,0.19972562135586985,3389533000000,
-0.0458577170235365,0.08037923668949336,0.19997350375493775,3389538000000,
-0.07000556981901702,0.039152614258210754,0.19986676628877278,3389543000000,
-0.06303123634760155,0.053164943079469194,0.19969123304057365,3389548000000,
-0.10317691561818784,0.0467755599285785,0.19989584337417338,3389553000000,
-0.09394011287581369,0.06637291781609618,0.1995567092092095,3389558000000,
-0.0731430223112608,0.06842014130752913,0.20015573050261634,3389563000000,
-0.09257951465094368,0.07301458161507213,0.20001003968511483,3389568000000,
-0.06733750418317108,0.04651518532159278,0.19969457042545086,3389573000000,
-0.08067014639574652,0.043506134485944176,0.19985399000414372,3389578000000,
-0.10828163575989863,0.07379541138654529,0.19989465349411856,3389583000000,
0.09958964842635151,0.09134069425849037,0.20009205925154444,3389588000000,
-0.10655587490592563,0.1042441957614845,0.19991149295110597,3389593000000,
-0.059992408522670675,0.07007024913807404,0.20007837749640808,3389598000000,
-0.03409775348385468,0.07188419857713373,0.19985609076705196,3389603000000,
-0.06890862152317924,0.0696511064671022,0.19986360995319113,3389608000000,
-0.10223839554902527,0.08176600091083758,0.19989028267736736,3389613000000,
-0.10212813200209994,0.044959411301503764,0.19978702531749867,3389618000000,
-0.04768061757313333,0.06536780299390878,0.2000413019695734,3389623000000,
-0.07124117864759116,0.0775165822468998,0.19973912401872035,3389628000000,
-0.034512322834257675,0.06299497474830139,0.19978425491980387,3389633000000,
-0.12328996068854685,-0.11377479074029132,0.2009411839882406,3389638000000,
0.018724307042861137,0.25127756058417067,0.2007117431562687,3389643000000,
-0.11359111320554666,-0.11597960992540614,0.20082680079302842,3389648000000,
-0.08078356429824632,0.0523762426432193,0.20128133416766308,3389653000000,
-0.013499048082102387,0.23532130978300592,0.201206223700832,3389658000000,
-0.15789521448203284,-0.09117156619168629,0.201205271707157,3389663000000,
-0.06556996481151323,0.09509346948830606,0.20183100037111018,3389668000000,
-0.06713318165115399,0.04983719946636468,0.2015452664529685,3389673000000,
-0.11035207697968238,0.061587147776382696,0.20158109310827094,3389678000000,
-0.0372908926645055,0.09631356348396738,0.20153888081880472,3389683000000,
0.06766581804926623,0.09655015978855708,0.20142081520321245,3389688000000,
-0.07194158437728349,0.08174443471580042,0.20147205859832068,3389693000000,
-0.04286365752074357,0.08280630665571428,0.20154030330731276,3389698000000,
-0.026427753439766402,0.04801264052367028,0.20094985117357805,3389703000000,
-0.03219428035912864,0.06935762022927672,0.20084104928744764,3389708000000,
-0.05510597983025198,0.07085643276719575,0.20003103114656218,3389713000000,
-0.0496912511321097,0.10056857540195561,0.20029291010287578,3389718000000,
-0.06031379185971176,0.07300273237375157,0.20005531652787747,3389723000000,
-0.06121020960590318,0.09000651187184741,0.19964762253244528,3389728000000,
-0.059605969251166804,0.05200238711394052,0.19900267814418846,3389733000000,
-0.03910731228950212,0.07243816022035712,0.19952977119901621,3389738000000,
-0.0440438038473316,0.08341954043171848,0.19906795550059267,3389743000000,
-0.0364842639955558,0.08181906876754047,0.19927977767067762,3389748000000,
-0.02079902984726174,0.10154481206994712,0.199323040166323,3389754000000,
-0.04387642678597181,0.08175676146988439,0.19929972288105616,3389759000000,
-0.061319898513380135,0.06727017171852866,0.19951974524961516,3389764000000,
-0.024798071433590342,0.07042886358807769,0.19930508062040608,3389769000000,
-0.05604787192569974,0.07219063588547726,0.19973125890924998,3389774000000,
-0.017154832531377534,0.07443464414540221,0.1998691745613482,3389779000000,
-0.03523245329822105,0.1051192154200756,0.20003001329776676,3389784000000,
0.13179932618926216,0.0582110094224242,0.1999600661467314,3389789000000,
0.0018919998296443464,0.059237908273614595,0.20027787873377279,3389794000000,
-0.04947323148906903,0.06724912318474416,0.20036476598763323,3389799000000,
-0.03803296806723597,0.05253285292323595,0.2007945024975776,3389804000000,
-0.011480558859755987,0.055386357329972276,0.2004668284843289,3389809000000,
-0.009616588521230433,0.08044108106167562,0.20017167857515847,3389814000000,
-0.04059304087823159,0.05427884100600633,0.2003493218444613,3389820000000,
-0.057007521103489334,0.06957890040948013,0.20040211019979418,3389825000000,
-0.06673603053630295,0.08439892610097668,0.20041013577166905,3389830000000,
-0.03673277681686084,0.06494962340084112,0.200289539719815,3389835000000,
-0.002261113887852887,0.06663632684320338,0.20000049218328458,3389840000000,
-0.02571849322845625,0.05635963849662511,0.19959155012290283,3389845000000,
-0.03753244272807104,0.0719175291078015,0.19993572437036394,3389850000000,
0.004115760838382016,0.06441557517839828,0.19956534415826452,3389855000000,
-0.0012172837656437806,0.06501946160566546,0.19979638966622226,3389860000000,
-0.024935242670479578,0.09950710376994172,0.20011173447545583,3389865000000,
-0.041429136259788814,0.06766847930001688,0.19965159901726665,3389870000000,
-0.01718014994119356,0.08091621937535873,0.2000598300936662,3389875000000,
-0.03224732277218513,0.09777894829385529,0.1996048218796908,3389880000000,
-0.015774020274129042,0.07438837163491768,0.19997540843987893,3389885000000,
0.11623491811491758,0.08086983330079417,0.1998908026120848,3389891000000,
-0.028717758574133286,0.08818106519730387,0.1999586152456719,3389896000000,
-0.010447180200683146,0.06513821378474945,0.19989163829462983,3389901000000,
-0.030295957086424928,0.05642631895978527,0.1999727630993638,3389906000000,
-0.00619956346867544,0.09634370226675763,0.20000309061111812,3389911000000,
-0.0024236402175824116,0.0930105558471244,0.20016759341582202,3389916000000,
-0.013741754290112453,0.05657783224473087,0.2002838668339584,3389921000000,
-0.030939546751080953,0.07510999833879407,0.1997008463111091,3389926000000,
-0.0258090281291218,0.07468222753075501,0.2005903604222584,3389931000000,
-0.05738982428359374,0.05661107332847687,0.19995208787580104,3389936000000,
0.002714627699977837,0.07134103321306047,0.1999905874925793,3389941000000,
-0.029594447007170944,0.0764420807765203,0.20019866599234115,3389946000000,
-0.02574410525682727,0.07051446717743175,0.19980994154684065,3389951000000,
-0.028695084413862468,0.05603994672381214,0.20031370012895444,3389956000000,
0.005459731940036315,0.07691091740925352,0.20035313829846157,3389961000000,
-0.06094070311838559,0.04873766122734822,0.20016449501719066,3389966000000,
-0.01295321710343944,0.046739976446662564,0.19970722527920243,3389971000000,
-0.017339268862686327,0.07400099469805904,0.1997307099832811,3389976000000,
-0.015140489603655563,0.07721198482172484,0.19987093319963276,3389981000000,
-0.014342315835413944,0.0842044567576738,0.1997751236968218,3389986000000,
0.010892112522549149,0.069867578932203,0.20038427274794784,3389991000000,
0.16908618093130293,0.05076008117546514,0.19988786361571587,3389996000000,
-0.022939031413258936,0.0990597683845944,0.19998801756715306,3390001000000,
-0.023300683227541148,0.06671922983770301,0.19994088138794303,3390006000000,
-0.020872817224405198,0.10603201126952497,0.19999369703679418,3390011000000,
-0.030089470955568794,0.04932148483896483,0.20009357740877184,3390016000000,
-0.0066880631524358514,0.0706389477025909,0.20005602492746663,3390021000000,
-0.03206419518423155,0.0822393120503449,0.2002319725153613,3390026000000,
-0.003986292157299402,0.04423715541556355,0.19980804873445016,3390031000000,
-0.0062856259814606606,0.07762746124694289,0.20009859914871767,3390036000000,
-0.021167113853174494,0.07593719429648244,0.20003592814373175,3390041000000,
-0.03290574623830972,0.05707793307740157,0.20057313506884555,3390046000000,
-0.008399067815622297,0.08742471471245836,0.1999252908068305,3390051000000,
-0.018333418474610754,0.07220971485495124,0.1999390023634073,3390056000000,
-0.023271383646141494,0.09609041473919874,0.20034354513931585,3390061000000,
0.002275948639862831,0.08853739187103667,0.20031881139766344,3390066000000,
-0.026158804121188952,0.048403669476719466,0.20028041252837597,3390071000000,
-0.04085723449239149,0.054110398469090826,0.19995064517169667,3390076000000,
-0.010818465387847732,0.09814034782964663,0.2000207595632479,3390081000000,
-0.026194675284357184,0.06544337466683653,0.19997656029037608,3390086000000,
0.010296103406993709,0.07359507931502415,0.1998666311161817,3390091000000,
0.18189206247167364,0.059405126110667845,0.2002810377409833,3390096000000,
0.0029568680966199773,0.09577994296090903,0.19998596764674653,3390102000000,
-0.02541883883585628,0.06524903425149757,0.1998629386790971,3390107000000,
-0.00948592740420734,0.08862382436494033,0.20003506530463783,3390112000000,
-0.01748750827824219,0.11977034141936485,0.19994313046099055,3390117000000,
-0.0028962326492093828,0.06387940450025198,0.20018095643547593,3390122000000,
0.004070988304449994,0.05250891916883116,0.20004158086046733,3390127000000,
-0.012395955409479043,0.06426080121665188,0.19988219107547067,3390132000000,
-0.021080591025562076,0.0681452512146321,0.2002490104575389,3390137000000,
-0.018923287093574593,0.06374050371856285,0.1999120305067521,3390142000000,
-0.004337119616484102,0.0922864052832553,0.20032553465060307,3390147000000,
-0.019371349511264006,0.06253956582359577,0.20030331716162925,3390152000000,
-0.00014652461942180062,0.05601849992652954,0.19981736052557522,3390157000000,
0.006314416030649497,0.05626890360810996,0.20048971442219402,3390162000000,
-0.014169766333873107,0.09230564323488806,0.19986911846603078,3390167000000,
-0.028610680004477314,0.09203497185914657,0.1999585447774537,3390175000000,
-0.03243628539942315,0.06650445638308103,0.20008230787649572,3390180000000,
0.0044201486694964015,0.05878679587582523,0.2002565286924219,3390185000000,
-0.022454370864009074,0.07789066543946242,0.19990074295748053,3390190000000,
-0.016591217949447186,0.07556731426809411,0.19977299301660717,3390195000000,
0.1653472312556807,0.05311838789892585,0.19997374066776488,3390200000000,
-0.028043763332016084,0.08389853572873869,0.19983292219474855,3390205000000,
-0.023182486899004734,0.1055764006156188,0.20006147336483018,3390210000000,
-0.031324391743515756,0.06119357222570104,0.20024205904697295,3390215000000,
-0.023367855481640172,0.07908985360656431,0.2003003029832015,3390220000000,
-0.026723338526953168,0.07260499408496827,0.20006951757636288,3390225000000,
-0.00874914468300506,0.048049909377341764,0.2003623974364691,3390230000000,
-0.030536240727321404,0.08355436342795478,0.19996688506548746,3390235000000,
-0.01175600647708035,0.06625010795972168,0.19998071322804478,3390240000000,
-0.01701565805138261,0.09301175443287328,0.19990425665782766,3390245000000,
-0.004210569273453941,0.05400243595835148,0.20012346674441348,3390251000000,
-0.0074317646794135675,0.0587478840559648,0.19987379545543155,3390256000000,
0.0015465777563842611,0.08197849619214465,0.20005265672231162,3390261000000,
-0.026130523770744173,0.06461422304346665,0.20056605142561376,3390266000000,
-0.026399464178072075,0.07585402587324122,0.1998073485428243,3390271000000,
-0.00720756675892094,0.07012331743695357,0.20000840657340224,3390276000000,
-0.05200545696438102,0.08823493952773999,0.1998348946864279,3390281000000,
-0.04440064735552432,0.08617930204662108,0.19995366916557922,3390286000000,
-0.008456768593843257,0.06161317224769576,0.20008888367789596,3390291000000,
-0.0329116342908166,0.0604810931796942,0.20023209669708988,3390296000000,
0.21243759070089824,0.07185336457584113,0.19984435872311815,3390301000000,
-0.05742104654270802,0.06631420500872087,0.20028968544979112,3390306000000,
0.0009400620360608195,0.05130656584210558,0.19972898585302679,3390311000000,
0.003658099856693655,0.03263500987903643,0.19996744914202022,3390316000000,
-0.047938692918472345,0.0586765442690305,0.1998994619892972,3390321000000,
-0.015460801874948565,0.07445679653412161,0.19985417587814583,3390326000000,
-0.025000244630100598,0.07259462775653312,0.1998853343534346,3390331000000,
-0.04718315510112299,0.10052882540282679,0.20039959400525878,3390336000000,
-0.013169290785915678,0.0827337711023726,0.19981425913578768,3390341000000,
0.0035637319989493092,0.06337135033874805,0.19977985094669415,3390346000000,
-0.031779783493778205,0.08172310685592098,0.20005438729903294,3390351000000,
0.011467637401667886,0.0411988061116312,0.1997615856331296,3390356000000,
-0.03991269400464937,0.08588282587378296,0.19998314356331312,3390361000000,
-0.026322609809925204,0.08791686330187255,0.20013393406993368,3390366000000,
-0.03363152115976274,0.05148816851940097,0.20052785284731636,3390371000000,
-0.04791527449401098,0.043426866119351495,0.20017816397050384,3390376000000,
-0.05574871297774427,0.0785439272705238,0.19977224115144576,3390381000000,
0.03584677868478437,0.054410680456669525,0.2002825161433521,3390386000000,
-0.04126061065110851,0.11167373649673869,0.19972820217543777,3390391000000,
-0.02677774227212044,0.11129086440800065,0.2004454315928889,3390396000000,
0.17966478082602913,0.04131707353922499,0.2001413529972957,3390401000000,
-0.006353296330521075,0.07706292587704991,0.2004486355044586,3390406000000,
-0.015249821799926528,0.08307908168860327,0.20053110801058582,3390411000000,
-0.00013564951172217662,0.07845841373012226,0.20000406042087673,3390416000000,
-0.02382747823198927,0.07289405402845243,0.2001409470748792,3390421000000,
-0.03698997459158295,0.0784622565783195,0.2000646637592603,3390426000000,
-0.011247565025558123,0.08147486065211162,0.19994470747745788,3390431000000,
-0.028310708361815026,0.06572399891528273,0.20012269110946102,3390436000000,
-0.035973777527391136,0.0782900240291381,0.19979566152854783,3390441000000,
-0.04708023875176902,0.04871031222314027,0.1999073983157021,3390446000000,
-0.03578298178403096,0.062072455295428555,0.20019350366545052,3390451000000,
-0.033658585904775475,0.05678015114219531,0.20021480683237358,3390456000000,
-0.022472324669151857,0.09196737642266986,0.20004124692046357,3390461000000,
-0.06079144583231237,0.0674665908932878,0.20042837450415313,3390466000000,
-0.015768858909702317,0.0676237782183421,0.20003867410765422,3390471000000,
-0.03774077204382451,0.08302306420028335,0.19972020342185454,3390476000000,
-0.02673716107471971,0.08834900892023201,0.20012828182829817,3390481000000,
-0.04558119600142423,0.08084494973677728,0.20010357866644288,3390486000000,
-0.04618191625776343,0.0907507155219529,0.19981307758526773,3390491000000,
-0.06092277006504926,0.09557241759030273,0.20017540554517108,3390496000000,
-0.041155573842463426,0.05717484337881772,0.20034571391859482,3390501000000,
0.15520750357402013,0.06267825529771139,0.2001828944888223,3390506000000,
-0.013871910709458715,0.04381357710811187,0.1997612589417871,3390511000000,
-0.029343386626286244,0.07787522130989841,0.2000576692459881,3390516000000,
-0.0404449506934976,0.07706719969650765,0.199979703333857,3390521000000,
-0.03264538713794134,0.09681292056855442,0.20044580331115797,3390526000000,
-0.047675350619523514,0.06996623428625512,0.19995474167304358,3390531000000,
-0.049082579960153,0.055867675571077954,0.2004294174111504,3390536000000,
-0.028177425124861804,0.058934292206675995,0.19997734361703384,3390541000000,
-0.07023247730049892,0.1105886077130451,0.2001028967997478,3390546000000,
-0.03311969058550081,0.09712628646433648,0.1999632331653949,3390551000000,
-0.08364126334278177,0.06990456045558707,0.20020620460112964,3390556000000,
-0.04233782756083551,0.06842708158216292,0.2001278705217108,3390561000000,
-0.03104433932013134,0.08358096127470457,0.19985089215482335,3390566000000,
0.10435808031379859,0.0782749073896142,0.19987825233077225,3390571000000,
-0.005546761413633611,0.10666081154741795,0.2002958190202337,3390576000000,
-0.08378267174772926,0.009742620990412785,0.1995418266046787,3390581000000,
-0.01599411491614887,0.09196956888983822,0.20014392250209265,3390586000000,
-0.03697896092389835,0.15031034815674157,0.1994395476664276,3390591000000,
-0.07111019703891493,0.02522473077173176,0.19999904268571014,3390596000000,
-0.03303884364267059,0.1778712197204099,0.1993146603352952,3390601000000,
-0.05066485344775108,0.04804956713203226,0.19969790144419924,3390606000000,
-0.10518997414136344,0.009538409066906816,0.19979858856058444,3390611000000,
-0.03682149909106107,0.16547445295132063,0.19925217366222994,3390616000000,
-0.07165843278916492,0.058656188493782346,0.199702243858785,3390622000000,
-0.04647928904773809,0.05954081183022821,0.1991452597885776,3390627000000,
-0.08323818816255042,0.06321116779108689,0.19949191022043675,3390632000000,
-0.07414887252745228,0.08494806208300223,0.199519055125268,3390637000000,
-0.050299885644426404,0.07294035694678748,0.20003361132044423,3390642000000,
-0.060268503450527006,0.09703083835494677,0.19966804140658947,3390647000000,
-0.05128619008914277,0.07532315895847064,0.1996954690372387,3390652000000,
-0.061439525540145826,0.07113511357143767,0.2001960208366398,3390657000000,
-0.062107715720624346,0.06521595159143269,0.19983770141984733,3390662000000,
-0.043861963104801074,0.06738633417378305,0.20003524610716872,3390667000000,
-0.06985605297725965,0.07749058861722803,0.19973692929011266,3390672000000,
0.13859264462150803,0.062373630541470514,0.19997094909605076,3390677000000,
-0.06201708563941076,0.09155048538584867,0.1996275883142714,3390682000000,
-0.07737467800992597,0.10119585044986107,0.20018857863896145,3390687000000,
-0.07612898322619498,0.08938985419354516,0.19994350684195086,3390692000000,
-0.061689052618305484,0.09080880944759805,0.2003392131435877,3390697000000,
-0.04245652116630556,0.0813182218935778,0.20001172424266783,3390702000000,
-0.07854487120941281,0.06769541988969001,0.2003608737124495,3390707000000,
-0.07787667048403787,0.08277414097042834,0.19981400372049427,3390712000000,
-0.08017795794857654,0.0777361150731065,0.1999383714900272,3390717000000,
-0.103736755469854,0.06210670013374999,0.1998663857413946,3390722000000,
-0.07361448210660068,0.06356187270843554,0.19992861247592608,3390727000000,
-0.07591648412244469,0.05952986629079847,0.20004859999123495,3390732000000,
-0.045791342858257464,0.054511674628568416,0.199735227059277,3390737000000,
-0.04849505472932356,0.07705427043589949,0.19988237729853878,3390742000000,
-0.06994735685641815,0.05887417506390163,0.19975566692690536,3390747000000,
-0.07349548357140344,0.08861718427713551,0.1997451211326979,3390752000000,
-0.0798491864816638,0.05944311832241178,0.19952902009740833,3390757000000,
-0.07233547739710432,0.05263531299927435,0.199563955241731,3390762000000,
-0.0826799378506007,0.08200719887700089,0.19982785679248669,3390767000000,
-0.04854359397081044,0.09234962156892967,0.19973151323166832,3390772000000,
0.12724943840708314,0.12455609069227008,0.19988634510225356,3390777000000,
-0.09504793081261581,0.08172180225073986,0.20012418086056813,3390782000000,
-0.08785349863816862,0.08241643583561903,0.20029932512311785,3390787000000,
-0.06243661493364692,0.06386939437194039,0.19984651660627678,3390792000000,
-0.06739603236325965,0.0910699899811301,0.20016114297913518,3390797000000,
-0.07327947896013466,0.0756972394423032,0.1999568137851863,3390802000000,
-0.09235140789244864,0.06213822489610256,0.19995077591982222,3390807000000,
-0.10882987622670803,0.09898370699365602,0.20002781329879216,3390812000000,
-0.06534617578917704,0.07715841230500152,0.2000436779799724,3390817000000,
-0.05962752250626867,0.055851365290877475,0.20006436175074468,3390822000000,
-0.07946552886701419,0.0779328908416914,0.19982892234272498,3390827000000,
-0.04613651966177144,0.08202022991722986,0.19977471073091754,3390832000000,
-0.05311269265941512,0.061584352097137494,0.19978981785319622,3390837000000,
-0.06015096037341192,0.07480320767345734,0.1998535527134413,3390845000000,
-0.05914455643666817,0.07488067229936453,0.20018317033254723,3390850000000,
-0.07575379719841512,0.09975214964258879,0.19982204262774073,3390855000000,
-0.07375659600343966,0.06498712653873931,0.19996172787447736,3390860000000,
-0.06283331652610932,0.08082571921504769,0.1998511419890934,3390865000000,
-0.06811592090346306,0.08553058265627003,0.20010141713380664,3390870000000,
-0.056955854465655854,0.10338183629497803,0.19958964717123778,3390875000000,
0.13846955403141376,0.0863165385840104,0.19941905468328644,3390880000000,
-0.033828120092940374,0.09608368653140043,0.19985645393117946,3390885000000,
-0.15807168075511158,-0.07342646966686144,0.20007968628854075,3390890000000,
-0.00499130032160895,0.23822064307220536,0.2002262198972783,3390895000000,
-0.06015238293752116,0.02978206845724974,0.2004345803964181,3390900000000,
-0.10827595468910621,-0.1183576973703088,0.20090132425766882,3390905000000,
0.012170524417085844,0.2564628832702325,0.20091613727124794,3390910000000,
-0.08707947503466264,0.05188684705593381,0.2004593616723769,3390915000000,
-0.18331923709772976,-0.29626043497482185,0.20081655094596226,3390920000000,
-0.010834448298689969,0.18269226723731005,0.201285984227542,3390925000000,
-0.1476072639422248,-0.08463766880400238,0.2009026229835081,3390930000000,
-0.06539819042833335,0.06926980011117473,0.20136719271119,3390935000000,
-0.011153349573586742,0.2586909332581314,0.20119146284534392,3390940000000,
-0.09738857421923468,-0.06292628225695332,0.20090239144347308,3390945000000,
-0.04287689458511858,0.10407703432833436,0.20087810701391795,3390950000000,
-0.02053560606756922,0.0660446415977277,0.20166440901257987,3390955000000,
-0.04604488332373699,0.11055034018437246,0.20116881762734642,3390960000000,
-0.057537939043511274,0.0935563768874588,0.2007013132006926,3390965000000,
-0.04135335018448773,0.06998949868051509,0.20117499299960037,3390970000000,
-0.044004843538564854,0.06676359087512261,0.2007077723942549,3390975000000,
0.15125478810136078,0.0603384933135756,0.20008503543563244,3390980000000,
-0.038227160361608115,0.10246296240413448,0.20002234304767683,3390985000000,
-0.03230224942984039,0.06166877437846437,0.200072181071629,3390990000000,
-0.05267634250001232,0.016927135972270413,0.1997246055375684,3390995000000,
-0.04612354909699115,0.08405415317080213,0.19946292508193086,3391000000000,
-0.044003926892810734,0.08144685110486738,0.1995040273335841,3391005000000,
-0.08103231745969632,0.07885011220592321,0.19929315248560597,3391010000000,
-0.05889572338124763,0.09945663769532437,0.19936148750239552,3391015000000,
-0.05637724916880796,0.06181441988118294,0.19929929037768238,3391020000000,
-0.08926320660232101,0.053444121782925416,0.1995892778854878,3391025000000,
-0.03514440717414367,0.04996079745286772,0.19963591509842904,3391030000000,
-0.03568925085551986,0.07188833628687913,0.19949382223253256,3391035000000,
-0.04842580818390811,0.06257398605566303,0.19982288303823606,3391040000000,
-0.020043358207875662,0.06871584809291002,0.19988459461431826,3391045000000,
-0.04332129501251166,0.09148988935491296,0.20033810706770655,3391050000000,
-0.02450999944087201,0.08105976443096358,0.20013218751815895,3391055000000,
-0.030950461354352338,0.07914019910436562,0.20039033671926693,3391060000000,
-0.02533105202362141,0.06464256803501961,0.20051910815799323,3391065000000,
-0.039181117408062,0.07200947231599529,0.20026801620530588,3391070000000,
-0.04413202050352929,0.09516778926054092,0.20044473082359499,3391075000000,
-0.06935031332265047,0.10194330243329694,0.2003861501350078,3391080000000,
0.13821329425575116,0.07865278692867624,0.20047524967406766,3391085000000,
-0.02750719707700131,0.07749687334953449,0.20033169702779605,3391090000000,
-0.07529742476229262,0.08293475831381902,0.20014009600227547,3391095000000,
-0.04325551696062468,0.0965261847695954,0.20036208699881483,3391100000000,
-0.04958653810446193,0.08421453566328425,0.19984012316938438,3391105000000,
-0.02282178013845121,0.08239941844888486,0.19948304440265208,3391110000000,
-0.04332367046091311,0.07760438281339378,0.2002145798390954,3391115000000,
-0.03733476020006954,0.09447493639932197,0.19957463784298862,3391120000000,
-0.02479370961344088,0.08674907255352314,0.1998095691490624,3391125000000,
-0.006339207548972117,0.08402134409332133,0.19993586655652376,3391130000000,
-0.015102283483137656,0.06968122405836477,0.19950686907904822,3391135000000,
-0.051952639204712076,0.0777847507444003,0.1995865233594311,3391140000000,
-0.011270342822612463,0.06691764618886623,0.20014538349682565,3391145000000,
-0.007326028584383807,0.08156492455224208,0.19994912303635123,3391150000000,
0.013186442916632103,0.036552232823245455,0.1999348889410181,3391155000000,
-0.034449116681083365,0.05234714816715098,0.20009224619828309,3391160000000,
-0.037943192516535856,0.0681684049665047,0.19991853976536111,3391165000000,
-0.048980989462285185,0.08511807697127445,0.20005695255508502,3391170000000,
-0.04054409496516703,0.0857081104065013,0.19986154941163645,3391175000000,
-0.031170644945785857,0.08635580239636109,0.2002940790246221,3391180000000,
0.16729333355801257,0.06801093336127108,0.19993608252808226,3391185000000,
-0.015841696110633775,0.05802121101511666,0.20017270084915756,3391190000000,
-0.041881627126438295,0.10695614597640482,0.20059267917502344,3391195000000,
-0.033545740092749785,0.08591834261624193,0.20057166554470984,3391200000000,
-0.0416600245541904,0.08936072540649065,0.20008334449643644,3391205000000,
-0.0040829800576183475,0.06213791623000444,0.20038774325098713,3391210000000,
0.0008470396170225936,0.08271388315435664,0.20030152658843253,3391215000000,
-0.03260123928401234,0.09069503073898967,0.1996607468466702,3391220000000,
-0.023163780623440607,0.040556296217985996,0.20003877466008407,3391225000000,
-0.044099199758135,0.06200184498817095,0.20034468541553857,3391230000000,
-0.032326972533802796,0.08601680136923884,0.19968044647000907,3391235000000,
0.0001969912528878813,0.09536382753445227,0.19994692230227765,3391240000000,
-0.03502568933043071,0.06398734238457571,0.19982904447768307,3391245000000,
-0.01722142580754333,0.06304679846375891,0.2000882779011572,3391250000000,
-0.02548844366328347,0.07911442517162513,0.19985023488214917,3391255000000,
-0.05465487435368425,0.1137659604201643,0.19992565138350116,3391260000000,
-0.04621052497137966,0.054812584422689936,0.20000062433798727,3391265000000,
-0.008615879047637168,0.0787349751755658,0.19980999370977193,3391270000000,
-0.06877299630855199,0.06018975426943307,0.20009890473605915,3391275000000,
-0.015676021127691706,0.07168572993083747,0.200088844391702,3391280000000,
0.1499503785430744,0.045230710946479666,0.20054101833289806,3391285000000,
0.03313677413489052,0.051627858713394786,0.1999146135795046,3391290000000,
-0.038516874739623744,0.08520626778793125,0.2002317608650069,3391295000000,
0.005542303616139881,0.09381962036743041,0.20007244807535732,3391301000000,
-0.014456316507413237,0.10214414924328898,0.20044969510009933,3391306000000,
-0.0395179736046267,0.09366212447463552,0.19999980705998505,3391311000000,
-0.04513419186549503,0.08488189720165984,0.2000687270832491,3391316000000,
-0.03156198623391558,0.06454943319722146,0.1999594675262642,3391321000000,
-0.03226390435058762,0.05497516633851323,0.20065156382600458,3391326000000,
-0.01846433353606095,0.0700656974642678,0.20019983989102544,3391331000000,
-0.04488043402217058,0.06509126891805787,0.20038175232913638,3391336000000,
-0.0174654199866525,0.06514508734056589,0.20027302300561745,3391341000000,
-0.03493017253372492,0.08014745258801761,0.2004580454949792,3391346000000,
-0.033054434007884506,0.13152981136904004,0.2000858032471741,3391351000000,
-0.02381393260121861,0.10120535983558288,0.20012796962615062,3391356000000,
-0.02894946637236356,0.07489461578244676,0.20016684095369364,3391361000000,
-0.009313150389006503,0.06868003968836901,0.19993169864622795,3391366000000,
-0.05619266794396495,0.06772950050901183,0.19977490918560403,3391371000000,
-0.029413445101947745,0.08282574990770022,0.20043499230693773,3391378000000,
-0.019829117819281546,0.07709616280895577,0.19988753477001991,3391383000000,
0.15337685940739418,0.09826899703098152,0.199552296740221,3391388000000,
-0.052844512861109985,0.07264634018148824,0.19992066634813,3391393000000,
-0.03920349076987019,0.05435998432244573,0.20000887412941418,3391398000000,
-0.021462753681157916,0.08588184112695682,0.19985292115314143,3391403000000,
-0.04956419273827552,0.06878684323965187,0.2002179312587424,3391408000000,
-0.018831314433398062,0.07325763895117066,0.20003380548078525,3391413000000,
-0.043562797622475516,0.09580266033878795,0.20004788514896193,3391418000000,
-0.01716780489106172,0.10994048781750063,0.20013531400060672,3391423000000,
-0.044186733596070886,0.07491398363769952,0.20044263339338408,3391428000000,
-0.021221391142384277,0.07576811175014508,0.1997411122031151,3391433000000,
-0.027535507692331793,0.0564838746814231,0.19997342074873492,3391438000000,
-0.029716244625525953,0.07171411293895733,0.2001143829768994,3391443000000,
-0.03891637702948536,0.06807307520187393,0.20019631843103303,3391448000000,
-0.042468129952501175,0.07846846729741401,0.2003046398583762,3391453000000,
-0.053101798570458825,0.10654763278395915,0.2000081631096777,3391458000000,
-0.03825183572650948,0.08722890830828325,0.19978612145348335,3391463000000,
0.0011103991732153012,0.053429939698066725,0.1997945554317308,3391468000000,
-0.05564516246153427,0.03367967656742399,0.20052638525689304,3391473000000,
-0.033927360914462024,0.09472684577092207,0.20015532085115564,3391478000000,
-0.05222978014992387,0.08779328950785573,0.2002095013717617,3391483000000,
-0.052066531677549155,0.05096480194839366,0.19996383521325956,3391488000000,
0.1670671783533527,0.08657665826543574,0.19998840558496456,3391493000000,
-0.054685785060578695,0.07955566694078836,0.19984671179252622,3391498000000,
-0.012693250231569458,0.08706728870281624,0.19977363723949604,3391503000000,
-0.021234230775858415,0.09909868208668432,0.20026615176912801,3391508000000,
-0.03401641282926164,0.10728737255063411,0.20013837100958257,3391513000000,
-0.04873084707752087,0.08879659127683211,0.19983674224530498,3391518000000,
-0.02028032938088316,0.06216417431518746,0.20041548183570723,3391523000000,
-0.04520471079500225,0.07463458694406788,0.19986719490174942,3391528000000,
-0.03227905039223361,0.08321580069012173,0.2001827165029237,3391533000000,
-0.046605122499180196,0.09943394048490416,0.2002418514016051,3391538000000,
-0.05730393122877475,0.07932818692041295,0.19982560689875922,3391543000000,
-0.07241579351159066,0.08497135090040422,0.19997427724474243,3391548000000,
-0.03402316059100302,0.07040702239015988,0.2001691795614058,3391553000000,
-0.03817501633726826,0.03297799189739423,0.19977702883914397,3391558000000,
-0.04756853144961363,0.05590897368014398,0.2003805235896983,3391563000000,
-0.0534508834302753,0.06420955231164566,0.20000449956167538,3391568000000,
-0.057968754611311936,0.0674422545984082,0.2000913706761031,3391573000000,
-0.02405323309531956,0.07304828450946818,0.20061743489859246,3391578000000,
-0.055828050794482845,0.07077020197928739,0.20040663326508804,3391583000000,
-0.059685757360391,0.05254344984515709,0.1997623265926369,3391588000000,
0.15381107705044295,0.08722527591840767,0.20035704094058815,3391593000000,
-0.046547088137784555,0.0495196438460767,0.20007561785891323,3391598000000,
-0.04095288349273969,0.052667777070474604,0.2001362771494205,3391603000000,
-0.028376741867432984,0.07546966349557416,0.20058619484662593,3391608000000,
-0.09132590886729525,0.035873251633406794,0.19984215406910524,3391613000000,
-0.04290445407526543,0.06414332614119585,0.1999250566500819,3391618000000,
-0.015531775321248692,0.07241412379895042,0.20002321378295826,3391623000000,
-0.07840768692738492,0.10291995326856772,0.2001814705910224,3391628000000,
-0.05338337859732546,0.1197535050127457,0.20017560027342807,3391633000000,
-0.09399134217263173,0.024937018589754195,0.19984272977526218,3391638000000,
-0.03164455410061946,0.12931325435823968,0.19979362182557342,3391643000000,
-0.05784789290577496,0.1623288084271658,0.19970609829456668,3391648000000,
-0.05456235220556589,0.04890256745450515,0.19985150957633188,3391653000000,
-0.08845270204760616,0.08043393429553772,0.19981138840020785,3391658000000,
-0.002944651047888037,0.16888003783123634,0.20000152246570685,3391663000000,
-0.08203350088893373,0.00868208950129603,0.19947030596703957,3391668000000,
-0.036173000295396426,0.12817818125877617,0.1998048733467331,3391673000000,
-0.04242284949554023,0.09844305856894053,0.19961102769013236,3391678000000,
-0.0763169526553167,0.019322992411608734,0.19977029327261184,3391683000000,
-0.06770838925538392,0.12145098390012575,0.1997760289557516,3391688000000,
0.08067625785626548,0.04305747677564246,0.19963376558409196,3391695000000,
-0.09388362468254388,0.08438305639840003,0.19978146835984006,3391700000000,
-0.12261355123320716,-0.012455651699215314,0.19994117174283893,3391705000000,
-0.0061741482919466135,0.15164111240952097,0.19958966881786522,3391710000000,
-0.057997762474418645,0.071144815942545,0.1999781390326231,3391715000000,
-0.06762636684868528,0.0600812427235352,0.19951291983727495,3391720000000,
-0.0769053548775872,0.070814611611153,0.1998720379707187,3391725000000,
-0.06560832007637958,0.0999345388270398,0.1997487043572135,3391730000000,
-0.04111866286864954,0.10411884649229161,0.19971618279859274,3391735000000,
-0.1253847380135628,0.08725801791869764,0.20001879703503914,3391740000000,
-0.09720729490657132,0.0505648130663026,0.1998719238241779,3391745000000,
-0.03873002388569509,0.06087397259868221,0.1998839198130257,3391750000000,
-0.051389182540855456,0.053432197605859745,0.20000728905042986,3391755000000,
-0.06335978355554552,0.07319267641147918,0.20000737331801732,3391760000000,
-0.06625277852009294,0.04224376082770633,0.1996924172515731,3391765000000,
-0.07670734915368486,0.10689027875334767,0.20048647366177413,3391770000000,
-0.07155380968491633,0.07428271017087924,0.20015524549318117,3391775000000,
-0.08197461422924592,0.10102376395287277,0.2004164088746487,3391780000000,
-0.0596433176546457,0.07969049178437856,0.19987104726753027,3391785000000,
-0.08739401599466362,0.03182886454898118,0.19979605317791044,3391790000000,
0.08856733500286625,0.09319388467290435,0.20009546477831155,3391795000000,
-0.005935063109900305,0.08169598206118457,0.19995296649093974,3391800000000,
-0.09624318318693742,0.08514884115828435,0.20014228980392088,3391805000000,
-0.07587287795312858,0.07412201058608847,0.20016604011752195,3391810000000,
-0.08853193311571138,0.08864016041427564,0.19998859650399228,3391815000000,
-0.04224699600811179,0.11803560507792234,0.1996126576014655,3391820000000,
-0.0711294488821387,0.09452756327279793,0.19989239180951804,3391825000000,
-0.03932671711554478,0.08602047832390806,0.2000859518059437,3391830000000,
-0.05915490217821859,0.09892203849235845,0.19984967382359933,3391835000000,
-0.06588293486231793,0.07382765198620811,0.20013687658058177,3391840000000,
-0.0658489901613865,0.08165418283685821,0.19979088472534273,3391845000000,
-0.09320842312973944,0.07296743725624358,0.20008375778894072,3391852000000,
-0.06312725516991817,0.044634362437463285,0.19978402898843545,3391857000000,
-0.03892073612735271,0.09401835551920505,0.20008795615748262,3391862000000,
-0.052733992034622874,0.09000521407094793,0.20006993146575258,3391867000000,
-0.03896371211861659,0.09267136377216068,0.20024961659426768,3391872000000,
-0.11416656937267053,-0.07279916849903165,0.20047239636869219,3391877000000,
-0.028037717551196217,0.22120064317233623,0.20032277813226046,3391882000000,
-0.08239124346618171,0.06524572030529331,0.20035390411542922,3391887000000,
-0.06689646468027831,0.09486304595395724,0.2002911038550582,3391892000000,
0.08789846961202008,0.07033350670596114,0.200587315406254,3391897000000,
-0.014696609910077403,0.11707468204002486,0.20046733880507722,3391902000000,
-0.10770518529824367,-0.05906484273569202,0.20039993336848236,3391907000000,
-0.014080484164068235,0.1829540596588097,0.20079811581259566,3391912000000,
-0.06367292732362564,0.09079542462261396,0.20070294413154263,3391917000000,
-0.16378388523142456,-0.06326623439086222,0.2008555147121987,3391922000000,
-0.0516365409230519,0.11737757532698709,0.2008868485852902,3391928000000,
-0.059237552927805144,0.06936379344346988,0.20032278564844958,3391933000000,
-0.07620705207065744,0.11131190537310648,0.20058474407560128,3391938000000,
-0.0042462020979974376,0.22132543029322152,0.20023726421973578,3391943000000,
-0.1382454414960636,-0.07847586516919647,0.2002969085497471,3391948000000,
-0.04797014421298631,0.10334292693919774,0.20054860283417758,3391953000000,
-0.011852269934790926,0.2041326391864061,0.20006585645979563,3391958000000,
-0.12996156462260913,-0.06251671513029483,0.20027719601405514,3391963000000,
-0.03635814447378927,0.05734554255184762,0.2004355189339607,3391968000000,
-0.05323794490664415,0.08370108418673235,0.2003700110188548,3391973000000,
-0.05172264883023164,0.0896975639042417,0.20061117528206113,3391978000000,
-0.03859947214760988,0.06689716780376723,0.20072180187006117,3391983000000,
-0.030637304596139548,0.07967349004347879,0.2002091455184234,3391988000000,
-0.041164849883510185,0.12678807812344212,0.2006257355968182,3391993000000,
-0.0846451257521207,0.07710052850464609,0.20036126001212348,3391998000000,
0.13514019709582217,0.10014203322440296,0.20038011324902527,3392003000000,
-0.04404816261667843,0.0761318155971403,0.20067575189116213,3392009000000,
-0.05239479330532347,0.07511996508123481,0.19986746130945032,3392014000000,
-0.02868139685880463,0.0846679086243612,0.20016698191928142,3392019000000,
-0.06547605347316983,0.09515574132022327,0.19984608025512904,3392024000000,
-0.04104317558767834,0.1185720165290235,0.19959226331610225,3392029000000,
-0.02816149942657282,0.07807245375326552,0.20008364434546108,3392034000000,
-0.004585905839093747,0.1006073561495657,0.1999986814211434,3392039000000,
-0.022291096625736348,0.10004913808382684,0.19958784573989657,3392044000000,
-0.0577277706212607,0.059062223205323464,0.1998332229879542,3392049000000,
-0.03274153392699926,0.052782306004603666,0.19973318346554317,3392054000000,
-0.026809515364720895,0.07356212242166915,0.20008526126950177,3392059000000,
-0.03688854788514055,0.10577866872525779,0.2001722245382166,3392064000000,
-0.035151890266428856,0.10615059537504393,0.2003034440358235,3392069000000,
-0.059182279633234795,0.08045276357587008,0.1997768045036263,3392074000000,
-0.043673006335103556,0.092890495526488,0.20010868482201138,3392079000000,
-0.05323273805136765,0.0994226241966194,0.2001301684181772,3392084000000,
-0.06656808406193684,0.12205215593816726,0.20008635972964575,3392089000000,
-0.04389632264366679,0.09983312233753555,0.19991331753909045,3392094000000,
-0.060729157978653435,0.07684393918664047,0.20002587959727391,3392099000000,
0.14203469649876174,0.059498926342709105,0.20026118045379812,3392104000000,
-0.05967229161612475,0.10216116145964067,0.20033804263239033,3392109000000,
-0.05829422336245086,0.07595014251681126,0.20041774850562918,3392114000000,
-0.052229076458923746,0.09310397004259346,0.20027491868269778,3392119000000,
-0.03715636430934793,0.07787656195005832,0.20044352149875588,3392124000000,
-0.053171593266999995,0.08362746053273919,0.2002777378987366,3392129000000,
-0.010568245676917887,0.09543529379449431,0.19992586542397328,3392134000000,
0.013600603413275736,0.08270534805122255,0.19967752469282748,3392139000000,
-0.047811618554315094,0.08093442388992862,0.20015330480650545,3392144000000,
-0.01634586854883607,0.1009214495513751,0.199768275514696,3392149000000,
-0.04433259615444168,0.09139246857423815,0.19983277020760132,3392154000000,
-0.06721690488306367,0.05483952630593655,0.20017750267605555,3392159000000,
-0.045567474903587306,0.08776129535977478,0.20005507459515282,3392165000000,
0.1891982574193893,0.07144097042864152,0.19976668033379227,3392170000000,
-0.03965498183717421,0.06963684931489025,0.19981729011501537,3392175000000,
-0.06051633107101877,0.09440671305717337,0.19997421721075945,3392180000000,
-0.024681218502168888,0.07396436754242272,0.19990535255293318,3392185000000,
-0.0373840618407615,0.0850668249723702,0.19978943503384378,3392190000000,
-0.042837148513565966,0.06968876066270861,0.20003551099484465,3392195000000,
-0.022119043977970012,0.11518578976291385,0.20011536582115397,3392200000000,
-0.05001251163180389,0.07515257567451525,0.20007964950948529,3392205000000,
0.004450651046692511,0.06409983173005843,0.19978150436261816,3392210000000,
-0.05576988878871589,0.09141995781441002,0.1999983237291122,3392215000000,
-0.022931249497613774,0.08928720729373071,0.19999238841437936,3392220000000,
-0.03249567611110599,0.08217016724843572,0.20003181849864107,3392225000000,
-0.07022221316636221,0.06962461902446868,0.1999160616757916,3392230000000,
-0.07590713318669717,0.08819759525967788,0.2002775291578215,3392235000000,
-0.06256649092015426,0.0908644634296169,0.19996472060877837,3392241000000,
-0.0400822757328037,0.08853058564151285,0.19934305056525742,3392246000000,
-0.05171927330996162,0.08639306424327567,0.20000818295878528,3392251000000,
-0.03284092654247543,0.07369870770391079,0.20027647233842524,3392256000000,
-0.06053838298453894,0.07470748780671098,0.19998151130960215,3392261000000,
-0.02365201079933571,0.10059706158482391,0.20012784936409256,3392266000000,
0.12589003307684504,0.1092044736885708,0.20013207614687853,3392271000000,
-0.016191479182073226,0.1089483954182439,0.19996302125918372,3392276000000,
-0.07495933996749153,0.06899824195381578,0.19985435424239012,3392281000000,
-0.05455661208772488,0.08493323894907234,0.20003064115840863,3392286000000,
-0.020851151032690664,0.07373496845579923,0.2001306217305805,3392291000000,
-0.014314761994682058,0.08033902527313466,0.2000060645932924,3392296000000,
-0.04772900361876451,0.0575304240300836,0.19947609604443953,3392301000000,
-0.04287088013427432,0.08945582924387441,0.2003153263959895,3392306000000,
-0.06792417823158571,0.04015993803028327,0.19987639072491736,3392311000000,
-0.021310934425514516,0.08580045411689495,0.20011019609529676,3392316000000,
-0.013696805794285626,0.0779549638276448,0.20019999303718233,3392321000000,
-0.033811264288055476,0.12458160869794128,0.20014729778625445,3392326000000,
-0.03860741142577833,0.07960548526693292,0.19997261090040855,3392331000000,
-0.04459127469403503,0.10166432580636287,0.19994067833855583,3392336000000,
-0.0920064609779126,0.05199490362885667,0.19991634058832825,3392341000000,
-0.05443174748026476,0.09846795240590778,0.20003801447008374,3392346000000,
-0.024354337332518582,0.0977072294802962,0.19996910725870695,3392351000000,
-0.04892123442331672,0.08689910360466067,0.20025258462297435,3392356000000,
-0.03483258269513453,0.0908895818434275,0.2001502234157828,3392361000000,
-0.04026677529095475,0.08976327313008475,0.2000554865807412,3392366000000,
-0.056061097533294996,0.08703485697591873,0.20012418745487903,3392371000000,
0.1756709351189801,0.07130356708534841,0.1999369451581887,3392376000000,
-0.05413715527697476,0.08204907428242227,0.20025630492655844,3392381000000,
-0.025140358246600266,0.07975567747079614,0.20005760044016277,3392386000000,
-0.06800718212182258,0.07538660491177518,0.20058108354041557,3392394000000,
-0.04088284651844317,0.09344552633048182,0.1999952551759456,3392399000000,
-0.046519787170105895,0.07713979525063404,0.20028942432974373,3392404000000,
-0.038478504205812135,0.07758000715939599,0.1999388326117962,3392409000000,
-0.03647734962636151,0.0705426156894374,0.20015342903219235,3392414000000,
-0.045292588691493704,0.06968167213867893,0.20015426318155652,3392419000000,
-0.051185009164622194,0.06854956760041747,0.2000223061398741,3392424000000,
-0.03495145967600761,0.09263543230682683,0.20033969671737817,3392429000000,
-0.0549823506073534,0.07693209995992585,0.20021004033445863,3392434000000,
-0.08062994811260828,0.08773963856260256,0.19997635562590044,3392439000000,
-0.04296434157799985,0.07602773398938066,0.1997049281299022,3392444000000,
-0.05311286597824379,0.07549051550193231,0.19995149833702386,3392449000000,
-0.057090998218864486,0.1373599392154901,0.19986150965901986,3392454000000,
-0.08448275260622345,0.0289580526343118,0.19990746428330494,3392459000000,
-0.05411837141256114,0.08031894470400538,0.1999231563278536,3392464000000,
-0.06988250230633099,0.046470645691338325,0.19971822572737064,3392472000000,
0.2112466624691551,0.10103883043044054,0.19959091583451652,3392477000000,
0.010455453966299044,0.13892456214539203,0.19992946452953403,3392482000000,
-0.06089695059636343,0.018757270628203832,0.19958574312750116,3392487000000,
-0.0232187017958404,0.16441016836591732,0.20004323159024545,3392492000000,
-0.05951600455110132,0.05955309870486659,0.20013105720153315,3392497000000,
-0.06655526918645843,-0.007258861364882265,0.19975292530446592,3392502000000,
-0.001025758706537129,0.1649477476759549,0.199598780257691,3392507000000,
-0.09316127729634971,-0.009736552045162262,0.19971742757372477,3392512000000,
-0.03177713636763448,0.14063611908350104,0.1996847666191698,3392517000000,
-0.04220744885444337,0.09954141471112234,0.1996107435916317,3392522000000,
-0.07931664747863706,0.017122571830615812,0.1997913738968923,3392527000000,
-0.0516516510629855,0.12444667017670132,0.20007876303162064,3392532000000,
-0.09194220548336363,0.08107483110502257,0.2002245117781917,3392537000000,
-0.07320061359759679,0.031433537303064606,0.20013607469772188,3392542000000,
-0.03263114823249466,0.15572947955240488,0.20056023596723058,3392547000000,
-0.04700093499602494,0.055254224910074465,0.19997993916504608,3392552000000,
-0.07602228359853927,0.0536338515515714,0.1997892501653313,3392557000000,
-0.07186424451253787,0.08112349980135153,0.20027968967263904,3392562000000,
-0.0712526643895364,0.09684952374869886,0.19970204676643752,3392567000000,
-0.04356840137717391,0.07502260596064798,0.19978969333940616,3392572000000,
0.11161224124496545,0.08285379670033541,0.20003501469065516,3392577000000,
-0.07105220537073807,-0.031547507074341,0.2001219004216043,3392582000000,
-0.06502953208805204,0.18946086639407528,0.19965225863273406,3392587000000,
-0.03826859788444201,0.06531270239924233,0.19978235164951785,3392592000000,
-0.06568569085240789,0.09299440588623933,0.20004080544376726,3392597000000,
-0.05693260749675952,0.08964332242333155,0.2000463299455127,3392602000000,
-0.0777622547966736,0.12346588123970309,0.19956165812636137,3392607000000,
-0.08642340198775283,0.08951904439139234,0.20008809761237337,3392612000000,
-0.03578936974553183,0.08378446257625814,0.19969439587286308,3392617000000,
-0.08378966271984065,0.06906917802343719,0.19966838582927054,3392623000000,
-0.0675225148612431,0.09242103464265418,0.19978301761205344,3392628000000,
-0.0822015242927559,-0.03909244196993858,0.20002097646030928,3392633000000,
-0.019979081158431382,0.20701375430624724,0.20012977898707232,3392638000000,
-0.02824471115991852,0.04860594247284268,0.20000981893525857,3392643000000,
-0.04716064399234028,0.06571150854489703,0.1996209221478296,3392648000000,
-0.10086076809730242,0.06954434534417689,0.2001970758658396,3392653000000,
-0.015417056935695034,0.09790251088682701,0.20045457253008883,3392658000000,
-0.05193187863923604,0.07528552149545403,0.20004680376874526,3392663000000,
-0.13035383428819397,-0.05092540473993078,0.20007288474897011,3392668000000,
-0.03264747492036255,0.22272333589068288,0.20064865828231007,3392673000000,
-0.0792635387217131,0.0741307738437443,0.19973683001957096,3392678000000,
0.06731055191681133,-0.05566649387857471,0.2002227224115328,3392683000000,
0.008498595616909244,0.23651801149227877,0.20052528803454983,3392688000000,
-0.043755113884117514,0.05164476142452837,0.20038075855747803,3392694000000,
-0.15377756247867805,-0.05684883056471824,0.20073664619960588,3392699000000,
-0.03386868316093413,0.24515746065593558,0.20060357902414272,3392704000000,
-0.09803504339621133,0.06451202045140901,0.20026178591615146,3392709000000,
-0.11753581089017104,-0.03272866724576955,0.20019302483542453,3392714000000,
0.01754475119130968,0.26032235717586727,0.20055468886915828,3392719000000,
-0.08614875021166005,0.08452264527126019,0.20030392619819193,3392724000000,
-0.08733873686591026,-0.05993367625779637,0.2005026516467853,3392729000000,
-0.0032986222257189585,0.25309573085712406,0.2004089272989574,3392734000000,
-0.0943313761820639,-0.015597886182631249,0.20015508439186136,3392739000000,
-0.03840701182667832,0.07950845043306327,0.2003523390699419,3392744000000,
0.013087052436586786,0.23299066971944027,0.20084752328805341,3392749000000,
-0.10304595348497084,-0.035834182399573505,0.20023287332535653,3392754000000,
-0.04032928732402496,0.10902262994578059,0.2009200701538009,3392759000000,
-0.022559948763886922,0.1935135176193843,0.20025186206018147,3392764000000,
-0.10788945455240068,-0.0858296910715226,0.2000404472254385,3392769000000,
-0.040746684237048955,0.11900879914057992,0.20030427410404722,3392774000000,
0.007908808490863933,0.23100117248407032,0.20030067251171244,3392779000000,
0.11088839587275545,-0.07782027139791614,0.20030430110598993,3392784000000,
-0.049754908421332164,0.11735699661007054,0.20042417927743325,3392789000000,
-0.05759475516783318,0.07961490695025536,0.20027619687539572,3392794000000,
-0.06364056802220099,0.07783325587031785,0.20075584403344507,3392799000000,
-0.07175841798734178,0.06369760994321476,0.20002201712524975,3392804000000,
-0.072360431262112,0.0858911301499993,0.2003539130450618,3392809000000,
-0.05071535500613675,0.08338296611174212,0.200157431040308,3392814000000,
-0.057192225421045705,0.10546189853996656,0.2001040469205678,3392819000000,
-0.047272252132659134,0.0966164426056923,0.20009220859337243,3392824000000,
-0.05413283633864571,0.11567297737408154,0.20014285573658044,3392829000000,
-0.043708147335512704,0.09118193077780758,0.20021994453972314,3392834000000,
-0.06180386142782825,0.06642547013687816,0.19974668416811506,3392839000000,
-0.038133819900775495,0.08030186377179992,0.20010035064534507,3392847000000,
-0.07168728583863004,0.08537183897685394,0.20004585371855702,3392852000000,
-0.04522214541410645,0.07414809924006988,0.199595436066987,3392857000000,
-0.0374034828469786,0.10557758982550522,0.1998577323831036,3392862000000,
-0.046525400933805444,0.06496035168377058,0.1997846298621902,3392867000000,
-0.04329469201344056,0.09068825552274785,0.19972473994060522,3392872000000,
-0.05509055436792418,0.07908731262593154,0.1998385850716052,3392877000000,
-0.07037779053663779,0.08331601774274887,0.1999778422085926,3392882000000,
0.15375058162293473,0.09213662545333341,0.19974142372878767,3392887000000,
-0.04812435768860537,0.10329937081259602,0.19981941678561474,3392892000000,
-0.036482425749426936,0.09698596560511295,0.20015780513111828,3392897000000,
-0.07373804270864195,0.09295124910543684,0.20007871179091805,3392902000000,
-0.058727080812258255,0.10444625301089991,0.20008360473983589,3392907000000,
-0.04794561862626775,0.09367182026650109,0.1997256868544758,3392912000000,
-0.07257425414509018,0.07946826140953853,0.20025455053758026,3392917000000,
-0.07822798526349782,0.09254394978733578,0.19977511575979895,3392922000000,
-0.022022931337809866,0.09481657139013276,0.2004016377034574,3392927000000,
-0.01491447948086086,0.05960351755903985,0.2002381014815282,3392932000000,
-0.05697264764813302,0.0774870896835114,0.1999910628324775,3392937000000,
-0.06572523351149859,0.09784809270157659,0.20019416844065235,3392942000000,
-0.08041171792456986,0.0987435614620348,0.20029594579525892,3392947000000,
-0.03765464761364133,0.07160820910231255,0.19993970774432807,3392952000000,
-0.03525920036292051,0.0507915916314188,0.20009702520627198,3392957000000,
-0.03709205610419136,0.07988413426199248,0.19989509252701101,3392962000000,
-0.059716039978835914,0.09985922140715987,0.20009817653140155,3392967000000,
-0.06864428664267,0.05525177367885388,0.20025823931243728,3392972000000,
-0.024322476481962094,0.10484385534921678,0.1999798403986131,3392977000000,
-0.025358649246601434,0.09581548202362035,0.2001546614128093,3392982000000,
0.16345179335265836,0.06607822301269455,0.20001656525462125,3392987000000,
-0.058477616584341474,0.08102035834524159,0.2000603247188278,3392992000000,
-0.05883053812906012,0.1042873474930464,0.1999989181319814,3392997000000,
-0.06865741325824967,0.06304532457864709,0.19975561543676648,3393002000000,
-0.06803621322630084,0.09606184777423664,0.19985591545876294,3393007000000,
-0.042295928677932,0.09468831168858954,0.19989165499071976,3393012000000,
-0.076224736765669,0.09723627239876502,0.1998966188624697,3393017000000,
-0.06593665851630093,0.0911707158522822,0.19968006148408576,3393022000000,
-0.031336024252091095,0.0735457498699117,0.2001392407211492,3393027000000,
-0.028140379742565932,0.08554484059986271,0.20045343486369202,3393032000000,
-0.05480448194582795,0.06360954748589902,0.200222076064352,3393037000000,
-0.0608483214199067,0.08125333238916392,0.20013319818019082,3393042000000,
-0.0415432037332481,0.09637989370117897,0.19997346924526763,3393047000000,
-0.015373137995684724,0.09634778419961705,0.20034487113190666,3393052000000,
-0.05391225052338218,0.10444280886528806,0.20018884293173408,3393057000000,
-0.04427089660496225,0.09561520541256147,0.20053467015466872,3393062000000,
-0.0433660026181419,0.06433134118698004,0.2000129154423316,3393069000000,
-0.0642960686294039,0.06077815076671372,0.1998676727022275,3393074000000,
-0.027638883572163438,0.09202540917791298,0.20032849188035626,3393079000000,
-0.011602714324310925,0.08857155088175409,0.20024597794291407,3393084000000,
0.16766823626988536,0.07476236203544243,0.20018694981343232,3393089000000,
-0.05108089429394658,0.09292158149914972,0.19981016949439423,3393094000000,
-0.04511245122050591,0.06584129855868462,0.20023877383984504,3393099000000,
-0.052473398008602096,0.08756702776576178,0.2003028384594209,3393104000000,
-0.04202351152180222,0.08721632607710927,0.20028244472213785,3393109000000,
-0.03405360185956033,0.08312725631834092,0.1999859918091779,3393114000000,
-0.05236283846274715,0.13336850812050277,0.1998976272806472,3393119000000,
-0.06471419635406943,-0.01013640038969265,0.1997290348995092,3393124000000,
-0.046877983058733114,0.0991097034321539,0.2002174934399802,3393129000000,
-0.03184959829082941,0.13563443109884296,0.20023213994826672,3393134000000,
-0.09640000413312023,-0.0013656585807733657,0.19984103434619596,3393141000000,
-0.004383417050722607,0.12529112400982406,0.2001906570120621,3393146000000,
-0.08260245072168185,-0.005756695721426779,0.1999703368644993,3393151000000,
-0.04322995970668188,0.0723939001244388,0.19964597954628596,3393156000000,
-0.028263913141866232,0.1410861486684822,0.19980151002147925,3393161000000,
-0.10439637043533594,0.03579491624117015,0.1996148751093199,3393166000000,
-0.08665601373370765,0.1577060743041368,0.1997720250834706,3393171000000,
-0.04919234505725344,0.08241512353462352,0.19978007094461414,3393176000000,
-0.08241233055847337,0.0432955498515699,0.2002045702593572,3393181000000,
-0.0007529593629887407,0.1686715505877795,0.19967091045102087,3393186000000,
0.1195912393100565,0.013678962895034934,0.19979568040228646,3393191000000,
-0.08424116957648431,0.10783745904388481,0.19992975859520282,3393196000000,
-0.03995815317213157,0.19629470509333957,0.19970787530931414,3393201000000,
-0.09845123556175195,-0.01716821720337758,0.20025778915062142,3393206000000,
-0.028226962050964255,0.18107822229360895,0.2000441634487861,3393211000000,
-0.07044886140196605,0.09024142190170528,0.19986808168264794,3393216000000,
-0.12321098022179197,0.020877613079701984,0.19984211307119543,3393221000000,
-0.02330238937141775,0.16520398727407754,0.19981514356043623,3393226000000,
-0.07278049112228821,0.006989083364167505,0.20016182713172953,3393231000000,
-0.04988560255187463,0.11832563639817567,0.20048213043194082,3393236000000,
-0.08344589992006989,0.10359687032436332,0.2001058860886614,3393241000000,
-0.06349483817838925,0.09526658389659341,0.19969692681530146,3393246000000,
-0.10297919219726127,-0.02085315886783771,0.20042985608545572,3393251000000,
0.004242162671731005,0.1842242820654171,0.2004277224100688,3393256000000,
-0.025152801884870533,0.06311064019599708,0.19992377785522644,3393261000000,
-0.06159830804747428,-0.01817322829992324,0.199789242472557,3393266000000,
-0.05257511639350699,0.17423121507698774,0.19994596166798614,3393271000000,
-0.060302049483215436,0.08264290898904868,0.19985852622527897,3393276000000,
-0.1068779674109341,-0.021194709700477987,0.20017482104471163,3393281000000,
-0.01875427930456298,0.14225416695406218,0.19987539185010275,3393287000000,
0.21625622714688209,0.06499005129702833,0.19990719954377847,3393292000000,
-0.08797860723208709,-0.007396647105116338,0.2003919456625418,3393297000000,
-0.04265701796447427,0.17098406907374689,0.2001138172960913,3393302000000,
-0.09394498935601489,0.06889407752490179,0.19990141083496277,3393307000000,
-0.09259371316959837,-0.02907488198129876,0.2004470786462828,3393312000000,
0.001039322659325187,0.17157706952992063,0.19992115231090268,3393317000000,
-0.05941026463345517,0.07170316711872907,0.19986877366077987,3393322000000,
-0.11825634284417672,-0.044902692969497525,0.20032563907190762,3393327000000,
-0.04501929471306007,0.17289609747447637,0.20032132542161105,3393332000000,
-0.0976591422449733,0.06260233246676504,0.19994924864365943,3393337000000,
-0.06666214867481343,-0.02454282838583239,0.2002170872711759,3393342000000,
-0.025451283579262535,0.2323082883816152,0.20038234544755415,3393347000000,
-0.06292006439333048,0.1215352846056896,0.20009151395006242,3393352000000,
-0.08328556608174721,0.018877902644271326,0.20077176658797108,3393358000000,
-0.01809744465627199,0.20410396061549066,0.1998043592503255,3393363000000,
-0.10254025245888572,-0.03788879209860162,0.20003791288051948,3393368000000,
0.008143235115602505,0.1501226249509957,0.2004456876367752,3393373000000,
-0.06910365203421756,0.1223231243262228,0.20022641703043617,3393378000000,
-0.06460834584713303,-0.01812319371891141,0.20023249475536942,3393383000000,
-0.0013005660965224632,0.201125580307061,0.2002779721980986,3393388000000,
0.06693120178557688,-0.05387785935466386,0.20016781536945855,3393393000000,
0.0331943628354044,0.22382520750729643,0.20025189801028112,3393398000000,
-0.05478644952544374,0.11044608754922536,0.19987126289016027,3393403000000,
-0.10117323893692746,-0.050545058171351,0.2003340894826792,3393408000000,
-0.023150907487224003,0.20237620780810503,0.20028780732550414,3393413000000,
-0.08322784576510356,-0.03896078750647641,0.19978094152039014,3393418000000,
-0.07057164788168623,0.07764144562576707,0.2004213704264958,3393423000000,
-0.02547503542655457,0.191204324852345,0.20005442818713404,3393428000000,
-0.13863244351840126,-0.06810059693928702,0.20025371985731658,3393433000000,
-0.057569807807669404,0.10228396954020105,0.2004080665884941,3393438000000,
-0.00632306826128708,0.22020407502896386,0.20024215617380686,3393443000000,
-0.11074975386286527,-0.031240932302965235,0.20034418846144214,3393448000000,
-0.05512855972437971,0.0860764565450222,0.2000389788919819,3393453000000,
-0.020533043939235128,0.2089567328349684,0.20015477380306693,3393458000000,
-0.0877778576570886,-0.029415296008040027,0.1999502065681973,3393463000000,
-0.035981291695394366,0.08316595143634326,0.20020887119502312,3393468000000,
-0.02193002834614214,0.08222155800576189,0.20045949807248467,3393473000000,
-0.06003438516275576,0.08800853599754332,0.20030716641303725,3393478000000,
-0.027266461622112173,0.09709298066904178,0.20049275060950258,3393483000000,
-0.04746703039394293,0.1274436332081629,0.19991323186595042,3393488000000,
-0.044371368151203294,0.0620516096497775,0.20026650408530444,3393493000000,
0.12882992248082542,0.08468532094286885,0.2002497552122385,3393498000000,
-0.04883979001457785,0.0813079553213013,0.20009389226984972,3393503000000,
-0.046977430254114064,0.11063605671653876,0.20018916983395946,3393508000000,
-0.03787694731757445,0.09201892780315135,0.20018248791324553,3393513000000,
-0.06625503118194911,0.09866987325208976,0.2002823459560676,3393518000000,
-0.03363154024847115,0.10705956766871508,0.20032473596249734,3393523000000,
-0.0490447598727623,0.0552836492968483,0.2002303384052034,3393528000000,
-0.020099450175581738,0.09772209800319409,0.20006510355131954,3393533000000,
-0.08094753598509853,0.08353759051020665,0.20004887468819937,3393538000000,
-0.06075869436058024,0.10669310887938398,0.20029369801664765,3393543000000,
-0.04762333246354703,0.08759704376075823,0.19992418300539172,3393548000000,
-0.07658843720704245,0.07799599814622238,0.20003105517721864,3393553000000,
-0.0634908163717986,0.0832382280490034,0.19971617337040334,3393558000000,
-0.05090883095132111,0.08229721684703037,0.19983813324323454,3393563000000,
-0.025324847996426446,0.0990835871924034,0.1999286374916686,3393568000000,
-0.08153063455655461,0.07537792174467939,0.20018729015829956,3393574000000,
-0.04180713994210032,0.09174109717929173,0.19984766094890546,3393579000000,
-0.03680225429150427,0.07082608709690216,0.2000813853948751,3393584000000,
-0.06807181329231879,0.0891188942174774,0.1998302329740837,3393589000000,
-0.05633891974861074,0.06183566287204117,0.20023861035169443,3393594000000,
0.16023243222345038,0.10452354929529997,0.1998887197608402,3393599000000,
-0.058848486332052724,0.11122450288703345,0.1999849392343408,3393604000000,
-0.04670504576434578,0.07540329713805166,0.1997124203876785,3393609000000,
-0.042287254970251195,0.09989327106082467,0.2001924822143941,3393614000000,
-0.07023319847705546,0.06640035792021154,0.20029951075253086,3393619000000,
-0.04654563280463926,0.08742804653168566,0.1998605511435808,3393624000000,
-0.025810129851961985,0.0673981677394424,0.19997086674300207,3393629000000,
-0.06479513107903886,0.10199987394860714,0.19966895892457617,3393634000000,
-0.031109949414069735,0.046082550376803276,0.2001036092596119,3393639000000,
-0.05714365657015458,0.08962360433885809,0.20008087545240572,3393644000000,
-0.07579619540464036,0.10953707779495162,0.20045202949220567,3393649000000,
-0.07162537884702899,0.07177157153188844,0.2002484005886443,3393654000000,
-0.047767872695309216,0.06918030440250919,0.20059127559059212,3393659000000,
-0.07228568816786418,0.05068368118617599,0.20012892730148757,3393664000000,
-0.021208893007225015,0.05685400778849657,0.20017720046088078,3393669000000,
-0.05939087070321827,0.12737757098958685,0.20035678494064937,3393674000000,
-0.053473662203019766,0.06198754750959088,0.19992353193351434,3393679000000,
0.006615303727075507,0.14368961736846084,0.1998557576101917,3393684000000,
-0.06847282973205394,0.03303337708320078,0.19997206787222044,3393689000000,
-0.03848179886911425,0.07734164164769251,0.20024376452176504,3393694000000,
0.06445478852994968,0.0784863791581884,0.19984452140016573,3393699000000,
-0.01659097956342933,0.1460119524589068,0.20002693851694725,3393704000000,
-0.09900633326341979,0.01704277505510868,0.1998413352761944,3393709000000,
-0.053461665386883135,0.06241851158149174,0.20008297971412317,3393715000000,
-0.020948995374742006,0.1279074277202088,0.2000930021789975,3393720000000,
-0.10098051548002905,0.00768603173462854,0.20002520145486397,3393725000000,
-0.017837648259516503,0.10614196464992137,0.19987886221513715,3393730000000,
-0.018824242777092288,0.05485986132677271,0.19968926517806232,3393735000000,
-0.06646718877915533,0.081616277348801,0.19979983399181994,3393740000000,
-0.02275536679012278,0.1606414050871095,0.2001311576545066,3393745000000,
-0.06945178925964635,0.038946827298836466,0.19996059380853393,3393750000000,
-0.052060453802426035,0.09627309985453286,0.20004002054397088,3393755000000,
-0.03466672166896111,0.14845464267472855,0.199959647032802,3393760000000,
-0.10978398311553658,-0.007700107580338514,0.20020365753938454,3393765000000,
0.13336566213701437,0.10735671927174482,0.2001698557011922,3393770000000,
-0.023138568513792774,0.16656591596463716,0.1997791245436467,3393775000000,
-0.06244749618725689,-0.018493432995603312,0.20019437945288202,3393780000000,
-0.06932073963699184,0.10415199952963947,0.20012304854924545,3393785000000,
-0.01459528965619639,0.15210859927402123,0.20022696593241465,3393790000000,
-0.12457062903260906,0.01265731844998446,0.20038791711938028,3393795000000,
-0.02244530916500885,0.1724615479207361,0.2003044434884832,3393800000000,
-0.10554466565022641,0.10314526178467603,0.19997575524621594,3393805000000,
-0.09182322777744582,0.023578614330488138,0.20008184723407027,3393810000000,
-0.033370135334565454,0.17238010938821677,0.1997642869466509,3393815000000,
-0.10094407836958968,0.012525462194710802,0.19994839591128713,3393820000000,
-0.05954477660572371,0.09454082792229669,0.19992716450411777,3393825000000,
-0.021362437624950294,0.16197030687445085,0.2003249113106104,3393830000000,
-0.09288976864018264,0.003997171963628235,0.20024711324425606,3393835000000,
-0.01245820610452476,0.18216877453652486,0.19999272451001618,3393840000000,
-0.025267498515705547,0.10665935998860313,0.19976937949803036,3393845000000,
-0.08797991370971929,-0.00931740285575914,0.2003426563298586,3393850000000,
-0.02481571412304923,0.1536101568451995,0.19995073750898149,3393856000000,
-0.08613325847313834,-0.04905419103416686,0.19980441348749048,3393861000000,
-0.047434446884137005,0.16813898172277397,0.20006623696623277,3393866000000,
0.13948069894069218,0.09007285575179677,0.19993871251652248,3393871000000,
-0.05822267697201559,0.0015337725250378353,0.2003260211529262,3393876000000,
-0.004482274899506554,0.19029360389843533,0.2000497258729216,3393881000000,
-0.07940508115188796,-0.022717327526619795,0.19990767419544475,3393886000000,
-0.09277328125594078,0.0636333382849593,0.2001147419290316,3393891000000,
0.009279947375831217,0.15878689798093842,0.20003350452219046,3393896000000,
-0.1119020612984707,-0.010806784617507215,0.20010974966903355,3393901000000,
-0.01960590070273078,0.21702459093018567,0.20018902941552297,3393906000000,
-0.07359055191760054,0.07969182398621952,0.1999112187239156,3393911000000,
-0.1084376969646046,-0.027820269988342916,0.20063915258255838,3393916000000,
-0.04281853026663094,0.2149232856193995,0.20005261628947993,3393921000000,
-0.09688296881621603,-0.028965660048022333,0.20020488949350912,3393926000000,
-0.0427429564024723,0.2148123411499757,0.2004755202225272,3393931000000,
-0.0408854535520991,0.11729288560967638,0.19991029911775113,3393936000000,
-0.10029211968704979,-0.036179195993062255,0.200084205836031,3393941000000,
-0.02088184807862656,0.19946936240928173,0.19998450240325627,3393946000000,
-0.07052315873167472,-0.024930782349005184,0.20006799822026586,3393951000000,
-0.05324789927438627,0.08639773262094065,0.20038938080903615,3393956000000,
-0.06054828696110818,0.19165191948522614,0.1999628280353358,3393961000000,
-0.11556397107281763,-0.029253957617703812,0.20006735042643956,3393966000000,
0.11707427501823978,0.10316143609109357,0.2001938341000826,3393971000000,
0.023288671108338717,0.1900740561097755,0.20000414439640388,3393976000000,
-0.1301203851279667,-0.060232386340018415,0.2001302121098427,3393981000000,
-0.05511055296748304,0.11755918838278592,0.20023111943476832,3393989000000,
-0.05942353366274334,0.09096075085801367,0.20019734018737065,3393994000000,
-0.06738057070794781,0.07942186678407585,0.20043134678956698,3393999000000,
-0.006406596295337267,0.1991719373666999,0.20019425080344405,3394004000000,
-0.10910225354974183,-0.0512755439448918,0.20016240062994187,3394009000000,
-0.08895349414770388,0.11019849164812644,0.20018732783079238,3394014000000,
0.001270087778314919,0.2170692388632503,0.19994610591959816,3394019000000,
-0.09921670141754023,-0.035900502233080556,0.199693189403856,3394024000000,
-0.07129391579359355,0.10026941989358569,0.20021766416212156,3394029000000,
-0.03538634573604911,0.17473211564292346,0.2003302310984768,3394034000000,
-0.08795727529510333,-0.003957592769826313,0.20051658288595575,3394039000000,
-0.06969103475121836,0.10658299734788532,0.1998821482326161,3394044000000,
-0.015600626176810328,0.17971676142981327,0.2000051793580523,3394049000000,
-0.10701857505666788,-0.05385923311815234,0.2002237728352566,3394054000000,
-0.06456436636780959,0.10675650980086898,0.20022683529896348,3394059000000,
-0.04471361868159705,0.09843914575927148,0.19979924153424056,3394064000000,
-0.027331645965417428,0.07985732486230267,0.20051006790173923,3394069000000,
0.17434618662691706,0.18950885220564073,0.2001946443394396,3394074000000,
-0.08432711324855002,-0.027494788620360394,0.200068656730986,3394079000000,
-0.07093890155791543,0.1080915871906595,0.20014387955529797,3394084000000,
-0.03593093209324352,0.17276889834709275,0.19997927453528277,3394089000000,
-0.09934217476528558,0.007810809610966408,0.20005860369468248,3394094000000,
-0.051498504247254676,0.0918500748873727,0.19994005774320112,3394099000000,
-0.04260405257823975,0.11673472975424154,0.20027441235663393,3394104000000,
-0.03229951133072566,0.22308238318630436,0.19992735009024964,3394109000000,
-0.07408909783625821,-0.02383812302718689,0.19965108539904164,3394114000000,
-0.07120249962264569,0.12050075327140586,0.20004514590193706,3394119000000,
-0.06199536834685761,0.08670282481647708,0.20005326269297496,3394124000000,
-0.08289505526264965,0.07278731347834591,0.2001704209517886,3394129000000,
-0.07839276997061781,0.08643186910592143,0.20002750855950446,3394134000000,
-0.062289308591626846,0.06398973992241477,0.20041359886773452,3394139000000,
-0.04815383886536333,0.07448596347718248,0.1999222327073762,3394144000000,
-0.01688703891589491,0.09326446675137844,0.20030294623583325,3394149000000,
-0.03240773793471266,0.08862319264203583,0.20014297688249652,3394154000000,
-0.019289231567008118,0.05990352710099847,0.20034848867653463,3394159000000,
-0.05032451046966106,0.08082333440205887,0.20018014942747595,3394164000000,
-0.06449551623057845,0.0985678639765506,0.20000202450785917,3394169000000,
-0.07077148852099568,0.05737950135613619,0.20003298711745712,3394174000000,
0.13087033710848509,0.08175737081088955,0.19996783168406332,3394179000000,
-0.04565791139062743,0.09094650027409498,0.20019587243872197,3394184000000,
-0.04768547874925055,0.07744351372458425,0.20002651145832534,3394189000000,
-0.03585812135115192,0.08521518557691465,0.20001907133202626,3394194000000,
-0.038920205023210586,0.041197327584511945,0.19995757912363335,3394199000000,
-0.034896297511686866,0.09538721639461156,0.2002397953511003,3394204000000,
-0.07424811966024554,0.10156477225557888,0.1999496075863451,3394209000000,
-0.046215741959281784,0.08030984610017321,0.2000275270304794,3394214000000,
-0.06295629688804467,0.10997133794073374,0.20033201892132063,3394219000000,
-0.024792615232718977,0.11453589156956671,0.20029399535067863,3394224000000,
-0.02778722352646026,0.09372339316805536,0.20000761361016509,3394229000000,
-0.058907876389508326,0.06634591788974065,0.20021619865641443,3394234000000,
-0.05235379187693635,0.10674766438947257,0.20029079127087265,3394239000000,
-0.04032955255740055,0.14035340869625013,0.2001704370059067,3394244000000,
-0.09589960822329811,0.005850631227142229,0.20015491922290624,3394249000000,
-0.05640986735571769,0.08169705768865254,0.20004924023568627,3394254000000,
-0.029757602300380208,0.1471018395408787,0.2000387140871877,3394259000000,
-0.10212447291703175,-0.02674048651189189,0.2001720031432459,3394264000000,
-0.05395389878254183,0.0762141253785366,0.19984820796746677,3394269000000,
-0.008321323709532629,0.15762236750177516,0.2001388364322904,3394274000000,
0.10645868155668445,0.02056751104198544,0.20034159656269102,3394279000000,
-0.06801325124250869,0.10838450546455106,0.19997895697727178,3394284000000,
-0.02048190747047367,0.15274494850376485,0.2001221057857601,3394289000000,
-0.07645547019364952,-0.01768225352911554,0.19970609666835665,3394294000000,
-0.03285023667476396,0.1100599672005783,0.19978392017937832,3394299000000,
-0.014136233113785635,0.173405067724952,0.19974270685906084,3394304000000,
-0.10330114653768098,-0.02590862933690423,0.199982353092913,3394309000000,
-0.0549232575645353,0.09653987280143565,0.2002752680564078,3394314000000,
-0.06508329192820758,0.16159196517927094,0.19982680927114435,3394319000000,
-0.09887010081100261,-0.029206962906534274,0.20014718866357598,3394324000000,
-0.028218252518395034,0.10132812306107634,0.19989624146477755,3394329000000,
-0.03876912672328469,0.15452141668260633,0.1998037976848109,3394334000000,
-0.07143319831489284,-0.008006265820453072,0.1997658432219238,3394339000000,
-0.03955492026199852,0.11240597846781401,0.20032013106768679,3394344000000,
-0.04055880185411399,0.18071576455338956,0.19987374282202944,3394349000000,
-0.09783435448433221,0.013135452531267756,0.20044316602711632,3394354000000,
-0.012029849005673138,0.18585386230791567,0.2003648522846481,3394359000000,
-0.06279133683007483,-7.090031402633319e-05,0.199983192274912,3394364000000,
-0.0611508919753435,0.09446171751085598,0.2000697864492797,3394369000000,
-0.05445701036326502,0.17550069199624574,0.199707473455725,3394374000000,
0.09360395755604863,0.011345648111904142,0.20006892399116583,3394379000000,
-0.013185018374884281,0.1454452743930298,0.19985213120124573,3394385000000,
-0.10628567284581393,-0.028261422694533356,0.1997612356267427,3394390000000,
-0.03078084469238156,0.19070836275323072,0.20003962468878592,3394395000000,
-0.04367484796172224,0.07074548366963922,0.19960953101929574,3394400000000,
-0.09953816421824647,-0.008518923425770625,0.20011897567613912,3394405000000,
-0.009723791015833351,0.19391295642671266,0.20005495359988573,3394410000000,
-0.07924514562666891,0.00600420297418509,0.1999605849408455,3394415000000,
-0.06368502601868686,0.09620712847069814,0.2001630667106756,3394420000000,
-0.020835833642167848,0.16064686681431256,0.19979369228673008,3394425000000,
-0.07421320287735259,-0.02482202893744951,0.1999768447799631,3394430000000,
-0.03168253901764863,0.19021936417005236,0.2004162440650507,3394435000000,
-0.07604982621427094,0.0788594368849736,0.19996007609450372,3394440000000,
-0.10026132636710142,0.0020712237284602267,0.20045096478495117,3394446000000,
-0.02041322505452091,0.15669751848263785,0.19986251006083794,3394451000000,
-0.09987800563066136,-0.031418139190615126,0.19993231609678,3394456000000,
-0.012783492224662867,0.21632853420812137,0.19998581949975,3394461000000,
-0.07808895380675393,-0.017243246008710272,0.1999897305898887,3394466000000,
-0.05238341212112773,0.09272129997768228,0.20003962490851854,3394471000000,
-0.04636252741790668,0.20447917674827223,0.19982448002025835,3394476000000,
0.07405132618631909,-0.02360483753229189,0.20001266685699448,3394481000000,
0.007941650780096083,0.16547788224131374,0.19979469500275346,3394486000000,
-0.05243099673181156,0.09996117602815922,0.20011188834055862,3394491000000,
-0.10659945533415315,-0.006292277094326824,0.19995656897736577,3394496000000,
-0.0018239918405327966,0.17966488589331678,0.2003225309140272,3394501000000,
-0.11115916676509421,-0.0030360768193021075,0.1998618118782808,3394506000000,
-0.040403885322221826,0.19132787430583598,0.19988219267711335,3394511000000,
-0.03555515159182782,0.11471953798283999,0.1996161089678127,3394516000000,
-0.11425786550888002,0.015036304338407039,0.2000023762591795,3394521000000,
-0.03381620254051083,0.19414402608043302,0.1999949409622717,3394526000000,
-0.08582758218271125,-0.024571038294730806,0.19992270697714043,3394531000000,
-0.11679387191886245,0.10870188977120113,0.20014621667235613,3394536000000,
0.014263862592353876,0.20707279767737063,0.20019497602192024,3394541000000,
-0.09353616315756405,-0.006852790451999689,0.19987223954614028,3394546000000,
-0.05000973439591583,0.10363692062669168,0.2003958100481927,3394551000000,
-0.03194637779042859,0.1927739844848776,0.20060343787067517,3394556000000,
-0.10713269235420214,-0.023675231071203905,0.20010044891527726,3394561000000,
-0.07175696302955752,0.11791585865655282,0.20027664042177032,3394566000000,
-0.07352546304793676,0.13183940206968955,0.20003716121281298,3394572000000,
-0.06846001763246155,0.06682706635842711,0.2005620889757875,3394577000000,
0.004760239301346749,0.21156558515025486,0.2001795020897405,3394582000000,
0.0969486768895404,-0.019350889798287006,0.1997718466302237,3394587000000,
-0.06504873119391018,0.08605946803398558,0.20009347365020547,3394592000000,
-0.026980791837195865,0.22304614855476892,0.20009219206408996,3394597000000,
-0.10426757249512873,-0.031134859512495845,0.20011103433072217,3394602000000,
-0.07238407475969588,0.11095240721871116,0.20009579590595217,3394607000000,
-0.027165587643643248,0.20102200938511225,0.19982164759559298,3394612000000,
-0.08913039115074982,-0.023495697666671478,0.2001733723574333,3394617000000,
-0.03390191379352349,0.2016123810388896,0.20051908740092697,3394622000000,
-0.06594182466042542,0.0068448477466999565,0.20006312340235224,3394627000000,
-0.08214679648058748,0.08917456627801816,0.2000102194045983,3394633000000,
-0.016621970924108352,0.159357722865452,0.1998929535185673,3394638000000,
-0.08810823151596152,-0.027913471367531358,0.19994764891260208,3394643000000,
-0.07052729790605196,0.08928859119093104,0.20019311240251725,3394648000000,
-0.03605182436955978,0.21566619907945944,0.20028759375881294,3394653000000,
-0.10455108518752808,-0.031209497531526614,0.1999651058855236,3394658000000,
-0.017315988110005676,0.0754692572589539,0.20039052099582752,3394663000000,
-0.06939637897362717,0.09206209007875761,0.20014625967310176,3394668000000,
-0.045267366971568995,0.08952198946361259,0.19992329374864976,3394673000000,
-0.04749112450090327,0.10152048600805813,0.1998954718103348,3394678000000,
-0.04989110812036822,0.0981826308425975,0.20027114422521305,3394683000000,
0.18683269392286742,0.162186636107967,0.19988433770956582,3394688000000,
-0.09799338027076651,-0.01313651185261862,0.20011934994892042,3394693000000,
-0.08321694526916082,0.09994492866430799,0.2002775672989508,3394698000000,
-0.022667238862257133,0.17517132793204004,0.20028293390224886,3394703000000,
-0.0716114867615202,0.02626887097583275,0.20007909896196566,3394708000000,
-0.03941120880314024,0.10154093110184616,0.2005725091448515,3394713000000,
-0.038840108958575315,0.10546490423585297,0.19983428162589031,3394718000000,
-0.027480747504118008,0.1079644376461519,0.19981777982213128,3394723000000,
-0.049443573607406394,0.08929804844789904,0.2000822011480029,3394728000000,
-0.03165356989090784,0.0821657996470661,0.2002599751545811,3394733000000,
-0.0036360696899269754,0.14772947435541448,0.20013257600034157,3394738000000,
-0.0844240562440359,0.03171471928486187,0.19998938441527825,3394743000000,
-0.06022225016739873,0.1095511851792096,0.20013221573303716,3394748000000,
-0.036035235765687706,0.11298008689710413,0.2000908303975778,3394753000000,
-0.016746164634025146,0.1581209918183947,0.19991951076186606,3394758000000,
-0.08192212686130092,0.0342446080528779,0.20002951581113085,3394763000000,
-0.083882970852804,0.09346629638199713,0.2002818001174119,3394768000000,
-0.040552886863003304,0.19012070391183444,0.199852928128697,3394773000000,
-0.09000995532652577,0.012697614807551853,0.19994568522166367,3394778000000,
-0.022827198565591345,0.04703961539166151,0.20007043548027761,3394783000000,
0.13523393561879649,0.08682623457732255,0.2001837742933254,3394788000000,
-0.032830412247544655,0.09229185604601323,0.20000070303968606,3394793000000,
-0.05949642076048549,0.07906497107565809,0.1999517315651784,3394798000000,
-0.0764215219206558,0.08392281170479404,0.20036913946795668,3394803000000,
-0.028682740349731513,0.17044168535314017,0.20051819198055326,3394808000000,
-0.05587015045302335,0.03636679593425329,0.1999460129891904,3394814000000,
-0.040807025893194626,0.08703746578137303,0.19998893815622826,3394819000000,
-0.015486001466311053,0.1568136720967592,0.19953749391445594,3394824000000,
-0.10389368300536997,0.005651180057341559,0.19957117550776463,3394829000000,
-0.04613698967109218,0.08362746821020037,0.20014300860683462,3394834000000,
-0.020502316709002745,0.19808902868345418,0.2000683419150571,3394839000000,
-0.08921160205756135,-0.046291194805148345,0.19997152693241907,3394844000000,
-0.036380885851769004,0.10087169701484505,0.20029923194238275,3394849000000,
-0.02786292064501704,0.1356607605986507,0.20009530811076262,3394854000000,
-0.06399162803664235,-0.002917093334220045,0.19994515686639353,3394859000000,
-0.08036637534238619,0.09812717254783002,0.20018323118137707,3394864000000,
-0.02165921052910203,0.17576889791510103,0.20023835287895075,3394869000000,
-0.053941948777820645,-0.0012377833296812182,0.19980378887862624,3394874000000,
-0.04272770874696678,0.07432243588708548,0.20009251704576447,3394879000000,
-0.034351557704675885,0.1909674103139137,0.19973976788710612,3394884000000,
0.044355519764121706,0.01960361404502916,0.19996213124204593,3394889000000,
-0.02769777477634705,0.10077141023267655,0.1997439599022389,3394894000000,
-0.023507745236347532,0.19576174380208855,0.19980312606377165,3394899000000,
-0.10472672880057307,-0.029127981556003626,0.20007761091053075,3394904000000,
-0.05493470622963674,0.0884444390885876,0.1996749954301507,3394911000000,
-0.07516695510855578,0.09827316741688406,0.1998873407270004,3394916000000,
-0.0341951601897919,0.15399375466365628,0.20018427771664676,3394921000000,
-0.08258792822473848,-0.005734886774932184,0.20009129382546598,3394926000000,
-0.061793651153453553,0.09573240250339161,0.2000203374120548,3394931000000,
-0.04971188154622548,0.18665316523229916,0.20030435136345917,3394936000000,
-0.0661317786873105,0.012065495252202497,0.2001566645443209,3394941000000,
-0.04164059427063849,0.11531474523404245,0.20056893809806878,3394946000000,
-0.007570360133826927,0.19580652069717513,0.2001662932984128,3394951000000,
-0.09569731984319972,0.020833430234444793,0.19995792179885882,3394956000000,
-0.03510634697061531,0.2129611295422772,0.20003554471578697,3394961000000,
-0.07289579362231528,0.023307163006771277,0.20012337292780916,3394966000000,
-0.0962768403258302,0.09210870627224552,0.20062717637564945,3394971000000,
-0.014858411473030846,0.15211888425099174,0.19984793690425745,3394976000000,
-0.09045962275364398,-0.009446099500671015,0.19977107345858375,3394981000000,
-0.042908602304222165,0.19056765437337428,0.19996513427416704,3394986000000,
0.10293374844151301,-0.010513184406111521,0.19987376445397229,3394991000000,
0.004291749402664677,0.08711467032813132,0.20003074829407744,3394996000000,
-0.020921350942344534,0.187469762680657,0.19986052969711868,3395001000000,
-0.09268517718166544,-0.024874933471512737,0.19999349869742641,3395006000000,
-0.05454585295872044,0.061925489723250765,0.20033235179649012,3395011000000,
-0.03164684519850359,0.2148039259755702,0.19983668598095788,3395016000000,
-0.0877803520913689,0.003601174435033494,0.2000138922404057,3395021000000,
-0.08059052483889106,0.09129408670663894,0.19998447660231158,3395026000000,
-0.04887259278681397,0.08687496499888453,0.19980370033950967,3395032000000,
-0.04050870541101392,0.084088630098496,0.19983762470873961,3395037000000,
-0.03849002120599125,0.20550272236031258,0.19998961540450516,3395042000000,
-0.08202143260949141,-0.0240954696151969,0.20009811664466712,3395047000000,
-0.058489799931839496,0.06707416746871683,0.2004640002107527,3395052000000,
-0.04350526581940459,0.18786186586769993,0.20019216600284018,3395057000000,
-0.05228651957060496,-0.03967648000540319,0.20030107193930122,3395062000000,
-0.05579525532326392,0.12332599060594215,0.199947688768229,3395067000000,
-0.030584122898695915,0.2075872179794224,0.20042308036810974,3395072000000,
-0.1004023378920551,-0.004161320341814402,0.2003973310189864,3395077000000,
-0.043281984886454385,0.10301580098748175,0.2003592727499099,3395082000000,
-0.028350437366901723,0.1949876726965642,0.19991866118545085,3395087000000,
-0.07650155807082622,-0.023365474324396045,0.19996056293010023,3395092000000,
0.2028752546010782,0.21997537322716243,0.20022995913956415,3395097000000,
-0.09018306512667365,-0.02503637071158613,0.20005810678150157,3395102000000,
-0.05246844189019347,0.1238380684963817,0.20050159637330173,3395107000000,
-0.028909163530300357,0.18936145233655902,0.19990875622431475,3395112000000,
-0.08899215127362047,0.02587368294623351,0.20034239166143103,3395119000000,
-0.01521052475977561,0.2049916425552389,0.2001380236606608,3395124000000,
-0.07329616285436781,-0.06259558702726328,0.19979207626248835,3395129000000,
0.0035893161986392114,0.17096173459737893,0.19991976783051335,3395134000000,
-0.07181135524645214,0.005106537537424539,0.20017378193419674,3395139000000,
-0.06412546429129551,0.08430438158092106,0.20012750976021096,3395144000000,
0.0034218965921947245,0.21728223434015395,0.20005953865030807,3395149000000,
-0.10727090461889612,-0.01904934289512376,0.20007033067462077,3395154000000,
-0.0667163196396029,0.08458696990331421,0.20043372296794512,3395159000000,
-0.018418261170461435,0.19617092156028884,0.20030892070847786,3395164000000,
-0.0620580929459328,0.05772171183845645,0.19944945034656372,3395169000000,
-0.07206670694138313,0.0024236577773694597,0.20037150870410042,3395174000000,
-0.030112615191908866,0.18378552562554062,0.20013504958498968,3395179000000,
-0.07682295802251515,-0.028925098012386345,0.19993864092453503,3395184000000,
-0.07797649037589033,0.10469690703222236,0.2002728336973622,3395189000000,
-0.028094333736921474,0.2245040687459736,0.20013031320707256,3395194000000,
0.05714181128361715,8.324755045327828e-05,0.19971209050810926,3395199000000,
-0.0647359460973315,0.1055651628919905,0.20016682394659738,3395204000000,
-0.015986265299594293,0.09465504269835506,0.2003604144458956,3395209000000,
-0.08414712429548238,0.071075636267679,0.1999476612555991,3395214000000,
-0.049064193023494324,0.18485723871535387,0.20030122945801077,3395219000000,
-0.10078850504087744,-0.0036772995658865175,0.20002273405353174,3395224000000,
-0.03513050487956523,0.08832044746976106,0.20013864409170373,3395229000000,
-0.03468699336085825,0.20176872975115323,0.20022132500587136,3395234000000,
-0.10638484052434746,-0.04465955874542714,0.20007162552617969,3395239000000,
-0.04648346631221255,0.10395248862569574,0.20015423569754026,3395244000000,
-0.029577359821131764,0.19856980599323582,0.20022934626980732,3395249000000,
-0.09326592407794683,-0.0025295808636373153,0.20000777548290335,3395254000000,
-0.08159915755801422,0.10890945115726969,0.20010087475159713,3395259000000,
0.12116510944677503,0.10648148014030129,0.20026025251844973,3395264000000,
-0.03664925768815222,0.08516466877437479,0.1998451145653436,3395269000000,
-0.03235300933230094,0.08109761187725459,0.2001806900029878,3395274000000,
-0.06114297517785445,0.10111773602937953,0.20040399127053377,3395279000000,
-0.000830442922661297,0.17627936614430792,0.20020447602750954,3395284000000,
-0.08586801529192245,-0.020114820874855544,0.20005551360948456,3395289000000,
-0.03621120104056117,0.09030206075845168,0.19986972031592376,3395294000000,
-0.0159078395279923,0.17850416369501518,0.19986316348062608,3395299000000,
-0.09469184153298647,0.003136861949383617,0.19970822798750532,3395304000000,
-0.06303899550109364,0.12225938143633201,0.2001180735836544,3395309000000,
-0.07480742597639006,0.09433991372203059,0.200236533554003,3395314000000,
-0.026650574358878337,0.07802191568281942,0.20038064567813463,3395319000000,
-0.058728917067920494,0.07466498711738773,0.20039734929669673,3395324000000,
-0.03439501391121218,0.10771687023607948,0.20026085639577823,3395329000000,
-0.039187873492899636,0.07497390932871202,0.200212772040358,3395334000000,
-0.08302562930851863,0.08585644768039727,0.20024562056094478,3395339000000,
-0.04200399806918848,0.17422124543206347,0.19987888308081317,3395344000000,
-0.04883615079735064,-0.003928280658218681,0.199879996760917,3395349000000,
-0.02442407908403374,0.08013978251462033,0.2002189521549994,3395354000000,
-0.039975964447677426,0.21320674857515257,0.20026264496848983,3395359000000,
-0.05356410903368909,0.00876796183838515,0.19999451567500737,3395364000000,
0.12793024948265644,0.11092792849266897,0.20032548843312387,3395369000000,
-0.026050853591821996,0.2141009539906425,0.19997683376694073,3395374000000,
-0.09428724617851719,-0.005926029238792989,0.20008574961436207,3395379000000,
-0.07283862281756641,0.11428295953560627,0.19995019149736115,3395384000000,
-0.02763962598428568,0.18110256467151142,0.1997964985592031,3395389000000,
-0.09628872373269073,-0.005163060661362179,0.20008399229038917,3395394000000,
-0.05056372414044492,0.11178770810535112,0.20011886111728094,3395399000000,
-0.02046446815800481,0.10296431392064305,0.19992935018427305,3395404000000,
-0.02926748096627219,0.13128618570618705,0.2001192869001291,3395409000000,
-0.07890392394175409,0.10119733156046828,0.20030934383142332,3395414000000,
-0.06404056122003877,0.11366371630253334,0.2002664210562763,3395419000000,
-0.048599168027656896,0.10511471497811749,0.1997955193774816,3395424000000,
-0.04176330703666353,0.07933118647839398,0.2000458547977848,3395429000000,
-0.043541845521441865,0.1170229443057333,0.20039286843161108,3395434000000,
-0.04010390077870659,0.07811597126358591,0.20000698591160054,3395439000000,
-0.04365262196487422,0.05736019742666416,0.19995094905584473,3395444000000,
-0.033857319039216356,0.1864437342981252,0.20056564333841514,3395449000000,
-0.06687501125039305,0.016456431478618645,0.20007164917755574,3395454000000,
-0.08272753471286225,0.11078133125878938,0.20010106738906328,3395459000000,
-0.03687437145534837,0.1599175468599571,0.19991275896910615,3395464000000,
0.1470710269256394,-0.05024353162416506,0.20009391686077893,3395469000000,
-0.05465004299851262,0.1235739860760634,0.20019748061529213,3395474000000,
-0.05629728294065737,0.11523100544548456,0.19987995211209864,3395479000000,
-0.07071468662938181,0.08027042280417769,0.19998821088520846,3395484000000,
-0.00426947925492344,0.19230812053250884,0.19993500632708822,3395489000000,
-0.05793044592253619,-0.024969282223259216,0.2000720459173691,3395494000000,
-0.03893241682842989,0.0926045852076141,0.20037450500102644,3395499000000,
-0.042131337153148096,0.20038650899474944,0.20011944686705652,3395504000000,
-0.10920468450980379,-0.0004263905918750529,0.20002745343504627,3395509000000,
-0.04651908403915075,0.08392072346371712,0.20024451444841967,3395514000000,
-0.01109376681969822,0.19420133906289072,0.19984084194351023,3395519000000,
-0.08324358936499623,0.007011271543702778,0.19976584285187815,3395524000000,
-0.06613362893765336,0.08056976265952429,0.2000518362038032,3395529000000,
-0.04029429924731625,0.17891936455391408,0.1996455019851372,3395534000000,
-0.12356442085933499,-0.00903953622133886,0.2002977664336984,3395539000000,
-0.00231983241870393,0.17854898326264657,0.2002777198615503,3395544000000,
-0.08058834725773903,0.023464473698215624,0.20018608511821634,3395549000000,
-0.05395571096874864,0.08469816694642088,0.2000941448116312,3395554000000,
0.01262377190095548,0.22205728187145163,0.20031857306151316,3395559000000,
-0.0757702168498147,0.015395233348468308,0.2000576491457369,3395564000000,
0.09799174812568265,0.08947720483297322,0.20027818157182495,3395569000000,
-0.011184846089850781,0.19922447012660038,0.19989690179701822,3395574000000,
-0.0979304370515258,-0.006163151821711593,0.20013580070186415,3395579000000,
-0.10522038153894364,0.11335394222452275,0.20027814586606027,3395584000000,
0.040772248722482224,0.323394689528489,0.20026681073232228,3395589000000,
-0.05001418747046234,0.041846033804824746,0.20034636055343427,3395594000000,
0.015657836415180107,0.17345761039004895,0.20024860953217424,3395599000000,
-0.07799859622831128,-0.017652827490138138,0.19985855799071628,3395604000000,
-0.061874645579736896,0.07027382995008435,0.20036026276532823,3395609000000,
-0.05522732120050439,0.20489561843784537,0.20010691755533622,3395614000000,
-0.10337910513229048,-0.02345406497523325,0.19970850272279692,3395619000000,
-0.03664768036298913,0.11349498986103461,0.20054957873166385,3395624000000,
-0.009254694872672086,0.19912248210716116,0.20000415185462347,3395629000000,
-0.07635478257308317,0.006973196607292766,0.20008745164817043,3395634000000,
-0.017089880796175738,0.19592392518175533,0.20011309865523477,3395639000000,
-0.0816624078043399,-0.01930291763974014,0.20001536793384642,3395644000000,
-0.051332542166778405,0.10586966972908501,0.20030965776603551,3395649000000,
-0.0025783611109630776,0.29629734281522857,0.19989855995464037,3395654000000,
-0.06943803033655427,0.00925069590373402,0.20022179505790563,3395659000000,
-0.036761623123352224,0.200951481736664,0.19988044382350664,3395664000000,
-0.08221969680753334,-0.0012819235779040414,0.20002577769184926,3395669000000,
0.12477226173652155,0.08943779533681062,0.20027849306408496,3395674000000,
-0.018084664642767923,0.20389983224830383,0.19991638823600855,3395679000000,
-0.14413378656013137,-0.03735806137831012,0.19994995514340538,3395684000000,
-0.04165557989327179,0.11946264848692825,0.20068133570646135,3395689000000,
-0.01616122867345194,0.1804143856982377,0.19985476374238695,3395694000000,
-0.06897452615211669,-0.017422383663930473,0.20029874699454006,3395699000000,
-0.04161471625304342,0.1657071013494957,0.20011918549291552,3395704000000,
-0.0662990093692453,0.013979628667320436,0.19996050161220164,3395709000000,
-0.0435070328810328,0.08068971596968084,0.20020714034246861,3395714000000,
-0.01736031247602562,0.17918433857560725,0.20025406965742967,3395719000000,
-0.09157771149409177,0.0006565112786095506,0.20023107646241084,3395724000000,
-0.03013939843728167,0.09078931204441525,0.20034440240390433,3395729000000,
-0.04356151263393462,0.1757189020119914,0.20006992095343712,3395734000000,
-0.08070618239714164,-0.04170401931495119,0.20009267868107808,3395739000000,
-0.020693235734111033,0.09874026970503458,0.2006421129968233,3395744000000,
-0.008432114428350214,0.1896075881576281,0.20023723511471947,3395749000000,
-0.09868361319946249,-0.008983258493379616,0.20020985704121919,3395754000000,
-0.06076636862021491,0.08589695110826018,0.20034973593841682,3395759000000,
-0.010685327552355546,0.2185821213490502,0.20015394613582263,3395764000000,
-0.09404693022144667,-0.0174324794275177,0.2002053314785665,3395769000000,
0.14475477699258762,0.09346651103593065,0.1998983900049855,3395774000000,
0.010487314166525572,0.19161558627466818,0.1999953831506022,3395779000000,
-0.08822766730146103,-0.01974080680554697,0.20024407816916298,3395784000000,
-0.04352548062449459,0.09208166791568875,0.20022887435392894,3395789000000,
-0.054708498437269715,0.09475417340864631,0.20017727477333627,3395794000000,
-0.08624826075759681,0.11079044004966769,0.20025521612365618,3395799000000,
-0.042971875755630495,0.22429638992289236,0.20021926891422484,3395804000000,
-0.09642468094066052,-0.015087823926181795,0.20027646258738596,3395809000000,
-0.01730305485511159,0.12839487825636806,0.20003260400190817,3395814000000,
-0.010433175646983286,0.20498964061084693,0.2005572504300188,3395819000000,
-0.12111660380353773,-0.0250218659932985,0.1998325478931668,3395824000000,
-0.0666172932627748,0.12690351232801064,0.20011459323433917,3395829000000,
-0.0254400222926407,0.18362253633469877,0.19990177543747187,3395834000000,
-0.11041400733998644,-0.004716721944608386,0.20010962462390516,3395839000000,
-0.039027150184879136,0.06507770733044568,0.2000920562133339,3395844000000,
-0.0032933360507640536,0.18511292606491328,0.20010985740386325,3395849000000,
-0.10344048663445325,-0.0014256100577829008,0.2000572198128771,3395854000000,
-0.04108141831799857,0.10141074587818562,0.20013427439411635,3395859000000,
-0.007982796951792125,0.189759100205026,0.19991274807297033,3395864000000,
-0.10949122471515271,-0.03661210733642429,0.20021779296306227,3395869000000,
-0.029056818366221718,0.09487925510960987,0.20009296521169623,3395874000000,
0.18486693704007795,0.20238167200881446,0.19994955609734416,3395879000000,
-0.06654512489755712,-0.007266262191796057,0.20028309740294276,3395884000000,
-0.07023567210721551,0.08065930859931272,0.20022353922179217,3395889000000,
-0.02274704558148833,0.1897724050422809,0.1997028890004202,3395894000000,
-0.11654467255063608,-0.04084957873395045,0.20007958048050273,3395899000000,
-0.05381889918227201,0.09822653322162225,0.20019360138986225,3395904000000,
-0.017273440734984123,0.19624838589349491,0.1999536836739458,3395909000000,
-0.07527723812595101,-0.0026481006611872755,0.20022947478225372,3395914000000,
-0.08636729210574146,0.11929374753559989,0.2001826488059339,3395919000000,
-0.015449687539382688,0.16628564359504533,0.2000354568503362,3395924000000,
-0.09689775986035537,-0.03372901544781293,0.19998270888299086,3395929000000,
-0.06370691678978735,0.13517853586968692,0.19974973152700504,3395934000000,
0.000978048249104413,0.17945521789407157,0.20006821354606882,3395939000000,
-0.0844880016832862,-0.013557094296591717,0.20024572172276278,3395944000000,
-0.05530009727220903,0.11720882670186823,0.19989755745111934,3395949000000,
-0.029024748733951677,0.19480948432151318,0.19969464199950304,3395954000000,
-0.0908541702339359,-0.008404134716845334,0.19970629881869725,3395959000000,
-0.0907572807237412,0.12020261914973761,0.20012709816979837,3395964000000,
-0.02428181712952323,0.21640098030003152,0.200119353377975,3395969000000,
-0.06979209673969836,0.0017160329861125936,0.20027508268219707,3395974000000,
0.16860795795373792,0.1236126404302304,0.19982915247635918,3395979000000,
-0.04303240257394768,0.1925742855109416,0.19984061275389153,3395984000000,
-0.09427987137954218,0.014886072695373152,0.19965176580800148,3395989000000,
-0.046987650600525066,0.08557489565441925,0.19997406577102295,3395995000000,
-0.020047195690003773,0.1624867474485408,0.1998900979068075,3396000000000,
-0.10989328319792067,-0.01279507912195484,0.19997534976896728,3396005000000,
-0.015846772696661494,0.10042328177982182,0.2003746295364732,3396010000000,
-0.06498377461518151,0.08830890096357984,0.1998578479892024,3396015000000,
-0.05129978944560038,0.09004865166619211,0.20004131508381578,3396020000000,
-0.018259174064516333,0.15857483455168547,0.20022859629942805,3396025000000,
-0.07305733324221536,-0.03747314690370748,0.19989110604762733,3396030000000,
-0.06343369276619483,0.1344106777101085,0.20005310898379888,3396035000000,
-0.025137195268818694,0.17511811562795881,0.19987398531591785,3396040000000,
-0.055568243798563864,-0.0365755537435524,0.1999714888757292,3396045000000,
-0.03956155684610834,0.12580187769365497,0.20010688905308593,3396050000000,
-0.0193017772040346,0.18829584519171136,0.20023028807982743,3396055000000,
-0.07773708388201427,-0.01689391977815156,0.1998859248321272,3396060000000,
-0.06372449160505922,0.10604039920362832,0.20026868775450524,3396065000000,
-0.021788289621086636,0.20011350159059224,0.20012968752657373,3396070000000,
-0.07120989109870508,-0.03292328978682614,0.19981460314606564,3396075000000,
0.15722454843684566,0.09987096328421799,0.2001807503840844,3396080000000,
-0.01400427418753278,0.16795696303636717,0.19986293909136915,3396085000000,
-0.09274216227615609,0.023060099530183474,0.2000503053378101,3396090000000,
-0.02234659729469448,0.17431533634834087,0.20015026108313427,3396095000000,
-0.0824812797598577,9.741689366891959e-05,0.19990441078375745,3396100000000,
-0.06342368888755165,0.0767065483246867,0.20044534000162362,3396105000000,
-0.015493335173959413,0.1884023778028345,0.2002697099260266,3396110000000,
-0.069264046335483,0.025835501513698504,0.19984465838072407,3396115000000,
-0.06138285588669036,0.09941536792401237,0.20016995874768334,3396120000000,
-0.028519577242008546,0.20861232640932792,0.20012933925236248,3396125000000,
-0.12375611086300807,-0.019739764573646252,0.20021721985159502,3396130000000,
-0.04904990416735643,0.17144266481312556,0.19986637622235623,3396137000000,
-0.03954416136353033,0.08728274011360371,0.19980943917507485,3396142000000,
-0.10685151386237549,-0.010694062063998295,0.2000433847386155,3396147000000,
-0.056972911533355375,0.17029519348710598,0.19986571038043016,3396152000000,
-0.054236325072132,0.04964899082731891,0.19974604465200263,3396157000000,
-0.04223403356746892,0.07820223534218307,0.1998380399980251,3396162000000,
0.0066331957493565505,0.20189372064221045,0.200200550364625,3396167000000,
-0.08598718627584902,-0.07115292061496682,0.19986378623197532,3396172000000,
-0.05146138135265179,0.11184046588602185,0.19996105696945235,3396177000000,
0.1615824754135814,0.21442495272181933,0.20000453769458051,3396182000000,
-0.0876297862367932,-0.0138959595517449,0.2003876017597072,3396187000000,
-0.04123345637173251,0.06704828671967196,0.20030018987620946,3396192000000,
-0.015293326458427941,0.19817971712885582,0.19968804234921556,3396197000000,
-0.11671373377597342,-0.028738672103718547,0.20007442724826055,3396202000000,
-0.0075140128356339965,0.1633032499609375,0.20006932813771477,3396209000000,
-0.0807563687735825,-0.04818773041488373,0.19984403874591547,3396214000000,
-0.07383127604214587,0.10116750278832469,0.20007347987753157,3396219000000,
-0.02280754881349782,0.21288517554915595,0.19996174630860974,3396224000000,
-0.10127988498843438,-0.02038060067123869,0.1999392522662506,3396229000000,
-0.056986408406418596,0.09907513083427436,0.19991651625644832,3396234000000,
-0.01939173923180605,0.1846098031606348,0.19970736869506373,3396239000000,
-0.11499853724686716,-0.01846349772952813,0.20000889750430964,3396244000000,
-0.04710649480125427,0.07728820246375981,0.20032304457533195,3396249000000,
-0.02773258579430372,0.19131620747877628,0.1998293431429355,3396254000000,
-0.065797081142252,-0.018837585811601873,0.19974312078122183,3396259000000,
-0.037827647355416334,0.19661416498258052,0.19990408842653945,3396264000000,
-0.07336969145682047,-0.013929029968283525,0.19954668198036188,3396269000000,
-0.05480819192326847,0.07896332181638929,0.20008677520595333,3396274000000,
-0.028537543567074383,0.10264556641232987,0.20026265106029353,3396279000000,
0.06737973885730714,0.0739918165464501,0.20026328407440952,3396284000000,
-0.0218204184629507,0.10574376634888207,0.20041565945536507,3396289000000,
-0.005919037531077557,0.19044350376344724,0.2000515466074569,3396294000000,
-0.08605396510785732,-0.02328730303807665,0.20001508624752629,3396299000000,
-0.022387102292577468,0.12730357416162424,0.19987531229632066,3396304000000,
0.007443895523239225,0.20058625278600525,0.20018511103938713,3396309000000,
-0.06400004662962655,-0.014883168310016414,0.2000044307002687,3396314000000,
-0.04376878238349188,0.17676754439518796,0.20005970713117177,3396319000000,
-0.07966863079840349,-0.011554482843993436,0.1999861885081323,3396324000000,
-0.07033823396159622,0.0982430134202585,0.20027680779326018,3396329000000,
-0.018823104138061365,0.19546222926477103,0.19972168178687436,3396334000000,
-0.11690682080006148,-0.013613443153379975,0.20002993961387408,3396339000000,
-0.050567148441738353,0.10080205339865363,0.20035185170115744,3396344000000,
-0.03370868182879873,0.21737209821155254,0.2001763718544135,3396349000000,
-0.12080025593272237,-0.008857098943541896,0.19999409092270184,3396354000000,
-0.02830292289182673,0.056721016689775944,0.20017311278699615,3396359000000,
-0.05912158184229457,0.10646996529871025,0.1997932392298419,3396364000000,
-0.08570698301083672,0.09688520889062427,0.20026572908950607,3396369000000,
-0.0023619526099939447,0.2051381542437588,0.2001745189001258,3396374000000,
-0.07954248973026753,-0.007662365997661669,0.19984743555743234,3396379000000,
-0.012746417294446283,0.11072635787608139,0.19999834552933982,3396384000000,
0.16596562727550004,0.18460815753787851,0.19965900772833492,3396389000000,
-0.12153506726282008,-0.025203327179916683,0.2000097777271036,3396394000000,
-0.047849506866590744,0.1577532978574106,0.2002800346704719,3396399000000,
-0.09643040536499234,0.007224680678500456,0.2000975551960073,3396404000000,
-0.03289468699514492,0.10633251623212339,0.20029458998683702,3396409000000,
-0.013787427210601957,0.21736246935192774,0.2001111435706633,3396414000000,
-0.07883413907453828,-0.002284208594959175,0.19986824331881306,3396419000000,
-0.05338786098713476,0.09037322184177915,0.2008746584874348,3396424000000,
-0.03370018892831386,0.19169406505236974,0.1999604505705902,3396429000000,
-0.07055214103395789,0.004980094470426213,0.20036566646822485,3396434000000,
-0.06561421124920327,0.09455272444988881,0.20010772378503736,3396439000000,
-0.019681602967924317,0.11073490048368376,0.1998394561204674,3396444000000,
-0.06885248286498669,0.08491510569348303,0.20017376487806446,3396449000000,
-0.012511287140928612,0.1979287978822586,0.2002366656257084,3396454000000,
-0.06655219995744147,0.005084972760791295,0.20014044539949666,3396459000000,
-0.06828606551369563,0.0889899340424999,0.20024873159222145,3396464000000,
-0.05672120925447978,0.19335599595053504,0.20039588937819355,3396469000000,
-0.10932350397397689,-0.009489356160971362,0.19986932865072238,3396474000000,
-0.053864625792912596,0.10464479616391739,0.20022365706509318,3396479000000,
-0.05601689682851693,0.21287599959392578,0.2000052640218007,3396484000000,
0.09537189624152248,0.0004163344896048679,0.20011602863744,3396489000000,
-0.0698149717176913,0.10427056904344335,0.20012347419049464,3396494000000,
0.0030268010420605694,0.17501323102314473,0.19960300855233049,3396499000000,
-0.0772258600868822,0.008400451217304691,0.19996888698553214,3396504000000,
-0.0657697507827392,0.1284724900031405,0.20019378142141966,3396509000000,
-0.03126610203458443,0.09881103984950185,0.19992930259164818,3396514000000,
-0.05869078357052296,0.09397174594840839,0.20034201750628683,3396519000000,
-0.042752292191736097,0.18477406182174538,0.20000650807233492,3396524000000,
-0.05562424403331152,-0.02074526071938972,0.20032526818510796,3396529000000,
-0.04030579358843161,0.08053091640940739,0.2002716402125059,3396534000000,
-0.0016526419335399917,0.18420439268497668,0.20021859383733295,3396539000000,
-0.10338857858561808,0.02503374706658236,0.19999826277901292,3396544000000,
-0.07305464807039339,0.1011047459355031,0.2004848081195323,3396549000000,
-0.02371075890629391,0.19696299395971575,0.2004556580124344,3396554000000,
-0.10332410742781371,-0.020056923412560913,0.19983218929604096,3396559000000,
-0.04529279952946516,0.13012856480257246,0.19973733331554933,3396564000000,
-0.08504286342764344,0.109735358955481,0.2001319360913236,3396569000000,
-0.0714328515918542,0.07173114456105975,0.20022780793986839,3396574000000,
-0.027024373787183684,0.20009471431045733,0.20015375143769087,3396579000000,
-0.05465178738645925,0.014076590836555545,0.19983389266587212,3396584000000,
0.13122301494339017,0.08416787603543655,0.20017440967950345,3396589000000,
-0.05522375940539031,0.09677453259783435,0.2004036567155349,3396594000000,
-0.03726337024984784,0.19421811047061252,0.20008814438503014,3396599000000,
-0.10798871824340014,-0.020558612851391732,0.20015118667147988,3396604000000,
-0.07270202245273594,0.07308988128365623,0.20024344220131157,3396609000000,
-0.011987838178298325,0.16981962116695298,0.2003493689024958,3396614000000,
-0.11353526401016706,-0.01161887519598137,0.20026439237082988,3396619000000,
-0.08754669315783979,0.10061958602781998,0.20029257139084444,3396624000000,
0.001341997679281618,0.19976648536450728,0.20019172269854021,3396629000000,
-0.08071969002437775,-0.017863452195611373,0.2002658494762405,3396634000000,
-0.049493751360285526,0.1857339626148282,0.20047963473467392,3396639000000,
-0.07778152169720132,-0.004630339750380406,0.20014719763039804,3396644000000,
-0.07563622866238112,0.08388278842482204,0.20016016159782526,3396649000000,
-0.009302510633420961,0.20699791838754103,0.19995484630071175,3396654000000,
-0.04183671230792892,0.002372187889028523,0.19996161236414445,3396659000000,
-0.058075329609312804,0.11751123087153086,0.20002764533069373,3396664000000,
-0.048901217916877224,0.20423638279217388,0.20001489815565007,3396669000000,
-0.07221526992547156,-0.043756793546639874,0.19961054895779515,3396674000000,
-0.019102635548723712,0.19686830197607694,0.20016965500201242,3396679000000,
-0.08579763046774525,0.004969804563691072,0.20029540164523457,3396684000000,
-0.06375769261832803,0.06966993802880304,0.2005221684448313,3396689000000,
0.1786318565787158,0.18669826823631777,0.20040803920327913,3396694000000,
-0.08302253349485322,0.007355599530162093,0.1998817633389598,3396699000000,
-0.040574980015118556,0.08149147589161594,0.19997237694752365,3396704000000,
-0.00436022475688113,0.19250661065997884,0.20004616927464278,3396709000000,
-0.06716663226594591,0.013580784506487007,0.1999231752176396,3396714000000,
-0.06292011734146347,0.12175350131536603,0.20049917727923947,3396719000000,
-0.06332766901023883,0.09261188852164413,0.1999143484703444,3396724000000,
-0.06180329488037302,0.060727673012727384,0.19990881985945,3396729000000,
-0.03352070502321407,0.09583369508420193,0.200158670470401,3396734000000,
-0.06490171960891951,0.19672459732874678,0.1998852271194323,3396739000000,
-0.07307217689034579,-0.026591139388461506,0.19981245566332603,3396744000000,
-0.0785492416378159,0.09642061423692665,0.20017512204182766,3396749000000,
-0.051363537068604075,0.0981883153328349,0.19996406575046338,3396754000000,
-0.09124427813696451,0.10248964168762226,0.2002487205721968,3396759000000,
0.004635125149003161,0.20623917870966577,0.19975757174320852,3396764000000,
-0.11793826419963666,-0.006510160789370485,0.20022376639137668,3396769000000,
0.018210209405928816,0.17712457947760232,0.2003366439272469,3396774000000,
-0.06314496318608095,-0.04626867511235285,0.19995062307943215,3396779000000,
-0.05359445674694771,0.0795173567248193,0.20002768800507953,3396784000000,
-0.030542181855706035,0.19360665733511667,0.2000812315285001,3396789000000,
0.12284913807714125,-0.015040408234269597,0.2000740365589505,3396794000000,
-0.07852443985295422,0.1038760730611796,0.2003112077115822,3396799000000,
-0.056388933556565095,0.08035200220354347,0.20010246622921002,3396804000000,
-0.02204023937224768,0.10764838812906119,0.20004649022652535,3396809000000,
-0.04634347629189878,0.09830965340029865,0.20030865407148038,3396814000000,
-0.07245769348908013,0.07852237855260742,0.19995464259085063,3396819000000,
-0.0045113969297322296,0.17470231548196175,0.19961044634606936,3396824000000,
-0.09888340493161472,-0.038255784844667136,0.20033849743085325,3396829000000,
-0.03327795331969288,0.21406878812717312,0.20002938259215755,3396834000000,
-0.07657362885152993,-0.0024923057985755397,0.20004082843831725,3396839000000,
-0.07330892889828301,0.11315212689462541,0.20024707668855501,3396844000000,
-0.02474561936576051,0.227281865881787,0.19968506806475106,3396849000000,
-0.09067349781514852,-0.018138880830034006,0.20011400482207584,3396854000000,
-0.02093619604868288,0.19313640771474339,0.20040100541316946,3396859000000,
0.10751844930046751,-0.023870763021320712,0.20002295167800224,3396864000000,
-0.09257252025440872,0.10451018423948752,0.19994636796162496,3396869000000,
-0.059115568708166574,0.1034526205127271,0.20000152989838674,3396874000000,
-0.10599499869125394,0.0804569698627157,0.19993671598631804,3396879000000,
-0.043659368717683195,0.1835869708247704,0.20009150747876692,3396884000000,
-0.09924685798526603,-0.030395721241375972,0.20009209374345502,3396889000000,
-0.06845624629245997,0.09895627472521985,0.1998199273488795,3396894000000,
-0.048578116702878774,0.22443879390136018,0.2004175072358562,3396899000000,
-0.08218208887856794,-0.01571429384071923,0.20021848921593186,3396904000000,
-0.06332103665468877,0.1158266274284559,0.20008568102174154,3396909000000,
0.0013877911085858376,0.19325526547857078,0.20011110171223734,3396914000000,
-0.11295941355862454,-0.0031927660293953816,0.19957189283053645,3396919000000,
-0.0898009070312248,0.1176409535406059,0.2003130051887131,3396924000000,
-0.0009502894971957151,0.23745062319672516,0.20023904742152138,3396929000000,
-0.13360433950947967,-0.029203213936210268,0.20030163672575016,3396934000000,
-0.028438305787573455,0.10226882370119778,0.200114967621513,3396939000000,
-0.019185371759677248,0.19112209457568072,0.1998902670405453,3396944000000,
-0.08829958916663005,0.058514898297471585,0.20043881931750984,3396951000000,
-0.05564417029857928,0.10746485884529103,0.20045832435336947,3396956000000,
-0.0374917755030526,0.19230020710509113,0.19999766566459365,3396961000000,
0.0928182706975443,-0.02257641929586184,0.20011942741778596,3396966000000,
-0.0893303008905049,0.10562651256088826,0.2000863851712251,3396971000000,
-0.001847666077454152,0.19634775677104413,0.20009441449405418,3396976000000,
-0.0731870217866258,-0.025518884308872468,0.19958660587657964,3396981000000,
-0.05431855484369841,0.11789105145691012,0.19990762639602874,3396986000000,
0.007442786219615808,0.18460721581833425,0.20031422867337645,3396991000000,
-0.10547001997476846,-0.03302235681206343,0.2001115563062438,3396996000000,
-0.045700356782004695,0.11645494460341954,0.2003843494863515,3397001000000,
-0.0036067213474278853,0.2174558116200919,0.19994428721559465,3397006000000,
-0.12690550488511085,-0.00479321255569864,0.20029988613968677,3397011000000,
-0.0493392398508564,0.10068289558981611,0.20010633468482414,3397016000000,
-0.03034328002739587,0.19649133966911064,0.19986338391113442,3397021000000,
-0.08739150047073949,-0.0018450954549445314,0.2000394900402332,3397026000000,
-0.04796350502165646,0.11437573744974307,0.19997558903019275,3397031000000,
-0.06637001624194262,0.10625294915972511,0.2001710566428624,3397036000000,
-0.055645439174355084,0.05522823050546699,0.20023866331511186,3397041000000,
-0.026885416219330424,0.20229769704539186,0.20038990184741015,3397046000000,
-0.08646629106927185,-0.0019785446043861198,0.20008715399507956,3397051000000,
-0.05643181298898725,0.1359761485830937,0.20031493736231493,3397056000000,
-0.0548635619862262,0.21838252303606065,0.20020664412264935,3397061000000,
0.11206749843836512,-0.021182252640162914,0.20019545625236265,3397066000000,
-0.06316206150186254,0.12580757373962892,0.20010775236945805,3397071000000,
0.0012504661704804305,0.1945935318475707,0.199900555165711,3397076000000,
-0.12160121067452279,-0.03641702427381867,0.2001124376158158,3397081000000,
-0.06023479385410956,0.20362556397713405,0.20027082914241773,3397086000000,
-0.08347663481809231,-0.00853103758778763,0.19982658227099395,3397091000000,
-0.07498996800592139,0.10153524075512632,0.19962519688678954,3397096000000,
-0.03764507731356759,0.17637599377222768,0.19979880186251378,3397102000000,
-0.11232741313746657,-0.02933790144546474,0.19999570304847863,3397107000000,
-0.04164389995863795,0.0870321571075828,0.2003828593564923,3397112000000,
0.001964168467747506,0.17772143955764708,0.1997178864054808,3397117000000,
-0.0773506814145954,-0.005449549911208302,0.20013967836025062,3397122000000,
-0.036084557147820016,0.1850401423803579,0.20029856769007595,3397127000000,
-0.07608410430749377,-0.00628231591710934,0.19964782951170265,3397132000000,
-0.009818750714045692,0.09919795112544415,0.20018555049884756,3397137000000,
-0.0010357243055526336,0.19905522415474974,0.19999228280869868,3397142000000,
-0.08653849708520966,-0.023847483759510055,0.19997752043444278,3397147000000,
-0.03400494426921971,0.11368172979685136,0.20005058363754702,3397152000000,
0.010953973053653407,0.22309622330433915,0.2001026393145926,3397157000000,
-0.09368218220481955,-0.018529495125521593,0.2002255906585759,3397162000000,
0.1491432465596188,0.1912556361552454,0.20034350416595187,3397167000000,
-0.028381621123052713,0.0006092697774537316,0.19995652418595067,3397172000000,
-0.07697190633663117,0.0935724003800123,0.20029030087768235,3397178000000,
0.0019551340538656228,0.2068377159282279,0.19996817923047505,3397183000000,
-0.0571841982704033,-0.008329886511777027,0.19982539170726757,3397188000000,
-0.050259407700837005,0.20863292521908205,0.20013364558463687,3397193000000,
-0.059018666479169854,-0.02208366745749508,0.20017310027808913,3397198000000,
-0.06168744875136512,0.11149115529139592,0.20070937853161855,3397203000000,
-0.007593335566968527,0.17527025527981718,0.20003156596256913,3397208000000,
-0.10954885118910412,-0.010778901322076852,0.2000236367440275,3397213000000,
-0.06287073817405267,0.08340675920670307,0.20023956563030604,3397218000000,
-0.0031704174294613016,0.2299920031122081,0.19968190679243417,3397223000000,
-0.07657476296932997,0.0052980399525982685,0.19987877425756573,3397228000000,
-0.05240763670953652,0.11966371276552154,0.20020312514433342,3397233000000,
-0.022203847315753616,0.08764776755050593,0.20020325829121427,3397238000000,
-0.0465100639141605,0.08709579470847562,0.20023458443319087,3397243000000,
-0.013620778499434074,0.20840614443546374,0.2000563187208364,3397248000000,
-0.06264403170221818,-0.0077331244469626675,0.19996229967623178,3397253000000,
-0.04971075553075857,0.11989358282808668,0.20008681046478424,3397258000000,
-0.019921213903617986,0.20117745020764682,0.20048998623503053,3397263000000,
-0.08509406700915169,-0.01274760730720299,0.19972143910829612,3397268000000,
0.1348650691440211,0.10126938010244231,0.200131551676561,3397273000000,
-0.017648726014622494,0.22088266037051557,0.19985214815400038,3397278000000,
-0.08004664544926515,0.011385317071445047,0.20007528926293958,3397283000000,
-0.07438414010106452,0.13220514829300523,0.20010263212934673,3397288000000,
-0.03494862165331811,0.19764717866044804,0.1997303801788645,3397293000000,
-0.10984318361206778,0.014964716221051645,0.2000092601374608,3397298000000,
-0.035878130374287096,0.10425766177464768,0.20007686687799114,3397303000000,
-0.030996484554350893,0.1943916351187203,0.19973820778648846,3397308000000,
-0.11412604126675058,0.016621188272033037,0.20030606695330502,3397313000000,
-0.03952188616524545,0.1802461292429582,0.19985111830888364,3397318000000,
-0.0920446257493927,-0.006406630028590602,0.19960870268016873,3397323000000,
-0.060274795484572784,0.11303916367842637,0.2003863031724366,3397328000000,
-0.024156685932846738,0.19823148299051413,0.19983783803267363,3397333000000,
-0.10656054851016968,0.0015431980791406012,0.20001318377565708,3397338000000,
-0.029600922887209204,0.21594196812136332,0.19991073226769202,3397343000000,
-0.1086984986545389,-0.05623800451994281,0.1995679986753733,3397348000000,
-0.014091062201235856,0.10954353233275041,0.20012639718080097,3397353000000,
-0.0732155632765619,0.10009624226105304,0.20018154427746768,3397358000000,
-0.06651130699044333,0.0822812661249072,0.20008627324622025,3397363000000,
-0.040647361238227084,0.2274723180031357,0.20014909229617303,3397368000000,
0.112124429635671,-0.0043003261858963315,0.2003446621820774,3397373000000,
-0.03662781843876044,0.19439036817145358,0.20014191169801412,3397378000000,
-0.09907278442902955,-0.01810204662642656,0.19983096196906078,3397383000000,
-0.038883805147423456,0.07657630648151553,0.2002180905882431,3397388000000,
-2.9496575242402706e-05,0.18558796688366402,0.20009975145373132,3397393000000,
-0.08925435512257449,-0.024578387670277986,0.19996410314445956,3397398000000,
-0.03636241615722318,0.209112494250504,0.20024020840745618,3397403000000,
-0.09147019736132418,-0.01668942953658228,0.20011986007768148,3397408000000,
-0.04523614506603845,0.19220832532626986,0.20009409181456822,3397413000000,
-0.07250346483103887,-0.010008151445000097,0.2000305393485922,3397418000000,
-0.06293063398399476,0.08083912295453013,0.20016031386686886,3397423000000,
-0.015552242634534266,0.21456423836858227,0.2002112880099787,3397428000000,
-0.09920316878988647,-0.022964141647008406,0.20044639739618272,3397433000000,
-0.025350414954026783,0.18316061370279457,0.2002903072126943,3397438000000,
-0.08298407739351443,-0.005931733628700524,0.20007399729818037,3397443000000,
-0.03277672621205307,0.09030504405466196,0.2001768594566477,3397448000000,
0.009655905503178804,0.18029471525013624,0.20018010918707338,3397453000000,
-0.0932756756969734,-0.018202590350700484,0.20002371010588443,3397458000000,
-0.06254140088483133,0.0898368301515936,0.20022347578261387,3397463000000,
-0.031158906890503563,0.2072496829460379,0.20002328715441894,3397468000000,
0.09624935812768426,-0.03621651890347594,0.19973910262550615,3397473000000,
-0.024809694121767284,0.1359214888373576,0.1998781470372702,3397478000000,
-0.04350048966770309,0.2112023732984125,0.20005223414650408,3397483000000,
-0.056680836074549115,0.07740523917413959,0.1995659059395851,3397488000000,
-0.07772802045819804,0.029090272608756348,0.2002035321462082,3397493000000,
-0.021674424697967654,0.22576752498511798,0.20027699894669335,3397498000000,
-0.07482065831064386,-0.014747286024958717,0.20005303422950751,3397503000000,
-0.0440587133634001,0.19532454977171665,0.20012781756952822,3397508000000,
-0.10814246296614487,0.019598894833530514,0.19976614673276982,3397513000000,
-0.03822067220620045,0.10329956989678846,0.2005346016485682,3397518000000,
-0.06061638510707786,0.20137676814755687,0.20038423712903033,3397523000000,
-0.13126737997324847,-0.020277804069748936,0.20022968462956078,3397528000000,
-0.0412581332896539,0.10219194675064196,0.20046060768989227,3397533000000,
-0.020649558653956,0.06878410948822028,0.20013537302259174,3397538000000,
-0.05789113557654896,0.08226863675677235,0.20043719173099422,3397543000000,
-0.019931877014842454,0.17739645791480457,0.2001985792813039,3397548000000,
-0.09810796612520259,-0.015605032985623647,0.20035389103866602,3397553000000,
-0.06071842473310758,0.0765221993381299,0.20008110759541234,3397558000000,
-0.032547303809291425,0.21281529981398845,0.19978275795254619,3397563000000,
-0.09448979260435675,-0.0443533442397934,0.2001907259822838,3397568000000,
-0.04064542174421143,0.21739810094162443,0.2003507547893183,3397573000000,
0.11637288442809342,0.0005141186678173978,0.2000419767582647,3397578000000,
-0.0768100804585366,0.1087716801991286,0.20037585548260434,3397583000000,
0.016515482898841853,0.2273719855937736,0.20002008231767615,3397588000000,
-0.10021294531035867,-0.021798695730118143,0.20012481201460539,3397593000000,
-0.06746955260426937,0.09509785331295606,0.20055234079223133,3397598000000,
-0.0153894011013238,0.10958103333706978,0.20005419530622123,3397603000000,
-0.05593558594389032,0.14636409408541823,0.20029905788604915,3397608000000,
-0.021002184915330353,0.20598646204640436,0.20027606913296875,3397613000000,
-0.10225584410124239,-0.045982146685798524,0.20004871864169244,3397618000000,
-0.09388426032570324,0.1252449292606117,0.20019821157483272,3397623000000,
-0.029510790153351445,0.17894583203653577,0.20005278468210122,3397628000000,
-0.09110162636879651,0.0021806888580930307,0.20051630000812717,3397633000000,
-0.038490029130562625,0.0866623374961909,0.2000499685118666,3397638000000,
-0.056959956116218735,0.20453706875728322,0.20029730285582475,3397643000000,
-0.09592698686251643,-0.02297831810518765,0.1999530503527311,3397648000000,
-0.06444926094802499,0.10269226446551241,0.2000337495948758,3397653000000,
-0.014474761222325869,0.2129886688829162,0.1999013864038525,3397658000000,
-0.08040777485512854,0.01121395480185524,0.20015635534338644,3397663000000,
-0.040717156139100326,0.2058202641543397,0.20014013101853273,3397668000000,
-0.04537408108607822,-0.03044970901608239,0.20008074001233886,3397673000000,
0.10913056371348479,0.08000079467125323,0.2002719718184122,3397678000000,
-0.023314549832435492,0.19482642547201284,0.2001725226679889,3397683000000,
-0.09129697252209425,0.006452573756318851,0.19988949358258518,3397688000000,
-0.035992525219702115,0.08468380942572822,0.19990567581068394,3397693000000,
-0.01501983215529243,0.16140976992536077,0.2005615605722697,3397698000000,
-0.13061621325834738,-0.02238680792576334,0.19986038725652042,3397703000000,
-0.06524597057691389,0.08747384350292373,0.20042700180172854,3397708000000,
-0.021921034637713707,0.17775701320180254,0.20030181389265295,3397713000000,
-0.11633765457338596,0.00043927805038899634,0.20030305942908375,3397718000000,
-0.05395986440490272,0.10468695163732653,0.20049328116437565,3397723000000,
-0.08512713485071247,0.12280459670272095,0.19983479482868252,3397728000000,
-0.0723755445979764,0.09554638546302434,0.20018456517084338,3397733000000,
0.00736885992441751,0.19714817035813,0.20029041253271357,3397738000000,
-0.07410361583609053,-0.011918118097420348,0.2003483467936208,3397743000000,
-0.06684088025432354,0.10495664256898776,0.20034263399647842,3397748000000,
-0.019365348637565696,0.22412040571450279,0.19997329506570322,3397753000000,
-0.0964378755267554,-0.010752917959171606,0.1999896047835746,3397758000000,
-0.038882859149680725,0.19494405233155832,0.20038364196975758,3397763000000,
-0.08351180528234292,0.017411735758684765,0.199790060886188,3397768000000,
-0.05265034913891447,0.08757302484278945,0.2003973630205322,3397773000000,
-0.009484309464851532,0.22025265330128957,0.19971248477317355,3397778000000,
0.09130060558110246,-0.014783917439208203,0.20003052981772299,3397783000000,
-0.055105562146090845,0.11027370241754252,0.20024386466966698,3397788000000,
-0.04997667917774434,0.08371644503834322,0.19991641365290735,3397793000000,
-0.06394741617277537,0.08389322865176772,0.20034029714708787,3397799000000,
-0.013375169753038646,0.21958346569117548,0.20003148892829628,3397804000000,
-0.08340427408134021,0.018254385176665708,0.20019176748879683,3397809000000,
-0.0481256018355706,0.0789825039203554,0.20043562522543248,3397814000000,
-0.01789172734997928,0.18183665423012912,0.19983249129347572,3397819000000,
-0.05547969673221267,0.005352850687763021,0.200071568191936,3397824000000,
-0.05481675919380947,0.1510999421882477,0.2004219437524533,3397829000000,
-0.0787778922090902,0.09275494742552211,0.20018773863854214,3397834000000,
-0.060625132764064685,0.08100118707913435,0.20004382527731218,3397839000000,
-0.05473631176725967,0.21648447936914933,0.20003708244108045,3397844000000,
-0.09016366129970134,-0.014886510667794004,0.20014460760984149,3397849000000,
-0.060411543105117725,0.10904428329189787,0.20041784975286356,3397854000000,
-0.03851076302494987,0.2020516359362127,0.20006978635005984,3397859000000,
-0.13421590014732515,-0.022692444696210443,0.19987289688377052,3397864000000,
-0.07046105399739747,0.1063797778218195,0.20050247366100427,3397869000000,
-0.05989988240852211,0.10741318707840075,0.20043570515306636,3397877000000,
0.17110000823698393,0.0991146167452547,0.19990264842770258,3397882000000,
-0.006160134823257759,0.204521092779195,0.20011494565436258,3397887000000,
-0.11276546942098448,-0.0019810831601477646,0.20010687929909546,3397892000000,
-0.04770387814658279,0.09559902020773015,0.20026674427050944,3397897000000,
-0.017857000982541633,0.21292951492722847,0.19990217869093166,3397902000000,
-0.09954338366138714,-0.02294589905175249,0.2000156215690719,3397907000000,
-0.07498642464840824,0.11557589359981209,0.2002005589298438,3397912000000,
-0.02130175389103083,0.197724178098003,0.20008484431848,3397917000000,
-0.1002922739760325,-0.031529551379628616,0.2000453417448847,3397922000000,
-0.07495593814360607,0.11967012154682063,0.20012011933753063,3397927000000,
-0.07065095012239964,0.20150785214933717,0.20011867116168228,3397932000000,
-0.10828217164864193,-0.015026283987114454,0.1999371682764499,3397937000000,
-0.05207645577842005,0.090776049003696,0.2002289261729472,3397942000000,
-0.005233785304373094,0.19369079768103367,0.20004605854279356,3397947000000,
-0.10494869931504208,-0.0031114944528908644,0.2002166059667733,3397952000000,
-0.049687221217809836,0.09731436676120757,0.20007471300156437,3397957000000,
-0.015273365005435056,0.20478368420032927,0.2000690187209502,3397962000000,
-0.08956603589751726,-0.0021380317195150676,0.20019420592677295,3397967000000,
-0.04766962360228347,0.1453142125836881,0.19994395025983852,3397972000000,
-0.036694668530039776,0.2389818412358275,0.20025224866335414,3397977000000,
-0.07501324748548054,-0.031908872943288986,0.2004158132823695,3397982000000,
0.15657778025881233,0.0980117268752811,0.2003004841769408,3397987000000,
-0.005125426855385482,0.2162287441983673,0.20034622545133723,3397992000000,
-0.09337324833346985,-0.011047535528256958,0.20008935307378742,3397997000000,
-0.05387417454555396,0.09351172522660448,0.20016979042383884,3398002000000,
-0.04102200944199708,0.2096015962535072,0.20001933722125195,3398007000000,
-0.10256495737513022,-0.041817456342384936,0.19994106487155805,3398012000000,
-0.07614273389766103,0.10429806165058621,0.20034938447603837,3398017000000,
-0.026881979739308372,0.18873716287270043,0.20019642447338584,3398022000000,
-0.1079051986599236,-0.021013913924732515,0.20032170442809594,3398027000000,
-0.05302730318529878,0.10769118530865601,0.19989623850988986,3398032000000,
-0.07060741186124178,0.09354452599156685,0.20011510666074075,3398037000000,
-0.038897633812219584,0.11525571555470464,0.2001093241081008,3398042000000,
-0.007282278476905641,0.22112347707548982,0.19969832683760969,3398047000000,
-0.11667398097265111,-0.025640219502696165,0.20039149443530677,3398052000000,
-0.026045386506274342,0.08411694193650267,0.20024339804232985,3398057000000,
-0.0381401222511155,0.19201977915986065,0.19976159268402469,3398062000000,
-0.09833358756685154,-0.0246557515771118,0.2003140353725165,3398067000000,
-0.053795368194672996,0.2022572474937773,0.20029623154533285,3398072000000,
-0.08609377264927924,0.0110653499126621,0.20022848092877274,3398077000000,
-0.073300686351471,0.10264387607040809,0.1997321751117145,3398082000000,
0.19904144940128893,0.1995626603022507,0.19992164511504185,3398087000000,
-0.10152678716755853,-0.023799050288795653,0.2002440983320031,3398092000000,
-0.06916972235419722,0.09453477668840496,0.20041200839016293,3398097000000,
-0.04824198704774947,0.12430117184712716,0.20008386313443904,3398102000000,
-0.06585900706364994,0.0816421140210016,0.19994544463864358,3398107000000,
-0.0009344217484238537,0.2501890248710397,0.20013745456873597,3398112000000,
-0.05544984899306701,-0.06561942376191512,0.20010467903870222,3398117000000,
-0.058251589477001944,0.12849955014181602,0.20019916448831196,3398122000000,
-0.032624121093389954,0.21520433543366513,0.19983774778517097,3398127000000,
-0.08128518338124562,-0.01469302733437956,0.19981790239940803,3398132000000,
-0.0226395166360731,0.20445027064309285,0.20029976262822458,3398137000000,
-0.07100273951843841,-0.007148430653354008,0.20008986408809898,3398142000000,
-0.05955480233185028,0.10637861935413273,0.20030036949674512,3398147000000,
-0.00222847672517993,0.20842494878600848,0.19991923314010443,3398152000000,
-0.08998533885388246,-0.027056029520989105,0.1998861872197193,3398157000000,
-0.04673583731269351,0.10701709079115458,0.200142847233292,3398162000000,
-0.05824847648512611,0.08300665650730803,0.19963942216119443,3398167000000,
-0.07123347211861218,0.07961606977919919,0.2000162239789955,3398172000000,
-0.015529918363197876,0.21512577212024608,0.1997318523922005,3398177000000,
-0.07051922148137871,-0.03752788190986851,0.19983663867129742,3398182000000,
-0.054205516408647125,0.11671906445921039,0.1998630194946384,3398188000000,
0.08452295112555079,0.1251103527216436,0.20020474636669494,3398193000000,
-0.05388552244327384,0.10769694942185595,0.20053709298751934,3398198000000,
-0.010220895923380706,0.20357609502515595,0.20013047622854369,3398203000000,
-0.07840032950486558,-0.015467036321143794,0.1998357328676299,3398208000000,
-0.047007957814421276,0.10289319943483656,0.20030738274346382,3398213000000,
-0.05205789255117974,0.21694378470757766,0.20002080206529702,3398218000000,
-0.08855407861869316,-0.02349893258221998,0.20009185715330155,3398223000000,
-0.01400926039667714,0.19784491246456082,0.2001634468546983,3398228000000,
-0.07992085928022807,-0.025856064713953002,0.20012331588760887,3398233000000,
-0.0519546080833659,0.11351262513177139,0.19987826388287158,3398238000000,
0.003259438938517073,0.20154880648348722,0.2000712868024555,3398243000000,
-0.08960642773842552,-0.029366580977161938,0.19972763891588569,3398248000000,
-0.016913314909048585,0.08313808945395826,0.19976376178982833,3398253000000,
-0.015137031418975398,0.215409487349107,0.20010136969460873,3398258000000,
-0.09525530757123997,-0.027444025656511613,0.19986494136295557,3398263000000,
-0.07672329786832771,0.10579448527668776,0.2004836446856037,3398268000000,
-0.060832597048323514,0.09595180930492027,0.19984266960225308,3398273000000,
-0.05119194432314057,0.10942541739168773,0.19969277390197987,3398278000000,
-0.024198704783766203,0.2245228332134353,0.20024765703966194,3398283000000,
-0.07792421784969883,-0.02592598216112431,0.20003361268647415,3398288000000,
0.1529321059380976,0.11782337317909591,0.20022613980858125,3398293000000,
-0.008975345610280757,0.241850104869256,0.20040527066491978,3398298000000,
-0.08181095125961066,-0.017510176876776206,0.2000605344074385,3398303000000,
-0.04751055447423291,0.0944967513354061,0.2002321840258896,3398308000000,
-0.03481570872016011,0.12474077564592181,0.19980474504030774,3398313000000,
-0.0870287268887726,0.07155016664239701,0.20019527622530894,3398318000000,
-0.012334792431206599,0.2374118171188947,0.20027397983947975,3398323000000,
-0.11046977285413032,0.0032212523506857486,0.1996964805527433,3398328000000,
-0.04861300121058241,0.10445522491524328,0.1998616836691306,3398333000000,
-0.03767246631850582,0.0701402466148566,0.19985011620263782,3398338000000,
-0.051797913610951644,0.0623240238302068,0.199858631681204,3398343000000,
-0.033487990946344984,0.16519739900397784,0.19988860071831469,3398348000000,
-0.07255728804064758,-0.010796377852517875,0.200074604614552,3398353000000,
-0.061500979465426674,0.10666084559513035,0.19985883077231342,3398358000000,
-0.05099243280726527,0.23637279004250072,0.20021938354604918,3398363000000,
-0.08102307794883193,0.002255018175743296,0.19993887787155912,3398368000000,
-0.085302464337529,0.11901395213744212,0.20000666355870478,3398373000000,
-0.042763699274306954,0.12069749506824981,0.20042784997704527,3398378000000,
-0.04824963461212374,0.03761567993232652,0.20011048161202497,3398383000000,
-0.05157263588264119,0.2242121516367752,0.19992556152099306,3398388000000,
0.10765335024523191,-0.04928123880911258,0.20000419972728609,3398393000000,
-0.06214992783925383,0.10734151860223866,0.19996884895240824,3398398000000,
-0.0023989445663294973,0.22551229535777087,0.19992152832457913,3398403000000,
-0.08834736753481404,0.009615724511381929,0.20030232458385655,3398408000000,
-0.03589978472107535,0.1128895468779142,0.20052801385356384,3398413000000,
-0.011510250307667636,0.21926435879672676,0.20029221225898627,3398418000000,
-0.1000753487355738,0.0011832453597890435,0.2000366037055512,3398423000000,
-0.06543060906005567,0.11551576245447881,0.20017337510462707,3398428000000,
0.029421470554626072,0.20915955252950336,0.20018564900978356,3398433000000,
-0.08404323901449796,0.0033153580124545175,0.2002611637029506,3398438000000,
-0.07409138220245226,0.09067673624182215,0.2003294898332243,3398443000000,
-0.05315611948091268,0.11135379717720345,0.19980194364318585,3398448000000,
-0.05626382008402759,0.08934573830957339,0.20049053099324632,3398453000000,
-0.005780070949055215,0.2177710877313316,0.1998884192750232,3398458000000,
-0.0580806868290972,-0.04059055094752743,0.20021895970455753,3398463000000,
-0.05889782385914567,0.12099439007366498,0.19992500697797372,3398468000000,
-0.019480132943458236,0.2229947681046513,0.19972175326186972,3398473000000,
-0.0678851538796407,-0.020190393446525946,0.1994879936701163,3398478000000,
-0.054499247446754134,0.10471521188755092,0.20036236608873267,3398483000000,
-0.008452351221062897,0.2148577316113079,0.1996469247671383,3398488000000,
0.0928760015133153,-0.026227863378305603,0.2006439828658781,3398493000000,
-0.01776527474193429,0.22056169918179308,0.19987553327942797,3398498000000,
-0.0847777604837364,0.043569312730928456,0.1996042450817885,3398503000000,
-0.06585529501105841,0.09232061444836295,0.20019574591057993,3398508000000,
-0.04075377108531378,0.21924291402861082,0.20025794252161255,3398513000000,
-0.06390194996666662,-0.010474087527428712,0.20037959738059075,3398518000000,
-0.0712424587828708,0.13343006711740127,0.2001123878590868,3398523000000,
-0.016776897477543302,0.2446522475557125,0.20013336456394576,3398528000000,
-0.11017589725373776,-0.029472701182868467,0.19985629234280808,3398533000000,
-0.05095014490433783,0.11332759199805535,0.20052013831919127,3398538000000,
-0.030914539862159637,0.10685965431731397,0.1995312987456797,3398543000000,
-0.06886626520655506,0.08654166856871559,0.20024992697207963,3398548000000,
-0.05181174838701391,0.21879200057152526,0.20065262764682443,3398553000000,
-0.06996223710263295,-0.05799234162587538,0.20052800259134504,3398558000000,
0.13929773568640366,0.11140239993749791,0.2005477946306615,3398563000000,
-0.026743043722853063,0.19958453166419787,0.20004673829210098,3398568000000,
-0.13442501917133096,-0.20296001353447596,0.19997397408596604,3398573000000,
-0.06439880397679382,0.18604113329277602,0.2003764724749161,3398578000000,
-0.10831557547245102,-0.01277603962696959,0.19997829056430702,3398583000000,
-0.030291507219563474,0.10973710693862417,0.20012078570651892,3398588000000,
-0.019197112729418393,0.22076881096908027,0.19993342436378125,3398593000000,
-0.09635838195667731,-0.0149301832923272,0.20009867822213376,3398598000000,
-0.06818061361974467,0.126147805759437,0.19979911193775782,3398603000000,
-0.04169073738332661,0.10971084628588602,0.19985436742341403,3398608000000,
-0.06459215775953527,0.09076145575752435,0.2001772951269336,3398613000000,
-0.011154292526913941,0.2190108281947146,0.20022577593893867,3398618000000,
-0.12304833635886844,-0.05501565045546379,0.20016243527412309,3398623000000,
-0.05404809870081076,0.10595625931823953,0.20011083105697822,3398628000000,
-0.009630323556175597,0.1887411110120152,0.20003476818563393,3398633000000,
-0.0957644938743606,-0.015837994741445083,0.20020870635227803,3398638000000,
0.0029531660970115933,0.20255175353417845,0.19973998554388595,3398643000000,
-0.08569651815895737,-0.007349983687132286,0.19994706323913095,3398648000000,
-0.04909732904530688,0.10703501094801146,0.20008081949703777,3398653000000,
0.0052197725478636825,0.21531215272548046,0.20038492387889453,3398658000000,
0.05647741832939318,-0.028116814145744896,0.20022845625234784,3398663000000,
-0.02643089008499533,0.14324433575854076,0.20026338153244208,3398668000000,
-0.05229119605846911,0.1334655140696131,0.1999323419985946,3398673000000,
-0.07590278627984501,0.09837450031802039,0.20023512803247015,3398678000000,
-0.017024334485075662,0.2330955697421296,0.1997784572767385,3398683000000,
-0.06566469178647133,-0.019256489984029262,0.20010791399724573,3398688000000,
-0.06585240894421486,0.09919642957772491,0.20042753789112225,3398693000000,
-0.022805934260328894,0.22894879767716017,0.1995834848570515,3398698000000,
-0.08266148652943729,-0.04352523711109045,0.20009400252195722,3398703000000,
-0.056190557979611394,0.13066196083421147,0.20036017258567107,3398708000000,
-0.009022785306757071,0.2015816306763747,0.19994558992373274,3398713000000,
-0.0938435036770053,-0.03015334115361355,0.20011331860516537,3398718000000,
-0.029487090067139073,0.17909476305509864,0.20032691251281748,3398723000000,
-0.06212808549628675,0.0394293246789354,0.19997389100239282,3398729000000,
-0.0590472784074683,0.10398103021407143,0.20037318718230793,3398734000000,
0.0003225787885874458,0.21721035256413854,0.2003016028053513,3398739000000,
-0.0757203212520508,-0.011824873066827824,0.20005428591985197,3398744000000,
-0.05106330954876179,0.10396168287819042,0.20024672919338363,3398749000000,
-0.02800353599858527,0.21386719158134349,0.1998384208411198,3398754000000,
-0.09647828628848085,-0.02348960685210293,0.19980099710406762,3398759000000,
-0.030506830302909186,0.1357312489320763,0.20037171583693572,3398764000000,
0.16911010674143712,0.2257713586679709,0.20045428991605768,3398769000000,
-0.1107667167526247,-0.00037016396805484783,0.20049212286124665,3398774000000,
0.020935940784662183,0.24979398687230672,0.19970963296918995,3398779000000,
-0.09147928258439132,-0.01456309683470992,0.20039866238363746,3398784000000,
-0.06330444415049732,0.1416785242269794,0.20019949171302973,3398789000000,
-0.018068330775391217,0.1881455026346586,0.20007029298462317,3398794000000,
-0.1251967707090993,-0.024689116840614166,0.20003672944058615,3398799000000,
-0.008425510013192104,0.20710183891132294,0.19966944206558207,3398804000000,
-0.12167648150681597,-0.05390461987095343,0.19965389978917628,3398809000000,
-0.060219592159910795,0.11540965701465812,0.2001482375183836,3398814000000,
-0.01590204446083094,0.201513700238364,0.1998799223822736,3398819000000,
-0.08600306562352274,-0.0347206027875657,0.20020538076373004,3398824000000,
-0.022989648775977846,0.2430900879258776,0.19982388459977643,3398829000000,
-0.11037271419263582,-0.01719631547354848,0.19990580939168445,3398834000000,
-0.02671686483971681,0.09908478061934191,0.20019971565389047,3398839000000,
-0.029726770354916842,0.2109451504363253,0.19980027870654343,3398844000000,
-0.10346782608319147,-0.02476878089518607,0.2003564723460367,3398849000000,
-0.03895377705265547,0.19935099480379387,0.20014593483404172,3398854000000,
-0.0841337982873398,-0.05911365011232134,0.20009735881839322,3398859000000,
-0.05530537123053847,0.10234993649423903,0.2000891712258809,3398864000000,
0.19925085452356697,0.23716429234497036,0.20025630396355457,3398869000000,
-0.08197302393141254,-0.0048995097001943,0.20038265991971507,3398874000000,
-0.03693248579101534,0.11450613155098154,0.20021614223186404,3398879000000,
-0.03545645936651498,0.11051482100483667,0.20001101068618587,3398884000000,
-0.06271995667655425,0.12276403932275687,0.20024865198604458,3398889000000,
-0.037582306704496624,0.24603840267720337,0.20033185856791416,3398894000000,
-0.09895536805853652,-0.019305078847081145,0.2000819102076837,3398899000000,
-0.00023361032041230648,0.19647428090352148,0.19991056867143125,3398904000000,
-0.09879768719955098,-0.044371922358397986,0.20018094366991204,3398909000000,
-0.038547302156554,0.12480981343088013,0.20013909066903687,3398914000000,
-0.025295171307473767,0.2012983972784562,0.19984539007315222,3398919000000,
-0.10315691698765689,0.006648475588448468,0.20023724289957448,3398924000000,
-0.03512139322085455,0.23942125785938148,0.2001155115184445,3398929000000,
-0.0790777137119023,-0.012911263263163154,0.19978017975874976,3398934000000,
-0.06748617780125761,0.08094317956339545,0.20064909828855987,3398939000000,
-0.03734249052162465,0.2057909544176903,0.2000439264343438,3398944000000,
-0.054596255234133334,-0.01761539921848225,0.20001330250347152,3398949000000,
-0.041033112813245204,0.2032846470915498,0.20001284979396075,3398955000000,
-0.08684408381278044,-0.05925443668833203,0.20007986084006857,3398960000000,
-0.07701321144036198,0.12223054939512587,0.20045826544229858,3398965000000,
0.14577356538422342,0.09811344910590636,0.20004189520349314,3398970000000,
-0.03152315734011163,0.11453036293317878,0.2004924239899189,3398975000000,
-0.039107230208229746,0.23603675391825754,0.20004238024372623,3398980000000,
-0.0874632807907201,-0.012323575926939764,0.2001108046330596,3398985000000,
-0.03369365559467892,0.086318298329873,0.2003086992589594,3398990000000,
-0.05159964003168734,0.12690705291201315,0.20051277057998126,3398995000000,
-0.08950907008591971,0.11536614236937981,0.20004185864414772,3399000000000,
-0.009022827188631228,0.24472453196929655,0.2001553335105923,3399005000000,
-0.11669443354358433,-0.027603725088479227,0.19997139229242988,3399010000000,
-0.05231817043878923,0.10122859723745072,0.20034192728986358,3399015000000,
-0.03424675540905626,0.223836558324891,0.20000472792693944,3399020000000,
-0.09535133109507074,-0.013607986113579565,0.20005092089380874,3399025000000,
-0.0731162348707971,0.11548351382514653,0.2001525006473039,3399030000000,
-0.006334652242285469,0.18557313688113217,0.19984675697140236,3399035000000,
-0.08454655605407416,-0.01628428929010761,0.20050393266105396,3399040000000,
-0.04717034675251237,0.1251901891034693,0.20018274440481296,3399045000000,
-0.01627914536104038,0.21218925045573478,0.1999773282375888,3399050000000,
-0.09093280438342374,-0.03551491801252267,0.20049367573794466,3399055000000,
-0.06499011661663337,0.20036204676425134,0.2006037530549509,3399060000000,
-0.060766379639378094,0.023577381236804723,0.20000325776243336,3399065000000,
-0.04914782981063599,0.09660348394286188,0.20026436087918867,3399070000000,
0.147823413995974,0.21555227898390664,0.1998661427241655,3399075000000,
-0.10514361570444504,-0.010512485157407048,0.2002460954229004,3399080000000,
-0.04302398877531633,0.09522405539662289,0.20036801334245016,3399085000000,
0.0002148135960183331,0.23688946079788886,0.20016402244474935,3399090000000,
-0.11048351959891518,-0.012255844126084882,0.20023189978443465,3399095000000,
-0.0073954867240167005,0.1690333084974617,0.19988784639846457,3399100000000,
-0.08747698732401067,-0.0020806536109972476,0.19992805485571224,3399105000000,
-0.09434926695049695,0.11206199146994761,0.20018857384286304,3399110000000,
-0.012931330746381774,0.2409298524599744,0.19996120945415205,3399115000000,
-0.10546653594572869,-0.024669734903822814,0.20027976064437625,3399120000000,
-0.04940303779888485,0.12989772138061845,0.19986576626061067,3399125000000,
-0.010972533829610906,0.22803016838848805,0.2000903722341822,3399130000000,
-0.07008183943466226,-0.019362288185160503,0.2003472981226678,3399135000000,
-0.0349324398835551,0.19175413591946108,0.2003886497875709,3399140000000,
-0.06693227231751223,0.0018081656349946545,0.20025761379784038,3399145000000,
-0.03817753187243052,0.11575547411969227,0.20051850441477645,3399150000000,
-0.03489037801610087,0.1958080846964801,0.2003119545594519,3399155000000,
-0.056830579973756526,-0.012361523456360024,0.20009289267286182,3399160000000,
-0.05014293751623369,0.1274352904507131,0.20030615025598408,3399165000000,
-0.052857213638171086,0.11238837132538478,0.19952045069636323,3399170000000,
0.18638771428826068,0.08172579784987886,0.19983495541330248,3399175000000,
-0.06368047848141083,0.1188810566674732,0.2003728160254602,3399180000000,
-0.013181170389761819,0.21808500160282668,0.20005341749132885,3399185000000,
-0.09090430704001157,-0.035216213033792985,0.20030278909112975,3399190000000,
-0.03623660206921975,0.1101266063727432,0.20025956537076847,3399195000000,
-0.03535319471002893,0.21350166342842242,0.19989134841689135,3399200000000,
-0.0930804659083681,0.0024396542726953536,0.1998980814768953,3399205000000,
-0.03569664669721628,0.22092670085729285,0.2000607605932166,3399210000000,
-0.07544357926308588,-0.008303603977864917,0.1999989666578311,3399215000000,
-0.027009542755409448,0.09962813489698638,0.2002203619460298,3399220000000,
-0.0766611434522167,0.10649368834731168,0.20030218552535053,3399225000000,
-0.03468554952138022,0.22199248275873534,0.19996974642312784,3399230000000,
-0.07810740138534714,-0.006167220029916681,0.199864503169309,3399235000000,
-0.01765517734708466,0.20690061077401667,0.2005071802312398,3399241000000,
-0.09435631975566293,-0.054143456914570405,0.20004498970515486,3399246000000,
-0.061440216994231286,0.10163582198196046,0.20027453000454196,3399251000000,
8.42072580024382e-05,0.1972266879474252,0.200096525145155,3399256000000,
-0.06578691073892991,-0.040438684995933276,0.20003603203002357,3399261000000,
-0.04394189662606177,0.10521170985685883,0.20028699431502606,3399266000000,
-0.05290421698340002,0.2468872610116754,0.200054014452042,3399271000000,
0.12585562301234193,-0.029601824343145955,0.20004028297839177,3399276000000,
-0.04393060954483828,0.10519456458528362,0.20045237409687794,3399281000000,
-0.033376462268430176,0.1358788193840283,0.19951104457773813,3399286000000,
-0.03661398882017536,0.09660813741539068,0.1998418163575411,3399291000000,
-0.020562593719348217,0.23173011360895435,0.19981833518751377,3399296000000,
-0.0982178227580161,0.011947868102269145,0.19978801172658384,3399301000000,
-0.07393526187484263,0.13145843891645662,0.20009536147672055,3399309000000,
-0.026478594536671392,0.19748968017306578,0.1996387582079529,3399314000000,
-0.12065836406819144,-0.015696699697127878,0.1999786385898199,3399319000000,
-0.07202144534933949,0.1266775294381612,0.2001132792891141,3399324000000,
-0.007871521664099964,0.23585666016562015,0.1999490951835522,3399329000000,
-0.05778322345318675,-0.01971475737969086,0.20008556886041848,3399334000000,
-0.00452483371480876,0.23250683784335585,0.2005406188281762,3399339000000,
-0.052642909154303884,0.028223138393421592,0.19989302571531553,3399344000000,
-0.045473803899627394,0.09958140986338897,0.19997291628105562,3399349000000,
-0.05618840837988657,0.213118270023483,0.20033635326762314,3399354000000,
-0.08506389672592794,-0.03649245072380075,0.1999440767925799,3399359000000,
-0.042967914154065326,0.11346120819040056,0.20020995029174402,3399364000000,
-0.02751306131809752,0.19979226145727824,0.1999321329427436,3399369000000,
-0.0975218701975307,-0.020349885653694277,0.1999007892975076,3399374000000,
-0.0469487042660751,0.10566570230705731,0.20009425895896107,3399379000000,
0.08669150764374126,0.17224361955153789,0.2001329594717467,3399384000000,
-0.08566494970098563,-0.03722303394260819,0.19995409118593913,3399389000000,
-0.07892304376771553,0.12682361227823744,0.20043425321246136,3399394000000,
-0.016693663368953164,0.23662572715359018,0.200103560678805,3399399000000,
-0.10220458848930737,-0.04680701748127787,0.20049498384955292,3399404000000,
-0.0629294051113674,0.12964449780428206,0.20004042405246591,3399409000000,
0.014028677988168287,0.20778697174653546,0.20018848591796595,3399414000000,
-0.08206957956182728,0.00034565253222745493,0.20005027823651933,3399419000000,
-0.018532277945947098,0.20789007222461883,0.20024109134493015,3399424000000,
-0.0919457982524422,-0.0024866699722419115,0.20024040845818825,3399429000000,
-0.08828436768554926,0.10937070452242768,0.20028264838381396,3399434000000,
-0.035222482651401876,0.2275351655396351,0.2001337817885585,3399439000000,
-0.09371674442939405,0.01700000163828861,0.2004838683065733,3399444000000,
-0.04981594147279408,0.12867863820545122,0.2000107309945162,3399450000000,
-0.026985329229538696,0.24154450202731378,0.19991043246919848,3399455000000,
-0.052713314738220274,-0.02772352788209953,0.19958690132724746,3399460000000,
-0.05951875946180547,0.06534542062596649,0.1999010168375521,3399465000000,
-0.005414187455888741,0.2259992705338292,0.2002697418559559,3399470000000,
-0.054298315427398956,-0.04184599186248754,0.1996037514707974,3399475000000,
0.15880617126980273,0.13246798535976373,0.19991313786844966,3399480000000,
-0.01254927916615979,0.22803306121599734,0.19989629479556376,3399485000000,
-0.08653546478600554,-0.027334056752776958,0.20018269392804094,3399490000000,
-0.040193914787536214,0.12668838327384432,0.2001930383141144,3399495000000,
-0.024004148150831208,0.09705716042310425,0.2000251965791696,3399500000000,
-0.058028360384285806,0.09708870236681712,0.2003055926259397,3399505000000,
0.011173097332990177,0.22670090189609868,0.20023098937550438,3399510000000,
-0.0831511668267705,0.05250258214615405,0.2001235321524291,3399517000000,
-0.03305767781574939,0.23913307465062886,0.2001510744709892,3399522000000,
-0.057614535754584875,0.007717023720198995,0.2001580639251895,3399527000000,
-0.05639448438306251,0.09945299781457673,0.19979676467502225,3399532000000,
-0.03681712182210669,0.11325240895692862,0.200260672128258,3399537000000,
-0.007187446782801777,0.18632795729603546,0.19994309287411252,3399542000000,
-0.09114833405713313,-0.022372509715147558,0.19993023376895716,3399547000000,
-0.03749373456606117,0.10935431962871048,0.20033295080959054,3399552000000,
-0.033505540014814705,0.13111985269928092,0.199892790546668,3399557000000,
-0.05416930318388529,0.09597085268082163,0.20005847173920835,3399562000000,
-0.015606708728243983,0.19645779323655405,0.19981719977474402,3399567000000,
-0.08717949559087956,-0.01887609193112748,0.20007509424841172,3399572000000,
-0.06757987609846072,0.10461654576440571,0.20018047834795913,3399577000000,
0.16733512215012655,0.20681090190353224,0.19993469750135134,3399582000000,
-0.0988292244803019,-0.06093630020686889,0.20051947475267892,3399587000000,
-0.0777703909620392,0.11443396826068893,0.2000739917900177,3399592000000,
-0.0013851478043182455,0.2294101293935118,0.20030463992526523,3399597000000,
-0.0907316400300212,-0.016099913472752966,0.19995950933818624,3399602000000,
-0.04268840592835443,0.13915791437943736,0.20035510027785047,3399607000000,
-0.012359353897776738,0.1854226140439519,0.20001112940179394,3399612000000,
-0.10890867967240656,-0.023879872631698936,0.2001514090430092,3399617000000,
-0.0766603622519477,0.09699036432238786,0.19983461878670852,3399622000000,
-0.04656352074061024,0.1915258247489524,0.19994900540582813,3399627000000,
-0.09675471800228105,-0.02553690960801686,0.2001208420545799,3399632000000,
-0.06853493626085547,0.08485628168488535,0.20040867295128384,3399637000000,
-0.023933329485299172,0.23113833924285843,0.20038218143663108,3399642000000,
-0.09662342227824539,-0.009855219827254123,0.19995531586881127,3399647000000,
-0.07765096952925846,0.17224302908739145,0.20011145058183577,3399653000000,
-0.05816327107866152,0.12089160231832964,0.19974750047218953,3399658000000,
-0.08834397520706644,-0.014512381791420725,0.20006399324586516,3399663000000,
-0.08143408423681009,0.13006104180956973,0.2003113552671159,3399668000000,
-0.0498712765545489,0.1235897300944925,0.1997835491950585,3399673000000,
-0.0691492882574805,0.12468215703430016,0.20039740200481354,3399678000000,
0.14054515639124365,0.22401629770678955,0.2000729780180731,3399683000000,
-0.06746840337718099,-0.022343232921621735,0.19993443092840427,3399688000000,
-0.0261654328165876,0.14077816657857445,0.19991119203928892,3399693000000,
-0.01120293991911216,0.20100870905345178,0.2001248967743473,3399698000000,
-0.09759795805370323,-0.030486178107197063,0.20037998643269272,3399703000000,
-0.021578005077440673,0.238981755039123,0.20020192241270288,3399708000000,
-0.10484508393040412,-0.011203272650960577,0.1999547643062603,3399713000000,
-0.07696806150376093,0.18842067518189085,0.19992151983892736,3399720000000,
-0.07864603711984564,0.016745764209410607,0.2000306105362238,3399725000000,
-0.06441092786984659,0.10127542571263017,0.20033336698705892,3399730000000,
-0.040132215060913266,0.2342268731320915,0.20001027475910277,3399735000000,
-0.06450975016443695,-0.009097996744112113,0.2000581748608941,3399740000000,
-0.06080355268139582,0.10960701894780044,0.19992072085314916,3399745000000,
-0.018105503019018903,0.20499320337952817,0.2002487211070586,3399750000000,
-0.08893029578142897,0.02302539821736575,0.1996743732815755,3399755000000,
-0.05309521139864781,0.09320719855400389,0.1996545631879177,3399760000000,
-0.048670891346206134,0.2095453738409352,0.20039299907240574,3399765000000,
-0.08921486117047382,0.012983138447935,0.2000204911966883,3399770000000,
-0.06188043299987611,0.11125014286664783,0.2003133844631456,3399775000000,
-0.007117969941867707,0.24681162769802334,0.19992569038266894,3399780000000,
0.06301174787011966,0.01790881461930383,0.20002456667378415,3399786000000,
-0.06806729743093852,0.09918043933962305,0.20039269810151197,3399791000000,
0.007023803338940392,0.2454343733312181,0.20000927250183442,3399796000000,
-0.11295915595147413,-0.01753472903575041,0.19988604901302892,3399801000000,
-0.048693328075366124,0.22208196698615773,0.20047293482138717,3399806000000,
-0.0647014034925698,-0.01968652833960001,0.19978845705954337,3399811000000,
-0.049902197978551,0.100515732185806,0.2002383475780742,3399816000000,
-0.04869607061407077,0.21537102737739294,0.20038231226164738,3399821000000,
-0.07758221627193802,-0.006647482395936204,0.20011118975531103,3399826000000,
-0.05279138754405659,0.1026874459235191,0.19996227052003454,3399831000000,
-0.0035652341030426166,0.23205067495961018,0.1999938013051709,3399836000000,
-0.10246901224318622,-0.0373553184522852,0.20010303722725903,3399841000000,
-0.05738246610403774,0.10775095128519765,0.20013800486816685,3399846000000,
-0.04624043212507732,0.11961260564678385,0.19974857980231014,3399852000000,
-0.05888932550070575,0.1023432182619458,0.19974389672862045,3399857000000,
-0.023723294623826385,0.2185443601442015,0.20000531935867555,3399862000000,
-0.08017448455722861,0.0014371804472308024,0.1999776077147384,3399867000000,
-0.052732542621597975,0.11749517634023564,0.19997556712456563,3399872000000,
-0.0489123543555689,0.22408626657612063,0.20020772322424948,3399877000000,
-0.10345344498403916,-0.019648735532871837,0.20002805992189096,3399882000000,
0.12430564393469855,0.12573301820436064,0.2005195853087968,3399887000000,
0.03395939482117938,0.2294015689227097,0.19998822771979682,3399892000000,
-0.1334984301890638,-0.04635830815083801,0.1998999581097488,3399897000000,
-0.019572185386920134,0.10629108305273012,0.20010658868655806,3399902000000,
-0.013655563292340914,0.2222253813457334,0.19988078959346667,3399907000000,
-0.07275382220347894,-0.04614807408901954,0.19985807641290398,3399912000000,
-0.04807915091498944,0.11542476605776879,0.2003797875141423,3399917000000,
-0.08984085613552491,0.11798658832597962,0.19982328308911315,3399922000000,
-0.05418156960338595,0.08965038475975914,0.2001840800219607,3399927000000,
-0.03360960977075947,0.21170681725728277,0.20014042911703955,3399932000000,
-0.07534608875101234,-0.00554652859204352,0.20032134849857522,3399937000000,
-0.045034533509652634,0.1312896529347415,0.20004759501145145,3399942000000,
-0.0695559427058591,0.2216457810948282,0.19994440873286876,3399947000000,
-0.08936608041414373,0.0024823354479435985,0.1998015714470039,3399952000000,
-0.0505562583217571,0.08014977808077489,0.20028898311659202,3399957000000,
-0.026658288124774283,0.2118670474905326,0.20026962770875134,3399962000000,
-0.07131745619320061,0.03382262199900708,0.20034952466231395,3399968000000,
-0.04300403688398903,0.10452606953396547,0.20010348793122254,3399973000000,
-0.004308465081385885,0.24369734605669915,0.20000764170304763,3399978000000,
-0.12161676563536672,0.004921798752726178,0.20008768634584695,3399983000000,
-0.04877943775720458,0.22206348753650465,0.200053069026637,3399988000000,
0.11538007005578119,0.009142567261667577,0.2001075564516469,3399993000000,
-0.04984231620778849,0.10832740391728951,0.20036054422695215,3399998000000,
-0.002852274089735771,0.23278608793203268,0.20026911953717697,3400003000000,
-0.07830217195721485,-0.039103494225534365,0.20029484295174174,3400008000000,
-0.06268387735690095,0.13016180112171297,0.20018767398832107,3400013000000,
-0.026902756066867345,0.12371513298474572,0.20007159622781065,3400018000000,
-0.04150740022861381,0.10036827963526603,0.19994974075308633,3400025000000,
-0.006054893879102104,0.25388522449447315,0.19964482539370157,3400030000000,
-0.10227545376508473,-0.00741896115233243,0.20002520632971868,3400035000000,
-0.053325686249541406,0.1262657043689004,0.20006958368777572,3400040000000,
-0.043104649589125646,0.2206650759195621,0.20014540651087273,3400045000000,
-0.10042929250807735,0.012357047022072375,0.2002444746726115,3400050000000,
-0.051406010821938075,0.10408309503098244,0.20011215252807626,3400055000000,
0.17610280571746847,0.2308902565152263,0.19980195948793575,3400060000000,
-0.11314677389088867,-0.013842995691723307,0.2001320830582337,3400065000000,
-0.08378122113779186,0.11600424522937512,0.20058331427143397,3400070000000,
0.02741163161944709,0.24297449705161628,0.19966707706614503,3400077000000,
-0.09340209834621807,0.03441609836774637,0.20035659582524262,3400082000000,
-0.024826077141932724,0.21200718034338195,0.20033540873114625,3400087000000,
-0.06330637158067196,0.022499035253427464,0.19988611609037812,3400092000000,
-0.06008072500886137,0.08810170751554952,0.1999984184002753,3400097000000,
-0.016322489670895602,0.2554815683841356,0.200190319192664,3400102000000,
-0.08111718902860182,0.02576933113371337,0.19963455583398645,3400107000000,
-0.04700385129177436,0.1215525948430529,0.2007497278162702,3400112000000,
-0.033788596141725816,0.21413973356835234,0.19992499363053748,3400117000000,
-0.09943027284936,0.00539751538761974,0.20006707992554207,3400122000000,
-0.025767190441954635,0.12299933598310116,0.2003333153470759,3400127000000,
-0.024145804733329983,0.23480754759561862,0.2002038055962215,3400132000000,
-0.10294380915930541,-0.006800777323922021,0.20010728611814962,3400137000000,
-0.07702705056427592,0.11929036786764119,0.20020166615427845,3400142000000,
-0.006443493085765759,0.23879523016379864,0.20006081913210763,3400147000000,
-0.06883750480652351,-0.016209142737700008,0.19989560962027403,3400152000000,
-0.07512054710031153,0.12892516358321493,0.2005114763336116,3400157000000,
0.1721468489356221,0.19090946285361737,0.20004999991346106,3400162000000,
-0.09944518152726976,-0.028870546984672407,0.20025350765385252,3400167000000,
-0.02482692879845651,0.2166355067027802,0.2006488905387238,3400172000000,
-0.08922902789647533,0.024197191127319034,0.20031946411542367,3400177000000,
-0.0702027321831253,0.1147267050064487,0.19990866557452705,3400182000000,
-0.04971058163997752,0.11646020544198135,0.20003525547068077,3400187000000,
-0.02040439533909624,0.21051761176665176,0.19983911561631615,3400192000000,
-0.07575343037369436,-0.01726961200735287,0.19995223917720517,3400197000000,
-0.0978317895433407,0.12670957088864035,0.2002913695883206,3400202000000,
-0.05828084631646294,0.13865543024283208,0.20005935182299045,3400207000000,
-0.04862569128168268,0.08733448905805204,0.19997198038120034,3400212000000,
0.008642245739239447,0.219579579658521,0.20022066667631233,3400217000000,
-0.11082362059086351,-0.0755254574831495,0.19964625758110738,3400222000000,
-0.054359538983892536,0.07880721397769999,0.20029119344505764,3400227000000,
-0.015828318382329364,0.1987444765151363,0.19995728198285187,3400232000000,
-0.09629361162004695,0.003931002234697806,0.20003850815960444,3400237000000,
-0.022661063437662388,0.21150579954204635,0.2003159244538603,3400242000000,
-0.07219187703160564,0.01510080377052372,0.20009290155866644,3400247000000,
-0.0607015450040821,0.11220743874669885,0.2003820924466563,3400252000000,
-0.033474171265559016,0.20897542344791725,0.20001664537611152,3400257000000,
0.11321881173297718,-0.021203025644350906,0.2003425122090024,3400262000000,
-0.040291341284729026,0.09646833761446466,0.20035197621451933,3400267000000,
-0.0015178252418637413,0.23321201339616743,0.19971204199001974,3400272000000,
-0.05517639503025787,-0.03663660510805687,0.19994935881014603,3400277000000,
-0.02646613081439965,0.11088409531793457,0.19994395142612054,3400282000000,
-0.020541199983226895,0.23836544563673204,0.20006023438092876,3400287000000,
-0.08978906531938144,-0.022656469304624966,0.20040053147349185,3400292000000,
-0.016988499919300355,0.15319651830362552,0.20001554188016235,3400297000000,
-0.006362808363870844,0.22291672871003157,0.1996063109281008,3400302000000,
-0.10989874293885361,-0.006549512267828303,0.20030299043816488,3400307000000,
-0.04219628610754458,0.104147371177491,0.2002759250383022,3400312000000,
-0.00993256676345441,0.2226614163860191,0.200112034661312,3400317000000,
-0.1060890531124941,-0.016647677186884306,0.2005241361088037,3400322000000,
-0.06944239632425847,0.148086791321185,0.20031212931204023,3400327000000,
-0.05285294516280076,0.22403434097510783,0.20027339323409313,3400332000000,
-0.07018065653084164,-0.005517377709469041,0.20033723707623982,3400337000000,
-0.05791438074551262,0.1194391503039761,0.2002625148773949,3400342000000,
0.0036869521792458095,0.2182680994824823,0.19984206370681418,3400347000000,
-0.1038534707846772,0.02167390347582565,0.20039146756189632,3400352000000,
-0.07704459177825947,0.11413050665238868,0.20024333906045472,3400357000000,
-0.04163911738871384,0.11560549023094771,0.20028895978616215,3400362000000,
0.14820437130689743,0.0987588360362354,0.20019095804151063,3400367000000,
-0.021163496211371972,0.26959029529844203,0.20021753283845403,3400372000000,
-0.1008843785574241,-0.04603936119839372,0.20001491715658334,3400377000000,
-0.06834649551981324,0.1244091775353354,0.20020471385677702,3400382000000,
-0.009930349101242606,0.24419667398196948,0.19992873586287133,3400387000000,
-0.06322109195675532,0.020581667769245734,0.19991258708506912,3400392000000,
-0.08296927835929799,0.12547873249548824,0.20050027717102306,3400397000000,
-0.02161345369432151,0.1905410845127674,0.20012389837481717,3400402000000,
-0.08649829337963645,-0.0005727572611287793,0.20001313580865834,3400407000000,
-0.04513741786625915,0.1129771640683986,0.1999338798915846,3400412000000,
-0.0030154421591180557,0.218541951319928,0.19991301608983922,3400417000000,
-0.057888232760311284,-0.0014179993178333981,0.19971691166253078,3400422000000,
-0.07589194988459648,0.09959504042035469,0.20056443546976532,3400427000000,
-0.011616363064872601,0.23553992380686017,0.19985895796383793,3400432000000,
-0.07287270637154478,-0.030123778732921876,0.19963855174476927,3400437000000,
-0.044799725009736086,0.11390883371542794,0.20039386348223326,3400442000000,
-0.023653361621221163,0.22222817221216806,0.20022053682316582,3400447000000,
-0.058804589846777944,0.00013921952088625025,0.19988734897494193,3400452000000,
-0.034672267943692846,0.12538918015699177,0.19997322882052285,3400457000000,
-0.015425395321964113,0.22432968953612453,0.20003102423723287,3400465000000,
0.039944030240310804,0.019990155245256234,0.20024985433167408,3400470000000,
-0.024966764964946646,0.22018681063385662,0.2005543054670359,3400475000000,
-0.12302180396975429,0.022553034851042313,0.19991513366768934,3400480000000,
-0.08437206268354547,0.09342150318180757,0.2001756989472456,3400485000000,
-0.0025270418633519323,0.23771194850561161,0.20021242738766773,3400490000000,
-0.09687709298983603,-0.004704982084484209,0.2000070131895053,3400495000000,
-0.055667413565228474,0.13165534041847107,0.20036458608069246,3400500000000,
-0.0014521046819662917,0.25990161312749804,0.20009109017994242,3400505000000,
-0.11943237935543043,-0.043160010584174555,0.20003241563050975,3400510000000,
-0.058920037095101734,0.10941499770268245,0.19992968614835693,3400515000000,
-0.04867562967335972,0.12694549390878468,0.1997238460034137,3400520000000,
-0.04972591273675914,0.08727543738240212,0.20066421961706563,3400525000000,
-0.00597339306559572,0.24197923566083385,0.20012914402260296,3400530000000,
-0.08786041596186261,-0.04383009243767648,0.19956412675181243,3400535000000,
-0.07618791641586518,0.11514685272814607,0.20022284736746607,3400540000000,
-0.02551113381395209,0.22629798184138275,0.19956318323506603,3400545000000,
-0.09388508786422815,-0.03583021673751499,0.20011117130310227,3400550000000,
-0.018120496577919788,0.22325471357612772,0.20022073288553416,3400555000000,
-0.06102711564152981,-0.0188249671289056,0.1995531900110171,3400560000000,
-0.07226319063966688,0.11719936163697936,0.1998756415267157,3400565000000,
0.0727782240152668,0.09075602834423707,0.20000551934462074,3400572000000,
-0.03748338485883454,0.09473845298830193,0.19969462605113353,3400577000000,
-0.05865384986970161,0.1076820265773391,0.20020711236570607,3400582000000,
-0.009159299504486292,0.24003060782108573,0.19996913396717766,3400587000000,
-0.11599822249518774,-0.017172615593854416,0.20000353452496042,3400592000000,
-0.0694285827175174,0.13941009607723634,0.19999642168404436,3400597000000,
-0.027850208622429432,0.20133049501246023,0.2001060489847971,3400602000000,
-0.10325293738792737,-0.032252483750900354,0.2004896438954476,3400607000000,
-0.09698525376053888,0.11709751874823672,0.19995530479189852,3400612000000,
-0.0631602897678379,0.09774324003288423,0.20019497916244938,3400617000000,
-0.03518476184686177,0.09210905013188406,0.20009255871122816,3400622000000,
-0.0172375377203887,0.21394578435038486,0.20051671586830025,3400627000000,
-0.061734129628410996,-0.00019146012620406983,0.20008154378390233,3400632000000,
-0.04283784126055003,0.12043550435630031,0.20048568391000685,3400637000000,
-0.02913422942151403,0.23279228465676916,0.20015011716297057,3400642000000,
-0.09124829610706758,-0.08108717038599195,0.19973361379992335,3400647000000,
-0.07509766851365461,0.09207477127595914,0.20024672204502283,3400652000000,
-0.046715889456654905,0.2708049083427481,0.20015843450174098,3400657000000,
-0.10199154976848536,-0.024966197834284283,0.1997858153236676,3400662000000,
-0.08081567739635953,0.1088819536855876,0.20034762563407743,3400667000000,
0.1973854073750778,0.24172234086956104,0.199427148876919,3400672000000,
-0.09451713242569978,-0.021860336523848042,0.2001300427164691,3400677000000,
-0.06067671954383077,0.15780570228493568,0.2004383644802535,3400682000000,
-0.04968752433036131,0.10340928498101325,0.19998650909971954,3400687000000,
-0.04409405692182357,0.13935268707484744,0.2003429237934936,3400692000000,
-0.02062501118434912,0.21893932104738997,0.20007721004431359,3400697000000,
-0.11144806639813166,-0.025944697731449494,0.20015641009037338,3400702000000,
-0.03368147394121346,0.14778468176934673,0.20017368921510179,3400707000000,
-0.01487604520056322,0.23754343871841427,0.20010334626815682,3400712000000,
-0.10255184549521923,-0.01930544648039364,0.20022420587046597,3400717000000,
-0.08087098485671251,0.10359977612924379,0.19962039108703838,3400722000000,
-0.0016716001916318203,0.3851130334569371,0.19990132647706593,3400727000000,
-0.06559550851812584,0.05101691770572732,0.19994205061254802,3400732000000,
-0.03839003151146492,0.12624787596050926,0.20012354789512707,3400737000000,
-0.031354379858527945,0.24255487871345555,0.2001035773096469,3400742000000,
-0.07350022796618753,-0.014955885364546301,0.19999923061542377,3400747000000,
-0.022929752797594946,0.23922891515800862,0.20039207543640752,3400752000000,
-0.07860295583377205,-0.005644746716491901,0.19975236271526833,3400757000000,
-0.026407453447009996,0.11701032443693166,0.20013752891035852,3400762000000,
-0.026653796511123307,0.1893273143370877,0.20024869231209796,3400767000000,
0.08240584393564641,0.0052740443782429165,0.19996317216584883,3400772000000,
-0.044680509801850024,0.10320202242802246,0.2004370758672644,3400777000000,
-0.005989646056920244,0.23063372981031996,0.20026820963032982,3400782000000,
-0.09164158620151824,-0.013216545663735361,0.19978067478238576,3400787000000,
-0.048267107768525996,0.11194592627315529,0.20031815326760585,3400792000000,
-0.04479040104340329,0.1062152863158923,0.20021142869609881,3400797000000,
-0.06890267485346191,0.0984330569699793,0.20005820650629713,3400803000000,
-0.0313998188713725,0.19902977645512934,0.19962468340796968,3400808000000,
-0.0933196804039163,-0.022143967524116008,0.20058597570176628,3400813000000,
-0.05923960394261112,0.15455666566958856,0.20039776677942242,3400818000000,
-0.03963880067439448,0.11952476752665735,0.19971892197187932,3400823000000,
-0.10306471861614139,0.10736295678974767,0.20017718029469414,3400828000000,
-0.01389643683218566,0.23420755762495538,0.2001827099633061,3400833000000,
-0.07390592343357298,-0.03813911163670396,0.19989102103150394,3400838000000,
-0.05057279668678175,0.12016865990335926,0.20008531111014982,3400843000000,
-0.029196721162014588,0.18888455129261467,0.2004128013396131,3400848000000,
-0.05554632342972287,0.007740516712378945,0.20000813712249638,3400853000000,
-0.06354262392617571,0.11601688854343925,0.20024191550487194,3400858000000,
-0.03743678947689685,0.2099905038803629,0.20012903593682008,3400863000000,
-0.12998840944089857,0.011454640188021371,0.2000731577709137,3400868000000,
0.0939200848387113,0.12308314665349966,0.20033741703828664,3400873000000,
0.04903406398124696,0.22611715915960584,0.20023596441647074,3400878000000,
-0.1059947860158751,-0.03392651812679742,0.1995806640760482,3400883000000,
-0.06198112865961662,0.10765905742412879,0.2001984336255304,3400888000000,
-0.019271728830824435,0.23720373808450154,0.1998629874088834,3400893000000,
-0.1268326978651915,-0.02266013937677138,0.20011649238989057,3400898000000,
-0.08491236184774126,0.1118966013118534,0.2002954297663543,3400903000000,
-0.040054433959048036,0.10260537184755733,0.20001954956046003,3400908000000,
-0.09961431887317304,0.08263584441339458,0.20004775477671644,3400913000000,
-0.020820476800102978,0.22537267113570586,0.20022687990139074,3400918000000,
-0.06260045209928568,-0.03419123247528634,0.19969866118511914,3400923000000,
-0.06613893263068127,0.11101888475160265,0.20000619583606313,3400928000000,
-0.03422300087968945,0.2318890181645083,0.2002308464366634,3400933000000,
-0.09935129422815236,0.012356151488716804,0.20001935407649238,3400938000000,
-0.06623314110264888,0.11158764609212474,0.1998831540570657,3400943000000,
-0.044534642878267514,0.20698673958405328,0.20041026802745812,3400948000000,
-0.08861615929723954,0.009664304512267997,0.19984530039423548,3400953000000,
-0.03680087812076731,0.14604135521431147,0.20017052846114086,3400958000000,
-0.04155765484827183,0.21487976618568555,0.20001626611294615,3400963000000,
-0.06680398768943163,-0.043990407329960235,0.2000262669493439,3400968000000,
-0.06020410407733796,0.14086589321433007,0.20028559223632075,3400973000000,
0.16582181204087784,0.2080254931599103,0.19980276918820966,3400978000000,
-0.09856897658761368,-0.02788248976099043,0.19990936552260893,3400983000000,
-0.04199129328662996,0.13286468003379498,0.2000729648438339,3400988000000,
-0.034671667001749965,0.1219284278096268,0.1998306216151842,3400993000000,
-0.06758674893969875,0.10387097675326658,0.20029264494809065,3400998000000,
-0.008701942118917831,0.2785647791218265,0.1998865133313771,3401003000000,
-0.07080894430794887,-0.049643065872753925,0.19982964433974787,3401008000000,
-0.07707174691662641,0.13068109260390207,0.20009854193816634,3401013000000,
-0.026883040936906757,0.20686874772512978,0.19993720862463932,3401018000000,
-0.08783202871052809,0.02257999183706245,0.20007064361451363,3401023000000,
-0.0758434773231313,0.12123508212667361,0.20004353601810712,3401028000000,
-0.011459594757998043,0.2260043337759184,0.20001240704639414,3401033000000,
-0.09815696311362869,-0.01503114328857275,0.20009297135749,3401038000000,
-0.0563205444536982,0.13696983458924586,0.20041578975223773,3401043000000,
-0.02230115265821937,0.18198923405975714,0.2000796615725817,3401049000000,
-0.10014844217677868,-0.029601039615740038,0.20003371957043417,3401054000000,
-0.07326277866161399,0.1360196796375394,0.20021731896438758,3401059000000,
-0.039332134683715575,0.24634134905293378,0.19996541199196652,3401064000000,
-0.07821998553407866,-0.0022518985838148806,0.19966292045228687,3401069000000,
-0.05803666919559006,0.09142989128262105,0.20024641560133263,3401074000000,
0.15410439211757063,0.24229391076465887,0.20014074102519447,3401079000000,
-0.09613001280481394,-0.02788997798232657,0.19997117950870794,3401084000000,
-0.056547173557947306,0.11377169699905963,0.2004366635999961,3401089000000,
-0.019387412495073697,0.22391299967556635,0.19988241685295147,3401094000000,
-0.06994985642262405,-0.026145178661049408,0.19991240122987458,3401099000000,
-0.04636661810864594,0.11088323551722197,0.20031795225844115,3401104000000,
0.009075287443571153,0.25614526451942055,0.20020590066677327,3401109000000,
-0.08416794879368761,-0.012172190660357535,0.20026266419348426,3401114000000,
-0.06760835348765074,0.12979355714928564,0.19996356542213575,3401119000000,
-0.01012202134984831,0.2583363313058466,0.19963501006819653,3401124000000,
-0.10814127067434762,-0.0382110244784651,0.20022026211245478,3401129000000,
-0.029800725220691354,0.22183875274082662,0.2002183100899422,3401134000000,
-0.08120917106272305,0.00046322696445416384,0.19996294667216433,3401139000000,
-0.062168160610932666,0.13223283781313186,0.20002892269816888,3401144000000,
-0.02655543106354276,0.20827785402215865,0.20022512477437213,3401149000000,
-0.10254388206644875,-0.014825719162466333,0.20012716042993145,3401154000000,
-0.028258602658870726,0.2397655860047922,0.19989720688693238,3401159000000,
-0.07517784779230254,-0.01107380743926356,0.20010796757744062,3401164000000,
-0.05775180772128112,0.11629189811791062,0.19987574077862283,3401169000000,
-0.005414173006095379,0.2129721520901637,0.20040831391960523,3401174000000,
0.09633143392388999,-0.002980844084006659,0.19966994190685952,3401179000000,
0.016441259375873096,0.06589793426243151,0.20017494183948806,3401184000000,
-0.007503284476678158,0.23724310984298824,0.19998761115452166,3401189000000,
-0.10231755858871304,0.011918522219219116,0.20015604981439075,3401194000000,
-0.08279853930233302,0.11227271493419823,0.20018165880816954,3401199000000,
-0.01690277599089946,0.19669067050591799,0.20027617204124054,3401204000000,
-0.06564811053831601,-0.007647925693640727,0.20012276676795993,3401209000000,
-0.06918840443769754,0.11577340621887217,0.2002585106607906,3401214000000,
-0.008384740890020725,0.2213151749005785,0.20020850373381263,3401219000000,
-0.09696215253624996,0.01464637228350503,0.20018369981969172,3401224000000,
-0.07223423571640758,0.12429212883923844,0.2001732493852612,3401229000000,
0.00013249957398243223,0.2181482220450146,0.19989288307098257,3401234000000,
-0.09720530507176657,-0.012506928431689142,0.19982519918106165,3401239000000,
-0.06934469660516268,0.1149200242181244,0.1999732440498038,3401244000000,
-0.01713524497962606,0.24020418969565413,0.20017487664590464,3401249000000,
-0.09563949154707355,-0.029750406161216367,0.20008850685468238,3401254000000,
-0.07984699709897414,0.10751490171068499,0.19993456583917849,3401259000000,
-0.045179008913864054,0.2537956461253904,0.20002585627284067,3401264000000,
-0.08086823333962097,0.005356534669233682,0.19967824228705405,3401269000000,
-0.03375731896025757,0.142192009277683,0.20034581003719099,3401274000000,
-0.004111466496182135,0.22997758496852788,0.19991533835605266,3401279000000,
0.10823737391256197,-0.018114157228691634,0.20014466889835147,3401284000000,
-0.020011871418942784,0.21892542764497078,0.20042740860781302,3401289000000,
-0.10345384050368948,0.007713866196004608,0.19994291508538578,3401294000000,
-0.05662052738436948,0.09533021839176625,0.20027640370423114,3401299000000,
-0.04883500330662432,0.12724368009794265,0.20012646762539354,3401304000000,
-0.03294546118505852,0.23812836183175037,0.20000795162584972,3401309000000,
-0.07855475764308627,-0.019004993530325455,0.19997701604474233,3401314000000,
-0.050682354570875436,0.10581339007983227,0.2003766005152249,3401319000000,
-0.058061665743423196,0.10502869407213228,0.20003325473199268,3401324000000,
-0.04004830861259316,0.10084647979581651,0.2002642432138702,3401331000000,
-0.03532099337115491,0.14431325886968274,0.20026079864221702,3401336000000,
-0.07197897798615488,-0.029106465214184286,0.19998335614448293,3401341000000,
-0.03060813682278829,0.13192325939650287,0.200028625670534,3401346000000,
-0.02396594577954214,0.2527242060181355,0.19997337180223293,3401351000000,
-0.10256785795292835,-0.03028378078315098,0.19983779701954618,3401356000000,
-0.032209528042401056,0.10540647033687464,0.20005581577706255,3401361000000,
-0.0072039875460480456,0.22588914312976352,0.20028622636045446,3401366000000,
-0.12658129376312308,-0.017213025587513302,0.1999583284997909,3401371000000,
-0.03930196095350402,0.12075340540090869,0.20059253938648333,3401376000000,
-0.012640081975834133,0.20245367994437233,0.20000269660574804,3401381000000,
0.10178977064256503,-0.020530051992277865,0.19985097544732416,3401386000000,
-0.08446077964778732,0.13114181764483052,0.20020680558641352,3401393000000,
-0.06547384974290546,0.09922426983837526,0.20009242963595533,3401398000000,
-0.05387698631944815,0.10874830769504432,0.20028713570773407,3401403000000,
0.011534075981200848,0.24579327336396875,0.20000939347746075,3401408000000,
-0.10923213021152652,-0.00858767320905938,0.20004320131096445,3401413000000,
-0.05351414015445103,0.13613331741636558,0.19981169482655295,3401418000000,
-0.028103347663109582,0.21146970286990774,0.20029424109336763,3401423000000,
-0.11198084412627077,0.0036958390155739027,0.19998855827808665,3401428000000,
-0.056865270344897356,0.11790979910371742,0.20031069128104786,3401433000000,
-0.019164709426586084,0.13583069084928512,0.1998995411162741,3401438000000,
-0.0702379265791031,0.09418522891367816,0.20067544088245606,3401443000000,
-0.05347501601592647,0.28309275033353276,0.2001129556511056,3401448000000,
-0.08628149700618602,-0.007587346522327447,0.1999942474515613,3401453000000,
-0.02907054991546928,0.1425871562020652,0.20038772799303775,3401458000000,
-0.010216272371264656,0.22237420084269052,0.19998812224369097,3401463000000,
-0.09727324454382355,-0.012684073732154804,0.20023916700455988,3401468000000,
-0.03637965459702984,0.20380743978499052,0.20036894514302808,3401473000000,
-0.06673063539069521,0.023472234977193463,0.19993018478782504,3401478000000,
-0.08535108867059228,0.16460803405059343,0.20024866620507537,3401483000000,
0.17557382994721057,0.23366318242134687,0.2001464669050905,3401488000000,
-0.1079583017541462,-0.03446750938387434,0.19998852161229133,3401493000000,
-0.06127187798259658,0.09783715107899847,0.20001465007825647,3401498000000,
-0.03499339917177576,0.23687071569603357,0.20040662894050387,3401503000000,
-0.08017393481175025,-0.04277776301799985,0.20010969645493376,3401508000000,
-0.09344783103398596,0.1232932614125608,0.19997088089767104,3401513000000,
-0.03346648696803779,0.1812542651680874,0.19972486858567268,3401518000000,
-0.07108050210747943,-0.048526529089536856,0.19990103189779798,3401523000000,
-0.06398125328194466,0.14010512485091192,0.2000591020871896,3401528000000,
-0.024489733288742536,0.22799349692376847,0.19997606289632258,3401533000000,
-0.09492192665205228,-0.0524066213223829,0.19989011452216876,3401538000000,
-0.04181401664117577,0.15790820886463894,0.20048358804428423,3401543000000,
-0.04347144352703182,0.25939224643745185,0.20010290257594096,3401548000000,
0.09331016109622943,-0.012404239093917638,0.20033313846146594,3401553000000,
-0.010008855756717769,0.23414896333663104,0.20039615758687992,3401558000000,
-0.09193569455760918,-0.0012541233786035645,0.1999066261745877,3401563000000,
-0.06317756443909132,0.09110899282350607,0.2004434391168134,3401568000000,
-0.050384161184817804,0.0864262348466163,0.2003872063809319,3401573000000,
-0.03644396453474175,0.22192637602141785,0.19971655681217182,3401578000000,
-0.09207079054887939,0.014490768251555968,0.20007118879522667,3401583000000,
-0.06108237875911492,0.11969074758275848,0.2003612359007235,3401588000000,
-0.06149886670540672,0.1295519052241325,0.20043592534343224,3401593000000,
-0.053381030049823315,0.11601583644196295,0.2000759055293663,3401598000000,
0.0024562456392382935,0.24952056567728195,0.20016904245363693,3401603000000,
-0.1175256214424628,-0.03687775958049144,0.1998391324934469,3401608000000,
-0.06766407856451213,0.13317181829289682,0.2003219308601786,3401613000000,
0.003981099074829249,0.23340758258501665,0.2000820421119638,3401618000000,
-0.09425360414193731,0.0024313980606973477,0.20027228102538933,3401623000000,
-0.034526354539197085,0.2055761732253858,0.20038417605914066,3401628000000,
-0.09746937568281605,0.016076480802920918,0.20002170589451562,3401633000000,
-0.014603134787099563,0.12062750858596887,0.20004658512818838,3401638000000,
-0.023744643030959536,0.2441899369818412,0.20008714034825315,3401643000000,
-0.10383840172285004,0.0005002847106443768,0.19980868426548734,3401648000000,
-0.03314663670905402,0.13254949212461245,0.20008965287395913,3401653000000,
0.17430483764957463,0.2329553666053359,0.19998062989004203,3401658000000,
-0.10633799936659348,-0.02252228139630506,0.20024425468115092,3401663000000,
-0.07511910875826086,0.11749485853868652,0.2001992734824531,3401668000000,
-0.03888327962088504,0.1231295119909505,0.2003493974438626,3401673000000,
-0.045934312436477644,0.061653048728386305,0.20007139969966278,3401678000000,
-0.011214618152028316,0.22966593281871386,0.20032588130163365,3401683000000,
-0.10644885111268243,-0.014506188596529985,0.2001236408704219,3401688000000,
-0.06597581633422447,0.14259041090660002,0.1998643302065953,3401693000000,
-0.011942647128126017,0.2679533678729622,0.20014064001638796,3401698000000,
-0.08363662331351644,-0.03324724960554008,0.19999848205217902,3401703000000,
-0.06735051418342089,0.1350651291970818,0.20017174293017348,3401708000000,
0.015598167320726003,0.3317440885826754,0.20015222080879788,3401713000000,
-0.10098331078258538,0.01920548805966294,0.2000673642491348,3401718000000,
-0.03365042639961429,0.1211453739934206,0.2002978456744185,3401723000000,
-0.051507736102845994,0.24357463802855647,0.19979638699619184,3401728000000,
-0.09973256626117684,-0.022570890480353205,0.20007398240181648,3401733000000,
-0.031019362011624255,0.2548920354829943,0.20072995356408804,3401738000000,
-0.0645774193198706,0.045290382131414335,0.19975762199079528,3401743000000,
-0.04515484706701992,0.10252435114471092,0.20001826509119758,3401748000000,
-0.014560127668387194,0.22004416145343425,0.20021986691646174,3401753000000,
0.12430538651270648,-0.005300466370508074,0.20010006626976123,3401758000000,
-0.07005676446827468,0.13176763126213106,0.20026144355660647,3401763000000,
0.0007558424309700856,0.21483447156173824,0.20006696671688073,3401768000000,
-0.11007697675865084,-0.023944530821323855,0.19935677499246698,3401773000000,
-0.06711272941857799,0.11894847400160487,0.20019044183016133,3401778000000,
-0.02716603183681287,0.25906792669382983,0.19982803754007716,3401783000000,
-0.08487749317371199,-0.014921691461026763,0.20035493809294755,3401788000000,
-0.05642010437720436,0.12186513394828415,0.20022374736573842,3401793000000,
-0.0186644759908987,0.2310707411802547,0.20023379099728034,3401798000000,
-0.10031579059350776,0.027801517873073424,0.20005639930668773,3401803000000,
-0.07028933350471156,0.1262128579386638,0.20019923574230256,3401808000000,
0.013087924496688413,0.24657911657728912,0.19999895978110543,3401813000000,
-0.07739954792061661,-0.01540444519783573,0.19989919275208742,3401818000000,
-0.038088141245050285,0.13431522657573988,0.20028271467369535,3401823000000,
-0.007686992571060296,0.22193765865071072,0.19986492249137056,3401828000000,
-0.08437642653126369,-0.009791864120092558,0.2004066894054848,3401833000000,
0.02595406904662456,0.21327019573759695,0.19997018111346415,3401838000000,
-0.07801957031640452,0.021515709288113156,0.20012757284462004,3401843000000,
-0.061740390201656274,0.1185130918684183,0.20017304143811981,3401850000000,
0.008634301936054016,0.2945845802258111,0.20008650443216444,3401855000000,
0.09537041745346614,-0.04278533353339259,0.19982723018852516,3401860000000,
-0.06254030292310506,0.11528272855057312,0.20017545260377567,3401865000000,
-0.012040249309805162,0.263419827742251,0.20033797656639502,3401870000000,
-0.09239066522140772,-0.0031293848164419547,0.20022573543197084,3401875000000,
-0.039184924024100544,0.09210685797151766,0.20010097450618472,3401880000000,
-0.0025120221763779357,0.24698453032528916,0.2003526852064467,3401885000000,
-0.09176837450972977,-0.06028417162149575,0.19999296437718228,3401890000000,
-0.061930714703721836,0.12404405675377496,0.20056100823947623,3401895000000,
-0.01584272942021168,0.2821024287913959,0.20032150950058095,3401900000000,
-0.09574890781347026,-0.00564869138895201,0.19990954527404772,3401905000000,
-0.07029039450775097,0.1348164488595284,0.2006096178551845,3401910000000,
-0.05018660554814007,0.22756062970090232,0.20024395995232003,3401915000000,
-0.1030285367038338,-0.03225325384872304,0.200129054649897,3401920000000,
-0.061105004105004995,0.11865134207400797,0.2004134517609173,3401925000000,
-0.01477162318002042,0.23638829508913028,0.20008318531216496,3401930000000,
-0.08834398769880054,-0.03174781373312538,0.20018947219194702,3401935000000,
-0.05521000099424927,0.14328831615759446,0.20060387297985827,3401940000000,
-0.021754727547621516,0.2539737699879029,0.19977596647682025,3401945000000,
-0.11306256911848414,-0.02065143649487878,0.19996643700888142,3401950000000,
-0.05677645010511561,0.12622517165078093,0.20038507978103468,3401955000000,
-0.034085388274907424,0.2359807889047541,0.20003332526042988,3401960000000,
0.13650624509312254,-0.054870839309516674,0.20028413139523046,3401965000000,
-0.05001174565448286,0.2495625432796966,0.20040705758065822,3401970000000,
-0.10756617917816148,0.008590420471307127,0.19974846475610553,3401975000000,
-0.0867975144762814,0.1098395396843646,0.2003830773726515,3401980000000,
-0.06806318606341549,0.12142104672760837,0.200152936700079,3401985000000,
-0.038163964226931274,0.24285880515003083,0.19988973788902936,3401990000000,
-0.1037844576312167,-0.025653444683081207,0.20032812415688692,3401995000000,
-0.055294887952218506,0.16420397946291942,0.2003290757049707,3402000000000,
-0.04735005957547057,0.13825723656076583,0.2003045179586792,3402005000000,
-0.040473894794166757,0.10980083104475442,0.20016709466887211,3402010000000,
0.0053253105309679916,0.21516962771107703,0.2001249718361577,3402015000000,
-0.07139372850626974,-0.0034253058287989427,0.20013012591806467,3402020000000,
-0.06155213385533755,0.13488918823807391,0.20019355545368214,3402025000000,
-0.024716161958857744,0.19764016101182574,0.20000546128684094,3402030000000,
-0.09620568867542978,-0.019173991434904423,0.19969510950470773,3402035000000,
-0.037955047845472926,0.2713084369746603,0.20057790575047382,3402040000000,
-0.08944663092944624,0.019741199272811535,0.1998195664944198,3402045000000,
-0.06452144572695012,0.0635015311181697,0.19973591284929487,3402050000000,
-0.07009789780927367,0.11277115258626992,0.20068630804938328,3402055000000,
-0.05423401548429613,0.23439474225034082,0.19983991557722108,3402060000000,
0.08731367894266412,-0.026209409713174175,0.1999736882413341,3402065000000,
-0.05787044239003455,0.1222689742735259,0.2005860486046049,3402070000000,
-0.07269684693203832,0.08195172846579751,0.20019304022904275,3402075000000,
-0.03677739137310005,0.12050556005059913,0.20020759111446954,3402080000000,
-0.01750622893090185,0.2309916813203056,0.20020161868317413,3402085000000,
-0.10683685133507467,-0.022619176331624285,0.199979080353547,3402090000000,
-0.061882134947314725,0.138105494626555,0.1998942134674559,3402095000000,
-0.014476067269235096,0.24173158892401028,0.20018098498804418,3402100000000,
-0.07721266397684315,-0.0335409465871412,0.19999888530566318,3402105000000,
-0.04819939986888169,0.10451830307829935,0.1997801693664852,3402110000000,
-0.040540176880550755,0.09727204576220358,0.19990678353454808,3402116000000,
-0.07982709005507918,0.12821507698899245,0.19992243211106972,3402121000000,
-0.03741173131718585,0.24825741047131716,0.2004061939984859,3402126000000,
-0.07187870582872083,-0.006768100969715168,0.19984558070466527,3402131000000,
-0.07527477123381329,0.12236262778982186,0.20039333337869625,3402136000000,
-0.015507258309862196,0.23583411089766637,0.19987020906867287,3402141000000,
-0.06786423951010444,-0.027563771794357268,0.2002390852796475,3402146000000,
-0.08579209710092582,0.13127856821588044,0.20029131204724465,3402151000000,
-0.03409072921509841,0.22610454484616943,0.20023637640659292,3402156000000,
-0.08617269497297372,-0.02846195045456326,0.20062371864125553,3402161000000,
0.12887641152215729,0.16075709324896048,0.2003951930813507,3402166000000,
-0.039520814994511794,0.23922188781570008,0.1998038727686336,3402171000000,
-0.08562074797344865,-0.02854100259733431,0.20015044633038784,3402176000000,
-0.001841186339578426,0.1973447485231603,0.19976703870629886,3402183000000,
-0.08578796778005643,-0.04060982750543464,0.1999984294683635,3402188000000,
-0.05964952632632083,0.13837519047376853,0.20010110362969696,3402193000000,
-0.011289628645711402,0.21260977898969868,0.19991524176536374,3402198000000,
-0.10625879457534136,-0.02642093048476152,0.1999935059419395,3402203000000,
-0.015588940021328344,0.13741718366476438,0.2002006826471388,3402208000000,
-0.03664757697810607,0.23051111412780342,0.19998143169406027,3402213000000,
-0.09966789284794014,-0.02147601490807908,0.20028877759616617,3402218000000,
-0.025483571034712077,0.1295229847430513,0.20023883360807435,3402223000000,
-0.049914965067877945,0.24092923376567263,0.20002358033481865,3402228000000,
-0.05768622368453551,-0.035729511394164526,0.20009519253908822,3402233000000,
-0.014724779036727793,0.22281825953127637,0.20003422927562012,3402238000000,
-0.08502708146022335,-0.007861108753823742,0.19944389556811426,3402243000000,
-0.044253515079340666,0.1198790150467792,0.20026100972721272,3402248000000,
-0.03227369227559877,0.28152302495763676,0.20012768794434055,3402253000000,
-0.10644387046278092,-0.009357050698149166,0.20027576893527727,3402258000000,
-0.03504604506874626,0.111269723391025,0.20007118779285407,3402263000000,
0.21700107908973826,0.24440268235781232,0.1999372232751917,3402268000000,
-0.09635641571731123,-0.006810487550937522,0.2001447228768064,3402273000000,
-0.08716495544114829,0.16587325598939576,0.2000111972070738,3402278000000,
-0.016662901897450927,0.21531199624523814,0.19977244057242644,3402283000000,
-0.09283359752288003,0.006843173828217471,0.20008114354890463,3402288000000,
-0.025927704591264332,0.1178747189534817,0.20041880187335234,3402293000000,
0.0008117744730393728,0.23070007667535242,0.20022317409886634,3402298000000,
-0.08867827049113462,-0.013586133165512878,0.1998383301359739,3402303000000,
-0.037562571778335975,0.23028540235458234,0.20037983338521914,3402308000000,
-0.035729898586320856,0.14624783753087314,0.19990299533781203,3402313000000,
-0.0880354399360172,0.06127486454777918,0.1998420293813496,3402318000000,
-0.026303041853450233,0.23444649373045875,0.2004676299916347,3402323000000,
-0.08804588268296216,-0.007201101469895839,0.20042650598249656,3402328000000,
-0.06330184748585956,0.10196681123774577,0.20024273808610507,3402333000000,
-0.02319493352930662,0.23138815475232727,0.2000416953517201,3402338000000,
-0.06968568636870506,-0.004597559197333264,0.19995541471147973,3402343000000,
-0.06871645437950302,0.11589903498685812,0.19995148415534209,3402348000000,
-0.038714198484691,0.13383338107643653,0.1998091904318522,3402353000000,
-0.09701065447434742,0.10567774923628745,0.2004348871538963,3402358000000,
-0.008649713057609587,0.23993586445318338,0.20000945737961828,3402363000000,
-0.07479041529073034,-0.028687170791149248,0.20005932457769254,3402368000000,
0.08677867359977204,0.09393598730666637,0.20021078043162555,3402373000000,
-0.042974950195218325,0.16775993566455683,0.1999499398687958,3402379000000,
-0.03338245078416789,0.09683678382050508,0.20024053413683476,3402384000000,
-0.07668097309408779,0.14470172278018095,0.20027489001288762,3402389000000,
-0.036214115540397954,0.22109064717765858,0.19988704468142088,3402394000000,
-0.09553142822825815,-0.0005784138443219525,0.2001129063300181,3402399000000,
-0.04988423642541823,0.11697615524116149,0.20022023205063472,3402404000000,
-0.05086580299582228,0.13564111223296188,0.20026873952758856,3402409000000,
-0.046867748968648607,0.11307983538760447,0.20007182088689757,3402414000000,
-0.01861345175464353,0.2287485954139246,0.20030200358512337,3402419000000,
-0.08953507368406245,-0.07387413082566277,0.1995280152569914,3402424000000,
-0.07315996566531605,0.14219710591270515,0.200131247524458,3402429000000,
-0.001470448873129672,0.23015807966342786,0.19995259179483876,3402434000000,
-0.08268832386381503,-0.005107751056515782,0.19984263824479243,3402439000000,
-0.08618478579917496,0.10845681784130835,0.2001314614878044,3402444000000,
-0.01982371657058839,0.2708725780455247,0.2000456027161086,3402449000000,
-0.09636238461430259,-0.02981636488569752,0.19987609019038047,3402454000000,
-0.06903702529606529,0.11849843611027017,0.20044669397132775,3402459000000,
-0.04325614025852917,0.2648798672095043,0.20014083857784604,3402464000000,
-0.08353580688987622,-0.016608068721548273,0.20005853304329552,3402469000000,
0.14895017760864135,0.12229483102889394,0.19982612002510122,3402474000000,
-0.035709247368897454,0.24677516537197164,0.2002640965908028,3402479000000,
-0.11769582717641576,-0.029397139086541884,0.20032575454350968,3402484000000,
-0.08708785505639463,0.11876928422193368,0.2001132875182,3402489000000,
-0.027560983399453506,0.12500306246282852,0.19965395159910593,3402494000000,
-0.06157132265408188,0.11085848483433842,0.2001400705259112,3402499000000,
-0.04968119124709656,0.23109002707533982,0.20018806260872965,3402504000000,
-0.08897278643749253,-0.016073469649618498,0.20017135336985828,3402509000000,
-0.04338052698965514,0.11619107781784445,0.20013673817198574,3402515000000,
-0.06050258940406282,0.10134975780006295,0.19969343742835421,3402520000000,
-0.056016670263031386,0.08510292926849805,0.20024420027737905,3402525000000,
-0.010188848104628417,0.21822480969956545,0.2001409984443844,3402530000000,
-0.1034691932197741,-0.04067969668989565,0.20022155593347102,3402535000000,
-0.05770749101600038,0.13308278829812228,0.20022287812717407,3402540000000,
-0.03281832966439531,0.25773184827956175,0.20043396581761153,3402545000000,
-0.11680572255815877,-0.02335403794467633,0.19984074798875057,3402550000000,
-0.026466446197732616,0.20305641129218238,0.19997897688142147,3402555000000,
-0.0697753098471216,-0.008451964457796734,0.20023835267831108,3402560000000,
-0.0566536208021407,0.08614509360493279,0.2002130989820506,3402565000000,
-0.004102318627948038,0.257477791489154,0.20033198065830005,3402570000000,
0.12117987228998436,-0.02174776883499148,0.2004005898601552,3402575000000,
-0.055382324809106695,0.09290920632562293,0.20031495275236788,3402580000000,
-0.024157479730625372,0.2606606402221995,0.20012561025677722,3402585000000,
-0.10779719079240639,-0.017847403920712962,0.19986171652492835,3402590000000,
-0.05189846204591669,0.10382506449389453,0.20026728058233748,3402595000000,
-0.002983885865592957,0.2364798771603954,0.20005755878539822,3402600000000,
-0.10971634685340399,-0.00256642465411102,0.1999920138471368,3402605000000,
-0.014324376630719324,0.22166730934824033,0.2001154348843692,3402610000000,
-0.08359723185715758,-0.027756054022497978,0.2001756042809489,3402615000000,
-0.0840255059103459,0.12839667352028675,0.2001665633532247,3402620000000,
-0.04712616833800056,0.2334604789138583,0.1996685862869669,3402625000000,
-0.09023491414696018,-0.02418681738910338,0.20061304047539644,3402630000000,
-0.04423001599005395,0.12067651348449236,0.20009744296460152,3402635000000,
-0.014992621590543813,0.23249598124144186,0.19999862240737654,3402640000000,
-0.09001955703455297,-0.0324849842233566,0.200164378193222,3402645000000,
-0.047976590350629914,0.12657813206332968,0.20060975423915695,3402650000000,
-0.06505039725039435,0.10710063778547552,0.20009950549470928,3402655000000,
-0.09100712269515947,0.10572478728267855,0.20042224697106342,3402660000000,
-0.018011823717069414,0.23534304661272892,0.20017629409007018,3402665000000,
-0.08279024065537698,-0.03598448629359405,0.20036264792359884,3402670000000,
0.0878560599054024,0.1247109256272407,0.20020102691583283,3402675000000,
0.038544700424781544,0.2501159805742087,0.19988417017902543,3402680000000,
-0.08057860892114256,-0.04555040597001712,0.19986722494986509,3402685000000,
-0.08406188821204043,0.14373828009125886,0.2001827139465399,3402690000000,
-0.04215374898670753,0.09928753298909361,0.19988853833684392,3402695000000,
-0.05969837159717942,0.08369416305415661,0.19990941741934118,3402700000000,
-0.04925530258514124,0.27340239003714806,0.20004760262881247,3402705000000,
-0.07612479124241511,-0.015801686923358857,0.20003687982255583,3402710000000,
-0.039697104939083086,0.13742012360211414,0.20013370269383454,3402715000000,
-0.045462512060274504,0.12155356656927664,0.20032139082095782,3402720000000,
-0.06888434673023261,0.11798919830373185,0.20013046837697118,3402725000000,
-0.01633193119771398,0.25510078967573513,0.20040965045501938,3402730000000,
-0.07831880646957358,-0.025995570330257893,0.20006749323670622,3402735000000,
-0.06052318266383887,0.1660860858746872,0.20043941526644102,3402740000000,
-0.008836870159613153,0.2391955554676988,0.19989701244437935,3402745000000,
-0.057872487687794856,-0.019318555759780136,0.19993472313922842,3402750000000,
-0.057739592953921705,0.13197495766495573,0.2003480315646747,3402755000000,
-0.023960228780487768,0.22873755284107697,0.1998942219648703,3402760000000,
-0.11706815606777349,-0.03549353400923279,0.2001958213037422,3402765000000,
-0.08141206490947184,0.15036214049506508,0.2004000690349782,3402770000000,
-0.030144403349514664,0.19780183896853065,0.1997175723820913,3402775000000,
0.08199159121765115,0.0015527066925242958,0.2001296481426296,3402780000000,
0.007460807388374291,0.20865464149584068,0.20009154038655624,3402785000000,
-0.11477514141634532,-0.019388375980009167,0.19982968184774422,3402790000000,
-0.02703024283807847,0.11946904031734236,0.19967970481064928,3402795000000,
-0.05181757420081404,0.20522661398993472,0.2003052737535881,3402800000000,
-0.0698002577191967,0.01220575920241404,0.2000148085121214,3402805000000,
-0.02860829185353072,0.11464220997420589,0.20020289055897986,3402810000000,
-0.017817117619503806,0.2718819038295985,0.1998595278109722,3402815000000,
-0.12403411051993135,-0.017645543481521444,0.20033867957751358,3402820000000,
-0.05588845752828686,0.11645122471332166,0.20017446212040324,3402825000000,
-0.07021204129122924,0.13550925675924827,0.19984513374845395,3402830000000,
-0.1003759839715669,0.08093128398711819,0.19972858187051726,3402836000000,
-0.0272699243044322,0.1850568107851671,0.19983771526284158,3402841000000,
-0.06497911267492057,-0.014184270713498443,0.19987302721651104,3402846000000,
-0.048283313037158555,0.09289325439262124,0.2003036833117892,3402851000000,
-0.027720069626801982,0.13728981779635055,0.19973317238827162,3402856000000,
-0.07767170648818084,0.12013789533398361,0.20045650960385233,3402861000000,
-0.00726690896053343,0.282986411629973,0.2002681754854972,3402866000000,
-0.09004295619003953,-0.043759156648329314,0.20002418263875782,3402871000000,
-0.08332161627817473,0.15575286168575647,0.20005711690232547,3402876000000,
0.19984786962580592,0.2393965611919256,0.1999711612936477,3402881000000,
-0.11302299509955861,-0.016972779178884304,0.20014526409592293,3402886000000,
-0.06462893259000091,0.11336968358406274,0.20042846290694918,3402891000000,
-0.023644130797476057,0.27187284817953916,0.19988998313822315,3402896000000,
-0.10689197332394054,0.030309469646547228,0.20019514618953654,3402901000000,
-0.058995239800302246,0.11354516256343779,0.20002039950703626,3402906000000,
-0.027207753633571544,0.23441660734624847,0.20018306320219653,3402911000000,
-0.08544680346297938,-0.01527996341882647,0.199823946454278,3402916000000,
0.0007672634603532631,0.2251404887057799,0.20038157670809267,3402921000000,
-0.07852802352788907,-0.03448847663073809,0.2002274279801607,3402926000000,
-0.05402009626022614,0.11252168861587802,0.20036503923096782,3402931000000,
-0.016958776295575323,0.23176833255257864,0.2001329889154283,3402936000000,
-0.08073280379852393,0.012569039452028603,0.20017322913767427,3402941000000,
-0.07441036929104099,0.13952341817090017,0.200144258763368,3402946000000,
-0.04270530997161996,0.2342031797550467,0.19978642927379678,3402951000000,
-0.11844532731009531,-0.02152989503088562,0.20005019590541104,3402956000000,
-0.0645233391538393,0.10123827362380054,0.20011450725966945,3402961000000,
-0.05371525227608833,0.125935763814937,0.20022834299274198,3402967000000,
-0.039649294004514495,0.10796107646892532,0.20027725331346044,3402972000000,
-0.058070386763726514,0.22582404289069322,0.20037431535485745,3402977000000,
0.10447714600804082,0.0064835419141254305,0.1998408406208804,3402982000000,
-0.07842262754132326,0.11289645679003389,0.19983799226594515,3402987000000,
-0.0394527087630934,0.2069305422148183,0.20049575872020792,3402992000000,
-0.08183477754525359,-0.013791720271294914,0.20040122597314874,3402997000000,
-0.024395655252064156,0.14253337196395943,0.19991064036254863,3403002000000,
-0.010021710407294285,0.26682536588254707,0.20009400961460427,3403007000000,
-0.07914714131229278,-0.02713001015511014,0.2000026004152857,3403012000000,
-0.046967255843695405,0.0910876709712097,0.2001246447504063,3403017000000,
-0.006582449327807986,0.24401726542381164,0.20026089220389467,3403022000000,
-0.09968966943530988,-0.024891468212211533,0.2001986239839273,3403027000000,
-0.022156631487976117,0.24959261876877803,0.20040690575821915,3403033000000,
-0.06879993245255339,-0.006158088430956847,0.20003633766033277,3403038000000,
-0.056241304435156805,0.1072413305329238,0.20041793316502274,3403043000000,
-0.055019559407241826,0.15370025008812105,0.2004016280984123,3403048000000,
0.0034160221811672387,0.24029379529473924,0.2001856349165866,3403053000000,
-0.1077950395289608,0.028089401853427017,0.19974884453835814,3403058000000,
-0.03323826831609818,0.13598546365468944,0.2002116270211482,3403063000000,
-0.026624397676339225,0.13686178092636725,0.19968436705639528,3403068000000,
-0.05208459071674422,0.07428128387049701,0.20006492630489855,3403073000000,
-0.015798611053054804,0.25091348689356474,0.2001419097763995,3403078000000,
0.12868115874839578,-0.009760130713719964,0.19996999650079594,3403083000000,
0.00277485919917839,0.13474382238940558,0.20045617170566435,3403088000000,
-0.009051287043537599,0.21620126530933792,0.20006426960839602,3403093000000,
-0.04708284758699846,0.1302377509254487,0.1999152731394397,3403098000000,
-0.109563778396678,-0.0327105482828692,0.2002524597822867,3403103000000,
-0.028828735083964996,0.23826996181940055,0.2001435186708217,3403108000000,
-0.07730847255518979,0.01569392161262423,0.20030187582046924,3403113000000,
-0.05535316109352585,0.09862112757510338,0.2004825314052129,3403118000000,
-0.019985354908011118,0.24241057306834418,0.20037378717011387,3403123000000,
-0.08956833779236767,-0.020145650729629892,0.20045644694312095,3403128000000,
-0.06257507578953346,0.12923863457053364,0.20039918842169258,3403133000000,
-0.034266351152414797,0.12328003196230422,0.19994962185890047,3403138000000,
-0.07224947470384642,0.09287606926223772,0.20003126739463184,3403143000000,
0.0010890503826895548,0.27563285722041886,0.1999170060442861,3403148000000,
-0.07736748163111319,-0.047970118726828284,0.20016470347645188,3403153000000,
-0.034774736391979796,0.12407930505877927,0.20038161759300271,3403158000000,
0.005568589728852474,0.31945868051845555,0.19996875648985565,3403163000000,
-0.04342996557075894,0.04608926620782075,0.1998483932260805,3403168000000,
-0.014024511467645526,0.2672219471474356,0.20005506544659615,3403173000000,
-0.05981297056338335,-0.009090380654019941,0.19988362038185764,3403178000000,
-0.0546606613279264,0.11185131470719539,0.2004619619839387,3403183000000,
0.20597578913156106,0.24874813821894573,0.20052837463990483,3403188000000,
-0.08786843431674275,0.007278416045836868,0.20011972900171848,3403193000000,
-0.0682174655853556,0.1642237694829698,0.20048120233363162,3403198000000,
-0.024383526139678445,0.22030791800753666,0.19979784669205788,3403203000000,
-0.09733967346131767,-0.02826838511902026,0.20026586018242148,3403208000000,
-0.057785387031723146,0.13836719205622813,0.20048594733978575,3403213000000,
-0.06393349599005346,0.12055982166488713,0.2001852733762693,3403218000000,
-0.03081217155036367,0.1257669800066535,0.2000785163713287,3403223000000,
-0.053562346277001766,0.2513902391008709,0.20019841214293774,3403228000000,
-0.09593191326145803,0.010081573260055737,0.20025539472150009,3403233000000,
-0.045125854370477066,0.12180998310215546,0.2003753045877107,3403238000000,
-0.002291208758766577,0.2715382564622858,0.19995118081042038,3403243000000,
-0.12612104600231433,-0.028363079004338543,0.200383563234177,3403248000000,
0.09101124257742868,0.11245348149840959,0.2004101771076405,3403253000000,
0.018265582503331185,0.2475217533229174,0.19995923535785665,3403258000000,
-0.09935148371950182,-0.030860928239207934,0.20021944153163798,3403263000000,
-0.0019979021311032977,0.10968568020694787,0.20035662972412668,3403268000000,
0.0029780490476011834,0.27683834883745245,0.2000142210925502,3403273000000,
-0.0850759020012932,-0.04231147996470844,0.20009678548707793,3403278000000,
-0.0056191716272257115,0.23880257626418225,0.19994995359847123,3403283000000,
-0.07945108192348024,0.029490024608844805,0.19983344653880566,3403288000000,
-0.07780404576527972,0.1137289295177654,0.2000841425987357,3403293000000,
-0.036105228891558275,0.2180904001249616,0.20067060360231276,3403298000000,
-0.05405904422665567,0.13914506988289693,0.19986720354346438,3403303000000,
-0.09155535336484097,-0.031529644759978534,0.19983107990862653,3403308000000,
-0.0737851619020864,0.10897487116274097,0.20015170872083946,3403313000000,
-0.03638013950299959,0.11592791156301464,0.19978089337388633,3403318000000,
-0.05886469295519019,0.09670780671425833,0.19981643511812638,3403323000000,
0.013382793730618112,0.2690183159658912,0.2000675001582539,3403328000000,
-0.06979196219631076,-0.06276465809663355,0.20024807341294018,3403333000000,
-0.03372584813868916,0.09546941820791491,0.20035242635830292,3403338000000,
-0.04094913672564654,0.23651859540198983,0.20004389605879538,3403343000000,
-0.10146607412713665,-0.00493250469632223,0.20005714367629004,3403348000000,
-0.02841371979291353,0.24766425977334625,0.20004320457611924,3403353000000,
0.1361926795149012,0.021224446520527088,0.20014964546536404,3403358000000,
-0.053028532631963894,0.1193747595197242,0.20028234936203668,3403363000000,
0.018179834536657703,0.1827685736476018,0.2004308583629134,3403368000000,
-0.07777449125073714,-0.03372909654565383,0.2000859378616768,3403373000000,
-0.05284623622158488,0.13095772751498494,0.2004421874356194,3403378000000,
-0.02935350316033072,0.246858250293246,0.19999823699015545,3403383000000,
-0.09972584269559999,-0.051844263996647016,0.19979889881867038,3403388000000,
-0.025338999529808493,0.13986218597216976,0.20021059214766618,3403393000000,
-0.018347853860772357,0.2439347337435142,0.20019410100188859,3403398000000,
-0.09004771540063045,-0.028367236162015894,0.1997508682491168,3403403000000,
-0.06323476613130227,0.16570690060258297,0.19998741235249806,3403408000000,
-0.01667804946774919,0.24385204851779677,0.20027111362028754,3403413000000,
-0.09711114535179073,-0.05070579905057533,0.1998473594827636,3403418000000,
-0.05152994395341378,0.12145925851840358,0.20011477634146285,3403423000000,
-0.02770086695262121,0.0989227703051965,0.2002561691629849,3403429000000,
-0.05890762109940869,0.1256127773561148,0.2000817500248677,3403434000000,
0.006724647404122243,0.2706175245100243,0.2002607452804571,3403439000000,
-0.10889570894196522,-0.061114323287483494,0.19991211491524813,3403444000000,
-0.06962412236084702,0.1511573566654285,0.2004325984277064,3403449000000,
-0.014827085604804816,0.23851745226296836,0.2002435998210004,3403454000000,
0.1259353399323182,-0.028596512340354662,0.20021070512983244,3403459000000,
-0.05671147046570929,0.1560725737966715,0.20005345025761312,3403464000000,
-0.015669149607796303,0.23732300958921715,0.2000266399855968,3403469000000,
-0.0617759013832769,-0.01985669094428513,0.2002360834427709,3403474000000,
-0.0608886860604568,0.10341989477255051,0.20009524986915556,3403479000000,
-0.018142662194594126,0.2617136016672523,0.1996580685749827,3403484000000,
-0.10520216999244493,0.0014736253057314325,0.19990671560368925,3403489000000,
-0.0112433624686264,0.2264546842783602,0.20010424589447423,3403495000000,
-0.0915233735022445,-0.04604900644643685,0.19989058700611925,3403500000000,
-0.05702355720732852,0.1209080298854157,0.20034107144644303,3403505000000,
-0.03364981274482021,0.2376357613958793,0.20046197809640856,3403510000000,
-0.08774873889176815,0.005487549226310883,0.20000362469392818,3403515000000,
-0.07166933770089029,0.11558576020488641,0.20014322037219134,3403520000000,
-0.03851350064047326,0.23213986223067115,0.19971310604050893,3403525000000,
-0.0903455861350515,0.007602522302428104,0.20009877001516616,3403530000000,
-0.06407636525891487,0.10274768528584152,0.20002635027873836,3403535000000,
-0.04293698121623363,0.2536932306581229,0.20037527407328734,3403540000000,
-0.09603438169152897,-0.0391677506626661,0.20016835589107976,3403545000000,
-0.060995662252711115,0.1370903356874194,0.2003417572142841,3403550000000,
-0.05123493935446837,0.09091185037167608,0.20004388985684088,3403555000000,
0.13722590293984166,0.11871002675728587,0.20033153643666413,3403560000000,
0.008810817771357459,0.2324215393762129,0.2004604733862201,3403565000000,
-0.07151348359506635,-0.03080179538802382,0.19995036324700655,3403570000000,
-0.03198573832208493,0.11458734717624262,0.20036184820903966,3403575000000,
-0.043623924813310136,0.24953493951098235,0.20012912079882866,3403580000000,
-0.09057707655358757,-0.024571376518352134,0.20004859288061916,3403585000000,
-0.037120000072431054,0.25812890818025785,0.2000850850096106,3403590000000,
-0.0773458377326933,0.003130706950778271,0.19991057788690175,3403595000000,
-0.07915610839977762,0.13656570364151663,0.200011600035429,3403600000000,
-0.033151126872465325,0.2744360604636811,0.20013097574067998,3403605000000,
-0.035283738349193516,-0.029323579561744657,0.20027069147956286,3403610000000,
-0.06061284279449067,0.11761536527868026,0.20018937298093925,3403615000000,
-0.020839945008066206,0.2447268677487597,0.19952144594398893,3403620000000,
-0.06996302326959726,0.003871684455227068,0.20017494476651632,3403625000000,
-0.07080499904478217,0.16587461770015585,0.20011200048080746,3403630000000,
-0.043252173245088475,0.11695761319301098,0.20025363385445558,3403635000000,
-0.043806714987767614,0.11674604566574508,0.20013964686479177,3403640000000,
-0.015347529305884549,0.26725345117953075,0.19991493044719402,3403645000000,
-0.11343007953821332,0.0037949583844872764,0.20004587104364105,3403650000000,
-0.05592905852813966,0.14933677064284126,0.20011671551654933,3403655000000,
-0.017793408035590402,0.25263289067150796,0.20032794847357266,3403660000000,
0.1310482445114565,0.0006315582958159212,0.20024624633089513,3403665000000,
-0.04141893786214022,0.09173198324224634,0.20017536354933535,3403670000000,
-0.06468927010480512,0.14340626286340868,0.19981679793843804,3403675000000,
-0.04758231051275784,0.11235073520558114,0.20002186869306154,3403680000000,
-0.02421467616128148,0.23848363679136447,0.20013220816513,3403685000000,
-0.09586991390135524,-0.007170560156705152,0.19970417824965273,3403690000000,
-0.04530075051493008,0.13986483485473997,0.1999210795145231,3403695000000,
-0.012894985225904522,0.1810415767893546,0.2000265333375499,3403700000000,
-0.10846382350160631,-0.04003614234986972,0.1997845508555929,3403705000000,
-0.04805479673000557,0.1439774519230735,0.20046933637878234,3403710000000,
-0.009105037834817318,0.24728871292380672,0.19995456995671185,3403715000000,
-0.13363405723129224,-0.028173281075921187,0.19952749250534216,3403720000000,
-0.05588568057084356,0.11340348974206804,0.20056155706564438,3403725000000,
-0.01187426486009843,0.23757810198112195,0.1999502409050287,3403730000000,
-0.11890446272614859,-0.037622007856048356,0.20008527884093916,3403735000000,
-0.08746603846455275,0.13299471813760716,0.20007525216840777,3403740000000,
-0.01794189284693818,0.2715181694707534,0.19992464488262177,3403745000000,
-0.07355617333315732,-0.004634207206206871,0.19972339325665045,3403750000000,
-0.0731932207253608,0.14729551249616496,0.20017307218439875,3403755000000,
0.06080082250150748,0.15175849134321412,0.20018490110806675,3403763000000,
0.012768953921094287,0.2809293637915285,0.20040015215357104,3403768000000,
-0.07673633717788843,-0.007576351798881845,0.19995401585222727,3403773000000,
-0.034337957653689494,0.10952372903781857,0.20048300797868382,3403778000000,
-0.0044905996668692695,0.25001587978911505,0.19995162754205031,3403783000000,
-0.08435588795986199,-0.05805803112258408,0.20015466713160715,3403788000000,
-0.06295470988605592,0.10907418505410267,0.1999096012670283,3403793000000,
-0.05007140882454779,0.13179704443651255,0.20006231887317913,3403798000000,
-0.07699094746209283,0.09399859225055703,0.19991648838193926,3403803000000,
-0.018102719337196958,0.2592807677726424,0.2000925863742093,3403808000000,
-0.06819028629104068,-0.01596175058255976,0.20028326421273948,3403813000000,
-0.047821138977283247,0.1296174634593617,0.20032366880463154,3403818000000,
-0.04939611683556404,0.2731141236426471,0.19983179821748218,3403823000000,
-0.07658780707863154,-0.018626513494032694,0.2002798143058432,3403829000000,
0.0016287263335141855,0.26833260506850676,0.2001743208643609,3403834000000,
-0.07648176034385998,-0.019101845529102615,0.20035873227068277,3403839000000,
-0.037565980149832603,0.12990382903759654,0.20003702650496838,3403844000000,
-0.02810035168633406,0.24786715225254272,0.19985799579759994,3403849000000,
-0.06526940553042769,-0.024188559175857154,0.2002783605884489,3403854000000,
-0.033204100728423495,0.224323918015209,0.2002900982733016,3403859000000,
-0.064952894615113,0.005475825085747493,0.20027145012721664,3403864000000,
0.122886706983644,0.09757553911590197,0.20039101979245905,3403869000000,
-0.0017858771891372423,0.2520265251930927,0.20036506425485148,3403874000000,
-0.0789430841112858,-0.02046214958240343,0.20045666435121395,3403879000000,
-0.04050100704523358,0.1363260134259258,0.20031234016099672,3403884000000,
-0.0658383106787595,0.12677260679896415,0.2002624206538794,3403889000000,
-0.08152325192371378,0.10458873657769455,0.2005774028034638,3403895000000,
-0.007329590208590779,0.2909133369972353,0.20005398987300374,3403900000000,
-0.09332028216002616,-0.011309731365429787,0.20002766346019224,3403905000000,
-0.0545102092266083,0.16158447136460824,0.20032795310897666,3403910000000,
-0.04584353470760689,0.12249902228231083,0.1999283434053844,3403915000000,
-0.07886921916566261,0.1148321679746667,0.19993878154463052,3403920000000,
-0.04406526870107999,0.2663790141987105,0.19988243818303417,3403925000000,
-0.09318925158880254,-0.02183667741506844,0.19990277847390744,3403930000000,
-0.050523980068401926,0.11203093488427521,0.20013631864341971,3403935000000,
-0.02298388726377274,0.2543457589121418,0.20037607878703564,3403940000000,
-0.08759716600954227,-0.060405574023575374,0.20036652887803588,3403945000000,
-0.052999402958497824,0.16326746904074657,0.20002944474049505,3403950000000,
0.02115680809025485,0.3113276452567039,0.1998884849241481,3403955000000,
-0.05952005385903063,-0.02284422937108122,0.20010891012586365,3403960000000,
-0.01717121926428912,0.2385657104689885,0.19987149172128263,3403965000000,
0.11351949249262511,-0.024013271065007533,0.20019570757392827,3403970000000,
-0.0626665474828212,0.1336835182444183,0.19992484841862657,3403975000000,
-0.04014889692410016,0.2580601382507671,0.20014019976247197,3403980000000,
-0.08486243852654042,-0.021276464942260397,0.19983037080874913,3403985000000,
-0.04355789850431048,0.14582001838246428,0.20026375475294386,3403990000000,
-0.010181034320332858,0.2816446605289096,0.20011244450052112,3403995000000,
-0.10592258628782744,-0.0350275433390378,0.19997844919264338,3404000000000,
-0.09735351979057885,0.12458182973849084,0.19974973078396815,3404005000000,
-0.01823162580182903,0.2530910056043359,0.20034059846995275,3404010000000,
-0.10492331156578501,-0.016045801913461902,0.1999504401217915,3404015000000,
-0.025265387453896598,0.10533922043674478,0.20036302258926122,3404021000000,
-0.013138661937347473,0.2678438322918799,0.20021981266972982,3404026000000,
-0.05464938250175551,-0.070342413159618,0.19984433764474274,3404031000000,
-0.06602562448315524,0.15012971487845833,0.2002092351797129,3404036000000,
-0.027549739375401696,0.23114487708971376,0.19991191398326846,3404041000000,
-0.08274200301282288,-0.027807069698753982,0.199983331395569,3404046000000,
-0.06102284855077646,0.11499018326525237,0.200238429324769,3404051000000,
-0.03059861736112742,0.28662410411743205,0.20043155570176788,3404056000000,
-0.10677031458791349,-0.03949763560662195,0.19995302881581764,3404061000000,
-0.04482158208293091,0.13348816853097858,0.20009006005572988,3404066000000,
0.21925610160032274,0.2685363529188331,0.20006010640094593,3404071000000,
-0.08904606741987207,0.0020205684589823525,0.20034064729083853,3404076000000,
-0.03161174521032286,0.23111417063818604,0.20018401066464742,3404084000000,
-0.08420615647137646,-0.007020546680366874,0.19994357282620828,3404089000000,
-0.06144216971856377,0.14319712552366018,0.20028858574122274,3404094000000,
-0.009378255158077999,0.24948415242006441,0.20030100772162154,3404099000000,
-0.10650271333566645,-0.011687468600659369,0.1995064211267894,3404104000000,
-0.06844187252364944,0.12531573975564964,0.19989332271298488,3404109000000,
-0.018893809585546168,0.2608693758744208,0.20027979131507778,3404114000000,
-0.07283660717956744,-0.024215417395588596,0.20028574943877658,3404119000000,
-0.0713410432864581,0.12920285026191142,0.20033845826089966,3404124000000,
-0.026586745595016188,0.22966699987652864,0.19997333041362847,3404129000000,
-0.10001454378735591,0.020648469928244234,0.20017105139786925,3404134000000,
0.008891661750942526,0.24987959859968326,0.2003142477049175,3404139000000,
-0.08287027305198474,0.021135967648693372,0.19993780911921916,3404144000000,
-0.07106222460734048,0.13044546848160546,0.20005878716130915,3404149000000,
-0.044513510164818276,0.2345463710416348,0.19990966564881607,3404154000000,
-0.08151943114452428,-0.03351264700181401,0.20068732605901124,3404159000000,
-0.04007261681750948,0.15534628298007686,0.2004376581617833,3404164000000,
-0.0356777075112846,0.129228957443705,0.19997993167892544,3404169000000,
0.1404772942251346,0.13037879942465733,0.2001880023400084,3404174000000,
-0.013965996732046885,0.27376717751707474,0.20035749996862937,3404179000000,
-0.10276651055525998,-0.00339824347391849,0.20006973707821005,3404184000000,
-0.04884473975784893,0.14323416594046523,0.2001743424734837,3404189000000,
-0.01666498796639248,0.2295967983487826,0.19961453058819478,3404194000000,
-0.07585238282315335,0.0217227618345597,0.2002950609691729,3404199000000,
-0.048858933888096576,0.22553942821208814,0.20026516009860565,3404204000000,
-0.06081982520068274,-0.019306214706819532,0.19999343036355677,3404209000000,
-0.061329334894101965,0.138029758220714,0.2000840920892787,3404214000000,
-0.04794495493920306,0.261255592745061,0.19999696295278308,3404219000000,
-0.11678898346829736,-0.04150451002415518,0.199753634496245,3404224000000,
-0.06947668703244798,0.11587405878150192,0.20028017702234874,3404229000000,
-0.05933494578119457,0.10833763718142461,0.1999154238758235,3404234000000,
-0.08440715938723399,0.13263808397877205,0.20063780654545155,3404239000000,
-0.04465940539461516,0.23317759336455407,0.20037412786059938,3404244000000,
-0.0891710795979161,-0.0317811929667655,0.20015987506838903,3404249000000,
-0.041869832290719805,0.12482191934052478,0.20060106044450352,3404254000000,
-0.012801695815514182,0.24098971079835493,0.1999930651575805,3404259000000,
-0.10890694776186664,-0.008973414675153288,0.2001664559604436,3404264000000,
-0.04303222477757056,0.22143400916924208,0.20030308308465475,3404269000000,
0.10208145759143145,0.012891702513449923,0.20024110784754726,3404274000000,
-0.04408444921212121,0.1405517566436983,0.20009884569677366,3404279000000,
-0.04317382922443635,0.2711549454138756,0.19998805809832787,3404284000000,
-0.10154221899770827,-0.022161562894512342,0.19994090081290825,3404289000000,
-0.039865237305741624,0.12863938075955564,0.2001875999224434,3404294000000,
-0.01268917827211446,0.25431764910592414,0.19979418355272635,3404299000000,
-0.09427047203154276,0.0004000768237867082,0.20005090233378472,3404304000000,
-0.035794843381277267,0.12031232995354643,0.20030456754991852,3404309000000,
-0.015925150524835813,0.10931412126007704,0.19979927381363038,3404317000000,
-0.0411378780576496,0.18757702023320347,0.20016124317584763,3404322000000,
-0.09088602429055757,-0.01793618640453852,0.20011969392192877,3404327000000,
-0.05642295832055224,0.14087827389321175,0.20005573915686722,3404332000000,
-0.020217574495655057,0.24390780970262388,0.19993347770212694,3404337000000,
-0.11594199094891391,-0.05516720896890091,0.20041588049249792,3404342000000,
-0.04562445164838082,0.11008182588023253,0.2001719637497655,3404347000000,
-0.041811365713671375,0.2560686233218298,0.20034607624348194,3404352000000,
-0.07868508154081232,-0.024174780469495803,0.20024919875255248,3404357000000,
-0.047861058532504296,0.13250376879306772,0.1996202690179993,3404362000000,
-0.018400098292772088,0.2216494635297963,0.19985533839786654,3404367000000,
-0.05923805063031988,-0.03296198958401709,0.2000459809106537,3404372000000,
0.15861684673106713,0.1258562186637046,0.20038357362301487,3404377000000,
-0.019829941008496166,0.2700564159658101,0.19987839503523858,3404382000000,
-0.10034756399839731,-0.05433780444500863,0.200493730258387,3404387000000,
-0.06623440203600864,0.144549829308112,0.1997470443982407,3404392000000,
-0.015430552370009681,0.2655750797825026,0.2000712379225069,3404397000000,
-0.0885353528228278,-0.0206158232696657,0.20024197032701607,3404402000000,
-0.0645502533147219,0.15360955928091188,0.20010533405789724,3404407000000,
0.0017574085027643183,0.22218184316511447,0.19995294967334898,3404412000000,
-0.077337363689512,-0.05442962707518623,0.20024859878393483,3404417000000,
-0.036039908264781165,0.1243577614732538,0.20012207031411047,3404422000000,
-0.043104538902603504,0.13656813271065596,0.20000433682503527,3404428000000,
-0.08640328616043388,0.11293601285593932,0.2001600249804372,3404433000000,
-0.01177628313553289,0.26984104832720834,0.20020799482909504,3404438000000,
-0.09340896405235613,-0.01984935177404786,0.19966832474832166,3404443000000,
-0.0714700314829031,0.13572499861600307,0.20013700875965001,3404448000000,
-0.007402533953008614,0.26640455437076926,0.19990189234741063,3404453000000,
-0.08962993002146498,-0.025229946287701248,0.20005610042133773,3404458000000,
-0.02691465184022007,0.27324448446802996,0.20022365315106688,3404463000000,
-0.0720945706926478,-0.03116088685529545,0.20010745088800622,3404468000000,
-0.07580177795954852,0.13167385071645624,0.20041189561891162,3404473000000,
0.04472183197626371,0.13398785303359131,0.19985893728713028,3404480000000,
-0.06670445460270591,0.11336419531436616,0.20051543629527627,3404485000000,
-0.0008325728873948834,0.26782973997361476,0.2000080025022844,3404490000000,
-0.08735700758442942,-0.021697821157579275,0.20004871456236026,3404495000000,
-0.0800597836671339,0.11882375635589756,0.2001230162836682,3404500000000,
-0.022846489348036476,0.22395744115437055,0.20025193841646932,3404505000000,
-0.11555802716761657,0.026085603135737254,0.20043335813599847,3404510000000,
-0.01098043283279084,0.26184847620625373,0.2002669423930083,3404515000000,
-0.07561909959738522,-0.021906194804447894,0.19966154675831366,3404520000000,
-0.04624838362662658,0.11427605921829903,0.20010235240679716,3404525000000,
0.01018325029531195,0.24321761782906226,0.1997245058151594,3404530000000,
-0.04796094261262356,-0.027918515671394563,0.1999713778542838,3404535000000,
-0.07023581263555329,0.12104611449774717,0.20035430022832598,3404540000000,
-0.022262848547028313,0.08536850658184444,0.19985563105088572,3404545000000,
-0.08645670691753897,0.11845210844698559,0.2002150423982891,3404550000000,
-0.021406246520534924,0.25207360250307936,0.20009629113037175,3404555000000,
-0.09255324973546558,-0.018462635194348966,0.19985995727826783,3404560000000,
-0.03503440821984834,0.20358950620766836,0.20031018096545658,3404567000000,
-0.10094302833380735,-0.026185029967025424,0.19978454579118501,3404572000000,
-0.06689301186842846,0.1175981529987629,0.20015821333557324,3404577000000,
0.18655968334739184,0.2701092238551368,0.20031008303720355,3404582000000,
-0.06611694367196569,-0.00011779361250601264,0.20022371574136077,3404587000000,
-0.05482242040942803,0.12527637260803925,0.200297350552046,3404592000000,
-0.02351484382014204,0.24833499327319558,0.20018402916527153,3404597000000,
-0.07478369444888865,0.023374068522834156,0.20048667579176024,3404605000000,
-0.04387029517269282,0.22818475661837032,0.19994539254931776,3404610000000,
-0.0834890076444047,-0.017912807756672575,0.19992792338573032,3404615000000,
-0.05202617148553829,0.11463584783375202,0.20011836037086922,3404620000000,
0.01203269288116026,0.2645393809750224,0.1997838579177072,3404625000000,
-0.09455301334546964,-0.02846818602231648,0.1997331553883085,3404630000000,
-0.06359819701448555,0.2240926908947208,0.20016710701674992,3404635000000,
-0.10143263214911655,-0.0646456747552336,0.20047422004790547,3404640000000,
-0.06530150218123863,0.13643635664827186,0.20052250651645104,3404645000000,
0.19181620955130443,0.21981225620536995,0.19987511178636583,3404650000000,
-0.08207306641695528,-0.0487554966552196,0.1998305846757514,3404655000000,
-0.04071206945259083,0.14090901760108923,0.20018635465547704,3404660000000,
-0.025190967375640465,0.27409525644361066,0.2004137507183555,3404665000000,
-0.12302376450619426,-0.018690050836977067,0.1999659448048718,3404670000000,
-0.002922956478026902,0.2517814243610512,0.20029654336847574,3404675000000,
-0.09564735045419834,0.008784171742943665,0.20030518543014478,3404681000000,
-0.06862591097105093,0.13774956397363536,0.20037216974552294,3404686000000,
-0.0313427784742885,0.14385576420788865,0.19999218318034334,3404691000000,
-0.04314796866732264,0.11374122443616111,0.20008649584304422,3404696000000,
0.019118871244324334,0.24800658438719858,0.20006737022426824,3404701000000,
-0.07434858202987489,-0.01739462642194893,0.19967582724566743,3404706000000,
-0.07562834684420168,0.12438736641062338,0.20016940303969152,3404711000000,
-0.03129578421850921,0.2682501357412591,0.2000263740674017,3404716000000,
-0.05187811388641886,-0.02617288025674331,0.20039821041990594,3404721000000,
-0.053572019039569624,0.13031785994843462,0.20031601542680313,3404726000000,
-0.03739466732450204,0.1527832515796508,0.1996030223273793,3404732000000,
-0.042868424003865986,0.10099477851625148,0.2002353092011229,3404737000000,
-0.057826317505830005,0.12638096547608027,0.20037771374824284,3404742000000,
-0.006965517669165458,0.2826299948183262,0.19987417207891517,3404747000000,
0.10235207211934495,-0.0625860347679654,0.19971654520369195,3404752000000,
-0.04590587973992265,0.10005020662677411,0.1997101744731831,3404757000000,
0.006465190986523241,0.25888622951559964,0.20015689629690492,3404762000000,
-0.04496530968608741,-0.015606520280908955,0.20033450918815396,3404767000000,
-0.0613333313797712,0.10000355642523115,0.20041885777185225,3404772000000,
-0.0866282204919601,0.10731625272417375,0.1997361167725674,3404777000000,
-0.08378658722904489,0.14820005969669253,0.20036934309381696,3404782000000,
-0.007067245942278583,0.26320132762169407,0.2002758985780202,3404787000000,
-0.0999809346534284,-0.03116314126131922,0.20023213323200265,3404792000000,
-0.05496874086486108,0.12153053789578512,0.20010736557574363,3404797000000,
-0.08093864230820222,0.1700679911233642,0.20007495161862432,3404802000000,
-0.07806621171905942,0.10832455089673845,0.20033511802771506,3404807000000,
-0.04138893177263092,0.25821862669504425,0.2003012333179327,3404812000000,
-0.1005257202290968,-0.04624354652725027,0.19970776489502867,3404817000000,
-0.04468716672225471,0.14378690305540576,0.20043325870945305,3404822000000,
-0.031933595827217595,0.11800502196345806,0.20015859706364184,3404828000000,
-0.0972322823852459,0.10201986022043548,0.20044936011582282,3404833000000,
-0.021274819330503167,0.2942756366188898,0.20047741320211535,3404838000000,
-0.055188676670316315,-0.019798462671629852,0.20015004764499467,3404843000000,
-0.056555835507872805,0.12976798108490697,0.20015523568500912,3404848000000,
0.1784208005029499,0.2658369245183162,0.20002767790636436,3404853000000,
-0.09348872323793794,-0.025547285628312155,0.20021121261179045,3404858000000,
-0.06161218232166468,0.13666096634667324,0.20011436641624322,3404863000000,
0.0004945534104200087,0.26182291141322384,0.19995679750696274,3404868000000,
-0.08123533613662494,-0.011416883525403333,0.20048762518247315,3404873000000,
-0.002027226825088182,0.28258964869918896,0.20006010409216407,3404878000000,
-0.11648657306301352,-0.05202153857151204,0.199876593880874,3404883000000,
-0.07922048481929764,0.1458785823405284,0.20043309683827262,3404888000000,
-0.017779880143310136,0.23872864718287312,0.2000264439424939,3404893000000,
-0.07131093452119874,-0.034790173196472776,0.20003143355056194,3404898000000,
-0.06157175369600757,0.13435171517846708,0.20063630823929748,3404903000000,
-0.01893726702485167,0.2365231696778989,0.1997202990850632,3404908000000,
-0.0926722649795098,-0.016115065562440512,0.20034663969141128,3404913000000,
-0.016860333894742983,0.26548049376415617,0.20005785357764386,3404918000000,
-0.061126138945665424,0.032174027009754406,0.20037216738960628,3404926000000,
-0.013723783520621646,0.294689069206975,0.20023555957975256,3404931000000,
-0.08277545038386076,-0.018215590408234124,0.19965913666732052,3404936000000,
-0.035777165188330295,0.14935052349418088,0.20015417122025772,3404941000000,
0.004637163614012632,0.24861080015515585,0.20041767881677836,3404946000000,
-0.08290638637818648,-0.008899170066642623,0.19957309871473092,3404951000000,
0.14650515757534824,0.11811098251728414,0.2003672031515752,3404956000000,
-0.06469524408277497,0.12200010791540909,0.1999434400495605,3404961000000,
-0.07559851791993594,0.1177991158410874,0.20024606097921707,3404966000000,
-0.009824503768774093,0.25192983365031585,0.20021547697104522,3404973000000,
-0.06272759817859698,0.04460009377926587,0.19984691352523976,3404978000000,
-0.07164441543048122,0.11793225498872305,0.2004146129065454,3404983000000,
-0.013862731640298743,0.23906088233701434,0.2000266413763234,3404988000000,
-0.08824597963409792,-0.02229832815928083,0.20002574998215583,3404993000000,
-0.020730082390307145,0.24608009339952638,0.20043184062232336,3404998000000,
-0.08660127908162857,-0.04521915886855424,0.19996088697273318,3405003000000,
-0.05463523762266581,0.1423467344749511,0.20038289196508535,3405008000000,
-0.021847322435208816,0.2534578467142446,0.19981059395079837,3405013000000,
-0.0905644038264043,0.03437860736459608,0.2003270286992504,3405021000000,
-0.01669084949674624,0.2883049747636102,0.20028069478162575,3405026000000,
-0.08988563142944814,-0.005537631737740568,0.20068901856852375,3405031000000,
-0.03955316831689361,0.2564008052387807,0.2003272142964642,3405036000000,
-0.09872044053175094,-0.004406210233006731,0.20036281117024282,3405041000000,
-0.07186461582093302,0.13097333777473566,0.20041135375427516,3405046000000,
-0.039795499055650205,0.2578376093432883,0.20004858794398064,3405051000000,
0.10748644649739549,-0.0049600783952266254,0.20027741233386548,3405056000000,
-0.07248969524329536,0.11697231399876008,0.1999932837204757,3405061000000,
-0.06501286626092061,0.083084662451049,0.19998940992516515,3405067000000,
-0.05099931758628217,0.10935308136833058,0.20049996501361209,3405072000000,
-0.026979757509581547,0.2811878002099528,0.19988718196363234,3405077000000,
-0.12356077861516739,-0.011800851058115713,0.2004189925889401,3405082000000,
-0.050715258073996336,0.09937637714130662,0.2000033547408706,3405087000000,
0.003621714163161014,0.28852528213752926,0.19974568706137077,3405092000000,
-0.12537325025383572,-0.000945301563013267,0.19983098239618907,3405097000000,
-0.03952290756905908,0.11262764659951102,0.2002687313128371,3405102000000,
-0.05900145246347573,0.138689594009254,0.19969377912524286,3405107000000,
-0.05687334313913853,0.09413083925095156,0.2004616624703284,3405112000000,
-0.024950831805184034,0.23118695441393994,0.2001436337304092,3405117000000,
-0.10744044021448594,-0.07897783123835428,0.20013741348787825,3405122000000,
-0.059088270225755544,0.16790845868626345,0.20065859440670053,3405127000000,
-0.03773182907322946,0.12111533208716808,0.19988086855908313,3405132000000,
-0.06286121056465888,0.1115192118655894,0.2001062614904519,3405137000000,
-0.009338307513495016,0.2650383019824985,0.20041448435971965,3405142000000,
-0.08538105974947922,-0.04017630209358826,0.20004374394554345,3405147000000,
-0.058008803784140875,0.10966032135198427,0.20036856561992036,3405152000000,
0.13011425089596892,0.27340241117031133,0.20034009107117107,3405157000000,
-0.07967318591185657,0.015925713676880636,0.20033380254602012,3405162000000,
-0.06297863825842172,0.12281527802844867,0.2006864217537037,3405167000000,
-0.049243206617983,0.13418516492154,0.20015864350348764,3405172000000,
-0.018945587820552688,0.1027836697492072,0.20000133208543816,3405177000000,
-0.03888994631066729,0.26881742027311556,0.20007336950968768,3405182000000,
-0.11265607728497283,-0.036352092842407716,0.19995974636406239,3405187000000,
-0.07176261501684411,0.10232554969672764,0.20005476815538067,3405192000000,
0.012086657936282948,0.2471332633295108,0.20012139497961087,3405197000000,
-0.09739749088721825,0.00025951295680651243,0.1998714457860252,3405203000000,
-0.02862376933591973,0.2455855371707512,0.20021217135748046,3405208000000,
-0.09925274552494442,-0.04140588141401805,0.19985456051885975,3405213000000,
-0.039843382703701774,0.12053917375435313,0.2001342000799975,3405218000000,
-0.021728474077645735,0.271631430545062,0.19987440094328046,3405223000000,
-0.08756248410529219,-0.05895563911435245,0.2003133636066383,3405228000000,
-0.05364403497744004,0.13409866369501858,0.20041490329095343,3405233000000,
-0.0206769842330337,0.26493622298282915,0.1999833066261575,3405238000000,
-0.09570373607322728,0.017021654534912833,0.1999938019819637,3405244000000,
0.018821067068181603,0.24936368230148434,0.2002694796727882,3405249000000,
-0.09024442287720268,-0.021578695262209853,0.2000955588074011,3405254000000,
0.08315827795654163,0.12993298991512683,0.20004469034635236,3405259000000,
0.0051366980119828595,0.23354478178357818,0.20020685948714395,3405264000000,
-0.09457240231081938,-0.010772127783687635,0.20007940767731514,3405269000000,
-0.05489590100728982,0.27004572280972244,0.20016184306856236,3405274000000,
-0.09030090363652024,-0.025614718877652373,0.2004094979527091,3405279000000,
-0.06583469839590336,0.13008299241357066,0.20020254555688746,3405284000000,
-0.04936488038482842,0.2106482490498496,0.19975918992515976,3405290000000,
-0.11575708206178108,-0.054820202359362816,0.19990633016724269,3405295000000,
-0.08192314041472494,0.14204969967628447,0.20023868738099515,3405300000000,
0.006195182452749026,0.26830314991790566,0.2000673074935417,3405305000000,
-0.08565361156889192,0.0018875467709241756,0.20014865560907383,3405310000000,
-0.03284705364230401,0.14438933848077473,0.20029192746783925,3405315000000,
-0.03635964635752348,0.24410754907749527,0.2003323796678731,3405320000000,
-0.1164088618731696,-0.0799905978585203,0.2001722127974314,3405326000000,
-0.07299684585066735,0.12735115708868422,0.20035777548690117,3405335000000,
-0.03850863790694861,0.12996202713746013,0.2003596882299791,3405340000000,
-0.004780085202177669,0.30526360563950033,0.2001226303858675,3405345000000,
-0.08601613926293523,-0.05926302515456545,0.2002920288672618,3405350000000,
-0.05124179928898335,0.09934412279285337,0.20025833999671003,3405355000000,
-0.006440188743717993,0.2314406355504114,0.19992182615973203,3405360000000,
0.09190810354095347,-0.01887668777431643,0.20001413455078515,3405365000000,
-0.0400704060563251,0.24323603097555418,0.20038523719088344,3405370000000,
-0.10064430609298974,-0.023753996932183028,0.20023611861619686,3405375000000,
-0.03599278798755424,0.149013956145878,0.20023347697102922,3405380000000,
-0.033042902682202245,0.24770360799424013,0.19996357197858144,3405385000000,
-0.08358483737774909,-0.05231995248782244,0.20007294338096845,3405390000000,
-0.07199760244955962,0.12937513255467029,0.2002440916521387,3405395000000,
0.0010532489981402472,0.24510671769722697,0.19995267655438362,3405400000000,
-0.07293360748790877,-0.041030134753400845,0.20002941278889846,3405405000000,
-0.018046404369876916,0.2490734375342146,0.20038674551397057,3405410000000,
-0.0803599400425883,0.000889788729124005,0.2001134534322498,3405415000000,
-0.024448368318559947,0.13085101922816278,0.20045138085599093,3405420000000,
0.022021374235088285,0.2838591691662553,0.2000698189838706,3405425000000,
-0.10778037340032776,-0.05802923974408763,0.20015463419460736,3405430000000,
-0.057810762591393866,0.16694127518914612,0.2006617367307912,3405435000000,
-0.04561240234468545,0.12559203586660522,0.19971511805882572,3405442000000,
-0.06295654667794662,0.10887983180651035,0.20011504427691282,3405447000000,
-0.023553579688436566,0.25392250511497044,0.1998736727448231,3405452000000,
-0.11051404693412227,-0.031592766147606303,0.20028509160299587,3405457000000,
-0.05472734676810629,0.1262891548085756,0.20012702077340333,3405462000000,
0.16319739300105113,0.2530774015819583,0.20006977225019884,3405467000000,
-0.13034104443942368,-0.029818132183080444,0.20035760005004102,3405472000000,
-0.06620045981614069,0.14131142674167207,0.2002121133678877,3405477000000,
-0.039625297701795355,0.12851315549325784,0.19996644034690728,3405482000000,
-0.07143350776508435,0.12969247547924623,0.20050023856187427,3405487000000,
-0.027775385986631672,0.25601528488082514,0.19994988177460182,3405492000000,
-0.07171103880027174,-0.02809398408055625,0.19998501665659793,3405497000000,
-0.05236840284609049,0.10192743945998997,0.2002811012030741,3405502000000,
-0.026967492465692553,0.2569671169106749,0.19948477517368843,3405507000000,
-0.11009410678665088,-0.013555653871634925,0.20025594694875948,3405512000000,
-0.04526113913468617,0.136687374056741,0.2003280963662798,3405517000000,
-0.06346205708393243,0.09286233403877588,0.20004817820684812,3405522000000,
-0.045283354463063794,0.10155000476942228,0.20026746021327188,3405527000000,
0.013862467110204946,0.2803894501879256,0.19984565977777288,3405532000000,
-0.10350507956476392,-0.019283417040974006,0.20020800297880428,3405537000000,
-0.022366026137906288,0.1292789436274401,0.20015718914760486,3405542000000,
-0.04550552289165417,0.14142928135518207,0.2000732840030252,3405547000000,
-0.08926046485978975,0.11586716240594508,0.2004301661407935,3405552000000,
-0.04560001564743493,0.2098772531172169,0.19980074284731156,3405559000000,
-0.09614707652784145,-0.05570547592680242,0.1997207854524519,3405564000000,
0.13182069959975798,0.14342691919612308,0.20001639271404992,3405569000000,
-0.002448121804199477,0.27480206347527386,0.2000871508633939,3405574000000,
-0.09845111398945725,-0.01899295181979016,0.20050265369920878,3405579000000,
-0.020052778901623776,0.27744307475523444,0.20026926106674722,3405584000000,
-0.08304988698053495,-0.02882187620388964,0.20039021300803853,3405589000000,
-0.05528667828714634,0.12163254034174244,0.20020097567657763,3405594000000,
-0.05148600823550247,0.2790146013972013,0.2001336557363357,3405599000000,
-0.09488711620518964,-0.031308999517715014,0.2003438989056093,3405604000000,
-0.04731574987190424,0.14257028510858774,0.20025345773476577,3405609000000,
-0.04986574951890338,0.09587142036604446,0.20045596575073293,3405614000000,
-0.07019376528853566,0.10821013338711072,0.20023067189253077,3405619000000,
-0.0008838925817067772,0.28983334551083295,0.20024860062046382,3405626000000,
-0.0585595476037158,0.03429448923529023,0.19990127880410255,3405631000000,
-0.023016086808905697,0.2522219136070758,0.20046106191727678,3405636000000,
-0.0809410572853684,0.0016357972947656022,0.2000893882556634,3405641000000,
-0.06469120000487975,0.13850389345788464,0.20018425465925047,3405646000000,
-0.0349962224003577,0.24995232480720606,0.20008652444482627,3405651000000,
-0.07487117480871869,-0.03904716339295364,0.19982905353053435,3405656000000,
-0.0738414560493431,0.1176814765049436,0.20003119553639756,3405661000000,
-0.0152374785309577,0.2639442886990007,0.2003034188149299,3405666000000,
0.11974846187426559,-0.03183111784818821,0.20015375623892107,3405671000000,
-0.05207746411764114,0.1060099467144266,0.20064341520244727,3405676000000,
-0.05077242077830659,0.11823905285281225,0.20015852611685864,3405681000000,
-0.07650592307291457,0.10586880392468617,0.19993485437147246,3405686000000,
-0.0031656998126946686,0.3041262939220228,0.20050259392058994,3405691000000,
-0.1071724465188762,0.002960353320716475,0.20021151350537061,3405696000000,
-0.04315027858715949,0.12048393823352879,0.20054120812738677,3405701000000,
-0.009498092410345505,0.24426877849614415,0.1998896287460153,3405706000000,
-0.07334722303120438,-0.00958616124346423,0.20039166692505997,3405711000000,
-0.05502945775919778,0.10436537452725098,0.20050439924174546,3405716000000,
-0.05486694116765024,0.0905385972883363,0.19998286922656175,3405721000000,
-0.054277951478918965,0.09988403539110863,0.200260221960388,3405726000000,
0.006580168518275805,0.2567165081353724,0.20038286721936227,3405731000000,
-0.08935450426469525,-0.022096532252613564,0.199879158002405,3405736000000,
-0.06276265640139748,0.13361232539235035,0.20025995737176924,3405741000000,
-0.06122336351875222,0.2552955645660495,0.20005893664515156,3405746000000,
-0.07795694291678154,-0.0114631503551888,0.19995062465109237,3405751000000,
-0.0402387273042639,0.13293951402682747,0.2000913043102734,3405756000000,
-0.04399125813614893,0.16994042877793739,0.20019126134080828,3405761000000,
-0.059330873816369034,0.10099544348045772,0.1999806188665107,3405766000000,
0.15447729889873474,0.2574112534599968,0.20013348362903838,3405771000000,
-0.10278052876461359,-0.029569154360592133,0.1997937820135032,3405776000000,
-0.04372366309588555,0.13665957738747928,0.20057572570293813,3405781000000,
-0.01839205915872903,0.26152425742914737,0.20005337012167704,3405786000000,
-0.07140499671765348,-0.03486511116601966,0.2000354944077072,3405791000000,
-0.0656692941280142,0.12574711596982088,0.20030605245372365,3405796000000,
-0.04328892914565375,0.113345204905706,0.2003136061258128,3405801000000,
-0.06284595257674995,0.10704132347395678,0.19980581369984213,3405806000000,
0.002475648013185741,0.25602715324908004,0.19997245717861747,3405811000000,
-0.10999494686366432,-0.04369848347596284,0.20002841477229658,3405816000000,
-0.05554689624112971,0.13256341389074622,0.20022204986237147,3405821000000,
-0.0622393115604019,0.14640137486338578,0.2000341432942626,3405826000000,
-0.08101294266981217,0.08929311450874793,0.20021755726048204,3405831000000,
-0.03803014128076375,0.25910805808009224,0.20005665569275502,3405836000000,
-0.11234689398203485,-0.05655344803287993,0.20040814097688786,3405841000000,
-0.05512889224553647,0.14861441941680328,0.20045755226194004,3405846000000,
-0.015065891311204322,0.24776408495492044,0.19983235755184256,3405851000000,
-0.1447324400010072,-0.03699822227414722,0.20005230750118608,3405856000000,
-0.004917791993743113,0.2557903435320622,0.20014538486563097,3405861000000,
-0.07413298218102851,-0.02296437498650144,0.20002606994870878,3405866000000,
0.11803284211948524,0.10344354751176764,0.20032446009822694,3405871000000,
0.016402794048906332,0.2536456165006587,0.19957378472789042,3405876000000,
-0.11857939744873949,-0.04331841078210617,0.19998728812154823,3405881000000,
-0.06061628876899086,0.13394267706757942,0.20013021417494148,3405886000000,
-0.00420204396562408,0.25038792086983386,0.2001700902472603,3405891000000,
-0.06972203660957402,-0.06155644362429081,0.20041225773880877,3405896000000,
-0.034982127093245795,0.22035676193588016,0.2001542755750788,3405903000000,
-0.07660035773398303,-0.10850584100051217,0.19985204243836374,3405908000000,
-0.06223404724986436,0.13326322319685135,0.2002607783388758,3405913000000,
-0.04636066446449073,0.2671541160881712,0.2000866569866828,3405918000000,
-0.09950291986941288,-0.01586487103501491,0.1999492384787504,3405923000000,
-0.04737714386359872,0.1307252160227543,0.20021421594018168,3405928000000,
-0.018999745513880027,0.3054586074447342,0.2001548513668455,3405933000000,
-0.10777788316171438,-0.012914239655233943,0.20017090928594178,3405938000000,
0.1643100937912376,0.1568643593525934,0.20018350101706842,3405943000000,
0.01627078765603449,0.23561120302403604,0.20005890963862633,3405948000000,
-0.08218277287345546,-0.028067711361036623,0.20041458611916224,3405953000000,
0.006838479777399067,0.23430679086382003,0.20035083545167465,3405958000000,
-0.09514051202676843,0.014098406413023101,0.2001354417022225,3405963000000,
-0.08537602000928696,0.11149297822896999,0.20010511423739957,3405968000000,
-0.04669475129948538,0.09667648290126055,0.20023137646100275,3405975000000,
-0.040576937895747844,0.09081965755748987,0.20018207904761107,3405980000000,
-0.06871556734994962,0.1218347292271327,0.20001183741208106,3405985000000,
0.00274381273278608,0.2757992579657319,0.2000152378647471,3405990000000,
-0.0960296179363046,-0.06422548934959935,0.20006884968738647,3405995000000,
-0.07500649674003676,0.12027154857477132,0.2001738168504187,3406000000000,
-0.0005898215744408845,0.2601392970564598,0.20004549396458246,3406005000000,
-0.10604046622091329,-0.030353721348724348,0.20039687864294303,3406010000000,
-0.019946954593806254,0.2718851276887708,0.20056071469622463,3406015000000,
-0.10685449160974672,-0.03279432172087557,0.20030259659814395,3406020000000,
-0.05404959757914895,0.11347025061149585,0.20006320588914675,3406025000000,
-0.011772797402097657,0.2871285461161122,0.2001324296702023,3406030000000,
-0.08133287769275513,-0.02210326939099107,0.19997886082586014,3406035000000,
-0.061050550923000976,0.1355446039817978,0.20020789707746786,3406040000000,
0.13026514244524087,0.10291251526293321,0.19972891102352777,3406045000000,
-0.07185937429930087,0.13023006029141035,0.19999803214550352,3406050000000,
-0.015512429345114901,0.25862956734023435,0.19993487298553042,3406055000000,
-0.12025811484128497,-0.0397921416778448,0.19969364113598767,3406060000000,
-0.03967539915482457,0.1590053582401613,0.20023108599598244,3406065000000,
-0.005552597134816265,0.25479286873324797,0.20008697714491602,3406070000000,
-0.1039426656647204,-0.003190466550652339,0.20009022355789732,3406075000000,
-0.010818568282630406,0.14731010247011303,0.20029467057217273,3406080000000,
-0.0378070962140418,0.26561227683902344,0.2001600820694148,3406085000000,
-0.09392408321358549,-0.049748553734601436,0.19989808554068425,3406090000000,
-0.03275139861845554,0.2745112293877386,0.1998619703436993,3406095000000,
-0.07734831484554171,0.00023447801583541955,0.1999397991783789,3406100000000,
-0.04200232892163726,0.1553832349189757,0.20014683677516132,3406105000000,
0.0015252001314732463,0.25067183987898733,0.2001366184534277,3406110000000,
-0.10109602783267879,-0.038228300711923006,0.20021024114982397,3406115000000,
-0.043785479547531425,0.13895244683985963,0.20007007882064004,3406120000000,
-0.030588728405617636,0.12300281820720045,0.2000109607342001,3406127000000,
-0.04694316676978458,0.1557203456065923,0.20019167291354603,3406132000000,
-0.04549879611999047,0.26677572493652524,0.199926703173397,3406137000000,
-0.06198718291735246,-0.056769755686503845,0.2002048001354001,3406142000000,
0.18971136738132888,0.2743858179963103,0.19996427711558304,3406147000000,
-0.07848467090460576,0.014236219731417778,0.19977318833838717,3406152000000,
-0.042156520310366735,0.11357357765582202,0.20021547747046922,3406157000000,
-0.02803633067649531,0.2442561552095075,0.20016020295991432,3406162000000,
-0.1175505355622746,-0.023280298542674112,0.19995885695825721,3406167000000,
-0.08771823557895954,0.1410228040761038,0.2003228787187882,3406172000000,
-0.015407360244320456,0.25709735367830205,0.20007292335718616,3406177000000,
-0.08936648482777998,-0.019802258254888027,0.20019740853836193,3406182000000,
-0.04276066426168476,0.26145313668840703,0.2003192487705796,3406187000000,
-0.08740609444920122,0.006578752342478081,0.19982592345652425,3406192000000,
-0.06467408174410051,0.12265225333322638,0.20009949488382636,3406197000000,
-2.583188197387981e-05,0.293653964088045,0.20029370350122544,3406202000000,
-0.09869218735634513,-0.026646874398933644,0.1997174725149215,3406207000000,
-0.03162399916550915,0.13516636321262496,0.20030301424517097,3406212000000,
-0.008816736200262057,0.2643469533773152,0.20026701232317318,3406217000000,
-0.08804927565096211,-0.016591970127209154,0.20018116258781543,3406222000000,
-0.011085047699486577,0.252347078976776,0.20020618990967518,3406227000000,
-0.0716715250050303,-0.038913746537069305,0.20020195123725318,3406232000000,
-0.059443101833798036,0.13413475124694413,0.20034033454971875,3406237000000,
-0.007256368542953572,0.29563231110079674,0.20004035251238345,3406242000000,
0.11920350657159944,-0.03437884098753829,0.1998863820849209,3406247000000,
-0.0688586769866865,0.13700896342986063,0.20048060281443264,3406252000000,
-0.0250812464812709,0.29229092741830304,0.200244571984269,3406257000000,
-0.07894085444227103,-0.044689583500019774,0.20023171612677398,3406262000000,
-0.05134262969708865,0.15536904194420612,0.2003364468769782,3406267000000,
-0.05189475801511359,0.12153444510327736,0.19997962582500423,3406272000000,
-0.05160601710930046,0.10606088574538713,0.20014496424711564,3406277000000,
-0.02561457613121406,0.2866460299319812,0.2001794834931717,3406282000000,
-0.11644386926260392,-0.030737928143446676,0.2002628080775353,3406287000000,
-0.056548859657442496,0.15024621196792157,0.20041266899664428,3406292000000,
-0.00814765866197969,0.24009509141601015,0.20005724307838463,3406297000000,
-0.12957613082262318,-0.009746681489412096,0.19987947432581588,3406302000000,
-0.009091683773158731,0.26086068966897685,0.19994463565224663,3406307000000,
-0.07052495773303015,-0.018311065886571175,0.20006917247389824,3406312000000,
-0.06846776975862681,0.12868910573873,0.20019273978577778,3406317000000,
0.0012033946600370597,0.2519660571430901,0.1998854404806144,3406322000000,
-0.07959010308484563,-0.01847595840186505,0.20004705928363656,3406327000000,
-0.06041407987590867,0.15173121548488222,0.20037199838727981,3406332000000,
-0.08438442946684101,0.14074264861422683,0.2003256194879225,3406337000000,
-0.06634866992654632,0.0939042290646851,0.2003429012554812,3406342000000,
0.17123942823061986,0.2728447185740319,0.20014150383479737,3406347000000,
-0.04835647597579615,-0.021642855034178538,0.20018621474931392,3406352000000,
-0.06848901150581142,0.11998127664258303,0.2002485461152305,3406357000000,
-0.013678804745782707,0.23197885298654472,0.20002892185335505,3406362000000,
-0.08319947858345597,-0.03745127431945385,0.20036824329395347,3406367000000,
0.015987904447943097,0.2682200706671928,0.2001482765869061,3406372000000,
-0.08088663987833954,-0.014823086390233314,0.20009689293449556,3406377000000,
-0.06425305034339773,0.10802277592142778,0.20015317623475573,3406382000000,
-0.018655601972085323,0.24779965912573354,0.20074673840307164,3406387000000,
-0.05380805513553057,-2.4579733532838904e-05,0.20036816101805238,3406392000000,
-0.05181713533154704,0.13023494636457988,0.20046430917077546,3406397000000,
-0.02731609311720102,0.22544413694277027,0.20003577474679085,3406402000000,
-0.06633813283360977,-0.026659084832159,0.20035285122039492,3406407000000,
-0.02367574847515582,0.23671054455406879,0.19956880196967103,3406412000000,
-0.06518771371752233,-0.004648685813299561,0.20018023259949835,3406417000000,
-0.05078452688705477,0.0993242797218956,0.20030398254230544,3406422000000,
-0.03463649090357097,0.24641931889494145,0.20025412374904775,3406427000000,
-0.05509453346909698,-0.00250080728034641,0.20000909396197344,3406433000000,
-0.050210790305897875,0.1442445053976947,0.20013429460316381,3406438000000,
-0.05962326117514528,0.25638833127083915,0.20005471567437683,3406443000000,
-0.0823735916792738,-0.03614122234891958,0.19993326686532822,3406448000000,
0.17423069471932814,0.14013304393802767,0.2003607544400907,3406453000000,
-0.03450279575954271,0.26729403564915555,0.20059728061413043,3406458000000,
-0.0652583710702903,-0.05059122869633186,0.20013267389129347,3406463000000,
-0.04854895943994709,0.13939061872049985,0.20003722187108927,3406468000000,
0.006239322973298756,0.2575548214139684,0.20019495874884688,3406473000000,
-0.08562336021224991,-0.05352414574682676,0.1998474141873452,3406478000000,
-0.06040370034850067,0.14404066840629148,0.2001814354876101,3406483000000,
-0.028081698245722292,0.2778956035335938,0.19981941312030038,3406488000000,
-0.08978401998445586,-0.040850586462429506,0.19972993685962928,3406493000000,
-0.08413241910140695,0.13717388095010163,0.1999541357690389,3406498000000,
-0.03231845084515551,0.280769569143972,0.20012960281552564,3406503000000,
-0.06685608880967359,-0.024669934506090358,0.20028629715930585,3406508000000,
-0.03607799802723108,0.13756152671568322,0.20011380845088153,3406513000000,
-0.07175397887474455,0.11904185937797815,0.19968477151096514,3406518000000,
-0.07068581547458665,0.11016693677829778,0.20034699292336855,3406523000000,
-0.04234227337767853,0.27713635863773234,0.19999704147330158,3406528000000,
-0.09111724424074184,-0.0288331253284793,0.19955238321194604,3406533000000,
-0.03418471666545133,0.14059308517183297,0.20041059409317233,3406538000000,
-0.009852528335757851,0.24488870614607147,0.19976387906609147,3406543000000,
-0.11702198198384965,-0.010401864161470913,0.20023263579768807,3406548000000,
0.1564729945224395,0.26891415072755726,0.20025714127902614,3406553000000,
-0.08341034858780715,0.0038596795546216485,0.1998828483969665,3406558000000,
-0.043489295347735026,0.17083381636437714,0.20006367091991833,3406563000000,
-0.02423950882758317,0.27002288407793607,0.20035225415404556,3406568000000,
-0.1024766645551948,-0.03722745573713322,0.1999980075821935,3406573000000,
-0.04718378177771215,0.15206117592749013,0.2000646937537276,3406578000000,
-0.05178037565738952,0.13278942022535972,0.20021151892718786,3406583000000,
-0.06248922932353122,0.08788276785659868,0.20002945778086978,3406588000000,
-0.03855695420432802,0.24537808823598473,0.200095421585644,3406593000000,
-0.09789750700862834,-0.03494651151016331,0.1999385561226522,3406598000000,
-0.07292082222044358,0.14263134466057228,0.20006405131398958,3406603000000,
-0.05208597897824367,0.26695562692332936,0.2001941363387109,3406608000000,
-0.0754496936776603,-0.011476306893301468,0.20033475017747887,3406613000000,
-0.009381471826605193,0.26474864137480814,0.20003814552367982,3406618000000,
-0.08785889485820096,-0.022110195735200518,0.20024969774887572,3406623000000,
-0.08347268869013338,0.15033802081646377,0.20037151207702789,3406628000000,
-0.03563374539920436,0.26295155823997257,0.19967719224037533,3406633000000,
-0.09301272431444216,-0.03199826092340967,0.2005413687225846,3406638000000,
-0.010372178372447277,0.13258826675848584,0.20036107440303666,3406643000000,
-0.030235172199772755,0.2836012040137129,0.20003293785467027,3406648000000,
0.07675401725632983,-0.026401116444926865,0.20032902593399438,3406653000000,
-0.006855458191340702,0.1193460121279358,0.20035892538445496,3406658000000,
-0.06266195667035429,0.16385559091451007,0.20011402501961206,3406663000000,
-0.06232862413078918,0.12654988633484435,0.2001054007969869,3406668000000,
-0.029750130872702035,0.27981723826581645,0.2000625579669724,3406673000000,
-0.12083236807416556,-0.018248258322707447,0.2001359999815498,3406678000000,
-0.04300556709114798,0.14223864129762126,0.20021277541833624,3406683000000,
-0.01308119875157846,0.262546070133016,0.19982145542313423,3406688000000,
-0.07340280911869353,-0.050469652778579836,0.2001912205076374,3406693000000,
-0.045798876648735214,0.1730034188476736,0.2001979087296128,3406698000000,
0.005897249846596755,0.25810288638032497,0.20034005707676844,3406703000000,
-0.08225538837660651,-0.023407443498097945,0.20067745917754526,3406708000000,
-0.05563387956364933,0.12140927169620837,0.20060966890512336,3406713000000,
0.007319279205902182,0.2490877890635832,0.2000237208619453,3406718000000,
-0.0821171500835678,-0.042386709807129885,0.20040767227235115,3406723000000,
-0.0371464521619241,0.1436239372724106,0.20068273080835758,3406728000000,
-0.03746525655392882,0.25222149030511415,0.1996173591311934,3406733000000,
-0.06800678509754096,-0.01202228932255133,0.20007968513105343,3406738000000,
-0.08066313414616591,0.13427284365152037,0.20046560325477675,3406743000000,
-0.07471223080423381,0.12425897923052866,0.20002103968569354,3406748000000,
-0.05960537228569821,0.08859137866872326,0.19983093059353738,3406753000000,
0.16105335660476922,0.14853257873550818,0.20028085389362435,3406758000000,
0.016718091700108843,0.2832738474445445,0.1998378945150313,3406763000000,
-0.09388290270759359,-0.024192607764441088,0.1999331152597873,3406768000000,
-0.060081002880615964,0.16214456343537056,0.20010036235013132,3406773000000,
-0.01450265418453844,0.290791257538484,0.19980578144484998,3406778000000,
-0.1022455953912131,-0.04987137021390774,0.19998635537113904,3406783000000,
-0.09094393656320103,0.1236540317356711,0.20027613525859544,3406788000000,
-0.04720656908521944,0.12318895507701659,0.2000933378143758,3406793000000,
-0.060713858769084354,0.1077845500156519,0.20027024513539515,3406798000000,
-0.037931807309211765,0.27353502858346296,0.2000687697955118,3406803000000,
-0.06295514678485095,-0.03960240494630099,0.20020153082554062,3406808000000,
-0.07011760284648134,0.11416477967297134,0.20044079099822362,3406813000000,
-0.03543776326034392,0.23894869617571698,0.19996474839919864,3406818000000,
-0.08493548821018543,0.005979939706775551,0.1997440608494702,3406823000000,
-0.05125544382488015,0.12465538586674098,0.20029868880870058,3406828000000,
-0.029466055337650288,0.2543409577068474,0.20030982395553532,3406833000000,
-0.0826770907365899,-0.019719883448715177,0.20012066001894205,3406838000000,
-0.054069766922481534,0.1583139113434513,0.2004281697859695,3406843000000,
-0.02470606445384638,0.2621914745249791,0.2000283550431833,3406848000000,
-0.08828549255888217,-0.024419271610191362,0.19976108529007214,3406853000000,
0.1461864324374547,0.14559498281899222,0.20032305073085527,3406858000000,
-0.06929733505954618,0.1256714689057338,0.2000149334544748,3406863000000,
-0.03586625966124687,0.10672339397346499,0.2005474188403355,3406868000000,
-0.016680125829013223,0.27873231949973876,0.20001180756911827,3406873000000,
-0.07582164199409647,-0.023394661222561917,0.20022880490029737,3406878000000,
-0.07635534172873731,0.10569568136554593,0.20037845349560807,3406883000000,
-0.025154181795757062,0.2728742843548868,0.20013769945836868,3406888000000,
-0.09166265871176194,-0.028189301260972875,0.19999477405363067,3406893000000,
-0.025355300122333325,0.2670495676326502,0.20021040264077403,3406898000000,
-0.08938928453558179,-0.01801453583151373,0.20002197818548542,3406903000000,
-0.05219497641699347,0.1574138285320923,0.1999537818827392,3406908000000,
-0.0741713678781683,0.13001664957269568,0.1999184726712445,3406915000000,
-0.07176077252628578,0.12925751935101676,0.20015435542563273,3406920000000,
-0.024562082270418086,0.27314210583186943,0.20056159096485526,3406925000000,
-0.07213204727103018,-0.05458978345597092,0.20021386576129097,3406930000000,
-0.04704850119745838,0.1388755760420908,0.2002979333255628,3406935000000,
-0.023021901546783644,0.279563602003453,0.20005662539560803,3406940000000,
-0.07182957399889625,-0.025961330079696077,0.2000023502363207,3406945000000,
-0.002260228079801835,0.23244531980361313,0.20046392868105528,3406950000000,
-0.08709546425225236,-0.003501802385491984,0.2002754582728008,3406955000000,
0.1328716711453848,0.13463521247757787,0.20032842199440687,3406960000000,
-0.014164654029699204,0.26921400122562267,0.1999647871005857,3406965000000,
-0.08621049131998851,-0.03172869357179988,0.2001434811379753,3406970000000,
-0.04964986159432279,0.12694311373124587,0.2004171827785379,3406975000000,
-0.045397038739454026,0.13241969250889474,0.1999833375217357,3406980000000,
-0.045254601548411794,0.1209358145486229,0.2002150075695339,3406985000000,
-0.026415939272402003,0.2517326409454236,0.20001939416182613,3406990000000,
-0.10129623342113102,-0.019212262067988806,0.2000571241949444,3406998000000,
0.003478330487539892,0.24217656930923978,0.20002362107990126,3407003000000,
-0.0799289363349029,-0.03333666775652633,0.19976669916182638,3407008000000,
-0.055345944373610234,0.10965543556707769,0.19999222857421425,3407013000000,
-0.010070594940819307,0.278783459086565,0.20012826245182502,3407018000000,
-0.08543656802486975,-0.02557760333612251,0.19989177855125626,3407023000000,
-0.05905203337546976,0.1465499857246933,0.20042214852480908,3407028000000,
-0.06076600649126513,0.13183798380850545,0.1998244442977977,3407033000000,
-0.0741935480589797,0.10817147410454134,0.20027984995942905,3407038000000,
-0.023292131695571247,0.2502830358696134,0.19999676615165787,3407043000000,
-0.09057802270393647,-0.0636044413322232,0.19995771711325833,3407048000000,
-0.08240421757858526,0.1157408786060217,0.200176109740068,3407053000000,
-0.013352296420995537,0.28549189095989735,0.20027078126399822,3407058000000,
0.10755164791306596,-0.05617292586285291,0.20015658468167594,3407063000000,
-0.06740767648961392,0.10382187341323032,0.20000648192139128,3407068000000,
-0.019612521401813906,0.2642647899768636,0.19981086451101968,3407073000000,
-0.09381731871958503,-0.03500845666184437,0.2000766042117758,3407078000000,
-0.029757323869659458,0.2252103419365068,0.20020297013765231,3407086000000,
-0.05492080678028305,0.13438671690667428,0.20026422928834253,3407091000000,
-0.0819205379679744,-0.06527981543076086,0.20030175898189967,3407096000000,
-0.10243188350286385,0.11824189924006392,0.20013310957194977,3407101000000,
0.005018593826427553,0.26183128463711475,0.19980809456828608,3407106000000,
-0.11119083473050399,-0.007266015300841311,0.2003770479143046,3407111000000,
-0.0634549064793033,0.11436498070983127,0.20032807105292327,3407116000000,
-0.04035447754914123,0.2622181376748083,0.19998584433105054,3407121000000,
-0.12039442156057037,-0.019680886997871495,0.19991866270017558,3407126000000,
-0.07977641598206024,0.15078976448467507,0.20006806657472595,3407131000000,
0.009319683426437644,0.2673138846220949,0.19993108637697454,3407136000000,
-0.09364919702881333,-0.011469101231828737,0.20072283300624702,3407141000000,
-0.08599237980990047,0.16688442293039074,0.20073984647785706,3407146000000,
-0.0019484827100579097,0.25314231185153746,0.19987891239037375,3407151000000,
-0.10948004286832205,-0.01740380262796616,0.20032237320180027,3407156000000,
-0.045138601553702695,0.117866222753345,0.20024628198405792,3407161000000,
0.1160570386763828,0.12442160553730976,0.19984188218972215,3407166000000,
-0.0689525231636563,0.14519271696142527,0.19998950498417842,3407171000000,
-0.04200076758686469,0.26486860476211804,0.20010795263905082,3407176000000,
-0.10862477817942078,-0.048063575965655955,0.1999877447296402,3407181000000,
-0.07243681465982807,0.14457037132444397,0.2005881825879041,3407186000000,
-0.06658675565163921,0.13784409041287865,0.20022491028248598,3407191000000,
-0.04158214490865795,0.09250515708603774,0.20058261390895774,3407196000000,
-0.04751650938082459,0.2831870299895488,0.20038252308410556,3407201000000,
-0.10199416483916891,0.004867472242961808,0.20037405466881875,3407206000000,
-0.06815138066401485,0.1237816357895159,0.2005404976433191,3407211000000,
-0.01646064987720792,0.2582010536455422,0.19985769438905301,3407216000000,
-0.07283440476726406,-0.013963191962392619,0.20031823394756146,3407221000000,
-0.013601402316761133,0.23232929016015072,0.20029055320543226,3407226000000,
-0.06510412208917607,0.010674102025089841,0.2000045072064561,3407231000000,
-0.038856249436640525,0.13725553138544905,0.2002232362555552,3407236000000,
-0.024208151583984823,0.26250886565524356,0.19999465042412987,3407241000000,
-0.11110526079346854,-0.14643093914797173,0.19994126452166477,3407246000000,
-0.02253953196980374,0.2007269123797711,0.2001211745830766,3407251000000,
-0.07673609590900125,-0.03143262611373478,0.19973917163950072,3407256000000,
-0.08451374327554467,0.09097641823712724,0.19988874101038073,3407261000000,
0.1918660848968614,0.3120297103419476,0.19987828615465913,3407266000000,
-0.08476876467148811,-0.043874831945408456,0.2003060065928421,3407271000000,
-0.061633942086437354,0.13300286776345915,0.20023891217811293,3407276000000,
-0.019179869082701577,0.2530894562227581,0.20010367067729967,3407281000000,
-0.0991468526645322,-0.015536693652255368,0.20015301159566992,3407286000000,
0.017382251857616375,0.23558086974727155,0.20006122977133464,3407291000000,
-0.06558518406573124,-0.00039111806722087403,0.2002373121134266,3407296000000,
-0.06091072371322386,0.10787147990013593,0.2002197678258367,3407301000000,
-0.003697139652910868,0.27589283884997867,0.20012182285729238,3407306000000,
-0.07111803405621672,-0.04326233697280321,0.19987138775470828,3407311000000,
-0.029939742332303107,0.12644790040130177,0.20042272020880342,3407316000000,
-0.06566716557113365,0.14963713589388594,0.20041236342487725,3407321000000,
-0.05297948298123903,0.10784442918265542,0.19998778269957454,3407330000000,
-0.05633692416448131,0.15316684510626663,0.19972737124152207,3407335000000,
-0.05919312209958922,0.14107850177343262,0.20034562337514508,3407340000000,
-0.032195706863343075,0.25707896797625684,0.2000744905773119,3407345000000,
-0.06914867970209891,-0.010317629283069937,0.199966128236085,3407350000000,
-0.03841987464854466,0.10174146146926852,0.2000130082259947,3407355000000,
-0.0313250150556342,0.2640752038742307,0.19981703148171057,3407360000000,
-0.07212135271741146,0.0008141736149292998,0.19971516617004115,3407365000000,
0.17476107661874582,0.25064363301045783,0.2002841205932815,3407370000000,
-0.0958139326970233,0.024381872740642782,0.20014072521656195,3407375000000,
-0.08381251181093961,0.1412204113027947,0.20024839903942002,3407380000000,
-0.00742854495119254,0.28669607571765365,0.20029763497441472,3407385000000,
-0.06962280660706874,0.005667216249418077,0.20011091389210717,3407390000000,
-0.06807020630577403,0.133310669492491,0.1999336089783889,3407395000000,
-0.04937864597645772,0.2579295327383494,0.2002796671288996,3407400000000,
-0.0915642220053359,-0.013665171301568895,0.1999034379037068,3407405000000,
-0.07265904365573841,0.11473616431671908,0.1999276571806589,3407410000000,
-0.03238740673137716,0.09663976689938764,0.20047867775946113,3407415000000,
-0.053220183213588255,0.13673988381278002,0.19988015563073258,3407420000000,
-0.07472722489247408,0.11318865622604164,0.20024368045006027,3407425000000,
-0.03554953209350445,0.2620132220284886,0.20017811064540192,3407430000000,
-0.07292580234305442,0.0244819512278518,0.19988210238138787,3407435000000,
-0.04408783671340649,0.12470510116994454,0.20038984670185303,3407440000000,
-0.024568225822012766,0.2936954815664225,0.20036610340268,3407445000000,
-0.06211927617777651,0.022144293725843003,0.20002601924868324,3407450000000,
-0.06417869147317697,0.1373954962935486,0.19992518359180383,3407455000000,
-0.02866538636021661,0.2661725956313352,0.20013633994396504,3407460000000,
-0.07671414160142465,-0.0021513190718025687,0.2004062801934439,3407465000000,
0.148027466875591,0.08178355005269519,0.20009437387698192,3407470000000,
-0.03009538806928784,0.2485484153298509,0.20035891913071469,3407475000000,
-0.10185058394164669,-0.021998175637849025,0.19971155853584685,3407480000000,
-0.058302612310888964,0.13854724553247552,0.2004967680926398,3407485000000,
-0.005239377355967622,0.28571028853654085,0.20015804477300886,3407490000000,
-0.08743159217032122,-0.06675821568542543,0.19999109575128404,3407495000000,
-0.05193404222915407,0.12855298380555844,0.20063647977184387,3407500000000,
-0.007306088205311942,0.27038378134527213,0.20016981477537724,3407505000000,
-0.08023720928634313,-0.031088823574953323,0.2000502856034128,3407510000000,
-0.03176691082194752,0.12951811554769965,0.20043199661614775,3407515000000,
-0.022905447210647762,0.2748888400118941,0.20003418966260844,3407520000000,
-0.10444665363387909,-0.0239113650039385,0.20009176575183807,3407525000000,
-0.01983500613510375,0.15547483699493492,0.20005653472928353,3407530000000,
-0.0527299346877987,0.23858597722767966,0.19995931938191075,3407535000000,
0.12046768482353284,-0.025924945649663054,0.2002515958300514,3407540000000,
-0.00933337724874001,0.25427483685531616,0.19985773692134565,3407545000000,
-0.07501533339032271,0.004824784559598418,0.20019490589148142,3407550000000,
-0.05296367292815538,0.13814127714995064,0.20043227389084728,3407555000000,
-0.04750631926082233,0.24970355747239106,0.2002787376662788,3407560000000,
-0.07979929186049203,-0.06099456032106834,0.20026090930425278,3407565000000,
-0.03848056074725306,0.13431606986254493,0.20008104167404323,3407570000000,
-0.01653046117655349,0.3239924466963251,0.20032909940970928,3407578000000,
-0.08397562549963009,0.04377640916954942,0.20074678270215177,3407583000000,
-0.049489945675539555,0.11887170132402969,0.19994802181133367,3407588000000,
-0.06975769248038058,0.13218624248012764,0.2003202918680463,3407593000000,
-0.038454809032721055,0.2932293826688802,0.199867433405344,3407598000000,
-0.09085175614739602,-0.07404899928253883,0.20022115506281143,3407603000000,
-0.06600322526013426,0.11676406644925616,0.20064409540053388,3407608000000,
-0.01440859520836157,0.2555934933336129,0.20008256710711786,3407613000000,
-0.0721883547251412,-0.03876739330924117,0.199768794479022,3407618000000,
-0.013075484958764119,0.25964997043703275,0.20042125912710618,3407623000000,
-0.08716613063826441,-0.016554928545706348,0.19986198283399695,3407628000000,
-0.06759582418836128,0.13642224781408185,0.20005129826310403,3407633000000,
-0.02928131845693048,0.2893539960917242,0.19990441877752638,3407638000000,
0.10138428597093656,-0.053989641217898426,0.20061353839980212,3407643000000,
-0.0671416597182263,0.13997676011475552,0.20011165473215414,3407648000000,
-0.02351739674460566,0.141047126042502,0.20017069524918996,3407653000000,
-0.06201622660713048,0.13444541657415227,0.20042022487827854,3407660000000,
0.011697269717459834,0.29933979613059647,0.1996875993880763,3407665000000,
-0.09174868048923586,-0.03851770771468613,0.20007915030781925,3407670000000,
-0.03882610615461646,0.13053733873968015,0.20020424004806905,3407675000000,
-0.005920639892475293,0.29772149712136,0.20012656958072364,3407680000000,
-0.07677218672176403,-0.024626618405326182,0.20018785078075568,3407685000000,
-0.021981417545843922,0.27443347599810863,0.20008839714829535,3407690000000,
-0.11933391818045425,-0.06457460333677881,0.20005100747370222,3407695000000,
-0.04727699974289136,0.13619860132416603,0.20029623817489708,3407700000000,
-0.0054129090732705845,0.3064318159595812,0.19984100852882042,3407705000000,
-0.07300403393925854,-0.012209645026193119,0.20019493283438553,3407710000000,
-0.0186574709612645,0.14091586560589123,0.20064328389082636,3407715000000,
-0.006410496626307376,0.26431300273142094,0.19989378242961145,3407720000000,
-0.07697504887631348,-0.05534497108835695,0.20027740434295313,3407725000000,
-0.0631880860555525,0.10886279236322112,0.2002678891329905,3407730000000,
-0.03751571674539715,0.2850992189225297,0.2002735159331988,3407735000000,
-0.06780235903703746,-0.02529139740273615,0.19974634355707455,3407740000000,
0.159742551606105,0.15169834271152213,0.2002548591687677,3407745000000,
-0.017489877060518973,0.2413950234209993,0.20007859613305204,3407750000000,
-0.09766349867591734,-0.04111318528674483,0.20014078629322593,3407755000000,
-0.050192327946489326,0.13472551240577488,0.200576560833686,3407760000000,
-0.0035506173398699263,0.27330858871775254,0.199977315601186,3407765000000,
-0.09721441991177539,-0.052304640036606495,0.1999314345287275,3407770000000,
-0.0436035134665306,0.14706963212509283,0.20034544572792307,3407775000000,
-0.015609983683067964,0.27878199485256994,0.19991797316890647,3407780000000,
-0.09687411740111737,-0.05032385932618309,0.20036955401112552,3407785000000,
-0.058938694944563066,0.23573999756250152,0.20062624227496362,3407790000000,
-0.08246186778826024,0.013250625218935727,0.20007294888495156,3407795000000,
-0.06672108805239671,0.1124461918847757,0.2000446421662782,3407800000000,
-0.047594838368411954,0.26376854371475134,0.20045648575013836,3407805000000,
-0.07881267501614424,-0.022347030031912494,0.20030615829159246,3407810000000,
-0.045545520812909905,0.17020068855021114,0.2002823954936258,3407815000000,
-0.04843428133280188,0.2414265014743639,0.20006793452294036,3407820000000,
-0.11399176906736669,-0.05723269093119531,0.20024449077334477,3407825000000,
-0.028936680771242472,0.14389123666532974,0.20043722448793935,3407830000000,
-0.04708252517706126,0.15311644298573088,0.20041308767659177,3407835000000,
-0.04480936902778244,0.14142028691534056,0.20020382734507794,3407840000000,
0.18176242715142918,0.2817879622047335,0.20007877304142438,3407845000000,
-0.08087586177385583,-0.04329468307221593,0.200043674285827,3407850000000,
-0.05077606262141711,0.12489891527098383,0.20030545632304414,3407855000000,
-0.020048379867096396,0.253592034201674,0.19996772228141566,3407860000000,
-0.10448694965799887,-0.024975418470575717,0.20047356879972592,3407865000000,
-0.048132417132402225,0.24732623645880025,0.2003351988307593,3407870000000,
-0.07627308472771198,-0.023381042434777885,0.20012277417711533,3407875000000,
-0.06156950455549122,0.15091888484403637,0.20053152044468336,3407880000000,
-0.004845480746546423,0.27957952579227885,0.20005519705745986,3407885000000,
-0.10241152326719469,-0.04891660827939773,0.2004673010397078,3407890000000,
-0.035093899037178564,0.16627111317388812,0.20036057035049373,3407895000000,
-0.03865606212252777,0.0827546713830003,0.2004178857385443,3407900000000,
-0.052675931718505556,0.12822157191470152,0.1998272598460384,3407905000000,
-0.032406546358223196,0.29759424799628625,0.2000765444800839,3407910000000,
-0.08139957441033521,-0.0679003422942991,0.1998949559958544,3407915000000,
-0.05408450370196319,0.09098147991654101,0.2001317732132968,3407920000000,
-0.042152554990925815,0.26615602065729693,0.2001638148824076,3407925000000,
-0.0679389619038785,-0.016308849928217798,0.2003658783033328,3407930000000,
-0.06458087066352512,0.09633128550803267,0.20003186596666236,3407935000000,
-0.01657308883967256,0.1630427710570092,0.20027485806732506,3407940000000,
0.09578281983853609,0.11923601090490613,0.20020631696872818,3407945000000,
0.014536279691603104,0.28647443061192845,0.19996962864416662,3407950000000,
-0.09979089144553795,-0.03567855180526391,0.20020416165023025,3407955000000,
-0.046326561012620296,0.12330353907885319,0.20006094569070465,3407960000000,
-0.012273951647727693,0.3228028336292143,0.20013854606612225,3407965000000,
-0.07685527184297518,-0.050457602768814835,0.20018446196296738,3407970000000,
-0.059099823435096524,0.1600256963751018,0.20034276521325914,3407975000000,
-0.015803196856903394,0.12928815942472172,0.20019202579081743,3407980000000,
-0.048337262688390906,0.10624457761084125,0.2003986930531742,3407985000000,
-0.04266447227052686,0.28350523093992525,0.20020182424689978,3407990000000,
-0.08699650306688043,-0.02229082749477973,0.19970878068905454,3407995000000,
-0.045953852871754935,0.15029656518737206,0.20013547802450607,3408000000000,
-0.024450366502239897,0.3014680507299458,0.20010783578056116,3408005000000,
-0.11693934927994068,-0.04297347346837274,0.20010924639866673,3408010000000,
-0.0829987138671147,0.12241894058877038,0.200521045279099,3408015000000,
-0.04465382802144457,0.110583012953646,0.19997175251540655,3408020000000,
-0.07479045470187073,0.12428092970710639,0.2001989790885425,3408025000000,
-0.01589149665044957,0.24951617441486607,0.20020332853104192,3408030000000,
-0.08931695105365044,-0.04492527947452033,0.1998692814662783,3408035000000,
-0.050257641981354406,0.15020688869990706,0.20036068416244734,3408040000000,
-0.016660175146031825,0.29489028701524406,0.20018282885691002,3408045000000,
0.08009478939910465,-0.035694322401852954,0.1998968015881524,3408050000000,
-0.026455250469645954,0.1493452651734359,0.20027723223405036,3408055000000,
-0.03222149234648386,0.0858918200132654,0.20016026124340344,3408061000000,
-0.055193183659401485,0.1194881224177701,0.20036091812201126,3408066000000,
-0.0003338353109725717,0.292082278437211,0.20010805279518634,3408071000000,
-0.08644853143231115,-0.018095121474660258,0.20026534963129977,3408076000000,
-0.07566624023378697,0.16764978581668838,0.20011089233950938,3408081000000,
-0.037019799428348696,0.21571848166419297,0.2001707195683355,3408086000000,
-0.0966493474547824,-0.02466931670800706,0.20037026835129296,3408091000000,
-0.05394629588000284,0.1278687847877329,0.20073407602796622,3408096000000,
-0.03333382290683268,0.1233747817734002,0.19997998546451948,3408101000000,
-0.06562924898603323,0.12019371290875465,0.20000684736950766,3408106000000,
-0.026486528429149805,0.27679849747663854,0.19994722174635945,3408111000000,
-0.0798058523044283,-0.06381056396481663,0.199742755225385,3408116000000,
-0.045293241401206635,0.1409346212270515,0.20041724151612825,3408121000000,
-0.04956713186904431,0.27813057935762575,0.20007534452389758,3408126000000,
-0.1045334254297009,-0.03824295740039977,0.1999733461027147,3408131000000,
-0.059047813863718074,0.1272351096047592,0.20038812093449287,3408136000000,
0.0031556541914785526,0.3098602185320454,0.20018890911439885,3408141000000,
-0.0939377898421651,-0.07539637340937591,0.20065972593493042,3408146000000,
0.12512802071042253,0.151509416400446,0.20018367767114903,3408151000000,
-0.041174114863296155,0.2633794253230815,0.19997707484457233,3408156000000,
-0.07098752706514194,-0.03605177060611179,0.20004915888410718,3408161000000,
-0.03503365443136745,0.29623072129571265,0.2005731416641678,3408166000000,
-0.1103676153823879,0.0017143793101648823,0.1999807482569869,3408171000000,
-0.0840219161106887,0.1208526775724724,0.2000407267172826,3408176000000,
-0.07518257689651917,0.15755563191379027,0.20018760071535385,3408181000000,
-0.030275968165579002,0.26677779924354533,0.19983336681372477,3408186000000,
-0.07681504278029185,-0.009801691053081627,0.19975080871214,3408191000000,
-0.01758291339765127,0.1271173525443332,0.20016803940633027,3408196000000,
-0.051314810409054286,0.12854080029485512,0.20012184121821816,3408201000000,
-0.10063580120455924,0.12218378756529609,0.20027849163793443,3408206000000,
0.0021390261652879,0.2730456483812954,0.19999449191727622,3408211000000,
-0.08591786457492999,-0.05616381832978099,0.20010951135205138,3408216000000,
-0.016621706717477522,0.13437064501981202,0.2003565800160801,3408221000000,
-0.03470799182763533,0.24949710713843798,0.2003136777770334,3408226000000,
-0.11765018408239908,-0.015924377127056258,0.20006674166450683,3408231000000,
-0.04991263557903485,0.25366793514246927,0.19986347555447684,3408236000000,
-0.09191087103603299,-0.0035175605823164115,0.20022454298860276,3408241000000,
-0.04361274237191286,0.15855882662881796,0.2002775514852438,3408246000000,
0.14992664672390363,0.2738567993745203,0.1997039210267179,3408251000000,
-0.055274478197920716,-0.0393451498715351,0.2001171296893659,3408256000000,
-0.04307879382688825,0.11878151405437432,0.20036459164422987,3408261000000,
-0.03468456887355333,0.26075992197684467,0.20004327510788425,3408266000000,
-0.07033445286630938,0.0029918199157268587,0.19994642559796186,3408271000000,
-0.024688915976007843,0.13672970664545236,0.2007116062023734,3408276000000,
-0.055272383992445835,0.1643348980136108,0.2001567085779286,3408281000000,
-0.09166730292966582,0.14080208668678929,0.2000897509337326,3408286000000,
-0.027137557920324653,0.2611323536253263,0.2000385013658032,3408291000000,
-0.07694730679649246,0.02103140722418132,0.20015640736522966,3408297000000,
-0.021362829657762546,0.29457113381919664,0.2005327961149497,3408302000000,
-0.09504947846830954,0.0026521814955449232,0.200308500114351,3408307000000,
-0.019103711292999336,0.10519681629628512,0.2008810195970131,3408312000000,
-0.03242875641508434,0.2539607145601761,0.20018024791931666,3408317000000,
-0.07814273605020736,0.00038173352501883764,0.20014940337229772,3408322000000,
-0.051902547652290625,0.11424749945240144,0.20004118867766355,3408327000000,
-0.02166468033640082,0.2577781642869971,0.2001797688549408,3408332000000,
-0.10671021379368928,0.01917658046928232,0.20001359664361462,3408337000000,
-0.053695916544517316,0.1382208070858707,0.20049627649694715,3408342000000,
-0.037917368562321585,0.24913860615471872,0.20041482339395122,3408347000000,
-0.06328384294904875,0.005539628087840012,0.19970455135958481,3408352000000,
0.1501430436101173,0.08667275559698599,0.2001522728520431,3408357000000,
-0.01179278813046891,0.28451631133134436,0.2001739472732223,3408362000000,
-0.07779786849098427,-0.022593622134206386,0.20031358610767996,3408367000000,
-0.0638636532295665,0.12471528662508588,0.20026743861502413,3408372000000,
-0.015092690471683603,0.26025397208745704,0.20055761938130978,3408377000000,
-0.10063035215671205,-0.005523080992651142,0.19991275324715033,3408382000000,
-0.09444703753328204,0.10947585818749606,0.1999539942192326,3408387000000,
-0.012548598431915607,0.24199935085043306,0.2001820340023438,3408392000000,
-0.08487638220807368,-0.043600720228513565,0.2000764412451281,3408397000000,
-0.0346060309758716,0.14722829610447827,0.2002111692335767,3408402000000,
-0.050536702634184284,0.27258373323336493,0.20038286062650412,3408407000000,
-0.08120424384750236,-0.023860446577829805,0.20012645254032702,3408412000000,
-0.027009788539524057,0.1525774419918996,0.20049758158381317,3408417000000,
-0.021328624237902518,0.30367503428087905,0.20019768778141792,3408422000000,
-0.10028449920812667,-0.029133168638105854,0.2001934857497568,3408427000000,
-0.05513763788551065,0.12997895651230168,0.20025828331860054,3408432000000,
-0.022834419040285957,0.32589288332316996,0.20018285157035093,3408437000000,
-0.10324690893676752,-0.038530041799621446,0.20034226088128976,3408442000000,
-0.03428530659912958,0.2082853265862666,0.20032553150953505,3408449000000,
-0.1116545968989559,-0.074405471580438,0.1999024088888444,3408454000000,
0.13700006756220348,0.1411962074597974,0.20046842102858156,3408459000000,
-0.05658248703563069,0.2814219636731827,0.20001120010287285,3408464000000,
-0.08936660827018292,-0.010384555699121091,0.20022168045019487,3408469000000,
-0.044814428297065056,0.12489092962233249,0.2002712867242681,3408474000000,
-0.027095738402603764,0.13376064278415084,0.20020580437448465,3408479000000,
-0.04536174742332878,0.13378271031071817,0.20030745366937533,3408484000000,
-0.017626925882311194,0.2834252748151889,0.2004448697152843,3408489000000,
-0.07287723393709337,-0.06263882903259982,0.20012975595439106,3408494000000,
-0.03882605747491477,0.162953849972052,0.20022633131194728,3408499000000,
-0.01794129382859569,0.29833333291034114,0.20000339013247026,3408504000000,
-0.08256503985573949,-0.05615970724731677,0.2002279668082376,3408509000000,
-0.012471151330400748,0.2774271751242961,0.2002054420612623,3408514000000,
-0.048923008727334835,0.039751703754598876,0.20038541787055716,3408522000000,
-0.03427689010812702,0.2589879726361333,0.20011201288444228,3408527000000,
-0.0914238979114982,-0.022265921853924602,0.19979930977478627,3408532000000,
-0.034613529865120105,0.12948284909254545,0.20061300803523904,3408537000000,
-0.017621605089809693,0.2750374954221536,0.20030375309098644,3408542000000,
-0.10346395485706622,-0.03248910091687594,0.20021838224033472,3408547000000,
-0.052420784011298016,0.14288071024155055,0.20028479786641923,3408552000000,
0.13040981614609265,0.12828213409769165,0.2002899581240302,3408557000000,
-0.03626362668825857,0.10417848890725834,0.20011484395298457,3408562000000,
-0.04862402897943678,0.29055699971135085,0.19983724362911462,3408567000000,
-0.09873685271143931,-0.03707942262975875,0.19999033628885782,3408572000000,
-0.0347388472795357,0.15149407197165685,0.20033837196156523,3408577000000,
-0.0182418124775228,0.28115643094349085,0.20030467114451422,3408582000000,
-0.08495164353770536,-0.03719179864523549,0.20033048177423363,3408587000000,
-0.010334448443281942,0.23552670362218062,0.2001928477431301,3408592000000,
-0.10491042926773508,-0.0734396967614492,0.1997884391508698,3408597000000,
-0.060900093868311446,0.10515082621941925,0.20017956446147359,3408602000000,
-0.04532115912229702,0.2747370257434907,0.20038003292908005,3408607000000,
-0.09818010988146346,-0.04764334211537667,0.20007248999690824,3408612000000,
-0.056467779691342576,0.1376589286066128,0.20018823523355692,3408617000000,
-0.013915404490156628,0.2628323379117977,0.19995662097587905,3408622000000,
-0.07362404029345755,-0.04040082283233647,0.20008975139986596,3408627000000,
-0.043814571403547165,0.1372497852720177,0.20059542857168094,3408632000000,
0.007249673925014813,0.26975781194769477,0.20004295880458783,3408637000000,
-0.08479021680902687,-0.06746300103108326,0.20011206125880193,3408642000000,
-0.05905524225784079,0.15697523217926118,0.20012770144073502,3408647000000,
-0.0053959299521551575,0.3079506386052586,0.2001167403050375,3408652000000,
-0.07997919807731146,-0.03312598350157576,0.20007789564162193,3408657000000,
0.06987770717125526,0.12806170715826212,0.20057475032734742,3408664000000,
-0.011497041410292362,0.3167746419203294,0.19997664691901182,3408669000000,
-0.11915428211705108,-0.007535681222969933,0.1999121164256521,3408674000000,
-0.06738157123427252,0.15861744674587577,0.20037500239423614,3408679000000,
-0.03872239742594642,0.27990826440457134,0.19981006560402065,3408684000000,
-0.09483375517117813,-0.06258231832879332,0.20041735597006147,3408689000000,
-0.049498115561846086,0.13690586352883058,0.20046971058205068,3408694000000,
0.007077607762638785,0.27403533171508,0.19991231039696897,3408699000000,
-0.11293576786016207,-0.022278828307652113,0.2001519160542271,3408704000000,
-0.027399946342850562,0.30457023394561566,0.20045180945018903,3408709000000,
-0.12695250593545307,-0.04184975943582388,0.19978039615434814,3408714000000,
-0.07195502797477715,0.13497228163736463,0.20017517465132817,3408719000000,
-0.03232572953435758,0.26700345268523423,0.19970241489613166,3408724000000,
-0.08371271620887827,-0.021713351860309687,0.20045447061193197,3408729000000,
-0.02391297063423711,0.2844803097884058,0.19980075425718594,3408735000000,
-0.08591815688852807,-0.03676094413182404,0.200247878970307,3408740000000,
-0.061047984686688136,0.15665896292482104,0.20056275423674658,3408745000000,
-0.023114548988588397,0.2635160847721387,0.19983750708034076,3408750000000,
-0.07712536908316028,-0.025673879876295935,0.20021399485665753,3408755000000,
-0.016834342709545914,0.30214457813731677,0.20012043262307103,3408760000000,
0.10685605330551756,-0.008492067956032346,0.20012698668113266,3408765000000,
-0.047827774950896774,0.14947096206692764,0.1997567639826861,3408770000000,
-0.020170845810500986,0.288601227954615,0.20022865811084714,3408775000000,
-0.11359891936107976,-0.017974444335592338,0.2000198004517873,3408780000000,
-0.041178759986402066,0.1312621543722898,0.2003702607223361,3408785000000,
-0.03744657525197989,0.16533288097229,0.20018284534793132,3408790000000,
-0.06537478600295218,0.14666828627587286,0.20011444439170942,3408795000000,
-0.032236253091781776,0.3015546739992752,0.1999703435354844,3408802000000,
-0.09112293320616507,0.03264881840267819,0.20015976001898378,3408807000000,
-0.01542121216458247,0.21969000847599346,0.20035543441344017,3408812000000,
-0.07814489096885827,-0.013241684528081232,0.19996618400228036,3408817000000,
-0.06227280395725009,0.15295927043924795,0.20003027526217265,3408822000000,
-0.012210715617966585,0.2852904816518394,0.2000158233253151,3408827000000,
0.0924189480172611,-0.05838253540207298,0.20013976995159616,3408832000000,
-0.043639823790309784,0.11072564486759025,0.20024947908643573,3408837000000,
-0.019196862823698556,0.2290292643763806,0.19982935139997934,3408842000000,
-0.06959120521402057,-0.043425286739859154,0.20048464988640252,3408847000000,
-0.05362983548968057,0.11708753319673561,0.20017720954357182,3408852000000,
-0.05110449190825272,0.13921706154670074,0.19979457077242574,3408857000000,
-0.05860390614550045,0.1168051070143594,0.2002986961804492,3408862000000,
0.013176259416251234,0.27962085183745555,0.2003296548175987,3408867000000,
-0.04974775879329475,0.015913760539575657,0.20005179733676687,3408873000000,
-0.049432620482582464,0.2898924332885663,0.20044002555636653,3408878000000,
-0.0797611774527624,0.009054174796975126,0.1998059135007377,3408883000000,
-0.0670220546784655,0.086228721218842,0.20003035971887592,3408888000000,
-0.03974680655451851,0.2608938406514005,0.20058763016575396,3408893000000,
-0.08641833772698222,-0.003730789189740522,0.19999595862486932,3408898000000,
-0.075031793767802,0.09118390816445861,0.2001131221562724,3408903000000,
-0.05565177777044327,0.25595609503485595,0.19989424388765908,3408908000000,
-0.09801730017070331,0.02083486530366413,0.20010486732525062,3408913000000,
-0.03100722663088836,0.11158230040938169,0.20058733515475102,3408918000000,
-0.03746105488314796,0.2239521522304304,0.20019918730285804,3408923000000,
-0.06648460672463623,0.038974739552441115,0.20010174776966252,3408928000000,
0.13663899101473792,0.1340215661046983,0.19988422661453129,3408933000000,
-0.02475121327287884,0.20949067643009867,0.19974860115276172,3408940000000,
-0.12799978045264385,-0.08584139924960407,0.20015519528440334,3408945000000,
-0.05800845304945481,0.13545815054893035,0.2003705927464756,3408950000000,
0.017561864120649265,0.29956548464363203,0.20032212741522032,3408955000000,
-0.07381833641906875,-0.021049244529828842,0.20034961646638916,3408960000000,
-0.03492253442267307,0.27348029510229993,0.2001525788765035,3408965000000,
-0.08701567514699901,-0.0356719138265985,0.19985996063651815,3408970000000,
-0.08632193330569025,0.1251532990775048,0.20032963070904194,3408975000000,
-0.007168177709682855,0.279811541683631,0.2004010975501381,3408980000000,
-0.10260638915203257,-0.04049325978847635,0.2002747014085279,3408985000000,
-0.05114708029050585,0.14288675188727587,0.2004108827495496,3408990000000,
-0.06565151544919805,0.1066721659702585,0.19981413301332498,3408995000000,
-0.06876960377541526,0.14183265887611893,0.20027504699729295,3409000000000,
-0.0572336140890033,0.14389367061897673,0.19992826377626627,3409007000000,
-0.03198214123124282,0.09138954007403421,0.1998702768063319,3409012000000,
-0.008688951017500921,0.2598714673684432,0.20021372671249232,3409017000000,
-0.09646382458494396,-0.023753070972541517,0.19990553802063726,3409022000000,
-0.06463214197828746,0.1410104108160812,0.20033008540797903,3409027000000,
-0.019980903958821416,0.29128042878969695,0.20027185759710875,3409032000000,
0.11157617529737379,-0.03730173039658103,0.20019282419077158,3409037000000,
-0.06461056368967528,0.11398092088709073,0.20037299141861908,3409042000000,
-0.0367375243058809,0.12505264381331194,0.19976852233446168,3409047000000,
-0.048077871086324095,0.09631463598336601,0.19999647579748658,3409052000000,
-0.00498973719593932,0.2796345902218123,0.19996393025753778,3409057000000,
-0.07401807384050169,-0.052846660931493115,0.19963445377311032,3409062000000,
-0.058238925067970945,0.1473335772480814,0.19997102925113008,3409067000000,
-0.023428477384977626,0.23533898676756299,0.19986898037944034,3409074000000,
-0.09015752903989087,-0.044405207436370796,0.19981742328972188,3409079000000,
-0.03707735572840147,0.2886114426900874,0.2003175165332577,3409084000000,
-0.10087109283996246,-0.034114009647901684,0.2001064066697738,3409089000000,
-0.04770850038000518,0.15623602237219913,0.20032745430840848,3409094000000,
-0.04973688682729248,0.2865217511288173,0.20000268533888693,3409099000000,
-0.08241754121062003,-0.00047511028074673917,0.20022376268168407,3409104000000,
-0.05889937147734527,0.13090416705697183,0.20043942150027377,3409109000000,
-0.02716331579003637,0.2712355411451009,0.2002188153275321,3409114000000,
-0.11046853407105603,-0.05241408863353354,0.2002552341462037,3409119000000,
-0.04721150129214549,0.1400360872166394,0.20022898230880945,3409124000000,
0.006412335858374092,0.25906427791543196,0.19986924743427076,3409129000000,
0.06326586134604692,0.007204864830421291,0.1998184413520045,3409136000000,
-0.01643129492999533,0.2815330849700106,0.20013816400426737,3409141000000,
-0.06398041776623653,0.012670939897275864,0.19958121844824944,3409146000000,
-0.06392703364511174,0.11839522974265262,0.2004101123186242,3409151000000,
-0.0374861878504064,0.2720299348982407,0.20037721800757452,3409156000000,
-0.10607802660829416,-0.007317267892200129,0.19987449720145367,3409161000000,
-0.0481268080411444,0.15850510700891896,0.2006967484563377,3409166000000,
-0.034812544491587716,0.3023346961151725,0.19987183352812352,3409171000000,
-0.11124498317546354,-0.040431187804156075,0.2002690663318812,3409176000000,
-0.08500876487760646,0.14797217375063398,0.20026643808437716,3409181000000,
-0.019942097418033523,0.30551045847731884,0.20017928555286374,3409186000000,
-0.08279623274688111,-0.04131838904941263,0.20006499510850706,3409191000000,
-0.058614247165320724,0.11619682061921446,0.20020644583659916,3409196000000,
-0.03890722810110192,0.1507942198926719,0.2003163603785052,3409201000000,
-0.061356839820889526,0.1085319658468925,0.20021059582700262,3409206000000,
-0.05641085521980371,0.2885193450199121,0.2000752180030735,3409211000000,
-0.08322019003016967,-0.01800636201362225,0.20012258187420073,3409216000000,
-0.0486362225061173,0.16113575435122435,0.20023516262178892,3409221000000,
-0.024031769528650434,0.29048493433882533,0.19981567166846112,3409226000000,
-0.09557959890589643,-0.020919778434846964,0.20013826588244957,3409231000000,
-0.042831266951539146,0.2639555067094024,0.20071853006757387,3409236000000,
0.10077875740183213,-0.03634044550462331,0.19968461581269417,3409241000000,
-0.054958995388896474,0.09124538413696318,0.20043692485568942,3409246000000,
0.0244940516344729,0.26945299607492496,0.20014652493482973,3409251000000,
-0.08963154002997499,0.030171791999855917,0.20026376044013175,3409257000000,
-0.02781021487446983,0.2658188681447109,0.200167652995032,3409262000000,
-0.09159811591652711,-0.03565546627384894,0.20021130782893004,3409267000000,
-0.062042348293300756,0.13216406900271616,0.2003279076320396,3409272000000,
-0.013338711269781842,0.29444452129820814,0.2002486894514192,3409277000000,
-0.12081433208767145,-0.06402911111374737,0.20000853576013936,3409282000000,
-0.0309254305664542,0.15485267560868632,0.19998902064411084,3409287000000,
-0.011324979353547725,0.2907266764349657,0.1998899186701787,3409292000000,
-0.09697947906642637,-0.009830739357045155,0.20026806627981775,3409297000000,
-0.014532331971541072,0.2174110208334289,0.20051864033078085,3409302000000,
-0.0959992380626153,-0.036396472145373754,0.2002619245005537,3409307000000,
-0.07338569476338441,0.2348814032355958,0.20016202856518356,3409315000000,
-0.11465890083292322,-0.12383112336502672,0.20003556076593296,3409320000000,
-0.08240595596180454,0.1626466480614536,0.200650773824423,3409325000000,
-0.04855805108118202,0.2604983670752076,0.19996977102518515,3409330000000,
-0.07838459820530215,-0.07687162099056921,0.20010101405896333,3409335000000,
0.16645863602912328,0.16056380538141987,0.20045583325874508,3409340000000,
-0.011728810418376902,0.2812762184750225,0.2004107219991145,3409345000000,
-0.10854384841142013,-0.035091461449977226,0.19994115192493597,3409350000000,
-0.09235669807611654,0.14780250369939268,0.2004275666271683,3409355000000,
0.005517019514336915,0.3071300095179602,0.20005217456961746,3409360000000,
-0.09213316570148813,0.03301420091067478,0.19998610977866615,3409367000000,
-0.060094241290671487,0.14665639328827823,0.20046965477974327,3409372000000,
-0.05638101786361074,0.28137139602135236,0.20005820166805233,3409377000000,
-0.07543797130872122,-0.013245030637012602,0.19990832819779192,3409382000000,
-0.03409924696827796,0.12773751365450658,0.20017985544297903,3409387000000,
-0.04444972246790411,0.30286648119095594,0.2000083718360565,3409392000000,
-0.1251562136694139,-0.07225412872713438,0.20024073407356285,3409397000000,
-0.03944363189100294,0.17513957935842822,0.2003403648570342,3409402000000,
-0.008721781166692387,0.2849748402156164,0.20005591920571722,3409407000000,
-0.09590945771473412,-0.0552400127881578,0.2004027329339776,3409413000000,
-0.07013745375262823,0.1380989201864784,0.20007387469457846,3409418000000,
-0.04903092661573843,0.14486388096174788,0.2000051956127108,3409423000000,
-0.06300747819769577,0.1335160804276988,0.2001742726293333,3409428000000,
-0.03712421827231058,0.2851691200518046,0.20041593927411114,3409433000000,
-0.08416691492929723,-0.002290532221222566,0.20011976899568643,3409438000000,
0.14257211335226874,0.16029186907826726,0.20028606534757476,3409443000000,
-0.021141021974298176,0.3220096447043141,0.19983402307224254,3409448000000,
-0.12538535094920106,-0.025938810845307695,0.200179642067965,3409453000000,
-0.023370808127166527,0.15100002682744856,0.20009664901816013,3409458000000,
-0.05775363241367954,0.10234156486537041,0.20000385222830155,3409463000000,
-0.061958122642099045,0.09605033050882279,0.2004265291515336,3409468000000,
-0.017760610294007557,0.2857324582361821,0.20029522843623696,3409473000000,
-0.09996487024412531,-0.04918652469750111,0.20031784630398314,3409478000000,
-0.020476013861148324,0.25557215235398,0.20001759028916727,3409484000000,
-0.11462189505809829,-0.02150670053560198,0.19978801482229944,3409489000000,
-0.09450202510368125,0.13612676894734846,0.20012297085911954,3409494000000,
-0.012351364779197944,0.27605286525380657,0.20026343809783323,3409499000000,
-0.07425648997285975,-0.008802366435598171,0.2000326446241197,3409504000000,
-0.03609719946027638,0.1343826331228955,0.2001446721643265,3409509000000,
-0.008108390113906534,0.2602413087082483,0.1999050674176442,3409514000000,
-0.09544771399597121,-0.01247621408610566,0.1999976248733816,3409519000000,
-0.025687110764559054,0.2435944519747738,0.2000664435642931,3409524000000,
-0.09333732838859314,-0.008598989413003634,0.19999540915854366,3409529000000,
-0.05092012787978599,0.13683765236553755,0.20029792626556886,3409534000000,
-0.01033920081404879,0.2795629344962802,0.20011415528998955,3409539000000,
0.12163276882993017,-0.049862084108243936,0.20016815505945545,3409544000000,
-0.0264549700226572,0.13343682629902684,0.20055749877983395,3409549000000,
-0.03819308129726733,0.14486065441064697,0.20011848572853555,3409554000000,
-0.07386988111718203,0.08996922049915528,0.20026749277946404,3409559000000,
0.00064641335159615,0.31549456802186915,0.20004208901013815,3409564000000,
-0.077169149394027,-0.031055656074983506,0.2000204716811074,3409569000000,
-0.053554902641178,0.13727691156611305,0.20054492839321683,3409574000000,
-0.0077152513233395975,0.29936138250182037,0.19989625263974284,3409579000000,
-0.0620927975909382,-0.03787799193169085,0.20036938328445486,3409584000000,
-0.08779298346924624,0.1742972779293846,0.20012165663650658,3409589000000,
-0.05596635726370511,0.09518046005488012,0.20010892836838817,3409594000000,
-0.07177178550612402,0.14369272808380476,0.2003055179551546,3409599000000,
-0.03607942451510785,0.2640362271391721,0.20020721275290596,3409604000000,
-0.07978971102188967,-0.06088956052553962,0.19964352447877218,3409609000000,
-0.05476172458185702,0.12028148087506292,0.2000685182769355,3409614000000,
-0.045805393742993014,0.3019963849492895,0.1999606194675665,3409619000000,
-0.1082380932996667,-0.01546511791523933,0.20010736410271254,3409624000000,
-0.02359144304494508,0.10970460324718637,0.20014898189247493,3409629000000,
-0.01789137679916787,0.28370651627765,0.2003673630805619,3409634000000,
-0.09632580163844849,-0.037459753979359495,0.2000000660609119,3409639000000,
-0.04934818151399648,0.1478552534173681,0.20028328774152593,3409644000000,
0.13785646344385277,0.29419136329139933,0.19992361622431823,3409649000000,
-0.10911684368785965,-0.08230795128401988,0.20007351860991002,3409654000000,
-0.04470644324372161,0.13853835694849692,0.2002565571574255,3409659000000,
0.008449881643077327,0.27020793761543455,0.200325885520618,3409664000000,
-0.10999098631068176,-0.06867458811453007,0.19993556597175177,3409669000000,
-0.0552298183316428,0.1440745644445963,0.20015594125191416,3409674000000,
-0.041260453047573475,0.3188312124588435,0.20064126689508496,3409679000000,
-0.10599452894977286,-0.03271227375192523,0.20037696511093525,3409684000000,
-0.066871746392289,0.11994665831447326,0.20038038138252126,3409690000000,
-0.012905271645052147,0.3249426266036383,0.20038752521744047,3409694000000,
-0.09665109625099877,-0.01995248083478127,0.19984629969608125,3409699000000,
-0.07873058629753164,0.16369503579424524,0.20049556511671313,3409704000000,
-0.017569382538304732,0.2742181496462085,0.20029519553754616,3409709000000,
-0.09101937184037245,-0.052328488057864546,0.2000550587407353,3409714000000,
-0.08393680865737735,0.19053652787109457,0.20065791403396432,3409719000000,
-0.007550672480652606,0.27231190054890825,0.20040265095572604,3409724000000,
-0.0828821998087299,-0.05220971645348602,0.19992204914861145,3409729000000,
-0.0031725060633964915,0.27407205613451835,0.20060391900362987,3409734000000,
-0.07688091970680333,0.0025354647695862223,0.20012988523316994,3409740000000,
-0.040554755391264845,0.10418439177848587,0.20025727795889792,3409745000000,
0.15183433611342728,0.2932691101092583,0.19997859019760755,3409750000000,
-0.0936954779994229,-0.021890351598361973,0.19998003542422654,3409755000000,
-0.002183758744002069,0.24386204539080514,0.20041460521203724,3409760000000,
-0.10849570877615995,-0.021854934305997033,0.19989460708510853,3409765000000,
-0.07501274962154936,0.15073242483069568,0.200140971724789,3409770000000,
-0.022490928886151104,0.31626998654906213,0.2001351095518897,3409775000000,
-0.09361227287305443,-0.06521317969188525,0.19985635243920757,3409780000000,
-0.005386257533460226,0.26197923040848214,0.20006901439731958,3409785000000,
-0.07831774297620944,-0.008212733829399774,0.2000444620198647,3409790000000,
-0.045170491125984855,0.13788361249097278,0.19998617577347408,3409795000000,
-0.04741641314484128,0.29715626470738693,0.20008744573709433,3409800000000,
-0.09440435380796422,-0.0467685507076286,0.20028605370425842,3409805000000,
-0.04781267005974605,0.149143354183119,0.20040256931599804,3409810000000,
-0.03179100362911469,0.2765291361373594,0.19979882659662562,3409815000000,
-0.05671127444440914,-0.05699732818461528,0.19995291405865603,3409820000000,
-0.040302345378968374,0.14862246420062794,0.20022461091250207,3409825000000,
-0.04994313161441062,0.29753819093583844,0.19971991880766174,3409830000000,
-0.06628002972600716,-0.04189940879935187,0.2002142164681295,3409835000000,
-0.043759710152169354,0.2996491554253362,0.2005087213945602,3409840000000,
-0.09823031976386874,0.012078974270893383,0.19990676371799523,3409845000000,
0.13915222702363028,0.12079867434386657,0.20041127505845188,3409850000000,
-0.037679445352756614,0.3068969155348076,0.1997767126109799,3409855000000,
-0.10886568255855851,-0.009717221249172903,0.20010494499966144,3409860000000,
-0.06707165830158421,0.14292984378270923,0.2001722380179794,3409865000000,
-0.03234170304065649,0.27567221287593374,0.19994076014640266,3409870000000,
-0.08036979773427737,-0.04955602003486057,0.20017715793764526,3409875000000,
-0.08227257430380863,0.16783935993061333,0.20022596916724844,3409880000000,
-0.04711258334816839,0.11778636955512853,0.19965276058105696,3409886000000,
-0.039169556553521584,0.0988400932376496,0.19998855796714024,3409891000000,
-0.08260902826688288,0.1353634689987473,0.2001732557614998,3409896000000,
-0.009115119346997705,0.2658036071990687,0.19978322432836618,3409901000000,
-0.08780685784151063,-0.04366753024715027,0.20041479801386222,3409906000000,
-0.03932190239768398,0.16336993816643172,0.200621502585211,3409911000000,
-0.022174404656017204,0.2834882837980706,0.19969597106075035,3409916000000,
-0.10436164489349861,-0.029897084131088998,0.2003700722839833,3409921000000,
-0.04602986977512187,0.11088598460189825,0.2003851008311354,3409926000000,
-0.04269902592231463,0.2748030194686734,0.1997488630105854,3409931000000,
-0.06984150710881232,0.05358027751542873,0.20049557074009527,3409938000000,
-0.04353626251216299,0.3376442385845025,0.20023588985144847,3409943000000,
-0.07631683906058032,-0.0259207020103033,0.2002852802569448,3409948000000,
0.13519180943992226,0.17440688544600333,0.20072689885151965,3409953000000,
-0.0585301375804571,0.1773564873027938,0.20034826478856574,3409958000000,
-0.06885780485001168,0.1204253574490609,0.20009764803733537,3409963000000,
-0.02906750448136356,0.27807613723713376,0.20045452354661294,3409968000000,
-0.06591221495016056,-0.007677103676103289,0.20052404823391184,3409973000000,
-0.06885837346014576,0.1467909517964739,0.20046729567214888,3409981000000,
-0.008380074193992912,0.2880002771864379,0.20012165063456255,3409986000000,
-0.08874224506045142,0.015260640304285256,0.2003038018960911,3409991000000,
-0.009921232500966123,0.31138908040383945,0.2000436958419936,3409996000000,
-0.07960456045420931,-0.023370444250266798,0.19972489715178454,3410001000000,
-0.019122847393783213,0.2656400053719005,0.20011647718942616,3410006000000,
-0.09405685464597845,-0.0028145204803513395,0.19994182704579427,3410011000000,
-0.04261154440065018,0.12677983133113827,0.20020587320721994,3410016000000,
-0.01262121300716354,0.2901617479005681,0.20010349844050668,3410021000000,
-0.08117534286435385,-0.041670117343088106,0.20032509183646108,3410026000000,
-0.06196868997954569,0.14887426074724608,0.20053073753457548,3410031000000,
-0.06789825241980424,0.13667211323043885,0.19996852175863475,3410036000000,
-0.0653398782327197,0.11113386048046797,0.19991488310484792,3410041000000,
-0.008525150892405775,0.2884088385476103,0.20042357215186607,3410046000000,
-0.08577659377757124,-0.03606539596356268,0.20010351231453086,3410051000000,
0.1422402231135891,0.14778188593483121,0.2001623933972175,3410056000000,
-0.010823282167910963,0.27012601781040757,0.20058425611561673,3410061000000,
-0.07469179679905492,-0.028389993957881422,0.19983464417302282,3410066000000,
-0.013709816177389566,0.28789491046990423,0.2003205417298826,3410071000000,
-0.08853436295726409,0.0005436689450150564,0.2003237190204653,3410076000000,
-0.0400388280119407,0.15132212252648602,0.20039784222469245,3410081000000,
-0.027251216084315466,0.2455770405732466,0.19968946470220905,3410087000000,
-0.11246585555463338,-0.07308370458006548,0.20005484240855526,3410092000000,
-0.05735087203703283,0.13468833379479186,0.2001488822854948,3410097000000,
-0.03887817661430735,0.2655238124238139,0.19963137782736787,3410102000000,
-0.0880250176990272,-0.019579495414706848,0.20023171469958975,3410107000000,
-0.04735305675409944,0.15074608536864825,0.20030471982888165,3410112000000,
-0.024243228444966257,0.2889934247849734,0.1997893386868641,3410117000000,
-0.10894022062757701,-0.047752486989946864,0.20010492930494572,3410122000000,
-0.05074072519154597,0.1452585744938234,0.20023547711476128,3410127000000,
-0.0018051253737911693,0.29608293661381313,0.1995125108916417,3410132000000,
-0.048540454572558976,-0.006160628194222554,0.2002234958375548,3410137000000,
-0.045102320316154965,0.16835346479664245,0.20030542511453828,3410142000000,
-0.032366820294084914,0.2726968525059527,0.19960806852894528,3410147000000,
-0.09661323273553134,-0.09166476769844302,0.20007177080829117,3410152000000,
0.15980815776945212,0.1466156586855818,0.20009295159370252,3410157000000,
-0.022527455033082216,0.28027700354307056,0.19973631236396217,3410162000000,
-0.10814056567655356,-0.04743750654893369,0.20022004521777448,3410167000000,
-0.05934592739321087,0.13353555274091766,0.20042425304307734,3410172000000,
-0.02192419769183668,0.25914217831898223,0.1999585069433024,3410177000000,
-0.0756136799263056,-0.00683165452761385,0.20020796413787362,3410182000000,
-0.06108860983710881,0.1253192233916526,0.20040012129650214,3410187000000,
-0.038120217170752986,0.3377796217900232,0.20002804213811107,3410192000000,
-0.07918589605191015,-0.04963346495750834,0.20018913911241332,3410197000000,
-0.05422787618126815,0.16965031260485167,0.20054582465358078,3410202000000,
-0.030293679611693672,0.27601115872502385,0.2001235451064178,3410207000000,
-0.0795018406507769,-0.03307207292377739,0.19991974407632962,3410212000000,
-0.04715324138022167,0.2772514382585455,0.20036998829463468,3410217000000,
-0.09707180994768799,-0.027489262448058428,0.2000535840253559,3410222000000,
-0.04337551014847688,0.24137814931674745,0.2002416393313423,3410230000000,
-0.10221584303789019,-0.0802737811524694,0.20013960829034186,3410235000000,
-0.05239643964753184,0.13423783130385689,0.20039118858279178,3410240000000,
-0.0656586116428742,0.31172936112460514,0.199778575311816,3410245000000,
-0.10402750727948423,-0.03363058167183683,0.1999801356724851,3410250000000,
-0.05125025864668551,0.13894259027016231,0.20035917705873119,3410255000000,
0.16216792567372323,0.14726673329798826,0.19998277996855654,3410260000000,
-0.0818976435766515,0.10587889003467864,0.20004445901983664,3410265000000,
-0.0033349344959771703,0.2923417818246485,0.20018471041064928,3410270000000,
-0.08091306219341911,-0.011119992559706752,0.20023485037791028,3410277000000,
-0.027389236076051947,0.3162156799210313,0.20040615990155963,3410282000000,
-0.0921412643039571,0.004647603977838026,0.2000694107040394,3410287000000,
-0.047631115883259835,0.1283468669713043,0.20020866773251256,3410292000000,
-0.01775884504927905,0.282662237871685,0.20000152011599087,3410297000000,
-0.10945960337816929,-0.03842519052581547,0.20056285618419603,3410302000000,
-0.059667530058800385,0.16230648998001734,0.20012792233587196,3410307000000,
-0.012281067292019658,0.28206411076937,0.19979980339758877,3410312000000,
-0.08578601590403015,-0.04093808207571984,0.20017878169819103,3410317000000,
-0.04136176239232631,0.13529449056889611,0.2002781033886833,3410322000000,
0.10769170092185705,0.12393771142436387,0.19995750196470455,3410327000000,
-0.0724297993526861,0.11677589237863985,0.20011636757788848,3410332000000,
-0.022425255977734787,0.27319137520108294,0.20005597434771832,3410337000000,
-0.08734674963981659,-0.04328033691325052,0.20025195067540844,3410342000000,
-0.04268829264234629,0.13683029367285682,0.2002743778135442,3410347000000,
-0.018473321907199566,0.24720445410821754,0.19972302190455712,3410352000000,
-0.09695676793671136,-0.03839926593403443,0.20029483219226452,3410357000000,
-0.046323567127133876,0.13563928185846727,0.2000412550833735,3410362000000,
0.003984524587422121,0.2613845081607435,0.19981312490337605,3410367000000,
-0.10188169439495282,-0.03988049097302277,0.199962543512122,3410372000000,
-0.06490474127357523,0.1493486160673242,0.20017025243195233,3410377000000,
-0.007365599238938113,0.30582367178925285,0.19991747105311777,3410382000000,
-0.11976319767785087,-0.030021418489687108,0.20006260148224614,3410387000000,
-0.048453871648596374,0.14042672575297555,0.2002529983773257,3410392000000,
-0.04356339518222136,0.2677833143281033,0.1998517553289564,3410397000000,
-0.10115934656064118,-0.07338846602108837,0.2003476774075532,3410402000000,
-0.060101832983698034,0.2705121367496479,0.2007717976946911,3410407000000,
-0.038606406893780566,0.14932473282871053,0.20007724399171742,3410412000000,
-0.110014096613469,-0.024887373589742568,0.20030524929998497,3410417000000,
-0.05416310620990941,0.25233714954784753,0.1999829208830018,3410424000000,
0.13372677894323148,-0.11880067159374386,0.20002225343570665,3410429000000,
-0.0592590808327923,0.1430052876986432,0.20031631130598512,3410434000000,
-0.013363467089093537,0.2914033193070151,0.20001721508851134,3410439000000,
-0.16194886729320684,-0.04087285211751448,0.19982564085967708,3410444000000,
-0.006763987040374217,0.27730830903009945,0.20011310131728138,3410449000000,
-0.09648023666845691,-0.039347957124595836,0.20033594341436636,3410454000000,
-0.05496339288390819,0.11009067005430886,0.200081950744397,3410459000000,
0.03643716818085826,0.30185129184643794,0.19989236562420926,3410464000000,
-0.04625070007273215,0.03841859707965928,0.20018926632585263,3410470000000,
-0.01669625301816305,0.28634105353019784,0.20036969421708528,3410475000000,
-0.11978976604591077,-0.11121982703842229,0.2001526900149121,3410480000000,
-0.041049773666437486,0.11984004309435974,0.20040503685963623,3410485000000,
-0.015897570092083813,0.2768776190070146,0.20001340585982777,3410490000000,
-0.10224168853005958,-0.035586724945636576,0.19997888911323058,3410495000000,
-0.04965328493010655,0.15665758719640935,0.20054131927140803,3410500000000,
-0.043759432976378326,0.11110354585655603,0.20015259218285433,3410505000000,
-0.05276222419699158,0.13964284806578608,0.19999448134423692,3410510000000,
-0.053523617092635374,0.13045182019718027,0.20022503369262412,3410515000000,
-0.034710574882406475,0.1277397666175331,0.20015694128006187,3410520000000,
-0.022318272484519376,0.15151035064254023,0.20026560760643825,3410525000000,
0.1911864304919953,0.2962547016290508,0.19988674632361922,3410530000000,
-0.0963050814948948,-0.04696291960297317,0.2001583002278715,3410535000000,
-0.034278583780058984,0.30395735917615724,0.20039561429012961,3410540000000,
-0.10255099194257868,-0.008015976187845966,0.20010184526045466,3410545000000,
-0.07053858136241858,0.14331843726907104,0.2002466252464658,3410550000000,
-0.003178067949708232,0.2774485846875111,0.20035955781717257,3410555000000,
-0.10341031871944548,-0.06284412510022577,0.20013522883383822,3410560000000,
-0.07701283517472514,0.14414112479260185,0.20013483049311814,3410565000000,
-0.010459592308606125,0.2878171679479734,0.20021097059805393,3410570000000,
-0.09434430594302037,-0.03683588281488469,0.20010077804116688,3410575000000,
0.0037932121356538152,0.2676714066434972,0.20010145392344364,3410580000000,
-0.11635752013085393,-0.03262867657363536,0.19988113339480207,3410585000000,
-0.04979565788959965,0.15191248638394184,0.20035205040054618,3410590000000,
-0.02499124455501605,0.32521763466279857,0.1999333755064641,3410595000000,
-0.05967663973952306,0.022436001445260846,0.1997882971354812,3410602000000,
-0.046706770101796045,0.11861913210249002,0.20023589478979684,3410607000000,
-0.03573492508186546,0.27711847125274863,0.20024724454828083,3410612000000,
-0.08979911529015851,-0.028659163420024836,0.20041729815590306,3410617000000,
-0.033978247507017834,0.16547544314580903,0.20027082248818565,3410622000000,
-0.00878829949577638,0.26073070063988535,0.19967704724725036,3410627000000,
0.10253459883939192,-0.03890265843410463,0.2001136917498624,3410632000000,
-0.03774519425994202,0.1522293139692297,0.20069239888297657,3410637000000,
-0.01492308346688806,0.2671486490830267,0.20042469312055053,3410642000000,
-0.06442731494446949,-0.05067701173980478,0.20026151984520882,3410647000000,
-0.06569164984989173,0.16629891160694177,0.19994594616629005,3410652000000,
-0.011083326458824518,0.277674151533998,0.2001400535728548,3410657000000,
-0.0952766220873162,-0.03931556476868563,0.20053924272772297,3410662000000,
-0.03880013379739188,0.23064722002835847,0.20043064951581793,3410667000000,
-0.06590717376862744,0.17701103214150227,0.20019611588736644,3410672000000,
-0.08842489646347197,-0.06463299867829372,0.20014189238840505,3410677000000,
-0.04927691294775733,0.12735173820295984,0.2002924993000376,3410682000000,
-0.043510176787832616,0.13223117041878998,0.20016033175623787,3410687000000,
-0.06501598566958307,0.11545114174139473,0.20015924071427574,3410692000000,
-0.0621848547698615,0.16168540576694154,0.20004550844578858,3410697000000,
-0.03344548236283324,0.30408898804856427,0.19961772058921634,3410702000000,
-0.09258067381830896,-0.033125419460335224,0.2000462476295964,3410707000000,
-0.04126437376660895,0.2450251988050295,0.20026824870728893,3410712000000,
-0.09062141566921902,0.009588503519836604,0.19981314943625425,3410717000000,
-0.07193504430709308,0.0954590446580558,0.20027705912673757,3410722000000,
-0.00854482872409005,0.24369679142511927,0.20051079477496314,3410727000000,
-0.08890383286058043,-0.025794733449870925,0.20014095322270414,3410732000000,
0.12499625563340915,0.08650150825809538,0.2005187791261917,3410737000000,
-0.019273568838264345,0.3645187607036623,0.2003626040202588,3410742000000,
-0.10530220739276758,-0.0356216977905132,0.19994194441376303,3410747000000,
-0.03876415095388424,0.1131438934874206,0.20055882296864339,3410752000000,
0.009532203391013235,0.2883980117492078,0.1999913972107944,3410757000000,
-0.11838889219940604,-0.027827471356253762,0.20020912495240292,3410762000000,
-0.04979434789477998,0.3061039440095162,0.2006697997441204,3410767000000,
-0.09329351514678547,-0.027651691218140907,0.19997136290839676,3410772000000,
-0.08462146680601956,0.14130997513612226,0.1998763881323578,3410777000000,
-0.015874751055804152,0.304032007827145,0.20056039036462425,3410782000000,
-0.119125142168697,-0.03595608943328494,0.20039516950515207,3410787000000,
-0.07166537837148848,0.16049586107675307,0.20051812865914975,3410792000000,
-0.04729316732553538,0.148759108084327,0.20001432471333302,3410797000000,
-0.02733479400508805,0.12928243813700616,0.20014337688939773,3410802000000,
-0.028940600716039187,0.3317902170506899,0.20011705801653093,3410807000000,
-0.09888599081366546,-0.018586489888899344,0.20005136099645843,3410812000000,
-0.034802250293405196,0.25292422440293694,0.20060459418538645,3410818000000,
-0.09942502345036483,-0.027445990991644593,0.20012266821867666,3410823000000,
-0.06621409227141088,0.09566822320633053,0.2004967872368621,3410828000000,
-0.023021816427280066,0.30291323172357987,0.19997251320147777,3410833000000,
0.10550809369043379,-0.07091344286307102,0.2000690734952499,3410838000000,
-0.06955784872656795,0.15888835919160393,0.2001198031430453,3410843000000,
-0.05252570358586691,0.15708665685520543,0.20001011023521353,3410848000000,
-0.025536881400040276,0.11781074491651583,0.20013136664282502,3410853000000,
-0.01119395590872442,0.29057151002279297,0.20032663410473486,3410858000000,
-0.12168321263049078,-0.039390998183909745,0.19961132570982446,3410863000000,
-0.04154318025549999,0.12024761901600932,0.20030993886278917,3410868000000,
-0.04060399967007517,0.2953680457651403,0.19974467187674846,3410873000000,
-0.09963920200797734,-0.060309169499503,0.19990981795365445,3410878000000,
-0.03061487525739735,0.16028880580034652,0.2003002239757196,3410883000000,
-0.004621335826754542,0.2739896802391777,0.20041289566218823,3410888000000,
-0.10546445354772839,-0.05253329003425655,0.20005295924506195,3410893000000,
-0.0476887604025382,0.12565182669399144,0.20029504945285004,3410898000000,
-0.03469608397126606,0.30809684169614093,0.20011035207265454,3410903000000,
-0.08114726769179369,-0.08693573345368508,0.20039967984546542,3410911000000,
-0.05422467290418072,0.1360610191131793,0.20016292063073823,3410916000000,
-0.061587928162208684,0.166156603220671,0.1991493197194963,3410921000000,
-0.06829374368653307,0.13842251946038805,0.20021597810472194,3410926000000,
0.0030656108991876686,0.3004087902001531,0.20038940866960755,3410931000000,
-0.07731749473517847,-0.010603658206499288,0.199977744838089,3410936000000,
0.1566927234613627,0.12859148133591564,0.20022852093905846,3410941000000,
-0.03905313776421802,0.26167621319898315,0.20010547530838885,3410946000000,
-0.07772310017843752,-0.01637244476723756,0.19999480787274704,3410951000000,
-0.06877408775815072,0.09287897903764204,0.20070802199218152,3410956000000,
-0.016768702453897957,0.22005319737231804,0.20041509401248103,3410961000000,
-0.1031413871571064,-0.06684567104549685,0.20025440616688223,3410966000000,
-0.10378583167884461,0.12667029350636708,0.20052199534405815,3410971000000,
-0.017707210010484323,0.2707136508906268,0.20025080199783227,3410976000000,
-0.11017066529771688,0.001365842456957376,0.1999438871676129,3410981000000,
-0.053634542066056654,0.11014767961239715,0.2000491433106833,3410986000000,
-0.022815383194250322,0.2780372245631543,0.2001762558507405,3410991000000,
-0.09441687132183803,0.007609609812447123,0.200253624273649,3410996000000,
-0.0653009638154963,0.1544316749553497,0.2006408157644775,3411001000000,
-0.02652855175653694,0.3151534750584971,0.20045523487445424,3411006000000,
-0.10172808516903506,-0.036628847135876295,0.200029797869911,3411011000000,
-0.04088932755979775,0.13784045993006283,0.20045233432459383,3411016000000,
-0.03803440194754232,0.32311559488677916,0.20018240594775238,3411021000000,
-0.09111772120244206,-0.048028237288710994,0.20029805897813818,3411026000000,
-0.07792864931463978,0.1409053218360355,0.20028225030885918,3411031000000,
-0.0539396128590101,0.13818153901432548,0.20014933400157228,3411036000000,
0.12518263000991,0.10080621568304983,0.2005194462529199,3411041000000,
-0.02713421806292602,0.3020843156221288,0.20061528684371527,3411046000000,
-0.07120541343385255,0.005715880355190155,0.20004429845373586,3411053000000,
-0.013130489631972305,0.2919624154651606,0.19993020599095734,3411058000000,
-0.05991009795828846,-0.022122664725318424,0.1999119428206896,3411063000000,
-0.05782718968756667,0.16178866263792646,0.20002343237765327,3411068000000,
-0.033532582114603346,0.28988722594045707,0.19969677758690152,3411073000000,
-0.07695391791480448,-0.038918874797937576,0.2002510648064981,3411078000000,
-0.040138474248373086,0.126315574137879,0.20020297819781807,3411083000000,
-0.0507817019793085,0.1254442877972832,0.1998142499768094,3411088000000,
-0.0582728700713914,0.1024485307523807,0.20021400291353628,3411093000000,
-0.03775913211647631,0.2586869263813122,0.2000737427585139,3411098000000,
-0.10612393512001259,-0.07149154453108957,0.20029676523973938,3411103000000,
-0.054784782779621385,0.12498009747667876,0.2003706191872106,3411108000000,
-0.030582294280792354,0.334848989405936,0.20008707490129443,3411113000000,
-0.07327242519902322,-0.01827130013811542,0.20011149695253977,3411118000000,
-0.017375258413503507,0.17416274708117635,0.19994837248428465,3411123000000,
-0.0077884398181452125,0.3091990441873183,0.19963756084694717,3411128000000,
-0.09626572681808816,0.009967248831559757,0.20059264491601922,3411133000000,
-0.028516145334343518,0.3126320510112338,0.20007753004353235,3411138000000,
0.13053780153909805,-0.013510807234308357,0.2001182432509949,3411143000000,
-0.022234276349616017,0.24507357028893925,0.20006429385300054,3411149000000,
-0.05807678383962484,0.14856548535641279,0.19979299098231687,3411154000000,
-0.10779926787745447,-0.04966045083102365,0.20045629423372602,3411159000000,
-0.0479551210908005,0.14509243048634807,0.200367111153961,3411164000000,
-0.006494456859649101,0.29469666516528936,0.19976399198678207,3411169000000,
-0.08046406568181408,-0.04002482734995871,0.20012966204912988,3411174000000,
-0.07585481430051054,0.1745075886714501,0.20060100762726607,3411179000000,
-0.028972493894230792,0.28957259643920047,0.20002730333516305,3411184000000,
-0.07591838736505133,-0.056546727784175424,0.2001719416432443,3411189000000,
-0.01061011355460351,0.22859081510771823,0.20042652623999685,3411197000000,
-0.08354816418173411,-0.01301380787998592,0.20024927313147586,3411202000000,
-0.07517388914089733,0.13171111757443701,0.200078489178261,3411208000000,
0.014679069653611782,0.25989881646393515,0.2001101197341932,3411213000000,
-0.057312718449424115,-0.04022340748560004,0.19996013463133172,3411218000000,
-0.07527976755036414,0.13901304155981645,0.2009094479900935,3411223000000,
-0.035880108433281335,0.32903028373270216,0.20024312827651092,3411228000000,
-0.059078149023635645,-0.05090322507043609,0.20016563236062085,3411233000000,
-0.034293957371220166,0.27463613669809467,0.20034359556124406,3411238000000,
0.09474857416399232,0.03920236129772556,0.19979803140262847,3411244000000,
-0.003914884013374326,0.11158232800196158,0.20002349094967828,3411249000000,
-0.014995707729761798,0.26850330458837735,0.20040600008384787,3411254000000,
-0.11057297462608816,-0.04009807873993511,0.19988431594515776,3411259000000,
-0.04718383734293216,0.12809827194449216,0.20074805491172085,3411264000000,
-0.0239227380019199,0.2864911568532042,0.20015700032031192,3411269000000,
-0.10654037809524948,-0.05271212144390096,0.20053090934723075,3411274000000,
-0.04278131247807973,0.29365820273669946,0.2001966588793721,3411279000000,
-0.06915618142504378,0.0022110531253945673,0.20024772127646426,3411284000000,
-0.07747454529536427,0.1621644129154571,0.20053480791954678,3411289000000,
-0.01752650448364777,0.2469781237461867,0.2003276536171563,3411294000000,
-0.08824272961491085,-0.04271914536472894,0.2004455056429712,3411299000000,
-0.06635003545499715,0.12191733813536038,0.200378618322861,3411304000000,
-0.0453571803920719,0.14119103918780668,0.19995357054106375,3411309000000,
-0.05605229792591868,0.11145044158453254,0.20001803381641775,3411314000000,
-0.03450437726401868,0.28012305523980124,0.20037798813158056,3411319000000,
-0.10653974555525596,-0.07277639792032332,0.19977236975210014,3411324000000,
-0.051316237527064115,0.14010751321290724,0.20075988467565897,3411329000000,
0.01665423292220651,0.2881373135880523,0.19996486050346327,3411334000000,
-0.11702898452004662,-0.034478636265865586,0.2002693523773794,3411339000000,
-0.050849703402807436,0.2759566656589059,0.2000440304833635,3411344000000,
0.09993129260771619,-0.004829327055213344,0.19962114197420067,3411349000000,
-0.08922288307069581,0.12376300558722252,0.20056310225874716,3411354000000,
-0.05197445433967459,0.27067055966585407,0.20060136480312687,3411359000000,
-0.08166023095334035,-0.02204844305965358,0.19980656150648327,3411364000000,
-0.06795401249454337,0.1711997173070328,0.2004539836929385,3411369000000,
-0.017522783364720133,0.28916904428178514,0.19995806027720478,3411374000000,
-0.10354429939031982,-0.032702791299119384,0.19996395295460054,3411379000000,
-0.04690043524096031,0.2896946117629374,0.20015500827270521,3411384000000,
-0.06944995556885895,0.018610456984836234,0.20017363087656437,3411389000000,
-0.037020268351451155,0.12320688677749522,0.20010420255400935,3411394000000,
-0.03956511884230269,0.29984919829436235,0.20038699305535543,3411399000000,
-0.06728911219030442,0.002574668896595444,0.19991031383867738,3411404000000,
-0.0500108235375772,0.09673567718639593,0.20036113859211188,3411409000000,
-0.044985615864500034,0.27323109097717574,0.20046250242474234,3411414000000,
-0.10181052506506154,-0.023032663840704147,0.19990629290050935,3411419000000,
-0.03777781256889397,0.11518502717582832,0.19997628637120346,3411424000000,
-0.016190187879504783,0.24835904536087933,0.2005486554099995,3411429000000,
-0.06352376249553005,-0.02628604089355098,0.19971479096491515,3411434000000,
-0.0694763001579323,0.12160955940075356,0.20033582667695374,3411439000000,
-0.03927450194361922,0.2586029151587743,0.20024525792340506,3411446000000,
0.08087207368406812,-0.00013917542078609527,0.20036964460177129,3411451000000,
-0.09652220661320807,0.13404418068250598,0.20034773773536746,3411456000000,
-0.004194292646896761,0.29465194836994835,0.20021021290375068,3411461000000,
-0.08455896316153329,-0.08059543870260517,0.20028601861849213,3411466000000,
-0.07361151069269192,0.17513227318656466,0.2003073606497054,3411471000000,
-0.023778192688609395,0.32554738352208834,0.1998962067337707,3411476000000,
-0.10656614678345344,-0.00707742970683739,0.20034020820997253,3411481000000,
-0.024561296847157767,0.30377093378915015,0.2005466015801306,3411486000000,
-0.09022362911933451,-0.03860970576271105,0.19984751779005125,3411491000000,
-0.04597512462506882,0.11533664369925667,0.20023617478483063,3411496000000,
-0.03300833330250178,0.2877395073657354,0.20026685762398172,3411501000000,
-0.10115424365467306,-0.06613139890684408,0.20013209368823398,3411506000000,
-0.05653443340826263,0.15428928252877655,0.20057542034705458,3411511000000,
0.12528411068496123,0.1307984417478266,0.20040883233440285,3411516000000,
-0.07747040547455503,0.10178717839347284,0.20014728730938483,3411521000000,
0.013507622282930332,0.2816466243544821,0.20014876340517881,3411526000000,
-0.11142227108508662,-0.028852999456823854,0.20031487233690592,3411531000000,
-0.07270868434953215,0.1538544155526034,0.20027206324466432,3411536000000,
-0.019484213704191893,0.306149766670099,0.2003632934813782,3411541000000,
-0.07597381915060492,-0.02153535014374589,0.20045934918438246,3411546000000,
-0.05485913788242687,0.13330966404895048,0.20034334671929435,3411555000000,
-0.07909783084287514,0.09070135082842365,0.20054865499048383,3411560000000,
-0.006201986510324907,0.29354712742983874,0.20031370209365168,3411565000000,
-0.07669731154792347,-0.028100760466982,0.20020585350338926,3411570000000,
-0.049271844212732445,0.15286923261464197,0.20032470200213412,3411575000000,
0.011695392978563895,0.25635682218551953,0.19989068107141952,3411580000000,
-0.07130091994001841,-0.021427204707941738,0.200130007876174,3411585000000,
-0.00963447571277943,0.2854441550592596,0.20028720026124452,3411590000000,
-0.08206692168597744,-0.050319676878723935,0.20001585504396027,3411595000000,
-0.04483813664836881,0.16032192803486497,0.20022933209233545,3411602000000,
-0.04252635085701673,0.16217097379474982,0.2005211836527763,3411607000000,
-0.07136744372747253,0.11861657613397589,0.20039680101171342,3411612000000,
0.13222498167327743,0.3192809767169419,0.20027920246887262,3411617000000,
-0.07658781867330125,-0.061940013922325204,0.20002811068203238,3411622000000,
-0.07276898502047702,0.1430402466647479,0.20059529095909104,3411627000000,
-0.0314279069299164,0.3229566950601603,0.20009282214939045,3411632000000,
-0.14088189458849176,-0.03694828614612235,0.19982924054132994,3411637000000,
-0.06897896374861161,0.15411641035554408,0.20003979503150537,3411642000000,
-0.0016251325776800475,0.3100944128223605,0.20019058946232474,3411647000000,
-0.06523163322758276,-0.05136567698917806,0.19970673150054843,3411652000000,
-0.06614674897575742,0.14186525851984513,0.20002013747789446,3411657000000,
0.011387985495180223,0.3048901271011441,0.20014294902632263,3411662000000,
-0.11757614133887362,-0.05401767394457145,0.1998354129697673,3411667000000,
-0.06829390985699364,0.1552965360979828,0.20021076466992227,3411672000000,
-0.03334913623789347,0.32276298024279026,0.19991291764414776,3411677000000,
-0.08630745399243767,-0.04793741405545678,0.19992148997189396,3411682000000,
-0.04095622858614985,0.1348266316180276,0.20040317697557142,3411687000000,
-0.03116608477313943,0.29525521773881763,0.20003283695991675,3411692000000,
-0.10963642944064726,-0.05725604624829314,0.2001154577976226,3411697000000,
-0.04673204760981099,0.20099490849219467,0.20045540582091206,3411702000000,
-0.07550193261985648,0.2706145871261327,0.19963314604354032,3411708000000,
-0.09105085499827097,-0.02761964727378322,0.2000871154833722,3411713000000,
-0.08784302716079462,0.1851951309879905,0.20024788444131392,3411718000000,
0.16540532450258083,0.2967440143903877,0.20018728698612442,3411723000000,
-0.07792667555894656,-0.05117982935508353,0.19984442511614803,3411728000000,
-0.061389533775799594,0.17368236794673167,0.20035401481026724,3411733000000,
-0.02485975525219878,0.33050189913303984,0.1999868293755656,3411738000000,
-0.10246319825537387,-0.0773989203761519,0.20014834980510968,3411743000000,
-0.0576655660792737,0.14865801416689817,0.20045645603839973,3411748000000,
-0.05425912924566341,0.15552828308663696,0.199682550100178,3411753000000,
-0.045038425014595096,0.12490017968905116,0.20062637446701345,3411758000000,
-0.04316011303392154,0.2532462687928469,0.20001343660681178,3411765000000,
-0.09199259554431347,-0.0393883435898879,0.20027799358021478,3411770000000,
-0.020841341992270238,0.3181067685488866,0.20020044478588744,3411775000000,
-0.02423658734527468,-0.04935971404575684,0.19988475018663013,3411780000000,
-0.03844423534580728,0.14674652332323676,0.2006594266173961,3411785000000,
-0.001261172310116767,0.30853881500654373,0.1997947323059111,3411790000000,
-0.10608867733808516,-0.04978104317732924,0.20004925464489634,3411795000000,
-0.06382215822600266,0.10651123662503406,0.20025277770456235,3411800000000,
-0.029711616856393702,0.18593871661158215,0.20033495630071416,3411805000000,
-0.07270519128192338,0.11059397913246727,0.2001810294858527,3411810000000,
-0.04837548872926387,0.24686798340134425,0.19976239444890673,3411815000000,
-0.1187705428659446,-0.0573071265606188,0.20005163699211026,3411820000000,
0.16271997489787224,0.14182470683770307,0.19971264578740938,3411825000000,
-0.04360527293301357,0.3017970872981636,0.19974170887739437,3411830000000,
-0.08832331155332374,-0.035276712948035215,0.2002782749455423,3411835000000,
-0.02133895281763437,0.3001979942909387,0.20010435303907556,3411840000000,
-0.08016609519357183,-0.008656035252322277,0.19973366268206108,3411845000000,
-0.06524364359074362,0.10072014502655878,0.19993095490962853,3411850000000,
-0.04250335862006145,0.29482940108377786,0.200189897568617,3411855000000,
-0.07523026297094869,-0.03452142225700549,0.2001510901347872,3411860000000,
-0.07330344336940652,0.1426897574337181,0.20015963421479827,3411865000000,
-0.05734936677482164,0.10915969946239695,0.1996728218275192,3411871000000,
-0.06979573469065925,0.13163197918048444,0.20034900837367067,3411876000000,
0.017076878647722213,0.2812843920403614,0.1998588629790199,3411881000000,
-0.07851129947595267,-0.025899512012327715,0.20000370103007886,3411886000000,
-0.08785354832499001,0.15422947057053082,0.2002960300463477,3411891000000,
-0.027383425913903803,0.32542708388922836,0.20073988411885413,3411896000000,
-0.08399653661331156,-0.0009310034244991508,0.20008572378128947,3411901000000,
-0.05621808375830855,0.13884988463506293,0.20051186236765106,3411906000000,
-0.0389984636675235,0.3150033030943793,0.20013862115806277,3411911000000,
-0.09683301845539317,-0.04222465011715405,0.19988104322282327,3411916000000,
-0.05388619827616522,0.1665405192571388,0.19995099534464014,3411921000000,
0.11026204702451857,0.24308841571839462,0.20007655921788992,3411927000000,
-0.13091989681425426,-0.08700721773061511,0.20018625190058512,3411932000000,
-0.08596661265798317,0.15995354317863572,0.20042478414182555,3411937000000,
-0.010451361950238701,0.30252472584643364,0.20012641080143853,3411942000000,
-0.10677768070187557,-0.06141225139484209,0.19985571972864982,3411947000000,
-0.05902125048117683,0.15157012717442528,0.20065929596656062,3411952000000,
-0.0035037946331230134,0.31416833845586317,0.20001350111972416,3411957000000,
-0.08488106594850658,-0.035832399922169744,0.20025687001357115,3411962000000,
-0.04056849437071208,0.1309028480194163,0.20028792260566364,3411967000000,
-0.00880824582159369,0.3462714243908529,0.19998740957818636,3411972000000,
-0.11280156832434189,-0.08103248440125611,0.2003016017339474,3411977000000,
-0.030637374900461454,0.15336594751777657,0.20032268399034492,3411983000000,
-0.013304889659669836,0.3218912870943257,0.20017630268981934,3411988000000,
-0.1041035959941294,-0.03535695253001146,0.20032790872638354,3411993000000,
-0.03336591760636982,0.2882736032870895,0.2003942744703427,3411998000000,
-0.07735070571920723,-0.02129370604891819,0.2003393605014542,3412003000000,
-0.06378523999760938,0.148046352944599,0.20026541384723148,3412008000000,
-0.036569694854608994,0.3146514761332207,0.20034062320955556,3412013000000,
-0.07726433638508418,-0.011871618867942954,0.19989148873297835,3412018000000,
-0.06423733983756558,0.13578678601463867,0.20050703571871453,3412023000000,
0.13837917717175213,0.12137254105766036,0.19987839115393752,3412028000000,
-0.07078118115256281,0.13775408825924298,0.20031540612856982,3412033000000,
-0.05848427395162635,0.14283395764321513,0.2001913032027218,3412040000000,
-0.09189240670776268,0.11194405563914446,0.20022522575165402,3412045000000,
-0.02833929974968241,0.293623849544356,0.20035398855829437,3412050000000,
-0.1122010930372008,-0.00054484796524671,0.20017042645183375,3412055000000,
-0.05822632106390228,0.14180395169062832,0.20012081791330386,3412060000000,
-0.0038881123196835565,0.30312778517354144,0.19999932194024395,3412065000000,
-0.11491563324813148,-0.02976768203283956,0.20036282585125287,3412070000000,
-0.03820217173820449,0.1559447402974435,0.20061516103765295,3412075000000,
-0.03433366638484779,0.13348259491949507,0.19999740921021997,3412080000000,
-0.0796902427792776,0.10630458018876486,0.20030792001083286,3412085000000,
-0.024676261689087202,0.3507200760203857,0.19997478295573576,3412090000000,
-0.10419140588939552,-0.06661948883694613,0.2000080050359538,3412095000000,
-0.031313941049745525,0.1555139311386822,0.200300641740243,3412100000000,
0.005193810599845368,0.3396224966631885,0.19998178391474847,3412105000000,
-0.058382072053788724,-0.02543028942237947,0.19949721795718495,3412110000000,
-0.0732587074578144,0.1515459668541282,0.20006655765133538,3412115000000,
-0.001779032863750949,0.31342369533380177,0.20041650008990858,3412120000000,
-0.08646862356997148,-0.0405812076029508,0.2004823220623242,3412125000000,
0.13154375687942982,0.12095106235398743,0.20025507026614597,3412130000000,
0.0033689804988056536,0.2803557876360533,0.20038495690125352,3412135000000,
-0.10222120868950804,-0.028984861822135007,0.1999390873790007,3412140000000,
-0.06962054605236269,0.14792053827858168,0.2003288261863949,3412145000000,
-0.01096813283474541,0.30903973885435315,0.20041630855178355,3412150000000,
-0.10806619935421306,-0.0730044435786484,0.19974227272686007,3412155000000,
-0.09095271497074191,0.1522074855495051,0.2003589117144121,3412160000000,
-0.0013082079009962104,0.34037780964935693,0.1998377687699341,3412165000000,
-0.08733020953013837,-0.04003927127956438,0.20040767158165126,3412170000000,
-0.04964282055434088,0.17316347331843113,0.2000468167486019,3412175000000,
-0.015090790456078584,0.3186474578905771,0.20033649497297248,3412180000000,
-0.11726479924639016,-0.033228571174842216,0.20018382100480334,3412185000000,
-0.06260424116541491,0.13411136986292885,0.20045249181137248,3412190000000,
0.006946301180586995,0.2877665063236607,0.2000818450789026,3412195000000,
-0.07063603961256087,-0.05670832147262045,0.2002559335263978,3412200000000,
-0.04126760771533248,0.15452298918286947,0.20031871956807182,3412205000000,
-0.006004684931187665,0.30246322703095974,0.19969200090767356,3412210000000,
-0.06963623025817145,-0.010623898012731914,0.1996389137873186,3412215000000,
-0.053534551129929504,0.14789325396610634,0.2003095112958029,3412220000000,
-0.038422537870978477,0.3087872127096274,0.2001537358166685,3412225000000,
0.07597070409800592,-0.03978246009813184,0.20027442008516894,3412230000000,
-0.055473487337393074,0.16587740021385267,0.19989932271242683,3412235000000,
-0.016497634322897536,0.278481181085848,0.19995223675463322,3412240000000,
-0.09652531196154863,-0.02008867444874157,0.20027759547814725,3412245000000,
-0.04860135613976634,0.27056012901464455,0.20017701276639022,3412250000000,
-0.09105537399183536,-0.051461508421650703,0.1998241652848297,3412255000000,
-0.07140766412225426,0.12277044467285608,0.20030986704894554,3412260000000,
-0.03160161202658083,0.29153633862850453,0.1998433119946536,3412265000000,
-0.06705886180416723,0.05263818692781803,0.2002296673863211,3412273000000,
0.000990351989411123,0.3433626927405545,0.20004073020040217,3412278000000,
-0.1074386680810704,-0.058481416778084994,0.20043895699395928,3412283000000,
-0.0494902839163289,0.14984652234932133,0.2003538292491048,3412288000000,
-0.0549526225398693,0.12602041277399745,0.20000671056579272,3412293000000,
-0.054302340319079045,0.11305390069082702,0.2002486365496446,3412298000000,
-0.026241839207381188,0.32225135897855584,0.200190494403191,3412303000000,
-0.12182487861857753,-0.024597269995860784,0.20033639798442132,3412308000000,
-0.06735412762976052,0.12953597933780311,0.20034424300862322,3412313000000,
-0.05163756477415128,0.30307413306703934,0.19984327595508983,3412318000000,
-0.053910850425899354,-0.03599069716039217,0.20028208304814574,3412323000000,
-0.012902084806516395,0.3167950509412949,0.20049278520165129,3412328000000,
0.0991068990209819,0.01071875587685165,0.20020903163659515,3412333000000,
-0.051408805055707815,0.14686284075119838,0.2006497777889842,3412338000000,
-0.01647420553170014,0.3183651377975302,0.20012372016746038,3412343000000,
-0.09779499370768742,-0.05629774493256923,0.20031887865720913,3412348000000,
-0.061133012398292066,0.15440496389819225,0.2006380470566324,3412353000000,
-0.026107077484708863,0.2865464184476614,0.19965748422441257,3412358000000,
-0.0924639738242246,-0.038632828664370185,0.20018402168918253,3412363000000,
0.006141269143108093,0.12687734317856975,0.2005340319136021,3412368000000,
-0.04804211012140863,0.12205511750814212,0.20008231156053757,3412374000000,
-0.06838805127435696,0.1594161382884337,0.1997736097378161,3412379000000,
-0.043462671362248864,0.26562406301945474,0.20026863470674172,3412384000000,
-0.08602070660833132,-0.005842281957199581,0.20019920351329099,3412389000000,
-0.06233854225773274,0.12580688163359302,0.2002044026818088,3412394000000,
-0.027533057832301238,0.2800318931630683,0.20051624172564078,3412399000000,
-0.06962175492665662,-0.026054540665435343,0.19985639967061647,3412404000000,
-0.06020454339228805,0.1084474135346104,0.20004475018745158,3412409000000,
-0.04324770879692511,0.2945126607929842,0.2001680580415377,3412414000000,
-0.060304805790216326,-0.014178242084215462,0.20007257979646675,3412419000000,
-0.04082417876357983,0.11772443225231388,0.20027211798724,3412424000000,
-0.03419544193788822,0.2957673583522176,0.20016044564058588,3412429000000,
0.11350774374167302,0.017361542171609182,0.19996652307869783,3412434000000,
-0.04971516621294019,0.10161048644301654,0.2002404776766126,3412439000000,
-0.02586770782368385,0.29107061523792105,0.20017786112785868,3412444000000,
-0.09085090270134942,0.0007009210745743573,0.20003398400809605,3412449000000,
-0.04241551825474258,0.12368782844442536,0.2003295987165185,3412457000000,
-0.01229705874114759,0.2717233971182113,0.19998521367731348,3412462000000,
-0.08328575210817499,-0.039831311388025585,0.20022293001565938,3412467000000,
-0.06490517660218308,0.13882845543612526,0.20059613628021017,3412472000000,
-0.012251778603514361,0.29643945089550866,0.19990817802257943,3412477000000,
-0.10545815830260354,-0.039313278134185496,0.2002784838449896,3412482000000,
-0.07296746431087142,0.1270584452348769,0.20042325231319885,3412487000000,
-0.033391173932619395,0.30616920445354506,0.2003109270035112,3412492000000,
-0.08407178215346713,-0.042090181777959784,0.20031122828822467,3412497000000,
-0.044983885263762874,0.2966885389651902,0.2006112957013853,3412502000000,
-0.08129122524255278,-0.05527610463922532,0.20019489998234546,3412507000000,
-0.05876741094983433,0.15722682152495057,0.200215727199289,3412512000000,
-0.017732698033198244,0.2954458122065421,0.2000249626527586,3412517000000,
-0.11056507790618324,-0.031687338763851026,0.19986191760159583,3412522000000,
-0.044628605554320896,0.15211932853806245,0.20057423456998072,3412527000000,
-0.05198169320641349,0.16955158581416618,0.2002054889231689,3412532000000,
0.14852577204189038,0.10860338313247876,0.2002876311770001,3412537000000,
0.024074938315137295,0.2824573331516056,0.19995993497748096,3412542000000,
-0.11070244833632778,-0.027607322254536774,0.19974404036165905,3412547000000,
-0.034097315938831425,0.1352992480713356,0.20006008254219815,3412552000000,
-0.005675813284566124,0.2910637126122369,0.20009104091047858,3412557000000,
-0.10940637906885714,-0.03191241106473726,0.20027563557693098,3412562000000,
-0.06086186926518656,0.15215693416194007,0.20044465741239126,3412567000000,
-0.05922708111031928,0.11362862639255096,0.2001903400970445,3412572000000,
-0.0651833978620839,0.14759138538720878,0.20026932563329386,3412577000000,
0.002700777166598979,0.2969007942024878,0.200258869540965,3412582000000,
-0.11182520448486266,-0.0619415974267701,0.19982457366357817,3412587000000,
-0.036913904145728926,0.146948573271527,0.20051658510028897,3412592000000,
-0.041897690224328106,0.14335326451141034,0.20007422421822907,3412597000000,
-0.08381668765769076,0.11844554410303752,0.20066219161157056,3412602000000,
-0.07087455627870459,0.32277311366420597,0.20025793455726446,3412607000000,
-0.05058693479214715,-0.01905471764249803,0.20036678288054652,3412614000000,
-0.06198048184296156,0.27867787912703373,0.2004306788385756,3412619000000,
-0.08328958063543022,0.0030564402262947587,0.20007698091826195,3412624000000,
-0.03785826372135949,0.12970080334977205,0.20007348828812174,3412629000000,
-0.056779796734521375,0.3091359737803149,0.20033904385524862,3412634000000,
0.12978859963790906,0.01831375608569762,0.19984166794702013,3412639000000,
-0.0781305178587502,0.13545801417698122,0.20041624908437589,3412644000000,
-0.0007972187954409481,0.2575596398075124,0.20029564783347836,3412649000000,
-0.08816936695170485,-0.010974483547184602,0.19944569175164517,3412654000000,
-0.07729817053898183,0.11414279625362353,0.20010736022514122,3412659000000,
-0.027051044315467794,0.2799114775053744,0.20006826187835755,3412664000000,
-0.08588725326582333,-0.007490368887457996,0.20017630391224558,3412669000000,
-0.060102051390802144,0.13862232148532172,0.19992964197457044,3412674000000,
-0.06759688568898212,0.2835281463348869,0.20033110164061207,3412679000000,
-0.06983157194122112,0.013034379593749007,0.1997545553202786,3412684000000,
-0.057365229311110516,0.12132770511704964,0.1999060330914652,3412689000000,
0.00813887688937057,0.27440852566809926,0.19989693074143786,3412694000000,
-0.06678858078051102,-0.07970670557864507,0.1998622792050882,3412699000000,
-0.09315256151246872,0.11976786107338828,0.19999878108338265,3412704000000,
-0.03209081741395281,0.30428286214533146,0.20029168181160692,3412709000000,
-0.1028009035364625,0.01758606900460708,0.19988391690348914,3412714000000,
-0.030701904660439684,0.15864467536533505,0.20022170465622519,3412719000000,
-0.018987852309921935,0.2793819707417973,0.20053697929025596,3412724000000,
-0.06562235986342096,0.009172246770647355,0.1997320685398136,3412729000000,
-0.053738964949696086,0.08706644294493739,0.2006872626673534,3412734000000,
0.1371747018463275,0.2742324298772638,0.19997762674027703,3412739000000,
-0.043599816392627846,-0.0018826265561974471,0.19984439402046023,3412744000000,
-0.03682741798407983,0.1258448176543175,0.20039606409089392,3412749000000,
-0.009906292561526668,0.25300323425917903,0.20029171062638892,3412754000000,
-0.038718390720008634,0.13294910659794051,0.2000199390080766,3412759000000,
-0.07495490353254243,-0.005178766965689842,0.20018593726523515,3412764000000,
-0.02911425934479274,0.29919134638277145,0.200156640282487,3412769000000,
-0.06522450048011723,0.005966198616821851,0.19979178760647703,3412774000000,
-0.049360968060766314,0.12555992030216365,0.20035358375630882,3412779000000,
-0.02486070143410703,0.3218788852286161,0.20001108049174657,3412784000000,
-0.05603708268081779,-0.03538533204740364,0.20035397977603947,3412789000000,
-0.0428800836765923,0.137413441759342,0.20044304903431537,3412794000000,
-0.031180244308374905,0.32993417975729794,0.20016377140582478,3412799000000,
-0.09997979958420786,-0.021445775350105993,0.20051758795238858,3412804000000,
-0.057739244547472486,0.11288685027211803,0.2002514350325201,3412809000000,
-0.0280957320552322,0.16755941477841554,0.20005070835084648,3412814000000,
-0.04877618210786546,0.09271316989904549,0.2004382319574146,3412819000000,
-0.007540526741546032,0.31980250942261546,0.2003636808683814,3412824000000,
-0.10724784234068475,-0.09667333901170096,0.2003826841934527,3412829000000,
-0.04208451152996919,0.14358039689829177,0.20039086653696386,3412834000000,
-0.046651048470817205,0.29375923460451436,0.20009559338919683,3412839000000,
0.07657814447373872,-0.03816094204349294,0.20033388149462888,3412844000000,
-0.027644521641879076,0.28956607853172567,0.20030649714452456,3412849000000,
-0.10328086618505088,0.003496108704017783,0.20014337853389524,3412854000000,
-0.03705836489947638,0.15622791953984322,0.19985193109804988,3412859000000,
-0.036385602272820526,0.3082566884879689,0.20010510669185047,3412864000000,
-0.10696021561691607,-0.062021199056798926,0.20041155959148182,3412869000000,
-0.029904578400150886,0.12487774210341657,0.20033037577767665,3412874000000,
-0.03503264379753004,0.1574389358146731,0.2002153313807536,3412879000000,
-0.08063334502343736,0.13643832644121723,0.20005920217367412,3412884000000,
-0.02350435457825014,0.26690790196285424,0.20013876357852853,3412889000000,
-0.09666810521847789,-0.07171270273418633,0.20022043251674687,3412894000000,
-0.04763333949040322,0.1384992660055816,0.20024582293834445,3412899000000,
-0.01774517850587474,0.3018965960741944,0.2002309055738471,3412904000000,
-0.1027561633731775,-0.04498347144067484,0.20020390499635496,3412909000000,
-0.022580442963623253,0.30903674261747915,0.2004277208625734,3412914000000,
-0.07435289670392457,0.023574946186243576,0.20039972918907212,3412919000000,
-0.06398205242616416,0.1599140697860003,0.20073843114908377,3412924000000,
-0.028118240738277078,0.3030604101295461,0.20024242126593822,3412929000000,
-0.0508991748661317,-0.017638772799802645,0.200181761912943,3412934000000,
-0.07282681001469656,0.13790529219101683,0.20034097941589374,3412939000000,
0.16960283054668912,0.2731349230454719,0.199892870070742,3412944000000,
-0.08937055088872656,-0.08362707300824294,0.1997127732844166,3412949000000,
-0.03250485587333461,0.13566283229174775,0.2004450386098718,3412954000000,
-0.018250479122349117,0.26862622493431143,0.19996643490237265,3412961000000,
-0.10212590157854173,-0.044545319000919,0.19986832897495335,3412966000000,
-0.07996898084159357,0.16066555393025905,0.20046363167325776,3412971000000,
0.024522766347872038,0.32156883498329375,0.19996372294849676,3412976000000,
-0.09885856088489275,-0.04398181811404543,0.2001964957018814,3412981000000,
-0.05387711905221204,0.13320157606924632,0.20027977209763087,3412986000000,
-0.017627708120608668,0.30840331610617205,0.19973269669981505,3412991000000,
-0.09703353141463202,-0.05363791132402268,0.19999236109722546,3412996000000,
-0.04263516672913742,0.1300252553777694,0.20045114396767735,3413001000000,
-0.045867790692037086,0.29020254772529924,0.19997888401461067,3413006000000,
-0.11894495242182762,-0.050072749365718525,0.20054331026419372,3413011000000,
-0.09553685457276268,0.153247958892171,0.2001870394125695,3413016000000,
-0.07372909409843645,0.15320065951827355,0.2000075919128465,3413021000000,
-0.09418117063598554,0.1127537281485289,0.2004735980179395,3413026000000,
-0.04262885483502212,0.1528075088247094,0.20052262855668157,3413031000000,
-0.021634342200019432,0.2836448944023566,0.19981089745917918,3413036000000,
-0.11581892257509652,-0.05938273633143222,0.20038607118155713,3413041000000,
0.10906744838599955,0.14976116350411364,0.20013071324178275,3413046000000,
-0.013177155060329699,0.29104915861030495,0.1997677220752621,3413051000000,
-0.08553936722407762,-0.06263995034374956,0.1998865353831663,3413056000000,
-0.06244315614523806,0.15678532738968176,0.20034675954829814,3413061000000,
0.00789253047600854,0.31957960119097595,0.19996536035837245,3413066000000,
-0.07677941627839467,-0.05051586997475027,0.2001199659607658,3413071000000,
-0.06129077285569323,0.18999667090250827,0.20062635112424757,3413076000000,
-0.021231656774568283,0.3116121160378206,0.2000432710388665,3413081000000,
-0.12616262954312987,-0.035281170820782776,0.20033012920292614,3413086000000,
-0.04007167972358321,0.1310960744279983,0.20077590116193264,3413091000000,
-0.052619648161284616,0.14016348691186784,0.2000292496076911,3413096000000,
-0.07958610594291754,0.0771893595546754,0.20026356023089473,3413101000000,
-0.026400506226132874,0.2723089869908771,0.2001509107120229,3413106000000,
-0.07885850144931295,-0.11045811245132316,0.2000931317215297,3413111000000,
0.11385442741148709,0.12400604208176969,0.2004035387793133,3413116000000,
-0.021437769283096555,0.3062685438842738,0.200393205077989,3413121000000,
-0.09750931193326967,-0.04988072965475459,0.20038888823111553,3413126000000,
-0.0058957841394919434,0.3245431946946936,0.20033153645058663,3413131000000,
-0.07603584034257822,-0.04491609742406351,0.20011987408959075,3413136000000,
-0.052802774249666284,0.15172469804397043,0.2004370491316244,3413141000000,
-0.001570496229332967,0.32640073497143146,0.20043223485740877,3413146000000,
-0.0896833045582518,-0.03337972851276769,0.2000370479786528,3413151000000,
-0.07000204819498748,0.145859909149237,0.2005448639966236,3413156000000,
-0.04449518992182848,0.17629948681572474,0.19971152812035423,3413161000000,
-0.06551190099146928,0.1447111776581823,0.2002732369602965,3413166000000,
-0.0225678990401409,0.32466210069302415,0.20014912083060113,3413171000000,
-0.08461159049480076,-0.09785505201432218,0.1999617191814547,3413176000000,
-0.05634007307931442,0.14420016416179543,0.20008984781773653,3413181000000,
-0.012289935242535747,0.29126549254323975,0.19990958898537814,3413186000000,
-0.09269329674624482,-0.06006456846888439,0.20034449795560652,3413191000000,
-0.012887279363681925,0.2920905614523176,0.1997761855002459,3413196000000,
-0.07714089081122594,-0.011028203471857002,0.19991577081168233,3413201000000,
-0.049500310457834096,0.13294913760165847,0.20042786384311953,3413206000000,
0.0027263166710907935,0.3299191432757168,0.19973015324184326,3413211000000,
0.09587221966586,-0.013969419170260886,0.19990833004533842,3413216000000,
-0.04318775844998017,0.15927018954911187,0.2002744015146435,3413221000000,
-0.048328850380342854,0.1386873794610754,0.1995869921021093,3413226000000,
-0.060549563222334214,0.13214004508877825,0.20027320245311378,3413231000000,
-0.012909084568733194,0.31065861737127715,0.20025358945944993,3413236000000,
-0.13092525933437993,-0.06692567664103602,0.20004782289216727,3413241000000,
-0.07415736554795259,0.15337395263666748,0.2004007231884684,3413246000000,
-0.02936731152347677,0.3035001206055237,0.19990393723916466,3413251000000,
-0.09759081605299683,0.04419008200099969,0.20050712562374268,3413261000000,
-0.040505734239809424,0.33768310778902877,0.1999518149155742,3413266000000,
-0.09975541740008387,-0.050171955926360395,0.2001330568367167,3413271000000,
-0.05153063833443691,0.14142352854727003,0.20044009753469494,3413276000000,
-0.04850929083278176,0.28171847059500527,0.19974599910785998,3413281000000,
-0.08335158798598148,-0.03518229375434823,0.20006147268730495,3413286000000,
-0.061920420298304586,0.13450875309183152,0.20040572983383356,3413291000000,
-0.05004850030029155,0.3040074665169347,0.200125381446755,3413296000000,
-0.09985950879502258,-0.053832309717899415,0.19981996338339603,3413301000000,
-0.05940408541719142,0.15170247017854194,0.2003353670071999,3413306000000,
-0.002374288409570373,0.32763030800359394,0.2003197640112412,3413311000000,
-0.09421375456949849,-0.05979568051793958,0.20065261767196382,3413316000000,
0.1570263730001131,0.1489619202109083,0.20054305098302538,3413321000000,
-0.025375645843970486,0.3184201558438093,0.20009652187935464,3413326000000,
-0.11357479164037344,-0.0445280140037411,0.200207291567669,3413331000000,
-0.030151508020535112,0.27258417963534026,0.20052347945436655,3413337000000,
-0.03905367342018094,0.14459023334603024,0.19987731221410465,3413342000000,
-0.10100683341312808,-0.021590654163421867,0.20016427383376648,3413347000000,
-0.03533020181103816,0.13050884792294185,0.20032465958776782,3413352000000,
-0.03527517734063178,0.3087729113931489,0.20000637930916004,3413357000000,
-0.09512156518962883,-0.03361458412171732,0.20036100950840446,3413362000000,
-0.0625631311695665,0.14184015778101217,0.2003228304862809,3413367000000,
-0.01692301282249095,0.29816486709943757,0.19994887497847713,3413372000000,
-0.09514275733161312,-0.06745586356357276,0.19987327847950204,3413377000000,
-0.042445367598691844,0.14788642220785728,0.20033931921137063,3413382000000,
-0.029232368707317675,0.32605840952949244,0.1998799966382129,3413387000000,
-0.0586033798663446,-0.04028148171937629,0.20035806153213848,3413392000000,
-0.06997291070342841,0.16426860928735654,0.200310074829264,3413397000000,
-0.05115764731158117,0.11817204176594705,0.20014885783655975,3413402000000,
-0.07948889670026929,0.10900087650090927,0.20028226890021741,3413407000000,
0.008154384235765848,0.3067995933168976,0.19999596955339718,3413412000000,
-0.08694415119990885,-0.05438579034614829,0.19989307690592478,3413417000000,
0.14081577209147256,0.14757758473288207,0.20022227665201517,3413422000000,
0.013399349307493633,0.3140740885648542,0.20016678456552692,3413427000000,
-0.05798852405360061,-0.014005693166623034,0.20030405986761665,3413432000000,
-0.03245194013870426,0.30128500703144,0.20017420527899685,3413437000000,
-0.06313157132752723,0.021563003926125375,0.19955068578201518,3413442000000,
-0.06396757417294141,0.14977706673200064,0.20040307548087594,3413447000000,
-0.0120695216064635,0.3167323198793147,0.1999802099943983,3413452000000,
-0.10948487679578489,-0.019103975082997587,0.20023723338736643,3413457000000,
-0.05827676708682385,0.16804917136102135,0.20005062351280636,3413462000000,
-0.007092145479062735,0.12439293459852162,0.20003261882062912,3413467000000,
-0.06467096555321626,0.14689168579763087,0.20016665816527773,3413472000000,
-0.0038476066699702476,0.31160145925307225,0.20018242735722766,3413477000000,
-0.09323410181425289,-0.05080621363717293,0.19995686644372362,3413482000000,
-0.05602747098770671,0.15991539555447246,0.2000948263256196,3413487000000,
-0.062238740045522836,0.12128944023676762,0.19994897937181536,3413493000000,
-0.07563164053555443,0.15471463723124532,0.19989342886279357,3413498000000,
-0.029321649413263057,0.28785115580062354,0.20006274158036536,3413503000000,
-0.10824637967906295,-0.0331729671410915,0.19999692864625987,3413508000000,
-0.05640842853130364,0.14557903278717474,0.20032943647863752,3413513000000,
-0.05345514179408887,0.30152577573060496,0.20025400059536322,3413518000000,
0.0980721210818945,-0.04492238802714138,0.1999795044387669,3413523000000,
-0.07561978333302534,0.15135047621451245,0.20031647329305682,3413528000000,
-0.03587848162820982,0.31848629223881897,0.2001867970343094,3413533000000,
-0.08566210293514977,-0.019480591740582406,0.20051109172117285,3413538000000,
-0.015472843647645165,0.3350206598267554,0.20012058747362615,3413543000000,
-0.06495182624793365,-0.052152107338480344,0.20020784648012968,3413548000000,
-0.08110328423722893,0.14974805958445034,0.20079659352201815,3413553000000,
-0.033041145689303095,0.3153294687320965,0.20022482611576858,3413558000000,
-0.06052374106017681,-0.005407468584561696,0.2000056809989149,3413563000000,
-0.05224160600273321,0.16116109439071744,0.1999696852947371,3413568000000,
-0.0027662304972942246,0.27512585627474834,0.2000301652569379,3413573000000,
-0.09138182420506337,-0.03525363696234334,0.2000393461521456,3413578000000,
-0.047978555981678904,0.15670265835143624,0.2002093542001429,3413583000000,
-0.02689880534303911,0.288651486513549,0.19987054918765693,3413588000000,
-0.11240318079543926,-0.05778857357888532,0.2001680248147478,3413593000000,
-0.06506294383924502,0.16889634212760593,0.2004878582989475,3413598000000,
-0.05810974646578249,0.32976454918162845,0.20042183436158173,3413603000000,
-0.0999699886498326,-0.03550455978915873,0.19996100702318056,3413608000000,
-0.05234222862596146,0.15648397723381427,0.2005521669716501,3413613000000,
-0.03884765797911699,0.2986749919978129,0.19993303385962277,3413618000000,
0.07210898756422061,-0.03957300593316378,0.2001183231080625,3413623000000,
-0.0298067380107727,0.14439449576724434,0.20048617720563497,3413628000000,
-0.02816111346616103,0.30694459896833626,0.20007587267221552,3413633000000,
-0.09533333027465057,-0.031401522522270964,0.20019108055771564,3413638000000,
-0.07295820850308295,0.153817171584387,0.2005155399249293,3413643000000,
-3.084855975258975e-05,0.2975375151665304,0.20001965621621173,3413648000000,
-0.06904007539097565,-0.030712271578258333,0.19992573466982821,3413653000000,
-0.07787176589615517,0.1451526469917479,0.2002989078801383,3413658000000,
-0.024214165609033705,0.32867986237868096,0.19998583529363004,3413663000000,
-0.09857461724808947,-0.028990900453448522,0.20017586413055047,3413668000000,
-0.0813958367541682,0.17195891621024514,0.20039377139606482,3413673000000,
-0.028363680398612715,0.3514072634532341,0.1998883447590871,3413678000000,
-0.09443078838718959,-0.01868951046901847,0.200500047266582,3413683000000,
-0.030414148770301366,0.13481750527057687,0.20035625963609013,3413688000000,
-0.0233609345017965,0.3111023430108437,0.20008349601205647,3413693000000,
-0.08312837661938315,-0.0361108984334298,0.200188772176718,3413698000000,
-0.028702389474345526,0.29405635713423406,0.20070021807714764,3413703000000,
-0.027650811584995112,-0.05786621814385473,0.20004541750440938,3413708000000,
-0.050484010084424005,0.1597042266415843,0.20010703184384215,3413713000000,
-0.03602441811129735,0.2871905786637024,0.1998776145816951,3413718000000,
0.05663448145374576,0.0009192661649580144,0.20038187688889442,3413725000000,
0.010961650082220673,0.3025108642174893,0.2003962329311649,3413730000000,
-0.08555637387789415,-0.032279220166801466,0.19981818914235625,3413735000000,
-0.05074987777746553,0.14899866997251052,0.20020896669773733,3413740000000,
-0.0067002714821944925,0.2921621533949381,0.19991052873858772,3413745000000,
-0.07600008358252794,-0.04695167934203444,0.19998070818592542,3413750000000,
-0.0006550898457264205,0.32171454061982757,0.2001638986275221,3413755000000,
-0.09020532835427152,-0.04783962979570597,0.1996721860098318,3413760000000,
-0.08488440230770108,0.137037447637862,0.20020347248377593,3413765000000,
-0.026071133396338937,0.32265994784238955,0.20018630731916892,3413770000000,
-0.09239767442010248,-0.0432232221987847,0.20022050990326398,3413775000000,
-0.06270179882908657,0.14336622875626456,0.20026241211096948,3413780000000,
-0.044357060229489015,0.15878113821101483,0.19992209197043995,3413785000000,
-0.04546778678712422,0.11236707535973346,0.2000968881097441,3413790000000,
-0.027071208853497182,0.31288784585090956,0.20034462421260457,3413795000000,
-0.08551297644299602,-0.059044084226628143,0.20018059030433535,3413800000000,
-0.061314352732306725,0.18305831910768075,0.20020458296266105,3413806000000,
-0.03541350341631693,0.16806315800326702,0.19988208857154513,3413811000000,
-0.06938017317597013,0.13790180241243144,0.2005115706011085,3413816000000,
-0.035580367715585516,0.3375373212586364,0.20035425085466688,3413821000000,
-0.08537776284350738,-0.07111322483341895,0.19999501051967894,3413826000000,
0.16414440139169514,0.1303224171521253,0.20039474681833527,3413831000000,
-0.02002947704970458,0.3227981702659745,0.20034381504065737,3413836000000,
-0.09610965940081796,-0.05872293516948294,0.19996563941809228,3413841000000,
-0.07254512946833859,0.14215079612947515,0.20021480221264204,3413846000000,
-0.028241504550366094,0.30952518446115634,0.20028738667996587,3413851000000,
-0.09861249370868701,-0.04239792871490927,0.19989777219205201,3413856000000,
-0.06477793762308588,0.16026582691665603,0.2002681807612909,3413861000000,
-0.018784518829294303,0.3204795527509607,0.20031054766259757,3413866000000,
-0.08997197143817282,-0.03986272806611715,0.20026018902735976,3413871000000,
-0.06532234456079099,0.16707531425334812,0.20038205646466403,3413876000000,
-0.05544006474668557,0.3195477174823272,0.2004614727998419,3413881000000,
-0.05229486389291237,-0.06878753639558337,0.19981340074534795,3413886000000,
-0.03629954063854208,0.14853301916298337,0.2001769996328034,3413891000000,
-0.01243023379288484,0.295735251595733,0.2002763696040069,3413896000000,
-0.08330905086217791,-0.058783583156339414,0.2001107441685205,3413901000000,
-0.05526943479224505,0.15141297231268824,0.2001936495962302,3413906000000,
-0.01351697266747527,0.3255262652507595,0.20029533365428895,3413911000000,
-0.0899657378960949,-0.06505149655437002,0.200059359050815,3413916000000,
-0.03162057340131551,0.14342599431990002,0.19988300635540696,3413921000000,
-0.02458244706087872,0.34247487983572766,0.2005239047397401,3413926000000,
0.13266271671250765,-0.05460965192776666,0.19981127979787014,3413931000000,
-0.06564931019224925,0.15586218149577363,0.20080068510447954,3413936000000,
-0.0153672369349742,0.33002325151454215,0.20029876000590172,3413941000000,
-0.08148352182125337,-0.07476013405787355,0.200214658553406,3413946000000,
-0.07611048730989473,0.1368322087824549,0.20010225171141774,3413951000000,
-0.022583022737610026,0.35740973278376786,0.20030399382857703,3413956000000,
-0.05650361048980127,-0.08195638571867991,0.1997632899991667,3413961000000,
-0.06850043754354929,0.15193169486123076,0.20021928029257952,3413966000000,
-0.025314376143283877,0.3026591247051257,0.20059795779023126,3413971000000,
-0.10948313918551389,-0.03286774586923718,0.19994676772613706,3413976000000,
-0.07306056460006766,0.14542250544574528,0.20043702298358276,3413981000000,
-0.03594460402068417,0.31699159398071985,0.20006658312788764,3413986000000,
-0.10913620402842436,-0.08319319484326695,0.19996033674654956,3413991000000,
-0.056912969320242424,0.14627338146792754,0.20012978715922938,3413996000000,
-0.02097196899840629,0.31935643955750737,0.20038047000991321,3414001000000,
-0.07685541824275137,-0.03154491407823494,0.20009581419649938,3414006000000,
-0.02333395476081538,0.13916921135016005,0.20052108223857698,3414011000000,
-0.03383701986727837,0.34783146647748064,0.20031361635374095,3414016000000,
-0.09253168430376807,-0.01891663877542915,0.2003053932971872,3414021000000,
-0.0014665094412908974,0.30503434238763927,0.20015662200520376,3414026000000,
0.08223694187187766,-0.05114786357266203,0.20057019818275754,3414031000000,
-0.04194937682989815,0.157651309008861,0.20039152812809632,3414036000000,
-0.014510020560789746,0.32615213540554977,0.2001076663398167,3414044000000,
-0.10062464763227738,0.037250033042140876,0.20012353502896632,3414049000000,
-0.0169551797797053,0.32075062583326625,0.20011859470242005,3414054000000,
-0.11272987384035721,-0.052557732609259576,0.19997134636383604,3414059000000,
-0.05646938005437127,0.141392071507741,0.20057072324681388,3414064000000,
-0.06880381069174843,0.19780075703443628,0.19963584896923273,3414069000000,
-0.06374651328317374,0.13812080564963103,0.2004542529338184,3414074000000,
-0.05515072628894789,0.29202466865658894,0.20000152712946653,3414079000000,
-0.0840572607374104,-0.07307274298670124,0.20016921545508354,3414084000000,
-0.05789223517889474,0.13321206149461975,0.2004396209723969,3414089000000,
0.0062318151667209686,0.348310872375346,0.200168925669223,3414094000000,
-0.09243043998677207,-0.06947253716029483,0.20014720491637686,3414099000000,
-0.05075465241478541,0.2940024522407218,0.200411615753063,3414104000000,
-0.10647615490973172,0.007516917553594439,0.19997521814051936,3414109000000,
-0.0763163141435206,0.14469417460168754,0.2006273382228409,3414114000000,
-0.042344899619770456,0.299248404496088,0.20025573503010674,3414119000000,
-0.0822496466965379,-0.040461642425590263,0.20029223712682165,3414124000000,
-0.04415201674783388,0.2670439204931955,0.2002573301311571,3414130000000,
0.1651070237250605,-0.06472033711840161,0.2003102977366814,3414135000000,
-0.04111570484194797,0.1583700876717458,0.2004025828511563,3414140000000,
-0.0006748567750688075,0.30845915580979016,0.20024655164319535,3414145000000,
-0.0925601117411108,-0.06016119372639331,0.19998873662678276,3414150000000,
-0.06935373113294498,0.1553543491337623,0.20036863166616814,3414155000000,
-0.018367428417324246,0.32742681628287224,0.20039651490270546,3414160000000,
-0.0872579633817534,-0.043203070626113,0.19996748424550245,3414165000000,
-0.06670127955859942,0.13612101424008322,0.1999047112887472,3414170000000,
0.004169931895299857,0.319067290844286,0.19974287489967799,3414175000000,
-0.10192335271033828,-0.08458287926851743,0.2001774825887409,3414180000000,
-0.05317423637812866,0.1661500513547668,0.20003309404183145,3414185000000,
-0.018980597430119418,0.3312562463563181,0.2001070216661579,3414190000000,
-0.08911613479917359,-0.07969467468040711,0.20028828915855648,3414195000000,
-0.04312202438213192,0.15608067470477854,0.20048972032199858,3414200000000,
-0.027730545262360934,0.2959741038365187,0.19966771090054178,3414205000000,
-0.08088970278774274,-0.029932076753720227,0.20010279832480857,3414210000000,
-0.06746253667123861,0.1463364301317382,0.20028827734820634,3414215000000,
-0.018057316257490946,0.33002964112770733,0.19999685923966196,3414220000000,
-0.08524560971180459,-0.06009392575308092,0.20003849672191085,3414225000000,
-0.039811077559672114,0.13288320303200948,0.2004763323419635,3414230000000,
0.1384589151706204,0.31858650587921583,0.20031866908834758,3414235000000,
-0.057436663644678254,-0.0417354376950894,0.20031337042312153,3414240000000,
-0.05737382249914797,0.15415456270235517,0.20023350667580758,3414245000000,
-0.02765347793312392,0.29279987148403286,0.20008224247926348,3414250000000,
-0.07210029202743931,-0.060356519316973854,0.20053933836610857,3414255000000,
-0.044404714018908935,0.15228686610947698,0.20015620463485478,3414260000000,
-0.021769540806313947,0.3392931629115749,0.20030925709284747,3414265000000,
-0.07449526229713994,-0.04821457664460759,0.1999537694288827,3414270000000,
-0.051616948359735015,0.13152635437212945,0.20031084876399471,3414275000000,
-0.02744969878387235,0.3109500482020172,0.2002799341850466,3414280000000,
-0.06937072529315426,-0.055359903817528845,0.20031436146333403,3414285000000,
-0.057032268978680516,0.15496599821240556,0.20048252232225203,3414290000000,
0.013221152518029293,0.35751559200573074,0.20001693325307318,3414295000000,
-0.0720304404813992,-0.08643054914637571,0.20022010549797228,3414300000000,
-0.06355716617469045,0.13905914456081092,0.20037562500807024,3414305000000,
-0.035744891500722395,0.14625415914742054,0.20017019205613432,3414310000000,
-0.06748000702661844,0.10583307317023065,0.20015072966597788,3414315000000,
-0.021139607812779983,0.32687715025306535,0.20014753280429196,3414320000000,
-0.10092422253340763,-0.04556788546665481,0.20016001040845685,3414325000000,
-0.03592685055361641,0.16015475677272173,0.2006323386150775,3414330000000,
-0.00960584269140161,0.2887047348196392,0.20032621133496514,3414335000000,
0.07894310123557743,-0.023513384498354755,0.20032365213795283,3414340000000,
-0.02956038735204856,0.2941309032371176,0.2003163232810661,3414345000000,
-0.08615879176462744,-0.029589765160591357,0.20008368210110278,3414350000000,
-0.06289625427377346,0.1341956259240686,0.20031307347616306,3414355000000,
-0.030895023610274536,0.3239833440205537,0.20024472613285385,3414360000000,
-0.1146137696069483,-0.026047624469219634,0.19997727596708537,3414365000000,
-0.06336107964502177,0.1454879097276506,0.20028108450314672,3414370000000,
-0.07629128487970102,0.16157939456648177,0.19999951187362655,3414375000000,
-0.0611906833943848,0.16110109227013963,0.19986199126707072,3414380000000,
-0.017892255859731514,0.3417034225970128,0.1998396986506673,3414385000000,
-0.08678465869872644,-0.0694730340126971,0.20009524876901735,3414390000000,
-0.0723937124827762,0.17702996417924258,0.20059586345466013,3414395000000,
-0.004713458279835242,0.3371300049460236,0.20027118797890045,3414400000000,
-0.069093492791619,-0.04557206661422779,0.19987582048036537,3414405000000,
-0.011503352494845888,0.1317444772264587,0.20032464936816616,3414410000000,
-0.02128517953517458,0.32655745463887864,0.19987135749531698,3414415000000,
-0.09306721207076417,-0.05948240856869864,0.1998336226728594,3414420000000,
-0.06034011156762468,0.15049964778896008,0.2003754683630901,3414425000000,
-0.011332498372222324,0.3319640028207807,0.2002303782650627,3414430000000,
-0.10728056264229215,-0.046474067662799406,0.19987067911258427,3414435000000,
0.13992812731261223,0.15207902428983716,0.20031436267916133,3414440000000,
0.0017375441446428209,0.3325554481641655,0.2003362634932074,3414445000000,
-0.07216696596650893,-0.05922811942030705,0.20040029342004706,3414450000000,
-0.06329521500785287,0.1439301743620067,0.2008387991155567,3414457000000,
0.011641772587291706,0.29542850721684616,0.2001716005853265,3414462000000,
-0.09259159474103391,-0.04872686452319479,0.20016296181832358,3414467000000,
-0.028824867505515002,0.16877820138910107,0.20089846142828044,3414472000000,
-0.008900396956407774,0.3037960714141553,0.20010519000397575,3414477000000,
-0.10516373943090361,-0.03893140476830741,0.1999550714484664,3414482000000,
-0.01830938544196824,0.2757216542725697,0.20040219473701834,3414487000000,
-0.09360408509143633,-0.010590529324422171,0.19961464907863996,3414492000000,
-0.041342412997139893,0.14399050001888838,0.20035453925161517,3414497000000,
-0.015969173644454746,0.33506177505634793,0.20001345908592175,3414502000000,
-0.0885158578727623,-0.043751974246776994,0.20034425468744096,3414507000000,
-0.012876100402458068,0.1884495957630702,0.20040994879568946,3414512000000,
-0.07055468540009369,0.16112286319851343,0.20010635258286666,3414517000000,
-0.05739496994782338,0.1424562383913663,0.20021321705541612,3414522000000,
-0.05234452062298177,0.3190355050774581,0.2002037944818875,3414527000000,
-0.07702049572832834,-0.0025560223116175007,0.2000819639657199,3414533000000,
-0.038211887392216023,0.16169725485153516,0.2007479061665833,3414538000000,
0.11327637575381028,0.15883838494626398,0.19973252390875804,3414543000000,
-0.06386817646715386,0.11773154538432735,0.20036261241832692,3414548000000,
-0.048855827807481225,0.1699382191338625,0.20047738752227406,3414553000000,
-0.03811072883121114,0.2931632686146165,0.1997928457677454,3414558000000,
-0.11226548657398039,-0.09034204443792587,0.20010622594382235,3414563000000,
-0.02903518637852681,0.17705678835376013,0.20035522613459358,3414568000000,
-0.018747712878565453,0.31196184007237304,0.1996233711352823,3414573000000,
-0.08170772903115751,-0.07184043384364741,0.20043240846198992,3414578000000,
-0.055095083644651696,0.13808643241524474,0.200815632803364,3414583000000,
-0.017049599458924366,0.29645416723708334,0.19970376924784664,3414588000000,
-0.09012430262093951,-0.06130089884661917,0.20025413261213593,3414593000000,
-0.08035753889504674,0.13268177394768993,0.20069949754570846,3414598000000,
-0.03348986652249229,0.3049934671154476,0.1999381948272895,3414603000000,
-0.06916298719479885,-0.05250155685348098,0.20015699899934355,3414608000000,
-0.045503274745499964,0.14925708953561,0.20055466995104076,3414613000000,
-0.025639640112571464,0.28406401115280744,0.2000791211242158,3414618000000,
-0.10802444960417082,-0.03925969962493486,0.20014376149137994,3414623000000,
-0.04635169504235581,0.13988869719125063,0.20046658497449427,3414628000000,
-0.029508494214306114,0.3188200181520699,0.19984635614376633,3414633000000,
-0.07366178455771855,-0.046068759015939056,0.20012916937217634,3414638000000,
0.08416588433623808,0.16069827853787827,0.20046886449926415,3414643000000,
0.03688061907289885,0.2905131195178522,0.20023800887074183,3414648000000,
-0.10506613204628935,-0.03497037700203554,0.20001670269117874,3414653000000,
-0.015039191739913867,0.15620871972941014,0.2003330199991628,3414658000000,
-0.05780622834685277,0.16191018957383116,0.20000438295144266,3414663000000,
-0.0879191492985871,0.13827467538788943,0.20079346448572735,3414668000000,
-0.002634222423133178,0.34843219077110577,0.1999024200330572,3414673000000,
-0.09090023920675874,-0.06020409387533228,0.20030728078550528,3414678000000,
-0.04128290227243983,0.16641544081600557,0.20042214189900873,3414683000000,
0.0010457497379492836,0.3081373707961413,0.20011039564744804,3414688000000,
-0.08542299551028651,-0.022436857723149177,0.20014020893444825,3414693000000,
-0.025110528450229198,0.3100314433632361,0.20008815640335445,3414698000000,
-0.06705707464145194,-0.024305669507134465,0.19984530705510684,3414703000000,
-0.03302376290557604,0.13384242205073246,0.2002423203096775,3414708000000,
0.19673787371959017,0.33294760890857306,0.20012251085247446,3414713000000,
-0.07440817101577364,-0.04993369430058219,0.20009694965830901,3414718000000,
-0.04718744506888353,0.15284259284181406,0.20022590403908277,3414723000000,
-0.047962887215357644,0.14707959066424664,0.1999370641381065,3414728000000,
-0.08858015929809433,0.16140896959856463,0.20034247888861864,3414733000000,
-0.004710875959515285,0.31364699635852467,0.20029730094237116,3414738000000,
-0.10425718784689025,-0.06084479734552561,0.20011661493087574,3414743000000,
-0.06773490577649992,0.13189393008299877,0.2003830425350086,3414748000000,
-0.005672634371154813,0.2948794794908565,0.19978919227873002,3414753000000,
-0.11039575707534974,-0.019469250972833196,0.20031413754663996,3414758000000,
-0.01755883343185648,0.30084949895875135,0.20046769922368213,3414763000000,
-0.10209656132260858,-0.014807746160309587,0.20000755130901537,3414768000000,
-0.04226913114186062,0.1418645031214572,0.2004053868100487,3414773000000,
-0.00873579853997436,0.3239993306868018,0.19969108002331148,3414778000000,
-0.1004572720376661,-0.05743723068220868,0.20029132280943782,3414783000000,
-0.06453074930090813,0.17915408097902139,0.20033404523902962,3414788000000,
-0.002228834648478086,0.31029213707948033,0.20017930185175908,3414793000000,
-0.09324360289964842,-0.05811908195587409,0.20004561063719942,3414798000000,
-0.018578866338466546,0.2568131947226058,0.20031080371500284,3414804000000,
-0.08657462707384964,-0.012342724218320895,0.19992443917791966,3414809000000,
0.09325051588054957,0.14257898393831048,0.2002953747238671,3414814000000,
-0.0010396766666963802,0.27477263542377756,0.19992408753136545,3414819000000,
-0.07531225296127875,0.0019146363581129906,0.20019989774489058,3414824000000,
-0.07576211703063594,0.1255354905131119,0.19992488767321476,3414829000000,
-0.03191069047144158,0.29071289437368336,0.20017823571356183,3414834000000,
-0.0646390827991668,-0.0004399021896059358,0.19985618907224117,3414839000000,
-0.06947890511809952,0.10182153743947708,0.20014777443142334,3414844000000,
-0.02782957546382355,0.316718785612562,0.20011309083752454,3414849000000,
-0.0659568376814522,-0.02200230851858414,0.20029544043533568,3414854000000,
-0.042838102130122346,0.14570029562820314,0.200438904598979,3414859000000,
-0.006690654430589121,0.25501313930959046,0.2005215512450222,3414864000000,
-0.0710860038172473,-0.02827200163144834,0.19980102350897028,3414869000000,
-0.05901749575551087,0.1385441629596011,0.20029835158049855,3414874000000,
-0.03035054943346521,0.32613509713800726,0.20055737703294996,3414879000000,
-0.10233674356019455,-0.011228949233390894,0.20020808697292974,3414884000000,
-0.07418659637031597,0.1402580594879253,0.20027579519073377,3414889000000,
-0.045075901138593916,0.2749433472852674,0.20043934202431035,3414894000000,
-0.08831569872532329,-0.016141627143975306,0.20012266545573668,3414899000000,
-0.06393910180051685,0.12897227733715144,0.2003020469437701,3414904000000,
0.010062241743194207,0.3398746915806073,0.20053927932022778,3414909000000,
-0.10156264450615202,0.013253362383806522,0.19986800422701978,3414914000000,
0.13278091862376715,0.11870463068465135,0.20057929842813052,3414919000000,
-0.039263672227118004,0.12531596119130411,0.20018983025722872,3414924000000,
-0.06501893245083162,0.11640544870166962,0.20003209079085696,3414929000000,
-0.02837688414729679,0.13184272576526906,0.2000768365145165,3414934000000,
-0.04833121259339089,0.3212415969327123,0.20047033549604265,3414939000000,
-0.09630372514102183,-0.026438865160213848,0.20052573027496357,3414944000000,
-0.05132224254443681,0.16256548655141217,0.20029371738514265,3414949000000,
-0.016691439734830813,0.33016496699890663,0.2003390471668865,3414954000000,
-0.1002266312595171,-0.06914174068917547,0.20047385270098503,3414959000000,
-0.03755208494796952,0.17506857322923608,0.20036539476584764,3414964000000,
-0.04144740896529617,0.16820625032987546,0.19997929587836694,3414969000000,
-0.07893931487741215,0.12529232685564243,0.20037784085562374,3414974000000,
-0.006912000238219085,0.3228802766602181,0.2003892329085755,3414979000000,
-0.08855718702676389,-0.04973705384260363,0.19979967782912297,3414984000000,
-0.036058800381776515,0.18813724834164958,0.2004311786463146,3414989000000,
-0.0054201622796276605,0.306087673778536,0.2000215268784646,3414994000000,
-0.08800839933911955,-0.07301554377772393,0.20027021766827496,3414999000000,
-0.047751952109380214,0.2922822050723831,0.20064498610733614,3415004000000,
-0.07645211357905883,-0.06828060618593843,0.19992739435266127,3415009000000,
-0.04092457147230977,0.15035190995298042,0.19987088929310862,3415014000000,
0.18147787306897972,0.31906457211534994,0.2000268991108616,3415019000000,
-0.08641728109392824,-0.03666885179055289,0.19983438928712227,3415024000000,
-0.06323309516503395,0.14464636329124586,0.20043361399265552,3415029000000,
-0.033191998407109305,0.1535094568734152,0.20009555848452804,3415034000000,
-0.08197225440005504,0.12423254826117697,0.2004107709580538,3415039000000,
-0.008348009278402582,0.3410109458474949,0.19983421170271545,3415044000000,
-0.1274176410973599,-0.07448809976356144,0.20004208533760784,3415049000000,
-0.04606568468556761,0.12423829457362429,0.19999532216426305,3415054000000,
-0.03021749381702159,0.2991895352776155,0.2002071222125424,3415059000000,
-0.13338533753861526,-0.0510326866017934,0.20031409472180295,3415064000000,
-0.022950335784961806,0.31011636723403546,0.20053427567230991,3415069000000,
-0.09445354666092125,0.05285398649633913,0.20007987349336512,3415077000000,
-0.030127311739120827,0.14120937498819322,0.2004010330197151,3415082000000,
-0.030389075947528564,0.318189724392573,0.19979154172852118,3415087000000,
-0.09123650688793733,-0.05292544952717684,0.20037300386610832,3415092000000,
-0.05675986592152003,0.15756446515338018,0.2003750032537697,3415097000000,
-0.020345839800216748,0.3067018350206413,0.20013874679931198,3415102000000,
-0.07244423410639197,-0.045979055996995595,0.20031502363110745,3415107000000,
-0.04491223581146518,0.12250033460976927,0.20055977821589105,3415112000000,
-0.02183673101324638,0.3060920367740214,0.20036514999626664,3415117000000,
0.09379127142706198,-0.04594325281119717,0.20035800481205163,3415122000000,
-0.04898355291820657,0.17117145375200504,0.20027196855476634,3415127000000,
-0.02877900187713,0.2949418401931981,0.200104712328511,3415132000000,
-0.11092901752607237,-0.013902306117193036,0.20031060432039002,3415137000000,
-0.04693156095237265,0.137452808214846,0.20064486902832468,3415142000000,
0.001891623161456954,0.34212182505934896,0.20017945325175,3415147000000,
-0.11539636075984701,0.03547296329924667,0.20037565554037276,3415153000000,
-0.06686198180974151,0.13900717316477973,0.20006087475313272,3415158000000,
-0.019473540269891957,0.30299353198843976,0.20010219931879847,3415163000000,
-0.10462685265888548,-0.07217089708235108,0.2005916935650591,3415168000000,
-0.06860812615510363,0.15847610178240662,0.20044631544403604,3415173000000,
-0.020770847050101675,0.3088553533087742,0.20010214762565748,3415178000000,
-0.09985620571880179,-0.03129789003264705,0.2003883768142893,3415183000000,
-0.02810068755074084,0.1462550778752614,0.2004780162499688,3415188000000,
-0.04692222506487668,0.34528427121208494,0.2002114612508287,3415193000000,
-0.0798425413601466,-0.049909952090716816,0.20016524213530468,3415198000000,
-0.06263022738331898,0.17761480081632738,0.20063949873119805,3415203000000,
-0.030476698659477552,0.3047827076686538,0.19978304652992732,3415208000000,
-0.10345607664070634,-0.03456791135417175,0.19996651436589755,3415213000000,
-0.05693814214186047,0.1421797672705991,0.20060570414121992,3415218000000,
0.11145883720611735,0.1256590580996762,0.19936739479684837,3415223000000,
-0.08001903643345341,0.10335207688513492,0.20027710983803032,3415228000000,
-0.05837709397419202,0.1623254616908235,0.20039687316449278,3415233000000,
-0.03351797125499847,0.14566927590588868,0.20001231467571107,3415238000000,
-0.05620150203294917,0.11696761715273331,0.20035030639261778,3415243000000,
0.011763676800542352,0.33654546131472274,0.20025726798905596,3415248000000,
-0.12331725953059225,-0.027566692088492554,0.20021435611850688,3415253000000,
-0.023816847520553908,0.17281020312536416,0.20044782806080905,3415258000000,
-0.010778058808898915,0.3150074331335192,0.2003201896877744,3415263000000,
-0.1149168923982328,-0.022185971725809817,0.20072330766996788,3415268000000,
-0.03191427864406834,0.3272598845586911,0.2006644503398343,3415273000000,
-0.10012690494906433,0.008757439229262351,0.19983268966876425,3415278000000,
-0.06764696656555924,0.1348311745901822,0.20017359931950937,3415283000000,
-0.005847582738050826,0.3142626143590793,0.20013269594852784,3415288000000,
-0.14161289107461697,-0.04147462594312147,0.20000684352385054,3415293000000,
-0.04578283639953862,0.1766515841982994,0.20033867430864014,3415298000000,
-0.029768264474334474,0.12855309092599157,0.20000667838234384,3415303000000,
-0.0671923934716733,0.10566683208423923,0.20006986247277053,3415308000000,
-0.014768285840313432,0.291299876330301,0.20022171066677166,3415313000000,
-0.08611004984114999,-0.09997368008150141,0.20020148953805383,3415318000000,
0.12462517504929857,0.13489828476042262,0.2003892970520821,3415323000000,
0.022450832569012258,0.32151134511127727,0.19994453629260014,3415328000000,
-0.10829819279655299,-0.040974588043333225,0.20029996362141197,3415333000000,
-0.01387537976290331,0.26674023691967047,0.2002252750231903,3415338000000,
-0.10360229621026046,-0.045573767240894465,0.20033939392653227,3415343000000,
-0.022305980675230375,0.14394321941678717,0.20054602962611598,3415348000000,
-0.00922085051835894,0.306831631832216,0.20055858750063954,3415353000000,
-0.08734403789574689,-0.06439593230428864,0.20011147159818446,3415358000000,
-0.05232314303347436,0.1758336763265217,0.20045049269829843,3415363000000,
-0.0464329499068183,0.12116755417276741,0.2001285479702901,3415370000000,
-0.07357809657373751,0.1270852309203063,0.1999206207683677,3415375000000,
-0.03598228789178936,0.1598069576290596,0.200712578306067,3415380000000,
-0.04301105851122936,0.3114558040380088,0.19981740115377197,3415385000000,
-0.11235672150572366,-0.037616998139197305,0.1998645154307919,3415390000000,
-0.08078893055645546,0.134512525762622,0.20025604889497284,3415395000000,
-0.030822383036172886,0.28250934469798705,0.19984180169631113,3415400000000,
-0.07062298331196867,-0.052098938862350314,0.2002224083693365,3415405000000,
-0.08649073349703362,0.13845712358256987,0.20044198203507962,3415410000000,
-0.0247824555799097,0.2891368167817574,0.199860672787992,3415415000000,
-0.07483166861381071,-0.04322286240692871,0.20014083161196305,3415420000000,
0.08515697048962678,0.16956283538276984,0.20029334874365934,3415425000000,
0.038280828444073794,0.3243381863494416,0.20028101504349888,3415430000000,
-0.1398280317860117,-0.08364083370860198,0.20013815570305402,3415435000000,
-0.03512975032558232,0.24738011503823984,0.2000267344065584,3415440000000,
-0.042247528939372316,0.15897919507920602,0.19992486446151198,3415445000000,
-0.07854871341676477,-0.056573766403801136,0.2003243280033744,3415450000000,
-0.06620339211307427,0.18112627155054226,0.20030217639892814,3415455000000,
0.016931458322260944,0.31559913915066506,0.2003172144025564,3415460000000,
-0.12143694277097794,-0.025294984677018947,0.2002738812009644,3415465000000,
-0.027942550914924143,0.13875758618903505,0.2006896094756235,3415470000000,
-0.002958443979053132,0.3128729206751607,0.20021343833068928,3415475000000,
-0.09703185377624951,-0.059790938568576646,0.2000664118525295,3415480000000,
-0.03920046335352577,0.14563416496174977,0.20048000031006694,3415485000000,
-0.06556981897792322,0.1563437429328599,0.19993919930049522,3415490000000,
-0.0991821073764226,0.13128811091482434,0.20016891607361811,3415495000000,
-0.06764804518089598,0.1520408148409849,0.20035185750134116,3415500000000,
-0.031262051559540975,0.44851976201651045,0.19982078296770497,3415505000000,
-0.07155887036013307,-0.04845079109361668,0.20020472395773276,3415510000000,
-0.02677046376816656,0.13932966605687208,0.20021227711224268,3415515000000,
-0.03290969814289013,0.3215407584195056,0.1997437749344992,3415520000000,
-0.0799765230778483,-0.03547754806230395,0.19962916943616432,3415525000000,
0.13876644415513428,0.18596907369753177,0.2007002834979486,3415530000000,
-0.04364441017752722,0.11304784278929661,0.20011490370222298,3415535000000,
-0.06598324915499516,0.11958147592004628,0.20052555404052563,3415540000000,
0.013610323021989255,0.3245499493088658,0.20015029724820882,3415545000000,
-0.10284013090736963,-0.05828807284855007,0.20032335833154524,3415550000000,
-0.06216141446334599,0.13428654790937256,0.20018485895122268,3415555000000,
-0.02471575417794799,0.31958527218820854,0.19990253212196404,3415560000000,
-0.11339497000418845,-0.07934005324914259,0.20045421382415718,3415565000000,
-0.02585643377108232,0.2866576759575173,0.2005111627350496,3415570000000,
-0.0666931752427177,-0.04816111036449196,0.20005867196343052,3415575000000,
-0.048031164405839794,0.14535495521266165,0.20016212503529796,3415580000000,
-0.019104431572393096,0.34331952193571663,0.2001257052431203,3415585000000,
-0.1063806924458769,-0.05195725249813414,0.20015453634202182,3415590000000,
-0.0838363629431365,0.16098123654873922,0.2003090352616734,3415595000000,
-0.041924560234213155,0.163086398021031,0.19975698240640835,3415600000000,
-0.058443033430052936,0.12642401783152737,0.200366996522773,3415605000000,
-0.009401093405707573,0.3269959750189745,0.2000712444740291,3415610000000,
-0.07808811597790632,-0.04233167947658252,0.20010165357522916,3415615000000,
-0.04511709447177582,0.1758208731091143,0.2004013069228903,3415620000000,
-0.006589535616022109,0.3233787733779096,0.19984656067959639,3415625000000,
0.10440692090388749,-0.0359612826324457,0.2008140332140596,3415630000000,
-0.044713869812805104,0.16019636146100774,0.19997489667258803,3415638000000,
-0.06407266123283568,0.11955935456206164,0.20038536224514486,3415643000000,
-0.058745927519332955,0.1463093883283884,0.20015843586674162,3415648000000,
-0.06956393017328248,0.15826585094359824,0.20013250615419645,3415653000000,
-0.051067655496611256,0.15568599850319892,0.20035730578282795,3415658000000,
-0.026911886884109996,0.3702057257238232,0.2000232328107342,3415663000000,
-0.08487420315703782,-0.033741136888013376,0.20018827879969597,3415668000000,
-0.06081538383241521,0.13821116129504826,0.20044067551116335,3415673000000,
-0.019678577670379657,0.34065048383452784,0.20018884670176712,3415678000000,
-0.08825563901400393,-0.021458151651169686,0.20037122597221427,3415683000000,
-0.03742296647777182,0.15620226954791758,0.20031069873072666,3415688000000,
-0.006263233800219316,0.2983915892626519,0.19979724275790178,3415693000000,
-0.0690008745423531,0.036708199921491734,0.19993940079637063,3415699000000,
-0.050917325364270266,0.3417435259133245,0.2004302777990634,3415704000000,
-0.11903074185251689,-0.002232715228950865,0.20013950451139353,3415709000000,
-0.05683756147859152,0.1061854382875662,0.20046494229709255,3415714000000,
-0.026973881625190665,0.3211735435581653,0.19998763040682466,3415719000000,
-0.05537838461810261,0.00316747769250938,0.19951363176067302,3415724000000,
-0.07396510697996728,0.13693735085824207,0.20030964378449725,3415729000000,
0.18276656100485103,0.2613054337454354,0.2006264237319727,3415734000000,
-0.10203233817134957,0.010543040165669901,0.19952743666624134,3415739000000,
-0.051169388697338364,0.13322195168197565,0.20062075601108836,3415744000000,
0.0020539522223604195,0.3247932008267613,0.20004298191911948,3415749000000,
-0.06245030608625246,0.00048142718590864567,0.19971774568439943,3415754000000,
-0.05313221621273484,0.12251435067368867,0.20059701071451333,3415759000000,
-0.05277546705007838,0.13225843534406898,0.20066821785871028,3415765000000,
-0.06520675413032193,0.13998471420016992,0.2002960911448922,3415770000000,
-0.06427860430137933,0.16826070905578375,0.2006073424340105,3415775000000,
-0.04170594905889041,0.30586584617152407,0.20052823778251216,3415780000000,
-0.0775317885916911,-0.056577328210298344,0.19996181743755465,3415785000000,
-0.04334179042268333,0.1955798846124798,0.2003314838012187,3415790000000,
0.0002837724654282739,0.31707106326501316,0.2004147865412924,3415795000000,
-0.08899018972985243,-0.05270977295286076,0.20024070185066434,3415800000000,
-0.050840063655332765,0.15800192974496372,0.20039761013745122,3415805000000,
-0.01244919687335401,0.3326125385985407,0.2005348101138481,3415810000000,
-0.10024034843198898,-0.07150199078098007,0.19988846887283274,3415815000000,
-0.06159432915446191,0.12225281767286658,0.20017200811539018,3415820000000,
-0.012924024551809096,0.29002971528559535,0.2003144316992079,3415825000000,
-0.08047856829912355,-0.06683618101190346,0.19964686580279623,3415830000000,
0.13511589803305352,0.15582504240683864,0.20071633523850596,3415835000000,
-0.004148719424495592,0.3525232500243538,0.20031238820066827,3415840000000,
-0.09087123304501143,-0.07291436606421664,0.1996920854049789,3415845000000,
-0.0244006430702478,0.1549417173853893,0.20034208893176245,3415850000000,
-0.011079360554683398,0.3508283461651731,0.20022964302616286,3415855000000,
-0.09486837821967181,-0.052272889296948316,0.19995237100381458,3415860000000,
-0.04521619586915817,0.15284520491126372,0.200258770496331,3415865000000,
-0.017603976883948425,0.33294815849586,0.20017496577857363,3415870000000,
-0.12495283588109425,-0.1474955935036179,0.20014836575025696,3415876000000,
-0.04502070043458422,0.11996487335293252,0.20061166246426287,3415881000000,
-0.026606599953142313,0.11325970504991309,0.2002150320041728,3415886000000,
-0.07795685969872818,0.1235699839281758,0.20024256081501712,3415891000000,
-0.03221758075007858,0.3257947275789728,0.20025536993582588,3415896000000,
-0.08014013071737683,-0.07123433377427477,0.2001582316118456,3415901000000,
-0.07403577434488422,0.16000641339677013,0.2002646484566114,3415906000000,
-0.0009541720379096751,0.34358063815403644,0.20026963687380162,3415911000000,
-0.11357929764372944,-0.019960841284736502,0.20034882920829106,3415916000000,
-0.017997394486766533,0.34085134233189535,0.20056254917357633,3415921000000,
-0.03676123052623982,0.16927075378428877,0.19991393713124028,3415927000000,
-0.06329552116964747,0.019666939338376405,0.20012101109342686,3415932000000,
0.17697179702706917,0.3188464973183186,0.1998687992168896,3415937000000,
-0.09959805097170106,-0.08044113582139029,0.19991161039928035,3415942000000,
-0.009525476162480891,0.32672844923691907,0.20057230852194807,3415947000000,
-0.0916710428767797,-0.060722225893997166,0.19980721631978032,3415952000000,
-0.06688852266641274,0.1520670689125314,0.20011720108159678,3415957000000,
-0.002219836747786407,0.2788748691536149,0.20020883376049203,3415962000000,
-0.09765456075371101,-0.06558187465286262,0.20016805487675937,3415967000000,
-0.035086863894430484,0.14125053245169736,0.20032059604714517,3415972000000,
-0.051804543042090874,0.16569900012752836,0.19991255187979715,3415977000000,
-0.051179429115047,0.10740582369367568,0.20028473085773757,3415982000000,
-0.037440119472923916,0.3255401454605148,0.2000785128263138,3415987000000,
-0.07071294111168172,-0.024124348660361106,0.20014156282295,3415992000000,
-0.018961210897178046,0.18089925058566836,0.20080006336892314,3415997000000,
-0.04287210162985334,0.29639167496367336,0.1999267350475908,3416002000000,
-0.10695299545241922,-0.03739160356692223,0.2003579098303888,3416010000000,
-0.023135481016551145,0.23596699264508147,0.1994824352262285,3416015000000,
-0.09752463689089329,-0.08799937199440677,0.19988750028528884,3416020000000,
-0.05130166295580503,0.12389217278448739,0.20054278702563882,3416025000000,
-0.029212292594999946,0.34054313701882666,0.20046982385194284,3416030000000,
-0.0886609065211387,-0.06159654194905325,0.2001187679668525,3416035000000,
0.1543083916133223,0.16853731289463977,0.2003780332317679,3416040000000,
0.005053731826893681,0.3003689040903758,0.20000512428282344,3416045000000,
-0.08486596825812187,-0.026871536688692053,0.20009226838621827,3416050000000,
-0.04820178962480773,0.14876511039759502,0.20004745861436488,3416055000000,
0.005100666675728803,0.2973847230254747,0.2000624828940217,3416060000000,
-0.12604377875932582,-0.05600714460473754,0.2004248330403225,3416065000000,
-0.0965347813471179,0.14478925951197955,0.2001346192054044,3416070000000,
-0.006185991676939718,0.2693805358773224,0.2000779715806194,3416075000000,
-0.09882658952815462,-0.09279658480403004,0.20047882040680964,3416080000000,
-0.06473688491055543,0.177830171652936,0.2003886594417508,3416085000000,
-0.04770874290616973,0.15810874641664063,0.1997807690677441,3416090000000,
-0.08132909053215004,0.11409392615455247,0.20000434571112088,3416095000000,
-0.03680842341382522,0.3133352628515477,0.20015508009911248,3416100000000,
0.0537963728242587,-0.04476077019275581,0.20005696369602557,3416105000000,
-0.016838202814585958,0.15597726402343784,0.20024188322094752,3416110000000,
0.0024583271380957204,0.3594702738545016,0.20042297956794583,3416115000000,
-0.08237669220213262,-0.046354151842087465,0.19993737198198042,3416120000000,
-0.05063497807867628,0.15827181586432498,0.20022248474897072,3416125000000,
-0.006555978784613093,0.3179955895234105,0.20031892907509605,3416130000000,
-0.09470164522751458,-0.046398367921329425,0.2003486464458522,3416135000000,
-0.07982755147785382,0.15290619051008264,0.2001996859728611,3416140000000,
-0.010494120101639089,0.27732598046349366,0.20021330725548767,3416145000000,
-0.14465320541588367,-0.0895243701784419,0.19993073585711896,3416150000000,
-0.06381493284999433,0.127930195496427,0.20017410958539747,3416155000000,
0.0014297462364420283,0.333575764620831,0.2002807172386911,3416160000000,
-0.10908022652148487,-0.08189037010806961,0.19984812798497462,3416165000000,
-0.053124455339532216,0.16800220643222324,0.20008150324265775,3416170000000,
-0.016384334142901903,0.3381382317188314,0.2003984374312082,3416175000000,
-0.11087802243496983,-0.052249984376901454,0.19974950404343716,3416180000000,
-0.06087095002380808,0.15570297330463126,0.20043172386547334,3416185000000,
-0.005716257038794283,0.32787374707443,0.20012596466563165,3416190000000,
-0.09417773035871982,-0.04157793314786323,0.20039598443608087,3416195000000,
-0.05672954187413098,0.15788541062948763,0.2003946434721224,3416200000000,
-0.04563173853574034,0.14049313001996075,0.2001810235387375,3416205000000,
0.7590679772782344,0.1540549457137828,0.19996696876713657,3416210000000,
-0.016980467852700402,0.28570937690249415,0.20019623855851565,3416215000000,
-0.09333762878208313,-0.04764961257368087,0.20002721176209676,3416220000000,
-0.06950732676540579,0.16166863911460452,0.2004866970890718,3416225000000,
-0.01939082164882149,0.3816215138343316,0.20008942434747148,3416230000000,
-0.10124256567302337,-0.04236320633731536,0.20025068755235736,3416235000000,
-0.021223714156068347,0.31669541240186794,0.2002306140434356,3416241000000,
-0.11000853954110483,-0.061837538081728045,0.20005654417091664,3416246000000,
-0.06515321746293892,0.1784643620928955,0.2000913525245026,3416251000000,
-0.03443350201136844,0.3382873126160968,0.20025212698433267,3416256000000,
-0.08105420849435244,-0.05869884966229129,0.20018117965305343,3416261000000,
-0.01865276098343439,0.30821943619981174,0.1999618240990503,3416266000000,
-0.1218265847563135,-0.0337412725342801,0.1998343694048556,3416271000000,
-0.05695435484013765,0.15253888436518012,0.2004287767422763,3416276000000,
-0.03891602191098838,0.3581807242250957,0.20041870371868992,3416281000000,
-0.07965288349393608,-0.10793258037055822,0.20000841830740138,3416286000000,
-0.05454442802921691,0.15410883574049294,0.20021509207449228,3416291000000,
-0.054984684211725164,0.18260857474819708,0.19988425157804932,3416296000000,
-0.056850357149440485,0.17005857105476233,0.19994984501498447,3416301000000,
-0.026835958434785187,0.30697537444132134,0.20016779282264402,3416306000000,
0.10711603186593677,-0.07104952115034005,0.19988322715547158,3416311000000,
-0.03357236378196564,0.15956846103304387,0.2003490571944424,3416316000000,
-0.004666416603636966,0.34634398674263117,0.19952272972624574,3416321000000,
-0.07122689138690909,-0.07265051723876051,0.20030513793380356,3416326000000,
-0.02898248964624427,0.27409376620383324,0.20041095589345134,3416331000000,
-0.05272496974922153,0.17960162577786576,0.20003914089938973,3416336000000,
-0.11652240030957572,0.03435874202812695,0.20012786261259793,3416341000000,
-0.013012482542764995,0.35560950146356346,0.19983772376913544,3416346000000,
-0.09225809795527613,-0.07118851133651999,0.20018441557015562,3416351000000,
-0.07294239742952822,0.16017840944246553,0.20010684371765,3416356000000,
-0.010386847404170308,0.322912952766534,0.19984476001518886,3416361000000,
-0.08550697354919637,-0.07493967196455963,0.20023928558923546,3416366000000,
-0.07410576880859501,0.14798646647545294,0.20009447780782047,3416371000000,
-0.02272929003448514,0.3320163233302874,0.20031808621938943,3416376000000,
-0.07492225269141471,-0.05373354367397916,0.20036514777484138,3416381000000,
-0.035973130587470425,0.15016909428457761,0.20016139258995777,3416386000000,
-0.05482610391120207,0.2778981106685686,0.2001343672871372,3416391000000,
-0.07790992036468727,-0.0934181287204745,0.2001649782773412,3416396000000,
-0.038308636007745214,0.14417403151736283,0.19993763957550353,3416401000000,
0.008235623769347743,0.3198398145855864,0.20048061822122565,3416406000000,
0.06150886249997311,-0.07424185730941338,0.1998129382633853,3416411000000,
-0.05240706927759363,0.1714309459863516,0.200268161022587,3416416000000,
-0.010416558449868493,0.31410639040226274,0.2001888879937709,3416421000000,
-0.09181735543061784,0.03711588319168457,0.20007406013558898,3416427000000,
-0.0698630044079886,0.13348150141039927,0.200596463978035,3416432000000,
-0.013966561647911793,0.3353865656499264,0.20013306810578574,3416437000000,
-0.08730167018057333,0.053448120144772654,0.20080875436349246,3416444000000,
-0.016971065166935948,0.36753479702741776,0.20009589106906106,3416449000000,
-0.05372313459679662,0.00486544468427072,0.19994614834700822,3416454000000,
-0.05450443607463073,0.11302508268668464,0.200239408609325,3416459000000,
-0.022437578370856644,0.31064734779117087,0.20070970605028685,3416464000000,
-0.07575256679093226,0.019048537532543847,0.200185940495359,3416469000000,
-0.05910657402132681,0.15343083866709598,0.1999214098536654,3416474000000,
-0.03867190146392621,0.3043728120884102,0.20012738032542884,3416479000000,
-0.07380368540131904,-0.0017268678912534287,0.1997902391190977,3416484000000,
-0.03968751546168574,0.12984671877391196,0.20004809119588146,3416489000000,
-0.015731826313424638,0.316506072626876,0.20048030347151513,3416494000000,
-0.032423723199598756,0.17858503994148597,0.20014338574965554,3416499000000,
-0.06993583017318722,-0.004402955715446882,0.19999484450458976,3416504000000,
-0.04749298623901743,0.26241764719653016,0.20022720226785676,3416509000000,
0.10820060139013436,-0.021691291006660132,0.19998683448786408,3416514000000,
-0.051154821615328014,0.13619879143926394,0.1999799939867845,3416519000000,
-0.014371258748703777,0.29671690793700517,0.2005195810300662,3416524000000,
-0.08108417593390115,0.0003577897752564934,0.20021433120967738,3416529000000,
-0.055480312564598254,0.12911574539303675,0.19994410236579516,3416534000000,
-0.04304119424214849,0.3204016447351447,0.20036444926415983,3416539000000,
-0.10335856910076209,-0.06599795766366638,0.2002852728952396,3416544000000,
-0.06285785959864794,0.13815859376482698,0.2005730740887468,3416549000000,
0.003674233476412308,0.30935889319810567,0.20009909629191805,3416554000000,
-0.07469749543577686,-0.016485511867187323,0.20034763457314564,3416559000000,
-0.08539350872169679,0.1681297312936241,0.20042543557269762,3416564000000,
-0.05775429697337604,0.17564975381776624,0.2003135429749382,3416569000000,
-0.058232257336236264,0.13138319871907977,0.20046267497135029,3416574000000,
0.005576556776341543,0.3430861002270045,0.2002280131563107,3416579000000,
-0.09658507284435608,-0.0831703266397506,0.19974139770064694,3416584000000,
-0.07859657016937313,0.14749164036076828,0.20031349838056317,3416589000000,
-0.039148459038357154,0.3081528882946712,0.2000507428711367,3416594000000,
-0.10063620167385605,-0.04682792951489234,0.2004518921923757,3416599000000,
-0.04655343335147147,0.32569494157581164,0.2003598750627157,3416604000000,
-0.06769986172765968,-0.00210273849608374,0.20023828997175738,3416609000000,
-0.05929796447713218,0.1348378269727004,0.20037474996256716,3416614000000,
0.11758952870697732,0.1419715741599841,0.19970556647919288,3416620000000,
-0.05264768326543717,0.11459929349929088,0.2003896286783035,3416625000000,
-0.03647348215620805,0.3014491834845607,0.2003064323244509,3416630000000,
-0.09731450642173771,-0.0348363015304947,0.19982380917599987,3416635000000,
-0.02916369204903544,0.15432393830826951,0.20024955674692244,3416640000000,
0.00459968266762454,0.34941552502268053,0.19990129336919302,3416645000000,
-0.08614260108576058,-0.03981745215347497,0.20034668443312925,3416650000000,
-0.05343361480277031,0.17639449337507304,0.200805215441738,3416655000000,
-0.08603040610106572,0.15614951468640995,0.20013149242926545,3416660000000,
-0.07994148884891109,0.1201562835180888,0.2004695262871331,3416665000000,
-0.023194079953735833,0.3370938187435122,0.2001676055584974,3416670000000,
-0.09749854995447042,-0.07045621267499316,0.19983893929948238,3416675000000,
-0.06073585831790137,0.16577163831872793,0.20031145051432903,3416680000000,
-0.07336860551918,0.13611436758475853,0.2001613517418923,3416687000000,
-0.05928663401632063,0.144971590530366,0.20049443630149263,3416692000000,
-0.022347892525117926,0.3299897925152674,0.20052662578564034,3416697000000,
-0.07932122651893718,-0.05655907514593443,0.19964765976194426,3416702000000,
-0.040604654945874674,0.1700765525272003,0.2004028686608948,3416707000000,
-0.04712020774960278,0.33386128198885173,0.19984175296730394,3416712000000,
0.07047987941496892,-0.0877423580257634,0.19971113821514333,3416717000000,
-0.06060755546949527,0.1755256057655272,0.19992673278571177,3416722000000,
-0.025885311245106568,0.31188410211018813,0.19988081011370432,3416727000000,
-0.09153122382112215,-0.06760128728997081,0.2003136649615823,3416732000000,
-0.0659928892165039,0.14946872920754883,0.200347551426671,3416737000000,
-0.04876519445244055,0.32103861254420724,0.19963821429190806,3416742000000,
-0.07605178588148462,-0.0581875929238361,0.20038375524148344,3416747000000,
-0.04647914736604439,0.2644123763476375,0.20004385899622035,3416754000000,
-0.09935301505856407,-0.09820701145722607,0.199987561010353,3416759000000,
-0.05196294811824037,0.1679909719700155,0.2003395565778758,3416764000000,
0.00017289501603869745,0.3130534596914688,0.2002847286350738,3416769000000,
-0.09123946961713714,-0.029894988839576045,0.2008243526960032,3416774000000,
-0.0429530355062252,0.14344965487914865,0.20020091277483687,3416779000000,
-0.011433820575088183,0.14084277935770603,0.20014443350578645,3416784000000,
-0.07411313885460996,0.1343301533101886,0.20044246429429355,3416789000000,
-0.006493344023603733,0.3557720474732133,0.20028656802796319,3416794000000,
-0.08302859522535995,-0.06055525245789763,0.20012616901439603,3416799000000,
-0.07074431123534006,0.17797028825223554,0.20001489611494483,3416804000000,
-0.012400826321853029,0.3339993639327004,0.20024764863227462,3416809000000,
-0.07338126492231362,-0.06926776169917064,0.20011880449360556,3416814000000,
0.12203263421783143,0.14628289159713243,0.2002340361491953,3416819000000,
0.04169217625861432,0.34616574168125785,0.20007819439024924,3416824000000,
-0.09985474740224982,-0.0614690173274314,0.20021948488241112,3416829000000,
-0.052258530720407786,0.17159438104610647,0.2001998719938767,3416834000000,
0.0002845560338946753,0.31849771628587026,0.20019605875359325,3416839000000,
-0.11197278373114673,-0.10154433431132179,0.2002170728583828,3416844000000,
-0.043431320488661954,0.1753043442297655,0.20063856427487678,3416849000000,
-0.018339280625971212,0.3143594512421611,0.20023779458324578,3416854000000,
-0.0992280305908113,-0.047698162009775225,0.20053116506019544,3416859000000,
-0.07311381437885374,0.19524630576317836,0.20043573007027932,3416864000000,
-0.023862365984509276,0.34975851741041303,0.20058280463713346,3416869000000,
-0.08363185439717005,-0.047809976221087944,0.200269005962717,3416874000000,
-0.06791052409144391,0.1743832468962265,0.2005046384543146,3416879000000,
-0.06875287948074034,0.14058582402555383,0.2002367658098645,3416884000000,
-0.06623095169094487,0.19294588042252334,0.20051232101180144,3416889000000,
0.0003635126133406212,0.33576235284676953,0.20032560794144025,3416894000000,
-0.075887550095518,-0.0287944400659765,0.19996248119746357,3416899000000,
-0.05953546916731942,0.1948098658544578,0.20037897198895813,3416904000000,
-0.02906787527029863,0.31836569066844855,0.19989567721918733,3416909000000,
-0.1127439483470015,-0.012421422703103521,0.20036568882692793,3416914000000,
-0.029417342100804048,0.3121052131244744,0.20067357354570095,3416919000000,
0.08088019473308058,-0.023612582165728035,0.20012618351196484,3416924000000,
-0.1058765510550042,0.2006113761106625,0.200335144579006,3416929000000,
0.0016793395877476615,0.3042588288150698,0.2001670857579847,3416934000000,
-0.11838643163817748,-0.06347058257837226,0.19999963556195785,3416939000000,
-0.06895004346717809,0.16100126818211394,0.20041374314955315,3416944000000,
-0.03860501209438593,0.1769437395175773,0.19959770412909206,3416949000000,
-0.06767188097502908,0.14855574219118017,0.2002102642544171,3416954000000,
-0.01844744729465673,0.26878777205306414,0.2000339371081619,3416959000000,
-0.08898391764900732,-0.10778802881431916,0.200096045580206,3416964000000,
-0.03454361032407212,0.14507735374024744,0.20027559273513065,3416969000000,
-0.025494787030684002,0.3260205455054801,0.20025291692055378,3416974000000,
-0.10026222371014089,-0.06161573950973099,0.20001872263611056,3416979000000,
-0.03062487565873332,0.291533308866253,0.2002939354884181,3416984000000,
-0.08617458366030929,0.003819419878055865,0.20019740312722092,3416989000000,
-0.054753077490494954,0.12726320287971582,0.20041576207196013,3416994000000,
-0.036903334579184995,0.3425146762199427,0.20031765064636764,3416999000000,
-0.09771526859953127,-0.008470034367348757,0.19999600476131563,3417004000000,
-0.0637163147767803,0.15077193557537502,0.20026164584724085,3417009000000,
0.0029075681207305117,0.3152957575290024,0.2002512423942463,3417014000000,
-0.07148851872521883,0.008301745397665011,0.19983531673490762,3417019000000,
0.16006879608666696,0.10092067619314192,0.20030248087322883,3417024000000,
-0.02820588969881943,0.3053907571448181,0.20022453755711703,3417029000000,
-0.09966136617142138,-0.11750827742055373,0.1997605982651643,3417034000000,
-0.06217764260166647,0.14412969593210917,0.20008340132041688,3417039000000,
-0.026840661189104602,0.3205967285818022,0.20036777946567108,3417044000000,
-0.10704482792384401,0.02195944152533983,0.19972988343743867,3417049000000,
-0.06721520411003495,0.12442038305764554,0.2003545815480858,3417054000000,
-0.02019904392555638,0.3046721465518506,0.20049569295647407,3417059000000,
-0.08476653459868536,-0.011178856425281434,0.20010588229022347,3417064000000,
-0.06636638251757904,0.11679608387582235,0.20046746848959357,3417069000000,
-0.02763541351022275,0.3143942624577539,0.19995043543376312,3417074000000,
-0.07773384190118933,-0.025292852491370674,0.20013997498230254,3417079000000,
-0.050977826081230936,0.1157605364727967,0.20056179734058044,3417084000000,
-0.058917171008223614,0.2886314851530912,0.200714840877266,3417089000000,
-0.0825226134587404,0.024253183204394218,0.20010370865645744,3417094000000,
-0.051860141256997956,0.14154819872105193,0.20044830875929356,3417099000000,
-0.038880917295277054,0.3035386959261247,0.2004265437637063,3417104000000,
-0.08002631997499826,-0.030098998380016336,0.20005070514074844,3417109000000,
-0.05763060477673911,0.11940706113928531,0.2004731881710621,3417114000000,
-0.005087178406640663,0.33061867866781686,0.20049586532834934,3417119000000,
-0.10173786100621854,0.007103963478066407,0.19994135284685285,3417124000000,
0.1269360876032799,0.1085012336852936,0.20043824436986046,3417129000000,
-0.0039257712872102155,0.29414473422943527,0.2000030734663613,3417134000000,
-0.052286254188041344,0.006922502856714533,0.20003907277390504,3417139000000,
-0.03096462055555948,0.12680966043518263,0.20017103076261944,3417144000000,
-3.915964464197563e-05,0.277328653792278,0.20069663278916916,3417149000000,
-0.11195665958197154,-0.09049679024877329,0.1998693670528016,3417154000000,
-0.07907736828913252,0.12862666762566619,0.20041435237671726,3417159000000,
-0.03399906882899677,0.14544075266782097,0.20080385909081036,3417166000000,
-0.05809882175962615,0.12302854943958783,0.20036526357341497,3417171000000,
-0.04979798653379575,0.1308026382432607,0.20069857092664786,3417176000000,
-0.0651039027230113,0.16860500501616124,0.2000577782040608,3417181000000,
-0.07936606357742317,0.12119352576570126,0.2004728949173667,3417186000000,
0.010066246242241388,0.3058903029739174,0.2003718247446929,3417191000000,
-0.08789516031856054,-0.05952381596379501,0.20034645442278695,3417196000000,
-0.059823450134242256,0.1410068986242603,0.20043250006346117,3417201000000,
-0.016303858309597366,0.32792449938021717,0.19992306135263624,3417206000000,
-0.0990121061351515,-0.036312988011995985,0.20046828758428256,3417211000000,
-0.02757632115468877,0.3180437219908877,0.20020295740627106,3417216000000,
-0.0824862641298468,-0.03990291538233484,0.20012980064782881,3417221000000,
-0.06466742498717899,0.09271471416243914,0.20036570194369857,3417226000000,
0.18934408977223868,0.3426226326633964,0.20002981980904452,3417231000000,
-0.08864061743085129,-0.02176091004557012,0.2004921237084551,3417236000000,
-0.03563955941176859,0.14742621568701725,0.20036442082345826,3417241000000,
-0.040002957287488344,0.14312642059021624,0.19997665783641022,3417246000000,
-0.08598089252943658,0.13175023124291924,0.20053134520615887,3417251000000,
-0.03544361043291667,0.34964914706649053,0.20032889457995506,3417256000000,
-0.10179992015221835,-0.03497880696277236,0.20015834829105558,3417261000000,
-0.07113952399728066,0.14409408134574306,0.20045149867610176,3417266000000,
-0.035249376298902416,0.33231541323012675,0.19971776015522036,3417271000000,
-0.07409885544119921,-0.052490106303233225,0.20023884447425375,3417276000000,
-0.011496761205044025,0.32783543596198683,0.200445656353661,3417281000000,
-0.08942217090395854,-0.015391320349673615,0.20004231601913247,3417286000000,
-0.0535850156663116,0.16027035087499736,0.20019310115936473,3417291000000,
-0.012915055468761587,0.34804188204260955,0.20020013355248753,3417296000000,
-0.10830940809833885,-0.0762102110415811,0.20023921065724692,3417301000000,
-0.043943922873874226,0.14827264940016027,0.20064562705018027,3417306000000,
-0.017414576460921136,0.3288775474099618,0.19984200779857425,3417311000000,
-0.11422365861879247,-0.11868166702032745,0.2002248619446782,3417316000000,
-0.07713837455911929,0.13972297335577855,0.2005673802693231,3417321000000,
-0.012656801855009447,0.3389661947052236,0.20027072926259196,3417326000000,
0.07618420424369605,-0.07751751364828756,0.20004512161895494,3417331000000,
-0.04629883916792604,0.16215828298498414,0.20068024656921185,3417336000000,
-0.008268256605197682,0.36551692695081067,0.20038097538007316,3417341000000,
-0.11727398645323245,-0.061353554650655236,0.19992872049018934,3417346000000,
-0.03195920163287072,0.18510602352364247,0.20049637181494698,3417351000000,
0.009973442467364705,0.3519361112810176,0.20031309006473905,3417356000000,
-0.08982661439884856,-0.0559529335359134,0.20003193142496425,3417361000000,
-0.058096628922629685,0.20423488690742975,0.20013967893359114,3417366000000,
-0.0010653157166885616,0.3515546312650263,0.20016747091547668,3417371000000,
-0.05808135546128029,-0.054349233258326295,0.20000841015980156,3417376000000,
-0.03566954397777855,0.13696881197365748,0.200586039967856,3417381000000,
-0.013491807193505699,0.39751797687131685,0.1999678130047278,3417386000000,
-0.0927746932815501,-0.04692134004239863,0.19994704727954324,3417391000000,
-0.06862469168370133,0.1465807206680272,0.20042049683903346,3417396000000,
0.18268146586517484,0.33220858808488435,0.20025646262807595,3417401000000,
-0.11153651895155135,-0.09337066450004415,0.19996568895238132,3417406000000,
-0.08785718328042254,0.17469334701368677,0.20007230433340437,3417411000000,
-0.013529099402219254,0.3107705047660269,0.19984753538477104,3417416000000,
-0.09989548192217672,-0.058209505884396995,0.1999039371129555,3417421000000,
-0.0701294119583363,0.15298751275473324,0.2005030734009057,3417426000000,
-0.0020313905690391015,0.34189701117937954,0.19995836604904796,3417431000000,
-0.09516092460692452,-0.0471604187301054,0.19959043351979863,3417436000000,
-0.058020722290832424,0.15941987666157492,0.20035109831681838,3417441000000,
0.0032627054992554645,0.31840496756393666,0.1998466489386063,3417446000000,
-0.0886835217156007,0.007642797417365532,0.20013494707384524,3417452000000,
-0.04211091753352303,0.1277804579499161,0.20038748951620078,3417457000000,
-0.03100438710077871,0.28708237589487023,0.20036705173739372,3417462000000,
-0.11294961218344338,-0.04588262178978232,0.20005452320318554,3417467000000,
0.005440981861159776,0.3267729966029918,0.20055046423070605,3417472000000,
-0.09542385515705765,-0.019109053002179945,0.200013122857675,3417477000000,
-0.045089268502767184,0.17577873731821764,0.2001907112783756,3417482000000,
-0.007983436190961663,0.34652624084948547,0.19999788933143067,3417487000000,
-0.07789909189329723,-0.042383058859334834,0.20025498041069473,3417492000000,
-0.0530580034133144,0.12997278577262533,0.20032681615599945,3417497000000,
0.14404266401906107,0.15222839132589994,0.1997161316994795,3417502000000,
-0.06262715582706334,0.12823528659549768,0.20037626715692897,3417507000000,
-0.01993185506213811,0.3415023245931813,0.20072711168441884,3417512000000,
-0.0908039163391899,-0.061740603436098065,0.20033603156404028,3417517000000,
-0.07862378651052475,0.1884921956833735,0.2002501117639716,3417522000000,
-0.01130414586964893,0.25095986749229965,0.20005303213421557,3417527000000,
-0.07300399637092843,-0.037849327986559655,0.1996456642127432,3417532000000,
-0.03236608452839994,0.3240150957904428,0.20023969215368762,3417537000000,
-0.09251498206766509,-0.046463613656833457,0.20020491802704846,3417542000000,
-0.06043222384313325,0.14221640282000464,0.2000096037090706,3417547000000,
-0.01493652366340307,0.3358065981819035,0.20003740558344696,3417552000000,
-0.08232186792834312,-0.04333363631663822,0.19993482317119635,3417557000000,
-0.08704735258824414,0.16578910137969158,0.20054139558234216,3417562000000,
-0.04574940954231086,0.15370645566323812,0.1999076014576129,3417567000000,
-0.06591223714334614,0.11443686358546745,0.20019230472384256,3417572000000,
-0.05159998938699689,0.3512676153047815,0.20001685708046277,3417577000000,
-0.09606013136701316,-0.06562055720329146,0.20036657697193527,3417582000000,
-0.0760572927165375,0.17727713932210895,0.20053590601742777,3417587000000,
-0.002777092820585296,0.319317111347316,0.1997290081227317,3417592000000,
-0.10010530943171118,-0.04087750433971492,0.19996586143902545,3417597000000,
0.17241190320023736,0.1673095987649983,0.20047685444538502,3417602000000,
-0.001613776460697611,0.3492014537144987,0.19991715291378792,3417607000000,
-0.11812028689366547,-0.05375005700681537,0.20029523390673704,3417612000000,
-0.04447436365920893,0.17726931229933268,0.2001771348611836,3417617000000,
-0.01895592805559123,0.29821511652233085,0.20005068903210715,3417622000000,
-0.10142837350804033,-0.05302147658990594,0.2000565503219224,3417627000000,
-0.07973814486382153,0.1580033780078332,0.2003997631654766,3417632000000,
-0.012591755377452175,0.2923245927918893,0.2002186711401911,3417637000000,
-0.10972952215631512,-0.03552831595898019,0.20018679331987474,3417642000000,
-0.06530293202716332,0.1307237187126657,0.20029018317315084,3417647000000,
-0.00479180977494123,0.3428466076493417,0.19973438931100868,3417652000000,
-0.1153728726766428,-0.057352209237982614,0.20012164551244882,3417657000000,
-0.06438307782077476,0.17563648458595618,0.20034796316846368,3417662000000,
-0.022834439615272987,0.35767720776621825,0.1999878747596415,3417668000000,
-0.10957257232119866,0.04588847223352895,0.20004996951306794,3417673000000,
-0.043199218675975266,0.1844690109618907,0.1998789192168385,3417678000000,
-0.02775683533883295,0.29694356053275717,0.19992112996829495,3417683000000,
-0.10681457509397906,-0.034426612308196505,0.20041536117851635,3417688000000,
-0.07060256744577681,0.14585407987423965,0.2005516242581913,3417693000000,
-0.016006330051251842,0.3175929639694727,0.19990006590776063,3417698000000,
0.05875701117879503,-0.06948115313777961,0.20024082301763801,3417703000000,
-0.04311859714000899,0.16528589381477574,0.2003195094631788,3417708000000,
0.017228285363481793,0.33589184076368817,0.19979534607954644,3417713000000,
-0.06546618962576145,-0.05451345589087389,0.20015134693517247,3417718000000,
-0.03566399331782784,0.16463843659975136,0.20027492342811815,3417723000000,
-0.006820589917472147,0.34773310031293536,0.2002544227357182,3417728000000,
-0.09400582209447547,-0.01741977543544822,0.20016648776931326,3417733000000,
-0.027421867946858604,0.30464085055221823,0.20047789039467329,3417738000000,
-0.06185062236585169,0.15177441722666823,0.20023097794317107,3417743000000,
-0.09191397255561252,-0.03148978569031825,0.20056951532285436,3417748000000,
-0.054251196517690455,0.17795562489454037,0.20054208973717136,3417753000000,
-0.054731205413016897,0.30453370944108366,0.19970329727201233,3417758000000,
-0.08029836312249199,-0.04524458440597921,0.20023533005084004,3417763000000,
-0.05439306743038532,0.1971694095325843,0.2004350182117688,3417768000000,
-0.03742812318230643,0.14690594510486735,0.19988516691789074,3417773000000,
-0.06456167805406571,0.134305116905726,0.2002532010916944,3417778000000,
-0.017117543415877467,0.3427435253121266,0.20017704391643257,3417783000000,
-0.08360587420742568,-0.06969869651023018,0.20039730923590682,3417788000000,
-0.09647482731894662,0.1775378792632318,0.20062390195874152,3417793000000,
-0.011416530987722478,0.32438245819517975,0.2001473321472094,3417798000000,
-0.09692167328221857,-0.03642786674395769,0.2001901723147718,3417803000000,
0.16977840850832182,0.29528145673121614,0.20016058037098358,3417808000000,
-0.08848658305304126,-0.0386030187962938,0.2004103184146591,3417813000000,
-0.0789233129413205,0.17441665922419364,0.20033013813209832,3417818000000,
-0.03856881147208716,0.3202074527967828,0.20010448441157336,3417823000000,
-0.08516880919149511,-0.06105032964981327,0.19991379835551096,3417828000000,
-0.0739502245783671,0.16504178684487017,0.2002405155180632,3417833000000,
-0.07081589387434525,0.14706868046090601,0.20006680683327446,3417838000000,
-0.08671390790140027,0.16165408571606338,0.20014735572931844,3417843000000,
-0.037410587073169285,0.3319347837462843,0.19997693250898074,3417848000000,
-0.10548692060185705,-0.04832762287160608,0.1998528981649773,3417853000000,
-0.06621706666111654,0.1754559452150254,0.19981085768718013,3417858000000,
0.01580336766551503,0.32674301463548516,0.1997098515295254,3417863000000,
-0.08297706956161321,-0.04545240213149794,0.20020580608060387,3417868000000,
-0.02305892394969785,0.2914889420558756,0.20016975445774174,3417873000000,
-0.07417166903636563,-0.013789138320847247,0.19954932546283463,3417878000000,
-0.06696661392812102,0.2068565170657699,0.20025782816475202,3417886000000,
-0.032949181913850864,0.33001579945714743,0.2001348230201344,3417891000000,
-0.11001853428432828,-0.043337838871909194,0.20035532805287773,3417896000000,
-0.0658606377560821,0.17948822753330507,0.20050795400665666,3417901000000,
-0.03770556322775552,0.2902506151735508,0.19976703163781934,3417906000000,
0.11012772000520328,-0.03184885241005056,0.200144370075437,3417911000000,
-0.026214341687092933,0.15694776563608887,0.20078760499152695,3417916000000,
-0.008812419551722704,0.3006729998620045,0.19998292193567782,3417921000000,
-0.08113473864708808,-0.03096675932860159,0.20035320494746786,3417926000000,
-0.0706015482951881,0.1659350147658652,0.20035717891508462,3417931000000,
-0.018587187697070653,0.32212303754769966,0.19992526449146938,3417936000000,
-0.1022133095346992,-0.05178938844339817,0.2000630078645511,3417941000000,
-0.03512363366847089,0.16236224525790283,0.20049470509169434,3417946000000,
-0.014473468754279515,0.28758341279723826,0.20035633526205288,3417951000000,
-0.09657255124487726,-0.014742408790484978,0.20021751487628298,3417956000000,
-0.0552963565260346,0.19260545216747604,0.20031603258665043,3417961000000,
-0.04163555627937208,0.35218987338458474,0.2000257754830012,3417966000000,
-0.11255564686491837,-0.025240777145702553,0.20024786934737732,3417971000000,
-0.01577744286468629,0.17911866044403257,0.20038024789665268,3417976000000,
-0.0196484305339463,0.2771920968492903,0.20009062132764224,3417981000000,
-0.09532702291216194,-0.053067692487381544,0.2003691578259562,3417986000000,
-0.03341343192454568,0.17995616625603658,0.20020101219022104,3417991000000,
0.04493750945094143,0.2982344146748231,0.20012646284676325,3417996000000,
-0.08109770166169909,-0.022056308367227218,0.20014527365484389,3418001000000,
-0.06075361609347407,0.16382114752836743,0.20017244180584517,3418006000000,
0.18300332325120966,0.27741750555702743,0.20007224867793522,3418011000000,
-0.11424098373692479,-0.008632653612279339,0.20020266170227818,3418016000000,
-0.07338536884926572,0.17994177934146754,0.20031105871569796,3418021000000,
-0.01301970501461154,0.2973256370396092,0.19966673112890518,3418026000000,
-0.10284813775006299,-0.23394375576685164,0.2001044448591771,3418031000000,
-0.06414289693531561,0.13805770442762233,0.20059396981574826,3418036000000,
0.006491563254589249,0.3395368136851601,0.20018612509470318,3418041000000,
-0.0810723822585503,0.020961467090268703,0.2000247238942157,3418046000000,
-0.015520489137731904,0.31308061671488535,0.20028984507542316,3418051000000,
-0.10609133788928266,-0.04052334192289048,0.1998311240266722,3418056000000,
-0.07907090816579512,0.1694956308563388,0.20050693884361423,3418061000000,
0.024989354720879917,0.3447045452754689,0.1997852290673271,3418066000000,
-0.09284462455937031,-0.07416441267178435,0.20026556027471693,3418071000000,
-0.038457732741336605,0.20290163314159854,0.20004583648814112,3418076000000,
-0.04568062822963417,0.12932694083491952,0.2001906783838434,3418081000000,
-0.07240769967372365,0.13809757266048173,0.2002790243297303,3418086000000,
-0.04392140542635184,0.2812699268391906,0.2002268683876564,3418091000000,
-0.07964425361544186,-0.07594939893640189,0.19988467327733078,3418096000000,
-0.07536907171905312,0.1582994314933485,0.20029961371912341,3418101000000,
-0.01678472025028096,0.29290493278159563,0.19994821515117137,3418106000000,
0.051005780749437284,-0.02893842836841331,0.19996089775868772,3418111000000,
0.00785809097558363,0.28272792541028935,0.20042221194753543,3418116000000,
-0.1281757741783221,-0.0519156683933802,0.20019333241300105,3418121000000,
-0.07268560415034063,0.18662169418867872,0.20036076687859056,3418126000000,
-0.04377298928066769,0.280603508557513,0.2000393335110876,3418131000000,
-0.11986864112355836,0.0019882758893452895,0.20020890557759555,3418136000000,
-0.041704895712113194,0.15326534718107807,0.20055784586333925,3418141000000,
-0.025101737635026464,0.1483132801826823,0.20029707483449405,3418146000000,
-0.038972475241474944,0.1360329510661329,0.20032106651908865,3418151000000,
0.012481148141775953,0.2746574066980527,0.20038019658467532,3418156000000,
-0.09370736796961263,-0.027761089384012946,0.20007447245385723,3418161000000,
-0.06554533440879086,0.1664952557292878,0.2004968619862591,3418166000000,
-0.01948267152875219,0.2952790014330992,0.19972866126856495,3418171000000,
-0.07748267758631736,0.004891759274247981,0.2003792226571896,3418176000000,
-0.03714878160342793,0.3326141697431056,0.2002903294269594,3418181000000,
-0.06416675030148698,0.0022448612934053225,0.2003536224650283,3418186000000,
-0.0344659437138988,0.16698742832250948,0.20030122810991366,3418191000000,
-0.049525242264705956,0.27447115967040775,0.20039486335605508,3418196000000,
-0.07996067062242673,0.02020441982877157,0.2001555666882699,3418201000000,
-0.07572598556926419,0.1327545481904108,0.20005760605670936,3418206000000,
-0.01086966243156948,0.3044080145506334,0.20025347362191798,3418211000000,
0.1290629041709428,0.005634894600966716,0.19961778383288842,3418216000000,
-0.07301065754004205,0.17115453404958436,0.20006101264461842,3418221000000,
-0.04144170174802951,0.24786420873666531,0.19999993060764737,3418226000000,
-0.07238445466356803,0.03277802811896985,0.19996999051353934,3418231000000,
-0.08195210464995219,0.13380793879967426,0.20019903357798113,3418236000000,
-0.030115248152397488,0.2745406140464715,0.20007887380472997,3418241000000,
-0.10739950724745925,-0.06894261571934732,0.1998659090541418,3418246000000,
-0.06713361146377547,0.1318834734454348,0.2001667923789745,3418251000000,
-0.02147836453198925,0.293981057336005,0.20052751611154856,3418256000000,
-0.12256981488977475,-0.02942470835997039,0.20014519165184338,3418261000000,
-0.044062742642012695,0.19361830141970113,0.2003006510066847,3418266000000,
-0.03800778797766755,0.28463798166251186,0.1998685874653334,3418271000000,
-0.08734951687604585,-0.00020735122772427492,0.20027752314498365,3418276000000,
-0.04297616790330635,0.1407546393460904,0.2007061555509108,3418281000000,
-0.027174367902160868,0.2927340512952659,0.20006902624890843,3418286000000,
-0.09908581803512069,0.0050165792819859886,0.20027422417509297,3418291000000,
-0.040457339150536016,0.309293302726659,0.20075079494070872,3418296000000,
-0.07577962688532568,-0.01388224865447456,0.20023579885856796,3418301000000,
-0.05427772437949334,0.18036732521471416,0.19992180264221043,3418306000000,
0.0026951681184401895,0.34966345255810416,0.2003570720916418,3418311000000,
0.028880829472717418,0.035373536788764745,0.20000311209651803,3418317000000,
0.01232674441665118,0.3386785705420332,0.2000222056442576,3418322000000,
-0.11535858029167678,0.0025115963756631252,0.20020726884347473,3418327000000,
-0.00480522120173137,0.2773567772031346,0.20043348300882452,3418332000000,
-0.08968961187403941,0.013455677093589842,0.20005207587695548,3418337000000,
-0.06220138578650539,0.16732466274574562,0.20069935006220999,3418342000000,
-0.004830004142306573,0.2690832420238127,0.20024666428842558,3418347000000,
-0.09082434201385886,-0.030270128996289204,0.1996786302554926,3418352000000,
-0.06009600288098696,0.16354745780250865,0.20055108936799718,3418357000000,
-0.03744367360948159,0.24766862689765573,0.20005790994944642,3418362000000,
-0.10136598388712421,-0.05945151212518077,0.20021679883713275,3418367000000,
-0.0455738568441352,0.12908295149921314,0.20058726344587727,3418372000000,
-0.057915988184472716,0.16709385495431756,0.1999735875568007,3418377000000,
-0.05431806460105024,0.18326551170707306,0.20010366117165487,3418382000000,
-0.0098536987198777,0.2947981708154802,0.19982069897608573,3418387000000,
-0.09993768729299968,-0.019830408569232454,0.2006053186494213,3418392000000,
-0.038946602671598024,0.1545822785388134,0.20034815338686712,3418397000000,
-0.038314914825794244,0.29343866735031454,0.2004476937138738,3418402000000,
-0.10879435252279068,0.003698230942483841,0.20032715455790842,3418407000000,
-0.008713155904584421,0.29376945933456,0.20025017689247576,3418412000000,
0.04566211708284685,-0.0070425976814385075,0.19977705602196952,3418417000000,
-0.04501631830301414,0.17495545113520863,0.2006643990667541,3418422000000,
-0.03082769506190831,0.2793451124451861,0.1997424506092095,3418427000000,
-0.09836192986702168,0.0028189141695760117,0.20027358422678712,3418432000000,
-0.07161934675993359,0.14197637400738633,0.20052158947090531,3418437000000,
0.03158614744394199,0.3600669966510855,0.20030075998844193,3418442000000,
-0.060846362533316864,0.056763948316875014,0.20046753984405286,3418447000000,
-0.008826025242855595,0.31958566840620056,0.20060142155691163,3418452000000,
-0.09970323063502065,-0.01564713256380151,0.20005649230764871,3418457000000,
-0.08551494111838172,0.14690392831710508,0.20048337429704255,3418462000000,
-0.020053317036627608,0.2745087023984203,0.20020302553523647,3418467000000,
-0.10942058502038175,0.022974452639217394,0.19977584068700505,3418472000000,
-0.044453595015580924,0.298236820470511,0.2001939208230451,3418477000000,
-0.1008794923927913,0.0006476097004143224,0.20036253788254532,3418482000000,
-0.0366556702283732,0.16228826466642896,0.20010161577540655,3418487000000,
-0.020314372236574434,0.2704464191669653,0.20032519095926513,3418492000000,
-0.0885110134120671,-0.025487701617897825,0.199815912410622,3418497000000,
-0.03581869206154828,0.18902111948731368,0.20041874043952584,3418502000000,
-0.07440321302769702,0.15537239274364972,0.20021117093421759,3418509000000,
-0.060953316562517984,0.1458397058860676,0.20051899492187242,3418514000000,
0.09620210370816554,0.17446073506058443,0.20034601777899405,3418519000000,
0.033957932393188395,0.27162264723840945,0.19983798150754065,3418524000000,
-0.07792791378119894,0.0016903580002338514,0.2001104137433543,3418529000000,
-0.07277675221782742,0.19236622902163253,0.19996771224025608,3418534000000,
-0.03195264776767526,0.3023194266884721,0.19982770340359582,3418539000000,
-0.11286117485454113,0.023680480143124127,0.20019041946100724,3418544000000,
-0.05475812404101314,0.1313545789804483,0.20061580999534975,3418549000000,
-0.026564249611475577,0.2909341145950835,0.20022399929035328,3418554000000,
-0.09933918490222647,0.006211847949561949,0.19996077540318377,3418559000000,
-0.05948671522677726,0.18851978810771403,0.20038391609570932,3418564000000,
0.00959750755009941,0.3674875408278222,0.2002302026455652,3418569000000,
-0.08407994040429523,0.04935875359035709,0.19986579304818028,3418574000000,
-0.05711082761136233,0.17701715527550563,0.20034806892485205,3418579000000,
-0.05084917623839235,0.27655859124152926,0.2002100475499361,3418584000000,
-0.11534760106445548,-0.015899016375830077,0.19984004764738303,3418589000000,
-0.03788888525896915,0.3056939785242945,0.20008200095641135,3418594000000,
-0.08640875567277315,0.03665884074603619,0.20025976975683887,3418599000000,
-0.02422039017033374,0.1948780988437872,0.2002991662177449,3418604000000,
-0.020769700574026745,0.3102072220043294,0.2003143885305535,3418609000000,
-0.08785538763997248,0.018761657020345626,0.19996956037118369,3418614000000,
-0.04403395132637887,0.3058848317161654,0.20028175625099456,3418619000000,
0.1017000608609708,-0.01676419895928406,0.2002780811582979,3418624000000,
-0.03124966020957834,0.23287299115677362,0.20011117328847458,3418632000000,
-0.05994597250094716,0.01519077090797628,0.19990569508545225,3418637000000,
-0.01769491787932214,0.2849834983989488,0.2003433208131594,3418642000000,
-0.08278737776941597,0.00610382916299298,0.20010783546110447,3418647000000,
-0.08681608379398201,0.17238136954079983,0.2003911638322928,3418652000000,
-0.010471911503556171,0.24931351766114118,0.19984884995242883,3418657000000,
-0.10577514298165168,-0.005070838115959299,0.20031569548518394,3418662000000,
-0.044490031115682,0.272320894103806,0.2003598632594189,3418667000000,
-0.06942366188738705,0.046012716323207,0.2000561609395519,3418672000000,
-0.06705640139410683,0.1744685173009536,0.20025414596365682,3418677000000,
-0.03147925668530874,0.16219886275212383,0.19999486458710836,3418682000000,
-0.042725835458277,0.13735123892656548,0.20032583305578058,3418687000000,
-0.006169065560857032,0.269030719097999,0.2003087186105502,3418692000000,
-0.05979220904715752,-0.011233103753510077,0.1998332294060093,3418697000000,
-0.06953688852961419,0.20132020496649045,0.20041670465089195,3418702000000,
-0.016300227722620554,0.27640378535971943,0.20006615417802148,3418707000000,
-0.1374110872036255,-0.0030802933825983883,0.200121226150813,3418712000000,
-0.05674878584494321,0.1880818924576226,0.20035332300446815,3418717000000,
-0.02348225945734817,0.2629201308699522,0.20001293346312335,3418722000000,
0.11698345499036956,0.008824227957918693,0.20033424159231988,3418727000000,
-0.052975345577234156,0.25684543796068426,0.20016837485362343,3418732000000,
-0.08208418877702255,0.01624859636461164,0.20033365068608605,3418737000000,
-0.0447565180729899,0.18427326767326552,0.20079771106336786,3418742000000,
0.0077480530458838084,0.23514560340386695,0.20016891449059124,3418747000000,
-0.08003679276967134,0.0254525894458556,0.20044150061680469,3418752000000,
-0.06278871453206196,0.17873426478534035,0.20056413860407865,3418757000000,
-0.05999466982843703,0.13154226028167057,0.20023621379710904,3418762000000,
-0.05475839563940628,0.18771046002762,0.20051913605395308,3418767000000,
-0.0257263915849985,0.24378666621597414,0.20014937099013114,3418772000000,
-0.0959660043479204,-0.024395209901841658,0.20021219850872868,3418777000000,
-0.06833103271909981,0.1850602771916844,0.20031739870470622,3418782000000,
-0.04436529584606247,0.2593813464804422,0.200268353270455,3418787000000,
0.08182572316076525,0.007709382116937117,0.20012546698573294,3418792000000,
-0.04398749345385351,0.24982301215106817,0.20024256843829652,3418797000000,
-0.09651273078163976,0.009745609366905337,0.2003442753649409,3418802000000,
-0.04255360985037922,0.1524342060984152,0.2008110579960539,3418807000000,
-0.021548682836462427,0.27978353855049787,0.19998461271830992,3418812000000,
-0.10739954084563964,-0.003026405891375459,0.200384998458087,3418817000000,
-0.05910591874357945,0.13446485878679956,0.2001543501861965,3418822000000,
-0.08026770890935109,0.12881898795001298,0.200053916471106,3418827000000,
-0.06512653258956737,0.17590644384381876,0.20014583911662842,3418832000000,
-0.00804148617300504,0.27017650933982207,0.20033536289006884,3418837000000,
-0.09585746475000594,-0.0036843414687063175,0.20019091046384407,3418842000000,
-0.035528593872285553,0.191686171199507,0.20041486939797767,3418847000000,
-0.027707014415802905,0.27732026075963545,0.19990759526105234,3418852000000,
-0.10681075043196533,-0.03316020039380132,0.2000825172565964,3418857000000,
-0.10340554291886568,0.171127023851248,0.20064688802228373,3418862000000,
-0.010655496684399182,0.28538679367482733,0.20003571851066487,3418867000000,
-0.0705586389313208,0.01401785256909421,0.2001038619378869,3418872000000,
-0.047904925232222235,0.2640809706434337,0.200363375870207,3418879000000,
-0.06736158658157151,-0.007695925502858508,0.19971486323229432,3418884000000,
-0.09194323857400494,0.1364109589821276,0.20031872778444237,3418889000000,
0.15762631714624947,0.24095091199528873,0.20024596076372872,3418894000000,
-0.06729119145098825,0.05014720192445876,0.20006323544181046,3418899000000,
-0.06532401454309487,0.17133279803221144,0.19997828418349572,3418904000000,
-0.02196616911762153,0.27604929854880583,0.20025675054473333,3418909000000,
-0.09853934169359543,0.03166916624505058,0.2000073701149535,3418914000000,
-0.10162057376401758,0.13891606247596053,0.20056299453835394,3418919000000,
-0.04469012468431099,0.16679370652977016,0.2006344810883825,3418924000000,
-0.03501986854451626,0.1647061305284248,0.19964151951109257,3418929000000,
-0.0539333186300573,0.1780272026913021,0.20024571039716801,3418934000000,
-0.06724401568735933,0.27572554045459186,0.20021182590218634,3418939000000,
-0.08105777260066283,-0.012498041657926773,0.20009056207390727,3418944000000,
-0.07244014979243076,0.16403996324140036,0.2003357103368045,3418949000000,
-0.036405317757785716,0.27695128898682136,0.2001779554629115,3418954000000,
-0.06349219614476591,0.023148129637823048,0.20024803142544723,3418959000000,
-0.05672016180453998,0.15727986483897155,0.19996088869390033,3418964000000,
-0.015846228235430738,0.2539744397444855,0.20077612543866202,3418969000000,
-0.049779168302764604,0.05709478251080245,0.20011893027426475,3418974000000,
-0.053417794470692656,0.14163317986823093,0.20043561187449618,3418979000000,
-0.04523748501496092,0.2540597139220518,0.20069976259589528,3418984000000,
-0.08615366750541568,0.04903410883696098,0.20032729364285132,3418989000000,
-0.050502385785837295,0.17779579077995533,0.20060535001832464,3418994000000,
0.1911299136886189,0.14145108221587904,0.20039229730377184,3418999000000,
-0.03403237219067171,0.1662457213791225,0.1995962878133502,3419004000000,
-0.08435583916372233,0.14415097145395503,0.19994824567178188,3419009000000,
-0.05319722993920298,0.26504512199304,0.2003152277865944,3419014000000,
-0.06063447912681168,0.037179546208112924,0.20003038314319027,3419019000000,
-0.0402629894594137,0.14328647657986548,0.20003097515103835,3419024000000,
-0.04374430186227038,0.2597228622018606,0.2003612764321909,3419029000000,
-0.08359202912740826,0.05737899989231711,0.19996488208124255,3419034000000,
-0.0720983800084863,0.15602082832051775,0.20025155249067605,3419039000000,
-0.05139163516205645,0.2565301859853838,0.2004205763210271,3419044000000,
-0.11099845202067204,0.07419232633597375,0.1997170332627194,3419049000000,
-0.08635287967252438,0.14379484017554406,0.19987570078332803,3419054000000,
-0.009351363251893629,0.26199643699559305,0.20036320233294105,3419059000000,
-0.05280597939043974,0.05580925050346045,0.20030062075680952,3419064000000,
-0.05712096011705371,0.18305430676718418,0.20013425074007038,3419070000000,
-0.058552869207916275,0.2929732250476802,0.20002915011534894,3419075000000,
-0.08199036455179726,0.03300375801920395,0.20015758711223908,3419080000000,
-0.027320885093601623,0.262069242590411,0.20048504727158092,3419085000000,
-0.09767978191320575,0.07932084913718096,0.20023273473931122,3419090000000,
-0.059581010449337314,0.16934879162888064,0.20051208959407155,3419095000000,
0.16867335964472577,0.20890424166768976,0.20026896456609114,3419100000000,
-0.06966856221610157,0.028733372246073127,0.2002011702140904,3419105000000,
-0.033960649098487145,0.17136451408525982,0.20045091747545826,3419110000000,
-0.025100012030448027,0.12220203727977179,0.19962965041634817,3419115000000,
-0.06022955471123386,0.19098300737482649,0.20038737770726628,3419120000000,
-0.013095978478522266,0.23756619994489664,0.2000445922235125,3419125000000,
-0.10626716354091814,0.0435081518143233,0.20025640935679834,3419130000000,
-0.03661359601647057,0.21802618561132273,0.1997146899261356,3419137000000,
-0.07658853557034806,0.021916356731246922,0.19982527006746853,3419142000000,
-0.04520364321662586,0.17813690438811322,0.20000448998052267,3419147000000,
-0.02441710647776109,0.2794241668241976,0.20022286014789423,3419152000000,
-0.06234514934202098,0.0025258725796164817,0.20024891838878256,3419157000000,
-0.059413999609992246,0.14327365549554363,0.2003461306036119,3419162000000,
-0.038476666432889974,0.15418972869533676,0.20025656449903068,3419167000000,
-0.03563165161146227,0.15904316601624627,0.20044695027436035,3419172000000,
-0.049889813137966685,0.29158685269881146,0.20032000099895128,3419177000000,
-0.09231613408686716,0.037546459110825145,0.20029849004749828,3419182000000,
-0.05925239760903127,0.16858190756949054,0.2001924685136258,3419187000000,
-0.05213721685206778,0.268747618842567,0.20001214965351205,3419192000000,
-0.08668274471321621,0.06440161843761213,0.20010730374393504,3419197000000,
0.08394454513417562,0.21463778676305997,0.19992486676027027,3419203000000,
-0.07604302685650936,-0.01383190977965957,0.20014125368671642,3419208000000,
-0.06332514369980577,0.16365839974366203,0.19999422996415078,3419213000000,
-0.045269892384257285,0.2736527793372504,0.19982996305855483,3419218000000,
-0.07540828767881659,0.03210545867136264,0.20007451182491728,3419223000000,
-0.038697268067091756,0.15731198347857459,0.20001052649124101,3419228000000,
-0.018591702133759696,0.23761951259121017,0.19965365681829275,3419233000000,
-0.10724518860256158,0.02647945099651819,0.20014898626733166,3419238000000,
-0.05252752671773632,0.17921595592121403,0.20033235276855071,3419243000000,
-0.031324948472670554,0.2744429769041925,0.19988471548507913,3419248000000,
-0.10321048511408062,0.014533334561554572,0.20031456208863954,3419253000000,
-0.07608824614543996,0.1567712212195294,0.2003923308851213,3419258000000,
-0.006873761532224451,0.2365443910072778,0.200155912083439,3419263000000,
-0.0671358413435614,0.0110986192623981,0.20033339926789778,3419268000000,
-0.05632179374771081,0.1742066752633455,0.2002023424706554,3419273000000,
-0.05677704962364211,0.2588234110502585,0.19992275259742587,3419278000000,
-0.08201610771500703,0.04835071546508428,0.19993855719969938,3419283000000,
-0.07130963114311817,0.17457387059449406,0.20073307494318637,3419288000000,
