ranges, angle_increment, stamp, 
array('f', [inf, inf, inf, inf, inf, inf, inf, inf, inf, 2.7524220943450928, 2.697289228439331, 2.716954469680786, 2.7391862869262695, 2.7626793384552, 2.783465623855591, 2.831890344619751, 2.8741629123687744, 2.8952102661132812, 2.959916114807129, 3.0034561157226562, 3.050462245941162, 3.073030471801758, 3.1362640857696533, 3.2035815715789795, 3.224752902984619, 3.2893991470336914, 3.358125925064087, 3.4148359298706055, 3.4751412868499756, inf, inf, inf, inf, inf, inf, inf, inf, inf, inf, inf, inf, inf, inf, inf, inf, inf, 2.8225021362304688, 2.839653730392456, inf, inf, inf, inf, inf, inf, inf, inf, inf, inf, inf, inf, inf, inf, inf, inf, inf, inf, inf, inf, inf, inf, inf, inf, inf, inf, inf, inf, inf, inf, inf, inf, inf, inf, inf, inf, inf, inf, inf, inf, inf, inf, inf, inf, inf, inf, inf, inf, inf, inf, inf, inf, inf, inf, inf, inf, inf, inf, inf, inf, inf, inf, inf, inf, inf, inf, inf, inf, inf, inf, inf, inf, inf, inf, inf, inf, inf, inf, inf, inf, inf, inf, inf, inf, inf, inf, inf, inf, inf, inf, inf, inf, inf, inf, inf, inf, inf, inf, inf, inf, inf, inf, inf, inf, inf, inf, inf, inf, inf, inf, inf, inf, inf, inf, inf, inf, inf, inf, inf, inf, inf, inf, inf, inf, inf, inf, inf, inf, inf, inf, inf, inf, inf, inf, inf, inf, inf, inf, inf, inf, inf, inf, inf, inf, inf, inf, inf, inf, inf, inf, inf, inf, inf, inf, inf, inf, inf, inf, inf, inf, inf, inf, inf, inf, inf, inf, 3.4694437980651855, 3.4307899475097656, 3.3892266750335693, 3.3705546855926514, 3.326390266418457, 3.2805585861206055, 3.249136447906494, 3.204698324203491, 3.182985305786133, 3.160337448120117, 3.1413612365722656, 3.097465753555298, 3.0765433311462402, 3.071232318878174, 3.069413423538208, 3.02316951751709, 3.010716199874878, 2.986558198928833, 2.9658989906311035, 2.9511258602142334, 2.9536898136138916, 2.90762996673584, 2.902440309524536, 2.9172680377960205, 2.897218704223633, 2.8652541637420654, 2.863921880722046, 2.8693532943725586, 2.8554885387420654, 2.8563344478607178, 2.8376448154449463, 2.8404977321624756, 2.8297886848449707, 2.839740753173828, 2.8439831733703613, 2.8100786209106445, 2.834228277206421, 2.841799020767212, 2.827529191970825, 2.830840826034546, 2.8370378017425537, 2.8517656326293945, 2.853915214538574, 2.8430352210998535, 2.866032600402832, 2.8655569553375244, 2.8873772621154785, 2.8808131217956543, 2.8939523696899414, 2.90883207321167, 2.924614191055298, 2.9207611083984375, 2.948777198791504, 2.9700095653533936, 2.974792003631592, 2.99587345123291, 3.0083279609680176, 3.064075469970703, 3.055406093597412, 3.1059064865112305, 3.11277437210083, 3.1529970169067383, 3.177776336669922, 3.188020706176758, 3.240712881088257, 3.2679359912872314, 3.3013720512390137, 3.3117568492889404, 3.369978189468384, 3.3911919593811035, 3.437124013900757, 3.4960715770721436, inf, inf, inf, inf, inf, inf, 3.42225980758667, 3.367840528488159, 3.3044514656066895, 3.2488582134246826, 3.2022600173950195, 3.1604058742523193, 3.10235857963562, 3.0305840969085693, 3.013469696044922, 2.9615278244018555, 2.935642957687378, 2.884676694869995, 2.831545352935791, 2.820683002471924, 2.798720598220825, 2.7454211711883545, 2.7004642486572266, 2.69814395904541, 2.6838109493255615, 2.6404192447662354, 2.6145405769348145, 2.5947282314300537, 2.561391592025757, 2.5387685298919678, 2.541358470916748, 2.49713134765625, 2.5194036960601807, 2.4883620738983154, 2.4800450801849365, 2.4524505138397217, 2.421006202697754, 2.4297537803649902, 2.4054577350616455, 2.399902820587158, 2.402714252471924, 2.3808348178863525, 2.370504856109619, 2.3658287525177, 2.347416639328003, 2.361992597579956, 2.3412365913391113, 2.3586645126342773, 2.3270535469055176, 2.3349685668945312, 2.314159393310547, 2.326223611831665, 2.3356497287750244, 2.3348851203918457, 2.3133180141448975, 2.308539867401123, 2.3297388553619385, 2.327960252761841, 2.3475258350372314, 2.3402798175811768, 2.346390724182129, 2.338757038116455, 2.3499038219451904, 2.3500866889953613, 3.4930994510650635, inf, inf, inf, inf, inf, inf, inf, inf, inf]),0.01749303564429283,3369585000000,
array('f', [2.562378168106079, 2.6146538257598877, 2.6584465503692627, 2.664191246032715, 2.709526777267456, 2.7348053455352783, 2.7802250385284424, 2.8088467121124268, 2.8694779872894287, 2.9057586193084717, 2.9382286071777344, 2.9909627437591553, 3.0630338191986084, 3.0985665321350098, 3.15692400932312, 3.219834804534912, 3.2936387062072754, 3.3529961109161377, 3.4222779273986816, inf, inf, inf, inf, inf, inf, inf, inf, inf, inf, inf, inf, inf, inf, inf, inf, inf, 2.6573641300201416, inf, inf, inf, inf, inf, inf, inf, inf, inf, inf, inf, inf, inf, inf, inf, inf, inf, inf, inf, inf, inf, inf, inf, inf, inf, inf, inf, inf, inf, inf, inf, inf, inf, inf, inf, inf, inf, inf, inf, inf, inf, inf, inf, inf, inf, inf, inf, inf, inf, inf, inf, inf, inf, inf, inf, inf, inf, inf, inf, inf, inf, inf, inf, inf, inf, inf, inf, inf, inf, inf, inf, inf, inf, inf, inf, inf, inf, inf, inf, inf, inf, inf, inf, inf, inf, inf, inf, inf, inf, inf, inf, inf, inf, inf, inf, inf, inf, inf, inf, inf, inf, inf, inf, inf, inf, inf, inf, inf, inf, inf, inf, inf, inf, inf, inf, inf, inf, inf, inf, inf, inf, inf, inf, inf, inf, inf, inf, inf, inf, inf, inf, inf, inf, inf, inf, inf, inf, inf, inf, inf, inf, inf, inf, inf, inf, inf, inf, inf, inf, inf, inf, inf, inf, inf, inf, inf, inf, inf, inf, inf, inf, inf, inf, inf, inf, inf, 3.486656665802002, 3.4419548511505127, 3.4170076847076416, 3.375762939453125, 3.3386220932006836, 3.3059017658233643, 3.2867531776428223, 3.2420105934143066, 3.2213380336761475, 3.1894092559814453, 3.1546030044555664, 3.1253082752227783, 3.1228129863739014, 3.1124377250671387, 3.066797971725464, 3.0599024295806885, 3.0430760383605957, 3.0268502235412598, 3.0049989223480225, 3.001811981201172, 2.991842031478882, 2.9882044792175293, 2.953282356262207, 2.948115110397339, 2.9376797676086426, 2.936048746109009, 2.940610885620117, 2.933427572250366, 2.920945405960083, 2.914854049682617, 2.90958571434021, 2.910916566848755, 2.9027113914489746, 2.9039039611816406, 2.894679069519043, 2.901420831680298, 2.895249843597412, 2.906378746032715, 2.899444580078125, 2.9285190105438232, 2.937286853790283, 2.930278778076172, 2.9497146606445312, 2.9501235485076904, 2.949882984161377, 2.9835009574890137, 2.9827427864074707, 2.9783923625946045, 2.9753530025482178, 3.0156962871551514, 3.0299839973449707, 3.0288517475128174, 3.0750794410705566, 3.086867332458496, 3.112820625305176, 3.1318135261535645, 3.140343427658081, 3.180241584777832, 3.1713037490844727, 3.2080373764038086, 3.2352912425994873, 3.281167507171631, 3.305112838745117, 3.329461097717285, 3.3820579051971436, 3.404710531234741, 3.4376556873321533, 3.48641300201416, inf, inf, inf, inf, 3.4664199352264404, 3.390990734100342, 3.306765556335449, 3.223496198654175, 3.1676759719848633, 3.1329121589660645, 3.0627708435058594, 3.0169312953948975, 2.95878529548645, 2.922178268432617, 2.8588147163391113, 2.857097625732422, 2.7904250621795654, 2.7316272258758545, 2.7106761932373047, 2.687723398208618, 2.633944511413574, 2.6345860958099365, 2.583503007888794, 2.5453290939331055, 2.5222814083099365, 2.5093863010406494, 2.4827182292938232, 2.4352190494537354, 2.4203555583953857, 2.392214775085449, 2.3777709007263184, 2.361842155456543, 2.344046115875244, 2.3371775150299072, 2.3150503635406494, 2.300313949584961, 2.2826180458068848, 2.2650742530822754, 2.258016586303711, 2.2549381256103516, 2.2338626384735107, 2.2100839614868164, 2.2084529399871826, 2.2005794048309326, 2.2108347415924072, 2.2108280658721924, 2.192319631576538, 2.168081283569336, 2.1696624755859375, 2.1770427227020264, 2.1456475257873535, 2.146338939666748, 2.1499414443969727, 2.157325029373169, 2.1780223846435547, 2.164630651473999, 2.1549103260040283, 2.1696438789367676, 2.159571647644043, 2.156454086303711, 2.168367624282837, 2.1952145099639893, 2.176419496536255, 2.1748554706573486, 2.165611982345581, 3.3028249740600586, 3.3229284286499023, 3.311699151992798, 3.327009916305542, 3.364090919494629, 3.3604631423950195, 3.3983287811279297, 3.3987598419189453, 3.416795015335083, 3.426703691482544, 3.4589948654174805, 3.4922354221343994, inf, inf, inf, inf, inf, inf, inf, 2.616492986679077, 2.5337483882904053, 2.5117032527923584, 2.539137363433838, 2.563112735748291]),0.01749303564429283,3369787000000,
array('f', [2.902742862701416, 2.937391996383667, 3.03790283203125, 3.067521572113037, 3.1462020874023438, 3.2008886337280273, 3.2675771713256836, 3.3598575592041016, 3.4292678833007812, inf, inf, inf, inf, inf, inf, inf, inf, inf, inf, inf, inf, inf, inf, inf, 2.5142014026641846, 2.5156993865966797, inf, inf, inf, inf, inf, inf, inf, inf, inf, inf, inf, inf, inf, inf, inf, inf, inf, inf, inf, inf, inf, inf, inf, inf, inf, inf, inf, inf, inf, inf, inf, inf, inf, inf, inf, inf, inf, inf, inf, inf, inf, inf, inf, inf, inf, inf, inf, inf, inf, inf, inf, inf, inf, inf, inf, inf, inf, inf, inf, inf, inf, inf, inf, inf, inf, inf, inf, inf, inf, inf, inf, inf, inf, inf, inf, inf, inf, inf, inf, inf, inf, inf, inf, inf, inf, inf, inf, inf, inf, inf, inf, inf, inf, inf, inf, inf, inf, inf, inf, inf, inf, inf, inf, inf, inf, inf, inf, inf, inf, inf, inf, inf, inf, inf, inf, inf, inf, inf, inf, inf, inf, inf, inf, inf, inf, inf, inf, inf, inf, inf, inf, inf, inf, inf, inf, inf, inf, inf, inf, inf, inf, inf, inf, inf, inf, inf, inf, inf, inf, inf, inf, inf, inf, inf, inf, inf, inf, inf, inf, inf, inf, inf, inf, inf, inf, inf, inf, 3.5, 3.455603837966919, 3.4223732948303223, 3.3882944583892822, 3.3644490242004395, 3.322012186050415, 3.301922082901001, 3.2779998779296875, 3.2410800457000732, 3.212961196899414, 3.200780153274536, 3.183016300201416, 3.1599738597869873, 3.137234687805176, 3.1290781497955322, 3.1126210689544678, 3.1088812351226807, 3.0794267654418945, 3.06027889251709, 3.0509207248687744, 3.0469648838043213, 3.0225391387939453, 3.029658794403076, 3.0185348987579346, 3.004086494445801, 3.0159926414489746, 3.0005557537078857, 2.984320878982544, 3.006159782409668, 2.98958158493042, 2.9713118076324463, 2.9981112480163574, 3.005474090576172, 3.0044445991516113, 2.9965059757232666, 3.002149820327759, 2.9944067001342773, 3.0196428298950195, 3.0244638919830322, 2.9996633529663086, 3.0213732719421387, 3.037783145904541, 3.0235793590545654, 3.0443994998931885, 3.0616753101348877, 3.086599349975586, 3.106137275695801, 3.0979528427124023, 3.1221113204956055, 3.1392345428466797, 3.1595447063446045, 3.174264669418335, 3.1908063888549805, 3.223353624343872, 3.252251386642456, 3.274904727935791, 3.298862934112549, 3.314362049102783, 3.352623462677002, 3.3879024982452393, 3.4238250255584717, 3.4537572860717773, 3.4792730808258057, inf, inf, inf, inf, 3.4654858112335205, 3.397454261779785, 3.3131215572357178, 3.2344250679016113, 3.173719644546509, 3.1125779151916504, 3.042117118835449, 3.00555682182312, 2.9295456409454346, 2.8739795684814453, 2.830676794052124, 2.7796061038970947, 2.735813856124878, 2.7110989093780518, 2.6671504974365234, 2.633087396621704, 2.570174217224121, 2.5575764179229736, 2.5187580585479736, 2.479494094848633, 2.4758074283599854, 2.441758394241333, 2.4005062580108643, 2.380905866622925, 2.3585922718048096, 2.329188108444214, 2.3081350326538086, 2.287184715270996, 2.255737543106079, 2.2520134449005127, 2.233147621154785, 2.2162585258483887, 2.1970932483673096, 2.1810410022735596, 2.17728853225708, 2.1589951515197754, 2.145535945892334, 2.1167566776275635, 2.120973825454712, 2.1266746520996094, 2.0842795372009277, 2.097088575363159, 2.0812597274780273, 2.0856049060821533, 2.0588388442993164, 2.072896718978882, 2.0563948154449463, 2.0768227577209473, 2.0534327030181885, 2.0377697944641113, 2.0415494441986084, 2.0387072563171387, 2.056870222091675, 2.0474867820739746, 2.0425024032592773, 2.039705276489258, 2.0461573600769043, 2.051316976547241, 2.0371673107147217, 2.044048309326172, 2.031038761138916, 2.049236297607422, 3.1824398040771484, 3.175579071044922, 3.179941177368164, 3.1923232078552246, 3.212867259979248, 3.2205758094787598, 3.246772289276123, 3.249211549758911, 3.2807674407958984, 3.286956787109375, 3.310492992401123, 3.3263847827911377, 3.3495211601257324, 3.3719704151153564, 3.412203788757324, 3.386986017227173, 3.4429097175598145, 3.4589717388153076, inf, inf, 2.4823601245880127, 2.395655393600464, 2.3734312057495117, 2.395634174346924, 2.411818504333496, 2.4540395736694336, 2.4666337966918945, 2.5036942958831787, 2.534010648727417, 2.5638957023620605, 2.614591121673584, 2.634758710861206, 2.6809170246124268, 2.7256669998168945, 2.7704949378967285, 2.775104522705078, 2.8490116596221924, 2.8985087871551514]),0.01749303564429283,3369987000000,
array('f', [inf, inf, inf, inf, inf, inf, inf, inf, inf, inf, inf, inf, inf, 2.373677968978882, 2.3596158027648926, inf, inf, inf, inf, inf, inf, inf, inf, inf, inf, inf, inf, inf, inf, inf, inf, inf, inf, inf, inf, inf, inf, inf, inf, inf, inf, inf, inf, inf, inf, inf, inf, inf, inf, inf, inf, inf, inf, inf, inf, inf, inf, inf, inf, inf, inf, inf, inf, inf, inf, inf, inf, inf, inf, inf, inf, inf, inf, inf, inf, inf, inf, inf, inf, inf, inf, inf, inf, inf, inf, inf, inf, inf, inf, inf, inf, inf, inf, inf, inf, inf, inf, inf, inf, inf, inf, inf, inf, inf, inf, inf, inf, inf, inf, inf, inf, inf, inf, inf, inf, inf, inf, inf, inf, inf, inf, inf, inf, inf, inf, inf, inf, inf, inf, inf, inf, inf, inf, inf, inf, inf, inf, inf, inf, inf, inf, inf, inf, inf, inf, inf, inf, inf, inf, inf, inf, inf, inf, inf, inf, inf, inf, inf, inf, inf, inf, inf, inf, inf, inf, inf, inf, inf, inf, inf, inf, inf, inf, inf, inf, inf, inf, inf, inf, inf, inf, inf, inf, inf, 3.4849278926849365, 3.474973201751709, 3.426293134689331, 3.3961844444274902, 3.383390188217163, 3.343472480773926, 3.303151845932007, 3.289641857147217, 3.273954153060913, 3.2866616249084473, 3.2241370677948, 3.2096710205078125, 3.200847864151001, 3.175572633743286, 3.165374994277954, 3.1629092693328857, 3.12336802482605, 3.1334640979766846, 3.1288812160491943, 3.0924620628356934, 3.1026229858398438, 3.0858590602874756, 3.1022608280181885, 3.0820281505584717, 3.082698106765747, 3.073240280151367, 3.0813612937927246, 3.065701484680176, 3.0597341060638428, 3.0667591094970703, 3.069180488586426, 3.073995351791382, 3.075453996658325, 3.082904100418091, 3.080132484436035, 3.081970691680908, 3.0905086994171143, 3.108694553375244, 3.0964105129241943, 3.1078953742980957, 3.1371703147888184, 3.1545283794403076, 3.163006067276001, 3.170111656188965, 3.1933586597442627, 3.1991446018218994, 3.2247719764709473, 3.2476911544799805, 3.250808000564575, 3.257181167602539, 3.278454065322876, 3.301023244857788, 3.3288486003875732, 3.3767952919006348, 3.3947527408599854, 3.402106761932373, 3.4724042415618896, 3.5, inf, inf, inf, inf, inf, 3.4587292671203613, 3.397260904312134, 3.3171117305755615, 3.2380831241607666, 3.1636171340942383, 3.090275526046753, 3.0443532466888428, 2.941699981689453, 2.9232335090637207, 2.823850154876709, 2.7974298000335693, 2.7644710540771484, 2.7012500762939453, 2.6833786964416504, 2.6275253295898438, 2.5866265296936035, 2.5481748580932617, 2.5070536136627197, 2.4817864894866943, 2.444561004638672, 2.4451446533203125, 2.386667013168335, 2.369633197784424, 2.317281723022461, 2.3126587867736816, 2.288949489593506, 2.2674925327301025, 2.2214696407318115, 2.2184598445892334, 2.197786808013916, 2.1757020950317383, 2.181610107421875, 2.135843276977539, 2.1099460124969482, 2.1115825176239014, 2.1062135696411133, 2.083143711090088, 2.0647518634796143, 2.04521107673645, 2.0516905784606934, 2.0338118076324463, 2.060974597930908, 2.0340895652770996, 2.017002582550049, 2.0094566345214844, 2.0122766494750977, 1.985140085220337, 1.9985969066619873, 1.998047113418579, 1.9881887435913086, 1.9818540811538696, 1.9572986364364624, 1.9738713502883911, 1.9819563627243042, 1.9728387594223022, 1.9683895111083984, 1.945562481880188, 1.964277982711792, 1.9794673919677734, 1.9594330787658691, 1.9814882278442383, 1.9785932302474976, 3.074242353439331, 3.0975430011749268, 3.0876214504241943, 3.120620012283325, 3.1224944591522217, 3.1330058574676514, 3.163149118423462, 3.168689250946045, 3.165022611618042, 3.169452428817749, 3.1947035789489746, 3.213130474090576, 3.2317562103271484, 3.2627596855163574, 3.289071559906006, 3.3028244972229004, 3.332263469696045, 3.3578720092773438, 3.381869316101074, 3.4090895652770996, 3.42924165725708, 2.3642666339874268, 2.301795482635498, 2.262988567352295, 2.2700793743133545, 2.321697950363159, 2.326098918914795, 2.354891300201416, 2.4109952449798584, 2.418376922607422, 2.473281145095825, 2.4805188179016113, 2.5278706550598145, 2.571486473083496, 2.60503888130188, 2.6409335136413574, 2.675602912902832, 2.7294962406158447, 2.776552677154541, 2.8096749782562256, 2.866424322128296, 2.939070224761963, 2.981452226638794, 3.0568172931671143, 3.1179637908935547, 3.180259943008423, 3.2619073390960693, 3.333545684814453, 3.4055371284484863, inf, inf]),0.01749303564429283,3370187000000,
array('f', [inf, inf, 2.243905544281006, inf, inf, inf, inf, inf, inf, inf, inf, inf, inf, inf, inf, inf, inf, inf, inf, inf, inf, inf, inf, inf, inf, inf, inf, inf, inf, inf, inf, inf, inf, inf, inf, inf, inf, inf, inf, inf, inf, inf, inf, inf, inf, inf, inf, inf, inf, inf, inf, inf, inf, inf, inf, inf, inf, inf, inf, inf, inf, inf, inf, inf, inf, inf, inf, inf, inf, inf, inf, inf, inf, inf, inf, inf, inf, inf, inf, inf, inf, inf, inf, inf, inf, inf, inf, inf, inf, inf, inf, inf, inf, inf, inf, inf, inf, inf, inf, inf, inf, inf, inf, inf, inf, inf, inf, inf, inf, inf, inf, inf, inf, inf, inf, inf, inf, inf, inf, inf, inf, inf, inf, inf, inf, inf, inf, inf, inf, inf, inf, inf, inf, inf, inf, inf, inf, inf, inf, inf, inf, inf, inf, inf, inf, inf, inf, inf, inf, inf, inf, inf, inf, inf, inf, inf, inf, inf, inf, inf, inf, inf, inf, inf, inf, inf, inf, inf, inf, inf, inf, inf, inf, inf, inf, 3.4855077266693115, 3.4536263942718506, 3.43200945854187, 3.4010119438171387, 3.3805649280548096, 3.35014009475708, 3.325080156326294, 3.294435501098633, 3.284313201904297, 3.2484312057495117, 3.2425787448883057, 3.234078884124756, 3.2230052947998047, 3.1793646812438965, 3.2023842334747314, 3.1614468097686768, 3.1683247089385986, 3.158632278442383, 3.1435129642486572, 3.1439731121063232, 3.143292188644409, 3.1379282474517822, 3.134982109069824, 3.1184515953063965, 3.11806583404541, 3.116225004196167, 3.1250710487365723, 3.1150288581848145, 3.1279664039611816, 3.1159136295318604, 3.1376216411590576, 3.1305439472198486, 3.1292810440063477, 3.1630210876464844, 3.1599326133728027, 3.172436237335205, 3.1637866497039795, 3.194667100906372, 3.177790880203247, 3.208897113800049, 3.2106170654296875, 3.2388694286346436, 3.248692035675049, 3.2573938369750977, 3.281459093093872, 3.2949514389038086, 3.3152732849121094, 3.3465230464935303, 3.385338544845581, 3.3863396644592285, 3.415343999862671, 3.436633825302124, 3.4671149253845215, inf, inf, inf, inf, inf, inf, inf, 3.468367338180542, 3.3555076122283936, 3.2865991592407227, 3.211846351623535, 3.1328837871551514, 3.0512709617614746, 3.0169389247894287, 2.947827100753784, 2.900714635848999, 2.835707902908325, 2.7654507160186768, 2.7184226512908936, 2.7006938457489014, 2.6470699310302734, 2.5927066802978516, 2.5481414794921875, 2.520015001296997, 2.488598108291626, 2.4506969451904297, 2.423978328704834, 2.3986778259277344, 2.3718199729919434, 2.3227314949035645, 2.302732467651367, 2.264150857925415, 2.2490274906158447, 2.2285192012786865, 2.210341691970825, 2.1996328830718994, 2.1748430728912354, 2.1641595363616943, 2.126675605773926, 2.112583637237549, 2.086254835128784, 2.0924670696258545, 2.070587635040283, 2.062175750732422, 2.0330052375793457, 2.0354862213134766, 2.0252439975738525, 2.0215866565704346, 2.005463123321533, 1.9949512481689453, 1.9830583333969116, 1.9668328762054443, 1.9746688604354858, 1.9551148414611816, 1.9634208679199219, 1.961800456047058, 1.9351940155029297, 1.9426194429397583, 1.9351475238800049, 1.9447425603866577, 1.9149272441864014, 1.9155864715576172, 1.9386050701141357, 1.9196516275405884, 1.9275624752044678, 1.9384472370147705, 1.9482135772705078, 1.9436016082763672, 3.03922700881958, 3.036203145980835, 3.0564348697662354, 3.0766103267669678, 3.068507671356201, 3.0752182006835938, 3.09614634513855, 3.1199097633361816, 3.125234603881836, 3.1220273971557617, 3.1385514736175537, 3.165640354156494, 3.171753168106079, 3.198692798614502, 3.1934962272644043, 3.2339510917663574, 3.252105474472046, 3.2856147289276123, 3.295281410217285, 3.304007053375244, 3.342844247817993, 3.381420850753784, 2.284226417541504, 2.2065470218658447, 2.2086849212646484, 2.2289328575134277, 2.2453019618988037, 2.2916605472564697, 2.324950695037842, 2.340986728668213, 2.362314462661743, 2.403883457183838, 2.42427921295166, 2.4586331844329834, 2.472609758377075, 2.551837921142578, 2.574694871902466, 2.606245994567871, 2.651003837585449, 2.6885406970977783, 2.739483594894409, 2.818063735961914, 2.8464419841766357, 2.8886489868164062, 2.951340675354004, 3.0216541290283203, 3.0827419757843018, 3.1589205265045166, 3.23246169090271, 3.3068032264709473, 3.3831698894500732, 3.478686571121216, inf, inf, inf, inf, inf, inf, inf, inf, inf, inf, inf, inf]),0.01749303564429283,3370387000000,
array('f', [inf, inf, inf, inf, inf, inf, inf, inf, inf, inf, inf, inf, inf, inf, inf, inf, inf, inf, inf, inf, inf, inf, inf, inf, inf, inf, inf, inf, inf, inf, inf, inf, inf, inf, inf, inf, inf, inf, inf, inf, inf, inf, inf, inf, inf, inf, inf, inf, inf, inf, inf, inf, inf, inf, inf, inf, inf, inf, inf, inf, inf, inf, inf, inf, inf, inf, inf, inf, inf, inf, inf, inf, inf, inf, inf, inf, inf, inf, inf, inf, inf, inf, inf, inf, inf, inf, inf, inf, inf, inf, inf, inf, inf, inf, inf, inf, inf, inf, inf, inf, inf, inf, inf, inf, inf, inf, inf, inf, inf, inf, inf, inf, inf, inf, inf, inf, inf, inf, inf, inf, inf, inf, inf, inf, inf, inf, inf, inf, inf, inf, inf, inf, inf, inf, inf, inf, inf, inf, inf, inf, inf, inf, inf, inf, inf, inf, inf, inf, inf, inf, inf, inf, inf, inf, inf, inf, inf, inf, inf, inf, inf, inf, inf, inf, inf, 3.474766731262207, 3.454375743865967, 3.4113974571228027, 3.39513897895813, 3.362504720687866, 3.347320556640625, 3.3314366340637207, 3.294682741165161, 3.288975954055786, 3.270941734313965, 3.2621517181396484, 3.2353248596191406, 3.2192041873931885, 3.208519458770752, 3.20284366607666, 3.21590256690979, 3.198323965072632, 3.1837902069091797, 3.1836912631988525, 3.166780471801758, 3.1671557426452637, 3.136789560317993, 3.1541483402252197, 3.131615161895752, 3.154026746749878, 3.1655755043029785, 3.1511595249176025, 3.150120258331299, 3.1455817222595215, 3.1678411960601807, 3.1580235958099365, 3.142655849456787, 3.1660380363464355, 3.167884588241577, 3.1901118755340576, 3.189539909362793, 3.216417074203491, 3.2161736488342285, 3.2236173152923584, 3.245560884475708, 3.2713403701782227, 3.2838542461395264, 3.293187141418457, 3.312108039855957, 3.3183577060699463, 3.3486263751983643, 3.3900365829467773, 3.415992498397827, 3.405057191848755, 3.433720111846924, 3.4772560596466064, inf, inf, inf, inf, inf, inf, inf, 3.4914333820343018, 3.4121243953704834, 3.3041152954101562, 3.24039888381958, 3.183624744415283, 3.1016910076141357, 3.0359177589416504, 2.9794535636901855, 2.9132072925567627, 2.8544061183929443, 2.775559902191162, 2.740391731262207, 2.6865041255950928, 2.6559436321258545, 2.604980230331421, 2.5636754035949707, 2.5414960384368896, 2.4844770431518555, 2.4638242721557617, 2.4265494346618652, 2.393479585647583, 2.3748323917388916, 2.3233230113983154, 2.304680109024048, 2.284440040588379, 2.2416605949401855, 2.2270357608795166, 2.2064340114593506, 2.2048609256744385, 2.151148557662964, 2.1550769805908203, 2.1307153701782227, 2.108461856842041, 2.091935634613037, 2.087944746017456, 2.0668447017669678, 2.0424599647521973, 2.0317249298095703, 2.0084798336029053, 2.0096991062164307, 2.0115714073181152, 1.9867936372756958, 1.9743714332580566, 1.9831115007400513, 1.9703052043914795, 1.95206618309021, 1.948235034942627, 1.950074553489685, 1.9459493160247803, 1.9353708028793335, 1.9159802198410034, 1.924457311630249, 1.9063280820846558, 1.9242146015167236, 1.9367989301681519, 1.9342998266220093, 1.9156404733657837, 1.9189748764038086, 1.919999122619629, 1.920159935951233, 1.9209108352661133, 3.0269124507904053, 3.037400722503662, 3.040849447250366, 3.0519626140594482, 3.0527431964874268, 3.0667760372161865, 3.0780580043792725, 3.0709292888641357, 3.0957083702087402, 3.086373805999756, 3.116725444793701, 3.133491039276123, 3.1466891765594482, 3.179260730743408, 3.1707205772399902, 3.2029740810394287, 3.223086357116699, 3.2376160621643066, 3.261984348297119, 3.2883293628692627, 3.317064046859741, 3.3400325775146484, 2.289731025695801, 2.211503744125366, 2.1807339191436768, 2.2000017166137695, 2.2248451709747314, 2.2531685829162598, 2.261523485183716, 2.3102786540985107, 2.3479461669921875, 2.348848819732666, 2.386439800262451, 2.4237868785858154, 2.4470889568328857, 2.4891562461853027, 2.52421236038208, 2.5577173233032227, 2.6088409423828125, 2.6394317150115967, 2.680372476577759, 2.7523000240325928, 2.792937994003296, 2.836345911026001, 2.894652843475342, 2.966287612915039, 3.0072028636932373, 3.0764646530151367, 3.1558337211608887, 3.2255985736846924, 3.2940428256988525, 3.40683650970459, 3.47481107711792, inf, inf, inf, inf, inf, inf, inf, inf, inf, inf, inf, inf, 2.2318429946899414, 2.218552589416504, inf, inf, inf, inf, inf, inf, inf, inf, inf]),0.01749303564429283,3370587000000,
array('f', [inf, inf, inf, inf, inf, inf, inf, inf, inf, inf, inf, inf, inf, inf, inf, inf, inf, inf, inf, inf, inf, inf, inf, inf, inf, inf, inf, inf, inf, inf, inf, inf, inf, inf, inf, inf, inf, inf, inf, inf, inf, inf, inf, inf, inf, inf, inf, inf, inf, inf, inf, inf, inf, inf, inf, inf, inf, inf, inf, inf, inf, inf, inf, inf, inf, inf, inf, inf, inf, inf, inf, inf, inf, inf, inf, inf, inf, inf, inf, inf, inf, inf, inf, inf, inf, inf, inf, inf, inf, inf, inf, inf, inf, inf, inf, inf, inf, inf, inf, inf, inf, inf, inf, inf, inf, inf, inf, inf, inf, inf, inf, inf, inf, inf, inf, inf, inf, inf, inf, inf, inf, inf, inf, inf, inf, inf, inf, inf, inf, inf, inf, inf, inf, inf, inf, inf, inf, inf, inf, inf, inf, inf, inf, inf, inf, inf, inf, inf, inf, inf, inf, inf, inf, inf, inf, inf, inf, inf, inf, 3.5, 3.46745228767395, 3.436539888381958, 3.4156813621520996, 3.418968915939331, 3.3665943145751953, 3.3406713008880615, 3.3244681358337402, 3.3053672313690186, 3.299802780151367, 3.263636827468872, 3.25351881980896, 3.246731996536255, 3.2309062480926514, 3.2154104709625244, 3.2044949531555176, 3.183980703353882, 3.165860414505005, 3.1840784549713135, 3.191999912261963, 3.1617743968963623, 3.1690597534179688, 3.1517539024353027, 3.1464388370513916, 3.159526824951172, 3.1448779106140137, 3.160128355026245, 3.1589696407318115, 3.1376571655273438, 3.160736560821533, 3.158973217010498, 3.1753628253936768, 3.152857542037964, 3.1761186122894287, 3.185511350631714, 3.1955201625823975, 3.2144927978515625, 3.209897041320801, 3.238264560699463, 3.238546371459961, 3.263345718383789, 3.270052909851074, 3.280629873275757, 3.2807347774505615, 3.3314905166625977, 3.332596778869629, 3.349853277206421, 3.3815083503723145, 3.406494379043579, 3.4171910285949707, 3.4533936977386475, 3.4988651275634766, inf, inf, inf, inf, inf, inf, inf, 3.4838643074035645, 3.39861798286438, 3.3069145679473877, 3.206141710281372, 3.1243369579315186, 3.082958698272705, 3.0091164112091064, 2.948180913925171, 2.8767356872558594, 2.818571090698242, 2.7763073444366455, 2.7564306259155273, 2.681123733520508, 2.625833511352539, 2.592247724533081, 2.562753438949585, 2.514470100402832, 2.4851558208465576, 2.4372429847717285, 2.410858631134033, 2.3618180751800537, 2.367114543914795, 2.3244400024414062, 2.300074815750122, 2.2678275108337402, 2.2340497970581055, 2.2003259658813477, 2.1975009441375732, 2.1795411109924316, 2.1747612953186035, 2.128612995147705, 2.1232545375823975, 2.0961830615997314, 2.0880703926086426, 2.060199737548828, 2.0505270957946777, 2.0430686473846436, 2.0450570583343506, 2.023601770401001, 2.0208191871643066, 2.001338243484497, 1.9745855331420898, 1.9715880155563354, 2.000558376312256, 1.9709736108779907, 1.9323525428771973, 1.9387882947921753, 1.941983699798584, 1.928371787071228, 1.9350868463516235, 1.9439888000488281, 1.921741247177124, 1.923815131187439, 1.9061791896820068, 1.898659586906433, 1.894593358039856, 1.9102814197540283, 1.9030075073242188, 1.9135839939117432, 1.90920090675354, 3.0236101150512695, 3.028876304626465, 3.0248358249664307, 3.05134916305542, 3.0343017578125, 3.0717813968658447, 3.0503692626953125, 3.070272207260132, 3.0721137523651123, 3.087137460708618, 3.102811336517334, 3.102937698364258, 3.1362619400024414, 3.117352247238159, 3.1699750423431396, 3.180353879928589, 3.211747169494629, 3.2111668586730957, 3.253602981567383, 3.266447067260742, 3.289971351623535, 3.312962055206299, 3.3497941493988037, 2.243058204650879, 2.155834436416626, 2.1910324096679688, 2.199512243270874, 2.2148993015289307, 2.251643657684326, 2.271789073944092, 2.285945177078247, 2.338280439376831, 2.3476572036743164, 2.3947086334228516, 2.4095470905303955, 2.453002691268921, 2.495534658432007, 2.535004138946533, 2.5679612159729004, 2.602057933807373, 2.6468000411987305, 2.710573673248291, 2.737640380859375, 2.8027760982513428, 2.8424794673919678, 2.8976192474365234, 2.966705322265625, 3.031416177749634, 3.1012308597564697, 3.166257381439209, 3.2322134971618652, 3.3170559406280518, 3.400080919265747, 3.5, inf, inf, inf, inf, inf, inf, inf, inf, inf, inf, inf, inf, 2.1975858211517334, inf, inf, inf, inf, inf, inf, inf, inf, inf, inf, inf, inf, inf, inf, inf]),0.01749303564429283,3370787000000,
array('f', [3.4673855304718018, 3.475116014480591, 3.4943220615386963, 3.4754531383514404, inf, inf, inf, inf, inf, inf, inf, inf, inf, inf, inf, inf, inf, inf, inf, inf, inf, inf, inf, inf, inf, inf, inf, inf, inf, inf, inf, inf, inf, inf, inf, inf, inf, inf, inf, inf, inf, inf, inf, inf, inf, inf, inf, inf, inf, inf, inf, inf, inf, inf, inf, inf, inf, inf, inf, inf, inf, inf, inf, inf, inf, inf, inf, inf, inf, inf, inf, inf, inf, inf, inf, inf, inf, inf, inf, inf, inf, inf, inf, inf, inf, inf, inf, inf, inf, inf, inf, inf, inf, inf, inf, inf, inf, inf, inf, inf, inf, inf, inf, inf, inf, inf, inf, inf, inf, inf, inf, inf, inf, inf, inf, inf, inf, inf, inf, inf, inf, inf, inf, inf, inf, inf, inf, inf, inf, inf, inf, inf, inf, inf, inf, inf, inf, inf, inf, inf, inf, inf, inf, inf, inf, inf, inf, inf, inf, inf, inf, inf, inf, inf, inf, inf, inf, 3.479402542114258, 3.4694433212280273, 3.4495127201080322, 3.424323797225952, 3.4009101390838623, 3.3625659942626953, 3.352571487426758, 3.3381314277648926, 3.301356554031372, 3.29038143157959, 3.2743849754333496, 3.2472145557403564, 3.243281364440918, 3.2292640209198, 3.2047746181488037, 3.2070670127868652, 3.2077794075012207, 3.191415309906006, 3.1621358394622803, 3.178236722946167, 3.1771414279937744, 3.1664276123046875, 3.171086311340332, 3.1649723052978516, 3.1536953449249268, 3.1624162197113037, 3.1624600887298584, 3.1529083251953125, 3.1539196968078613, 3.1479227542877197, 3.1595442295074463, 3.164266347885132, 3.162729024887085, 3.1762888431549072, 3.2121245861053467, 3.2239770889282227, 3.1981091499328613, 3.2244911193847656, 3.2213242053985596, 3.257920026779175, 3.2576956748962402, 3.2906394004821777, 3.2942991256713867, 3.3098537921905518, 3.3387200832366943, 3.363875389099121, 3.3769900798797607, 3.4043986797332764, 3.4341561794281006, 3.4592299461364746, 3.491461992263794, inf, inf, inf, inf, inf, inf, inf, inf, 3.44840407371521, 3.3608784675598145, 3.2766783237457275, 3.2031383514404297, 3.1096508502960205, 3.049638509750366, 2.966684579849243, 2.9394760131835938, 2.861959457397461, 2.8210761547088623, 2.767481803894043, 2.7142813205718994, 2.680330514907837, 2.612682342529297, 2.564685821533203, 2.5436012744903564, 2.4975626468658447, 2.465918779373169, 2.4341046810150146, 2.3868794441223145, 2.3712267875671387, 2.3403916358947754, 2.3032772541046143, 2.287302255630493, 2.255607843399048, 2.2489542961120605, 2.2183587551116943, 2.2076611518859863, 2.1695902347564697, 2.15705943107605, 2.1402156352996826, 2.0878782272338867, 2.0868477821350098, 2.0744168758392334, 2.0667107105255127, 2.051710605621338, 2.0408895015716553, 2.014666795730591, 2.0202441215515137, 2.0060620307922363, 1.987974762916565, 1.9893049001693726, 1.9674502611160278, 1.9679226875305176, 1.954664945602417, 1.9465736150741577, 1.9369806051254272, 1.942447304725647, 1.933398962020874, 1.9222520589828491, 1.9123212099075317, 1.9235872030258179, 1.9131286144256592, 1.904708743095398, 1.9164509773254395, 1.9182649850845337, 1.916408658027649, 1.9033324718475342, 1.9095816612243652, 1.9071744680404663, 3.0254456996917725, 3.014502763748169, 3.032790422439575, 3.015087366104126, 3.0454037189483643, 3.0432891845703125, 3.061234474182129, 3.0553972721099854, 3.0798826217651367, 3.1014697551727295, 3.1163835525512695, 3.1389319896698, 3.1271748542785645, 3.1421890258789062, 3.1800549030303955, 3.170360565185547, 3.1971054077148438, 3.2168824672698975, 3.264028549194336, 3.2803449630737305, 3.302809000015259, 3.3270537853240967, 3.342956304550171, 2.235722303390503, 2.1680374145507812, 2.1702072620391846, 2.202723264694214, 2.2341508865356445, 2.24184513092041, 2.2739853858947754, 2.32820987701416, 2.326479434967041, 2.3674569129943848, 2.4097986221313477, 2.449357271194458, 2.450737953186035, 2.4970016479492188, 2.5564169883728027, 2.563030958175659, 2.6298863887786865, 2.6538808345794678, 2.7128639221191406, 2.751432418823242, 2.8052120208740234, 2.8298633098602295, 2.91913104057312, 2.9842441082000732, 3.0409553050994873, 3.1228010654449463, 3.170356512069702, 3.24804425239563, 3.338777542114258, 3.4235949516296387, inf, inf, inf, inf, inf, inf, inf, inf, inf, 3.4961636066436768, 3.478410482406616, 3.4650280475616455, 2.2091455459594727, 2.216431140899658, 3.450763463973999, 3.433290958404541, 3.4423577785491943, 3.4452319145202637, 3.4161078929901123, 3.416224479675293, 3.41316294670105, 3.4205703735351562, 3.4273147583007812, 3.4213836193084717, 3.4136452674865723, 3.426191568374634, 3.4312047958374023, 3.4404921531677246, 3.4203124046325684, 3.459028720855713, 3.4589881896972656]),0.01749303564429283,3370987000000,
array('f', [3.1364920139312744, 3.1486971378326416, 3.1573069095611572, 3.164132595062256, 3.167935848236084, 3.154557466506958, 3.205206871032715, 3.208369016647339, 3.197733163833618, 3.223489761352539, 3.2317984104156494, 3.2449707984924316, 3.2492599487304688, 3.282728910446167, 3.308212995529175, 3.339607000350952, 3.3310422897338867, 3.367405414581299, 3.388981580734253, 3.4126758575439453, 3.424867868423462, 3.461158037185669, inf, inf, inf, inf, inf, inf, inf, inf, inf, inf, inf, inf, inf, inf, inf, inf, inf, inf, inf, inf, inf, inf, inf, inf, inf, inf, inf, inf, inf, inf, inf, inf, inf, inf, inf, inf, inf, inf, inf, inf, inf, inf, inf, inf, inf, inf, inf, inf, inf, inf, inf, inf, inf, inf, inf, inf, inf, inf, inf, inf, inf, inf, inf, inf, inf, inf, inf, inf, inf, inf, inf, inf, inf, inf, inf, inf, inf, inf, inf, inf, inf, inf, inf, inf, inf, inf, inf, inf, inf, inf, inf, inf, inf, inf, inf, inf, inf, inf, inf, inf, inf, inf, inf, inf, inf, inf, inf, inf, inf, inf, inf, inf, inf, inf, inf, inf, inf, inf, inf, inf, inf, inf, inf, inf, inf, inf, inf, inf, inf, inf, inf, inf, inf, 3.4897029399871826, 3.4638521671295166, 3.4226484298706055, 3.3974626064300537, 3.380707025527954, 3.3621649742126465, 3.3566949367523193, 3.334864377975464, 3.3114054203033447, 3.2873284816741943, 3.2752654552459717, 3.238163471221924, 3.2357428073883057, 3.229146957397461, 3.2215843200683594, 3.2104885578155518, 3.199141502380371, 3.2031421661376953, 3.1832733154296875, 3.1828925609588623, 3.1832096576690674, 3.183964729309082, 3.163686513900757, 3.170832395553589, 3.169391393661499, 3.160160779953003, 3.1517701148986816, 3.1634857654571533, 3.1557834148406982, 3.1579182147979736, 3.152592420578003, 3.1799683570861816, 3.1789698600769043, 3.1961681842803955, 3.2097692489624023, 3.2071709632873535, 3.2321901321411133, 3.226175308227539, 3.2544052600860596, 3.2596962451934814, 3.2685024738311768, 3.2765884399414062, 3.3149564266204834, 3.3184187412261963, 3.338691234588623, 3.361337661743164, 3.375819683074951, 3.4129016399383545, 3.444444417953491, 3.4607887268066406, 3.488060474395752, inf, inf, inf, inf, inf, inf, inf, inf, 3.404038667678833, 3.329890012741089, 3.2585036754608154, 3.1826703548431396, 3.100558042526245, 3.058485507965088, 2.9721829891204834, 2.9128928184509277, 2.8547000885009766, 2.803802013397217, 2.751262903213501, 2.689737319946289, 2.6475586891174316, 2.617586612701416, 2.549868106842041, 2.527750015258789, 2.5032122135162354, 2.47513747215271, 2.4244675636291504, 2.3909897804260254, 2.3535094261169434, 2.3319780826568604, 2.3044145107269287, 2.2642738819122314, 2.258751630783081, 2.233095407485962, 2.20045804977417, 2.1815061569213867, 2.165635108947754, 2.1647818088531494, 2.1298828125, 2.1113693714141846, 2.0853633880615234, 2.0744028091430664, 2.051929473876953, 2.0630037784576416, 2.0340359210968018, 2.0151894092559814, 2.020153760910034, 2.003923177719116, 1.995009183883667, 1.9884916543960571, 1.9647029638290405, 1.9577380418777466, 1.9517148733139038, 1.9639556407928467, 1.9390839338302612, 1.957401156425476, 1.9243656396865845, 1.9137221574783325, 1.9351617097854614, 1.9208778142929077, 1.9287924766540527, 1.9230107069015503, 1.9130452871322632, 1.9115335941314697, 1.9212696552276611, 1.8989958763122559, 1.9220370054244995, 2.9921798706054688, 3.0200905799865723, 3.0407497882843018, 3.0253219604492188, 3.035381555557251, 3.0402896404266357, 3.060513496398926, 3.064300298690796, 3.0689072608947754, 3.074509859085083, 3.1073622703552246, 3.092075824737549, 3.119718551635742, 3.136152744293213, 3.1379950046539307, 3.188469409942627, 3.188469409942627, 3.2380731105804443, 3.2160794734954834, 3.2596869468688965, 3.2634944915771484, 3.2983052730560303, 3.308187961578369, 2.285747766494751, 2.185225486755371, 2.1767687797546387, 2.206110715866089, 2.2129621505737305, 2.2282044887542725, 2.2683658599853516, 2.300271511077881, 2.3187031745910645, 2.336169719696045, 2.376627206802368, 2.4043869972229004, 2.42616605758667, 2.4728071689605713, 2.500694513320923, 2.540825366973877, 2.574742078781128, 2.617236375808716, 2.6909828186035156, 2.7257895469665527, 2.776195526123047, 2.8280110359191895, 2.882045269012451, 2.934663772583008, 3.0030813217163086, 3.067891836166382, 3.1503312587738037, 3.2027268409729004, 3.275761365890503, 3.374159812927246, 3.450848340988159, inf, inf, 3.479262351989746, 3.4683175086975098, 3.4200778007507324, 3.368375062942505, 3.3672139644622803, 3.3399181365966797, 3.3362057209014893, 3.3096961975097656, 3.2860488891601562, 3.2723593711853027, 2.1637418270111084, 3.247088670730591, 3.228344678878784, 3.2077736854553223, 3.1905171871185303, 3.1902689933776855, 3.1665005683898926, 3.1712381839752197, 3.1524178981781006, 3.1595592498779297, 3.134939670562744, 3.1456539630889893, 3.1435794830322266, 3.143078327178955, 3.1263325214385986, 3.1049599647521973, 3.136735200881958, 3.112330913543701, 3.144867420196533, 3.1197288036346436, 3.1383566856384277]),0.01749303564429283,3371187000000,
array('f', [3.0677692890167236, 3.0807743072509766, 3.0901498794555664, 3.082118272781372, 3.09055757522583, 3.092029333114624, 3.104837656021118, 3.1141738891601562, 3.1328494548797607, 3.123565912246704, 3.129640817642212, 3.151562452316284, 3.1635563373565674, 3.1826107501983643, 3.1944334506988525, 3.209331750869751, 3.2221298217773438, 3.238158702850342, 3.2761757373809814, 3.2894411087036133, 3.306405544281006, 3.344040632247925, 3.3653156757354736, 3.4059808254241943, 3.4236350059509277, 3.4377715587615967, 3.488370418548584, inf, inf, inf, inf, inf, inf, inf, inf, inf, inf, inf, inf, inf, inf, inf, inf, inf, inf, inf, inf, inf, inf, inf, inf, inf, inf, inf, inf, inf, inf, inf, inf, inf, inf, inf, inf, inf, inf, inf, inf, inf, inf, inf, inf, inf, inf, inf, inf, inf, inf, inf, inf, inf, inf, inf, inf, inf, inf, inf, inf, inf, inf, inf, inf, inf, inf, inf, inf, inf, inf, inf, inf, inf, inf, inf, inf, inf, inf, inf, inf, inf, inf, inf, inf, inf, inf, inf, inf, inf, inf, inf, inf, inf, inf, inf, inf, inf, inf, inf, inf, inf, inf, inf, inf, inf, inf, inf, inf, inf, inf, inf, inf, inf, inf, inf, inf, inf, inf, inf, inf, inf, inf, inf, inf, inf, inf, 3.4885826110839844, 3.465683937072754, 3.4446210861206055, 3.410698413848877, 3.3703410625457764, 3.357167959213257, 3.343651294708252, 3.3172342777252197, 3.2969706058502197, 3.3010165691375732, 3.2851874828338623, 3.2469213008880615, 3.2475695610046387, 3.2279109954833984, 3.2068583965301514, 3.2124578952789307, 3.2049591541290283, 3.1843581199645996, 3.170620918273926, 3.18349027633667, 3.1914546489715576, 3.178525447845459, 3.1660423278808594, 3.172665596008301, 3.177903890609741, 3.170363426208496, 3.158069133758545, 3.160543441772461, 3.1901283264160156, 3.1699507236480713, 3.178809642791748, 3.177717447280884, 3.195878028869629, 3.202364921569824, 3.18818736076355, 3.231166362762451, 3.215909719467163, 3.2384731769561768, 3.2564823627471924, 3.2578675746917725, 3.2742702960968018, 3.3034212589263916, 3.3256874084472656, 3.322458505630493, 3.365201950073242, 3.3717095851898193, 3.4022796154022217, 3.4220526218414307, 3.4449591636657715, 3.494419813156128, inf, inf, inf, inf, inf, inf, inf, inf, 3.47847318649292, 3.4005746841430664, 3.294773578643799, 3.21062970161438, 3.149892807006836, 3.0810089111328125, 3.0154802799224854, 2.9578707218170166, 2.8875346183776855, 2.8396198749542236, 2.7765438556671143, 2.7309019565582275, 2.6977226734161377, 2.6428844928741455, 2.5872697830200195, 2.5514209270477295, 2.5188441276550293, 2.482285261154175, 2.4502222537994385, 2.423464298248291, 2.3891854286193848, 2.357016086578369, 2.3199217319488525, 2.2968099117279053, 2.286348342895508, 2.2648911476135254, 2.247392177581787, 2.1967358589172363, 2.172013998031616, 2.157973527908325, 2.1360533237457275, 2.123380184173584, 2.1033902168273926, 2.079922676086426, 2.0718843936920166, 2.0636496543884277, 2.0451924800872803, 2.0254061222076416, 2.012136936187744, 2.023563861846924, 1.9893261194229126, 1.9828718900680542, 1.9701142311096191, 1.9843865633010864, 1.9683239459991455, 1.9536521434783936, 1.93717360496521, 1.9373811483383179, 1.9357287883758545, 1.9222038984298706, 1.9264943599700928, 1.9117287397384644, 1.921454906463623, 1.904245138168335, 1.9145987033843994, 1.9163872003555298, 1.9118939638137817, 1.8903647661209106, 1.912311315536499, 1.9091628789901733, 3.0335545539855957, 3.0072569847106934, 3.035019874572754, 3.0174248218536377, 3.0483505725860596, 3.0458219051361084, 3.058300733566284, 3.0527989864349365, 3.06674861907959, 3.0942530632019043, 3.096825361251831, 3.1112351417541504, 3.1229469776153564, 3.1319119930267334, 3.1673381328582764, 3.16756272315979, 3.209219455718994, 3.2114624977111816, 3.240666389465332, 3.267414093017578, 3.294334650039673, 3.3224170207977295, 3.3385181427001953, 2.2512097358703613, 2.159982681274414, 2.1770901679992676, 2.1908557415008545, 2.2140746116638184, 2.2305030822753906, 2.2940218448638916, 2.3050618171691895, 2.3325541019439697, 2.387860059738159, 2.3781423568725586, 2.402566432952881, 2.442425012588501, 2.4904301166534424, 2.5267693996429443, 2.5676143169403076, 2.6087605953216553, 2.636345863342285, 2.6762630939483643, 2.7254385948181152, 2.7904281616210938, 2.832575798034668, 2.884437322616577, 2.9441187381744385, 3.0130178928375244, 3.0814406871795654, 3.15109920501709, 3.227447032928467, 3.3052806854248047, 3.4087276458740234, 3.4657604694366455, inf, inf, inf, inf, 3.5, 3.454350233078003, 3.423495292663574, 3.4083051681518555, 3.3760359287261963, 3.3642210960388184, 3.325693130493164, 2.199791431427002, 2.1823008060455322, 3.271165132522583, 3.204998731613159, 3.228422164916992, 3.208693265914917, 3.183504581451416, 3.1756231784820557, 3.16275691986084, 3.1298623085021973, 3.144080877304077, 3.1296546459198, 3.124005079269409, 3.0991029739379883, 3.0919582843780518, 3.1044247150421143, 3.1006712913513184, 3.0842061042785645, 3.0807559490203857, 3.086937427520752, 3.060455560684204, 3.0765252113342285, 3.0741047859191895, 3.082907199859619]),0.01749303564429283,3371387000000,
array('f', [3.2021429538726807, 3.223129987716675, 3.2362349033355713, 3.246878147125244, 3.2259435653686523, 3.2432405948638916, 3.2509405612945557, 3.255582571029663, 3.2488653659820557, 3.2762134075164795, 3.27311110496521, 3.2753074169158936, 3.292180299758911, 3.299147129058838, 3.3345298767089844, 3.329476833343506, 3.3559255599975586, 3.373931407928467, 3.385417938232422, 3.416410207748413, 3.4478843212127686, 3.459453821182251, 3.46956205368042, inf, inf, inf, inf, inf, inf, inf, inf, inf, inf, inf, inf, inf, inf, inf, inf, inf, inf, inf, inf, inf, inf, inf, inf, inf, inf, inf, inf, inf, inf, inf, inf, inf, inf, inf, inf, inf, inf, inf, inf, inf, inf, inf, inf, inf, inf, inf, inf, inf, inf, inf, inf, inf, inf, inf, inf, inf, inf, inf, inf, inf, inf, inf, inf, inf, inf, inf, inf, inf, inf, inf, inf, inf, inf, inf, inf, inf, inf, inf, inf, inf, inf, inf, inf, inf, inf, inf, inf, inf, inf, inf, inf, inf, inf, inf, inf, inf, inf, inf, inf, inf, inf, inf, inf, inf, inf, inf, inf, inf, inf, inf, inf, inf, inf, inf, inf, inf, inf, inf, inf, inf, inf, inf, inf, inf, inf, inf, inf, 3.4850220680236816, 3.4487040042877197, 3.4405360221862793, 3.424619197845459, 3.3893868923187256, 3.3469278812408447, 3.3643553256988525, 3.314838409423828, 3.3156514167785645, 3.2946910858154297, 3.290278673171997, 3.2699553966522217, 3.262195587158203, 3.2288644313812256, 3.208686113357544, 3.2024691104888916, 3.1765244007110596, 3.20051908493042, 3.183011293411255, 3.191080331802368, 3.176102638244629, 3.171135902404785, 3.168585777282715, 3.163435459136963, 3.1772825717926025, 3.1739938259124756, 3.1632020473480225, 3.150733709335327, 3.1778032779693604, 3.178434133529663, 3.183645725250244, 3.209851026535034, 3.1921842098236084, 3.1928744316101074, 3.2175283432006836, 3.2176856994628906, 3.2296037673950195, 3.2658743858337402, 3.270259380340576, 3.2972636222839355, 3.2949671745300293, 3.293097972869873, 3.338693380355835, 3.3414440155029297, 3.3668863773345947, 3.3732030391693115, 3.3969130516052246, 3.423964738845825, 3.457449436187744, 3.5, inf, inf, inf, inf, inf, inf, inf, inf, 3.441523551940918, 3.3725690841674805, 3.27925181388855, 3.2149579524993896, 3.1428613662719727, 3.0691683292388916, 2.9968860149383545, 2.9275448322296143, 2.8802781105041504, 2.828538179397583, 2.764219284057617, 2.708883047103882, 2.6804957389831543, 2.632380962371826, 2.5883097648620605, 2.5475003719329834, 2.5201914310455322, 2.4870967864990234, 2.4379780292510986, 2.40315842628479, 2.3801894187927246, 2.356006145477295, 2.3141913414001465, 2.2880072593688965, 2.2539772987365723, 2.2496938705444336, 2.2007710933685303, 2.182246208190918, 2.1679892539978027, 2.1435141563415527, 2.147458553314209, 2.117823362350464, 2.0881311893463135, 2.0785157680511475, 2.072235584259033, 2.035273313522339, 2.055018663406372, 2.0294833183288574, 2.019846200942993, 2.0043442249298096, 1.9952569007873535, 1.9889988899230957, 1.9713832139968872, 1.9492511749267578, 1.9466153383255005, 1.950912594795227, 1.943005919456482, 1.9383372068405151, 1.9242966175079346, 1.9170174598693848, 1.934091567993164, 1.9237159490585327, 1.9213122129440308, 1.9199219942092896, 1.917216181755066, 1.8923672437667847, 1.9174559116363525, 1.9252541065216064, 1.9120924472808838, 1.9196754693984985, 3.022449254989624, 3.0190556049346924, 3.039030075073242, 3.0451762676239014, 3.0464439392089844, 3.051488161087036, 3.050568103790283, 3.0669164657592773, 3.0657663345336914, 3.0892257690429688, 3.096893548965454, 3.1176044940948486, 3.147355079650879, 3.139594078063965, 3.1440114974975586, 3.1915128231048584, 3.208423137664795, 3.225738048553467, 3.2364275455474854, 3.273918867111206, 3.305377960205078, 3.320981979370117, 3.359004020690918, 2.2267026901245117, 2.1503210067749023, 2.1886699199676514, 2.2073745727539062, 2.2210679054260254, 2.248394727706909, 2.286323308944702, 2.309791088104248, 2.3244428634643555, 2.349597692489624, 2.3833396434783936, 2.416351795196533, 2.4430713653564453, 2.4850990772247314, 2.5318503379821777, 2.5647077560424805, 2.5960769653320312, 2.6673779487609863, 2.694640874862671, 2.7324941158294678, 2.7855453491210938, 2.8382513523101807, 2.9252541065216064, 2.970392942428589, 3.0286571979522705, 3.0812933444976807, 3.173480749130249, 3.2311129570007324, 3.3110969066619873, 3.4132001399993896, inf, inf, inf, inf, inf, inf, inf, inf, inf, inf, inf, inf, 2.173999071121216, inf, inf, 3.478339433670044, 3.452927827835083, 3.426450729370117, 3.4218595027923584, 3.3924012184143066, 3.37919020652771, 3.3517467975616455, 3.3364205360412598, 3.332719564437866, 3.320307970046997, 3.305100917816162, 3.300692081451416, 3.2951951026916504, 3.278752326965332, 3.254944324493408, 3.248095750808716, 3.2438337802886963, 3.2467174530029297, 3.2329366207122803, 3.2202723026275635, 3.228219509124756, 3.248145580291748, 3.2413339614868164]),0.01749303564429283,3371587000000,
array('f', [inf, inf, inf, inf, inf, inf, inf, inf, inf, inf, inf, inf, inf, inf, inf, inf, inf, inf, inf, inf, inf, inf, inf, inf, inf, inf, inf, inf, inf, inf, inf, inf, inf, inf, inf, inf, inf, inf, inf, inf, inf, inf, inf, inf, inf, inf, inf, inf, inf, inf, inf, inf, inf, inf, inf, inf, inf, inf, inf, inf, inf, inf, inf, inf, inf, inf, inf, inf, inf, inf, inf, inf, inf, inf, inf, inf, inf, inf, inf, inf, inf, inf, inf, inf, inf, inf, inf, inf, inf, inf, inf, inf, inf, inf, inf, inf, inf, inf, inf, inf, inf, inf, inf, inf, inf, inf, inf, inf, inf, inf, inf, inf, inf, inf, inf, inf, inf, inf, inf, inf, inf, inf, inf, inf, inf, inf, inf, inf, inf, inf, inf, inf, inf, inf, inf, inf, inf, inf, inf, inf, inf, inf, inf, inf, inf, inf, inf, inf, inf, 3.470357894897461, 3.450117349624634, 3.434375047683716, 3.4012110233306885, 3.3744378089904785, 3.331507921218872, 3.333021879196167, 3.333815097808838, 3.2904462814331055, 3.27529239654541, 3.268826484680176, 3.2527358531951904, 3.245485305786133, 3.2355592250823975, 3.21223783493042, 3.212764024734497, 3.197298049926758, 3.1992697715759277, 3.181919574737549, 3.1946163177490234, 3.179858684539795, 3.1877458095550537, 3.167753219604492, 3.1646599769592285, 3.172994375228882, 3.1666393280029297, 3.1735708713531494, 3.195293426513672, 3.1701056957244873, 3.168236017227173, 3.1802213191986084, 3.187952756881714, 3.191178560256958, 3.1995718479156494, 3.2289786338806152, 3.2347757816314697, 3.2407386302948, 3.257565498352051, 3.259181022644043, 3.2786149978637695, 3.305112838745117, 3.307142734527588, 3.320909023284912, 3.329941511154175, 3.379338026046753, 3.3932571411132812, 3.415287971496582, 3.4467577934265137, 3.458916664123535, 3.4899585247039795, inf, inf, inf, inf, inf, inf, inf, inf, 3.415985584259033, 3.3425283432006836, 3.250575542449951, 3.1870017051696777, 3.100790500640869, 3.06829833984375, 2.987008571624756, 2.915264129638672, 2.854487657546997, 2.8108575344085693, 2.7666468620300293, 2.713050603866577, 2.6646525859832764, 2.6150741577148438, 2.559513568878174, 2.542970895767212, 2.491403579711914, 2.455888271331787, 2.4300098419189453, 2.389167070388794, 2.366326332092285, 2.335146427154541, 2.3104043006896973, 2.283552646636963, 2.261096715927124, 2.2342519760131836, 2.2013320922851562, 2.1880650520324707, 2.161348819732666, 2.15273118019104, 2.1241557598114014, 2.1226441860198975, 2.1005001068115234, 2.0770654678344727, 2.0584514141082764, 2.043839693069458, 2.0379228591918945, 2.0292141437530518, 2.027132987976074, 2.005460023880005, 1.9741785526275635, 1.962691068649292, 1.9663829803466797, 1.9723358154296875, 1.9487923383712769, 1.9398788213729858, 1.9477615356445312, 1.9389150142669678, 1.9026199579238892, 1.911895990371704, 1.898948073387146, 1.9039546251296997, 1.9253004789352417, 1.9123096466064453, 1.9196279048919678, 1.9033232927322388, 1.9381288290023804, 1.91827392578125, 1.8967113494873047, 2.9985060691833496, 3.0069797039031982, 3.0335628986358643, 3.0163068771362305, 3.0218329429626465, 3.0323987007141113, 3.0434088706970215, 3.069209337234497, 3.074172258377075, 3.0809080600738525, 3.105756998062134, 3.106855630874634, 3.1245856285095215, 3.139319896697998, 3.1639978885650635, 3.151564121246338, 3.1962320804595947, 3.221022129058838, 3.2300703525543213, 3.2419121265411377, 3.2743687629699707, 3.302088499069214, 3.3301098346710205, 2.282299757003784, 2.204956293106079, 2.166903018951416, 2.187492609024048, 2.2044355869293213, 2.234546184539795, 2.2625696659088135, 2.265195369720459, 2.293128490447998, 2.3448290824890137, 2.3621089458465576, 2.4130451679229736, 2.417933940887451, 2.4667673110961914, 2.51554799079895, 2.5341691970825195, 2.5818920135498047, 2.6427557468414307, 2.6464178562164307, 2.7195658683776855, 2.771864175796509, 2.8166732788085938, 2.8843729496002197, 2.9321625232696533, 2.987623691558838, 3.037262439727783, 3.1082868576049805, 3.1970064640045166, 3.2773914337158203, 3.3414292335510254, 3.447834014892578, inf, inf, inf, inf, inf, inf, inf, inf, inf, inf, inf, 2.1641976833343506, 2.1604723930358887, inf, inf, inf, inf, inf, inf, inf, inf, inf, inf, inf, inf, inf, inf, inf, inf, inf, inf, inf, inf, inf, inf, inf, inf, inf, inf, inf]),0.01749303564429283,3371787000000,
array('f', [inf, inf, inf, inf, inf, inf, inf, inf, inf, inf, inf, inf, inf, inf, inf, inf, inf, inf, inf, inf, inf, inf, inf, inf, inf, inf, inf, inf, inf, inf, inf, inf, inf, inf, inf, inf, inf, inf, inf, inf, inf, inf, inf, inf, inf, inf, inf, inf, inf, inf, inf, inf, inf, inf, inf, inf, inf, inf, inf, inf, inf, inf, inf, inf, inf, inf, inf, inf, inf, inf, inf, inf, inf, inf, inf, inf, inf, inf, inf, inf, inf, inf, inf, inf, inf, inf, inf, inf, inf, inf, inf, inf, inf, inf, inf, inf, inf, inf, inf, inf, inf, inf, inf, inf, inf, inf, inf, inf, inf, inf, inf, inf, inf, inf, inf, inf, inf, inf, inf, inf, inf, inf, inf, inf, inf, inf, inf, inf, inf, inf, inf, inf, inf, inf, inf, inf, inf, inf, inf, inf, inf, inf, inf, inf, inf, inf, 3.498234748840332, 3.4460532665252686, 3.444875478744507, 3.404055118560791, 3.389697790145874, 3.364198684692383, 3.3563406467437744, 3.3430607318878174, 3.317795515060425, 3.2863075733184814, 3.282783031463623, 3.279221296310425, 3.2633233070373535, 3.2371273040771484, 3.233091354370117, 3.210873603820801, 3.2186825275421143, 3.204385757446289, 3.1929543018341064, 3.185582399368286, 3.187196969985962, 3.175109386444092, 3.17411208152771, 3.174635171890259, 3.16947078704834, 3.183809995651245, 3.1752233505249023, 3.179253339767456, 3.1732470989227295, 3.1752309799194336, 3.1899023056030273, 3.1798243522644043, 3.2147421836853027, 3.2050623893737793, 3.214000701904297, 3.225834846496582, 3.2137293815612793, 3.231226921081543, 3.254070281982422, 3.281250476837158, 3.2942538261413574, 3.30792236328125, 3.330897092819214, 3.318418025970459, 3.3430428504943848, 3.3763246536254883, 3.404191017150879, 3.4229366779327393, 3.4365134239196777, 3.478182077407837, inf, inf, inf, inf, inf, inf, inf, inf, 3.4731221199035645, 3.3969438076019287, 3.3213770389556885, 3.2160651683807373, 3.15384840965271, 3.0701441764831543, 3.032043218612671, 2.969613552093506, 2.912289619445801, 2.8523948192596436, 2.7899038791656494, 2.735004425048828, 2.682344436645508, 2.6500582695007324, 2.6014299392700195, 2.577986240386963, 2.511563301086426, 2.477651596069336, 2.4482717514038086, 2.4078564643859863, 2.3984365463256836, 2.3355720043182373, 2.327234983444214, 2.2908639907836914, 2.290757417678833, 2.2511909008026123, 2.2225449085235596, 2.180850028991699, 2.1855175495147705, 2.157907485961914, 2.146533250808716, 2.1129298210144043, 2.094313144683838, 2.09818172454834, 2.0790014266967773, 2.085911750793457, 2.034311056137085, 2.0221457481384277, 2.003525495529175, 2.005075693130493, 2.005572557449341, 1.9742451906204224, 1.9706189632415771, 1.9838913679122925, 1.9646687507629395, 1.960059404373169, 1.9522182941436768, 1.9551424980163574, 1.942646861076355, 1.9201903343200684, 1.9372332096099854, 1.9122428894042969, 1.9165644645690918, 1.9155362844467163, 1.8982996940612793, 1.915587306022644, 1.8964983224868774, 1.9057546854019165, 1.9078409671783447, 1.9040335416793823, 3.0169475078582764, 3.0315401554107666, 3.030194044113159, 3.0280208587646484, 3.051677942276001, 3.0399749279022217, 3.0478272438049316, 3.0515832901000977, 3.0704667568206787, 3.078040361404419, 3.093141794204712, 3.1174657344818115, 3.108812093734741, 3.12773060798645, 3.165302038192749, 3.193999767303467, 3.2002406120300293, 3.217829942703247, 3.248394012451172, 3.2512094974517822, 3.266751766204834, 3.3226184844970703, 3.328766345977783, 2.237006425857544, 2.15854549407959, 2.182319402694702, 2.1863489151000977, 2.2148358821868896, 2.2298407554626465, 2.2727081775665283, 2.2895724773406982, 2.3231797218322754, 2.355329990386963, 2.3810739517211914, 2.413266658782959, 2.428757429122925, 2.482617139816284, 2.5042684078216553, 2.5409045219421387, 2.5868852138519287, 2.6354117393493652, 2.669760227203369, 2.7194080352783203, 2.7759716510772705, 2.837021827697754, 2.8723690509796143, 2.953439235687256, 2.9975502490997314, 3.0858592987060547, 3.1328976154327393, 3.195845365524292, 3.282517194747925, 3.3641421794891357, 3.4689459800720215, inf, inf, inf, inf, inf, inf, inf, inf, inf, inf, 2.1599819660186768, 2.1474881172180176, inf, inf, inf, inf, inf, inf, inf, inf, inf, inf, inf, inf, inf, inf, inf, inf, inf, inf, inf, inf, inf, inf, inf, inf, inf, inf, inf, inf, inf, inf]),0.01749303564429283,3371987000000,
array('f', [inf, inf, inf, inf, inf, inf, inf, inf, inf, inf, inf, inf, inf, inf, inf, inf, inf, inf, inf, inf, inf, inf, inf, inf, inf, inf, inf, inf, inf, inf, inf, inf, inf, inf, inf, inf, inf, inf, inf, inf, inf, inf, inf, inf, inf, inf, inf, inf, inf, inf, inf, inf, inf, inf, inf, inf, inf, inf, inf, inf, inf, inf, inf, inf, inf, inf, inf, inf, inf, inf, inf, inf, inf, inf, inf, inf, inf, inf, inf, inf, inf, inf, inf, inf, inf, inf, inf, inf, inf, inf, inf, inf, inf, inf, inf, inf, inf, inf, inf, inf, inf, inf, inf, inf, inf, inf, inf, inf, inf, inf, inf, inf, inf, inf, inf, inf, inf, inf, inf, inf, inf, inf, inf, inf, inf, inf, inf, inf, inf, inf, inf, inf, inf, inf, inf, inf, inf, inf, inf, inf, inf, inf, inf, inf, 3.5, 3.458165168762207, 3.4412481784820557, 3.4215869903564453, 3.3935353755950928, 3.3792905807495117, 3.3450229167938232, 3.333531618118286, 3.2976081371307373, 3.296654224395752, 3.259988784790039, 3.2587618827819824, 3.249464511871338, 3.2248528003692627, 3.2428712844848633, 3.211552858352661, 3.1998629570007324, 3.1912076473236084, 3.1921236515045166, 3.1987149715423584, 3.1659903526306152, 3.179680585861206, 3.1797749996185303, 3.1621527671813965, 3.1636242866516113, 3.1771931648254395, 3.1759002208709717, 3.176844596862793, 3.201111316680908, 3.1778624057769775, 3.172276496887207, 3.1805410385131836, 3.1893882751464844, 3.1987743377685547, 3.1994526386260986, 3.227536916732788, 3.2053630352020264, 3.2389392852783203, 3.2564303874969482, 3.2787604331970215, 3.280212879180908, 3.2976231575012207, 3.3167481422424316, 3.3592236042022705, 3.3854458332061768, 3.382706642150879, 3.396050214767456, 3.4175233840942383, 3.4321298599243164, 3.486365795135498, inf, inf, inf, inf, inf, inf, inf, inf, 3.439115285873413, 3.3896381855010986, 3.3017241954803467, 3.208040475845337, 3.127272844314575, 3.0683746337890625, 3.0038468837738037, 2.9449801445007324, 2.8792693614959717, 2.807549476623535, 2.786280393600464, 2.7240962982177734, 2.673013925552368, 2.6654269695281982, 2.584434986114502, 2.542684555053711, 2.5084288120269775, 2.4700756072998047, 2.447758913040161, 2.3998024463653564, 2.3775317668914795, 2.3440096378326416, 2.335365056991577, 2.295785427093506, 2.2554337978363037, 2.240473985671997, 2.2205543518066406, 2.1895713806152344, 2.181410789489746, 2.1518452167510986, 2.1268961429595947, 2.108022451400757, 2.093022584915161, 2.076096773147583, 2.0635578632354736, 2.0497469902038574, 2.036276340484619, 2.0336694717407227, 2.01389479637146, 2.015889883041382, 1.9861029386520386, 1.9778648614883423, 1.9558708667755127, 1.9658550024032593, 1.9621045589447021, 1.9412120580673218, 1.9296165704727173, 1.9258557558059692, 1.9381650686264038, 1.9267771244049072, 1.9117438793182373, 1.9212182760238647, 1.9104220867156982, 1.893361210823059, 1.9105823040008545, 1.8998838663101196, 1.8989927768707275, 1.902130365371704, 1.914133071899414, 1.9117552042007446, 3.017707109451294, 3.024118423461914, 3.0290565490722656, 3.049147367477417, 3.0495519638061523, 3.0451271533966064, 3.0658679008483887, 3.0712618827819824, 3.07181453704834, 3.0740444660186768, 3.0950520038604736, 3.106266975402832, 3.141573429107666, 3.126270055770874, 3.1650390625, 3.177971124649048, 3.192344903945923, 3.213162422180176, 3.24959135055542, 3.274211883544922, 3.2784082889556885, 3.304567337036133, 3.358792304992676, 2.2016654014587402, 2.1450963020324707, 2.1821603775024414, 2.192035436630249, 2.221217632293701, 2.2487595081329346, 2.2581937313079834, 2.308661699295044, 2.3342630863189697, 2.363403797149658, 2.392146348953247, 2.405970335006714, 2.454312562942505, 2.4763715267181396, 2.5225536823272705, 2.565377712249756, 2.6124141216278076, 2.6519510746002197, 2.6889090538024902, 2.720698833465576, 2.7819058895111084, 2.830742835998535, 2.8938474655151367, 2.9406580924987793, 3.0273327827453613, 3.0961077213287354, 3.15533185005188, 3.232786178588867, 3.306638240814209, 3.3943591117858887, 3.4852190017700195, inf, inf, inf, inf, inf, inf, inf, inf, inf, 2.117032766342163, 2.0872316360473633, inf, inf, inf, inf, inf, inf, inf, inf, inf, inf, inf, inf, inf, inf, inf, inf, inf, inf, inf, inf, inf, inf, inf, inf, inf, inf, inf, inf, inf, inf, inf, inf, inf]),0.01749303564429283,3372187000000,
array('f', [inf, inf, inf, inf, inf, inf, inf, inf, inf, inf, inf, inf, inf, inf, inf, inf, inf, inf, inf, inf, inf, inf, inf, inf, inf, inf, inf, inf, inf, inf, inf, inf, inf, inf, inf, inf, inf, inf, inf, inf, inf, inf, inf, inf, inf, inf, inf, inf, inf, inf, inf, inf, inf, inf, inf, inf, inf, inf, inf, inf, inf, inf, inf, inf, inf, inf, inf, inf, inf, inf, inf, inf, inf, inf, inf, inf, inf, inf, inf, inf, inf, inf, inf, inf, inf, inf, inf, inf, inf, inf, inf, inf, inf, inf, inf, inf, inf, inf, inf, inf, inf, inf, inf, inf, inf, inf, inf, inf, inf, inf, inf, inf, inf, inf, inf, inf, inf, inf, inf, inf, inf, inf, inf, inf, inf, inf, inf, inf, inf, inf, inf, inf, inf, inf, inf, inf, inf, inf, inf, inf, inf, inf, 3.4762635231018066, 3.4496426582336426, 3.4361233711242676, 3.4068360328674316, 3.3773107528686523, 3.3546969890594482, 3.3513009548187256, 3.317002773284912, 3.3237621784210205, 3.2958145141601562, 3.2715773582458496, 3.2540812492370605, 3.2542989253997803, 3.2277019023895264, 3.2367167472839355, 3.2078638076782227, 3.2150776386260986, 3.198869228363037, 3.2002904415130615, 3.1923060417175293, 3.1851444244384766, 3.181070327758789, 3.186574935913086, 3.1830568313598633, 3.167214870452881, 3.157918930053711, 3.161547899246216, 3.160348892211914, 3.1794166564941406, 3.171459436416626, 3.1960978507995605, 3.1885337829589844, 3.198984146118164, 3.2066426277160645, 3.2262794971466064, 3.2362172603607178, 3.2402195930480957, 3.2392055988311768, 3.2673773765563965, 3.280651569366455, 3.295161724090576, 3.311828136444092, 3.3410801887512207, 3.3520336151123047, 3.359363317489624, 3.3937747478485107, 3.4237263202667236, 3.447998046875, 3.474177122116089, 3.491926670074463, inf, inf, inf, inf, inf, inf, inf, inf, 3.4148528575897217, 3.337327480316162, 3.264145612716675, 3.2067723274230957, 3.108710527420044, 3.052828311920166, 3.0030200481414795, 2.9208126068115234, 2.880246639251709, 2.816577196121216, 2.7694380283355713, 2.713655471801758, 2.6664514541625977, 2.618098497390747, 2.5793724060058594, 2.539973020553589, 2.499544143676758, 2.453667640686035, 2.4280056953430176, 2.399641990661621, 2.3661365509033203, 2.332907199859619, 2.308734893798828, 2.269829511642456, 2.2651195526123047, 2.2150990962982178, 2.216991424560547, 2.1914401054382324, 2.1824963092803955, 2.1517646312713623, 2.1377835273742676, 2.1209604740142822, 2.0883774757385254, 2.0733468532562256, 2.05623197555542, 2.04699969291687, 2.044600248336792, 2.037618398666382, 2.018993377685547, 1.979046106338501, 1.9857900142669678, 1.9908792972564697, 1.963759422302246, 1.9687583446502686, 1.958402395248413, 1.957417607307434, 1.9439325332641602, 1.9384270906448364, 1.9459688663482666, 1.9206684827804565, 1.9032994508743286, 1.8889981508255005, 1.9282286167144775, 1.9179553985595703, 1.9331114292144775, 1.8926299810409546, 1.8993825912475586, 1.8982428312301636, 1.8946887254714966, 3.0257420539855957, 3.0259203910827637, 3.0233044624328613, 3.0389695167541504, 3.0243337154388428, 3.0569920539855957, 3.063955783843994, 3.061155080795288, 3.086460590362549, 3.071439743041992, 3.0977232456207275, 3.1124160289764404, 3.1242926120758057, 3.1376187801361084, 3.161088228225708, 3.163548469543457, 3.1759884357452393, 3.191662549972534, 3.2199783325195312, 3.2474915981292725, 3.2553305625915527, 3.2965292930603027, 3.327728271484375, 2.252342700958252, 2.1911120414733887, 2.160285234451294, 2.170586109161377, 2.2011051177978516, 2.224952459335327, 2.2435059547424316, 2.2769336700439453, 2.281144857406616, 2.3401379585266113, 2.3745901584625244, 2.3945112228393555, 2.4438347816467285, 2.468719482421875, 2.508747100830078, 2.5452630519866943, 2.5849246978759766, 2.605985641479492, 2.6446306705474854, 2.7087676525115967, 2.76114821434021, 2.8128368854522705, 2.875075578689575, 2.904559373855591, 2.980598211288452, 3.0308501720428467, 3.1122384071350098, 3.160877227783203, 3.2546422481536865, 3.339200973510742, 3.4283971786499023, inf, inf, inf, inf, inf, inf, inf, inf, inf, 2.086637496948242, 2.077362060546875, inf, inf, inf, inf, inf, inf, inf, inf, inf, inf, inf, inf, inf, inf, inf, inf, inf, inf, inf, inf, inf, inf, inf, inf, inf, inf, inf, inf, inf, inf, inf, inf, inf, inf, inf, inf]),0.01749303564429283,3372387000000,
array('f', [inf, inf, inf, inf, inf, inf, inf, inf, inf, inf, inf, inf, inf, inf, inf, inf, inf, inf, inf, inf, inf, inf, inf, inf, inf, inf, inf, inf, inf, inf, inf, inf, inf, inf, inf, inf, inf, inf, inf, inf, inf, inf, inf, inf, inf, inf, inf, inf, inf, inf, inf, inf, inf, inf, inf, inf, inf, inf, inf, inf, inf, inf, inf, inf, inf, inf, inf, inf, inf, inf, inf, inf, inf, inf, inf, inf, inf, inf, inf, inf, inf, inf, inf, inf, inf, inf, inf, inf, inf, inf, inf, inf, inf, inf, inf, inf, inf, inf, inf, inf, inf, inf, inf, inf, inf, inf, inf, inf, inf, inf, inf, inf, inf, inf, inf, inf, inf, inf, inf, inf, inf, inf, inf, inf, inf, inf, inf, inf, inf, inf, inf, inf, inf, inf, inf, inf, inf, inf, inf, inf, 3.468339443206787, 3.4438211917877197, 3.4312472343444824, 3.403621196746826, 3.374854564666748, 3.345820426940918, 3.345411539077759, 3.3302359580993652, 3.3109817504882812, 3.293555736541748, 3.2652335166931152, 3.256437063217163, 3.248769760131836, 3.2277324199676514, 3.2282543182373047, 3.212099075317383, 3.2154386043548584, 3.2089898586273193, 3.194629430770874, 3.1755082607269287, 3.1993374824523926, 3.1933460235595703, 3.168581247329712, 3.1873645782470703, 3.1656851768493652, 3.1764893531799316, 3.1918132305145264, 3.185478687286377, 3.1880900859832764, 3.1903655529022217, 3.1989448070526123, 3.201683282852173, 3.2069098949432373, 3.2221128940582275, 3.227738857269287, 3.2294704914093018, 3.2387330532073975, 3.262160301208496, 3.2806406021118164, 3.3028135299682617, 3.2965078353881836, 3.321850061416626, 3.3379883766174316, 3.357455253601074, 3.383472204208374, 3.4114303588867188, 3.429612636566162, 3.4571027755737305, 3.477457284927368, inf, inf, inf, inf, inf, inf, inf, inf, 3.4935083389282227, 3.4089643955230713, 3.3228187561035156, 3.2534570693969727, 3.1520230770111084, 3.074281930923462, 3.0344624519348145, 2.951979160308838, 2.895618200302124, 2.8458917140960693, 2.785966396331787, 2.721449851989746, 2.6780145168304443, 2.641516923904419, 2.6167657375335693, 2.550349473953247, 2.5125012397766113, 2.4896202087402344, 2.4428598880767822, 2.4244236946105957, 2.3785898685455322, 2.3611650466918945, 2.320603847503662, 2.296489953994751, 2.294750928878784, 2.251599073410034, 2.2284018993377686, 2.191276788711548, 2.1949069499969482, 2.157742738723755, 2.1145877838134766, 2.1294028759002686, 2.114417791366577, 2.0778002738952637, 2.080780267715454, 2.0618999004364014, 2.046647787094116, 2.0268988609313965, 2.001084089279175, 2.0052998065948486, 1.994946837425232, 1.9938673973083496, 1.9815970659255981, 1.9694827795028687, 1.9479814767837524, 1.9513849020004272, 1.9462136030197144, 1.9281034469604492, 1.9318230152130127, 1.929912805557251, 1.937879204750061, 1.928541660308838, 1.918308138847351, 1.926897406578064, 1.9194940328598022, 1.9077444076538086, 1.9086710214614868, 1.9262515306472778, 1.9116299152374268, 1.9253261089324951, 3.032151937484741, 3.034933567047119, 3.035036087036133, 3.022221565246582, 3.0455148220062256, 3.0749478340148926, 3.0602304935455322, 3.0586447715759277, 3.067321538925171, 3.082672357559204, 3.0910699367523193, 3.110901355743408, 3.1301355361938477, 3.1535308361053467, 3.150280475616455, 3.1530961990356445, 3.188088893890381, 3.2103965282440186, 3.2258341312408447, 3.2491533756256104, 3.268094778060913, 3.3053078651428223, 3.3317041397094727, 2.226635456085205, 2.1489222049713135, 2.1797914505004883, 2.1843440532684326, 2.214996337890625, 2.2557265758514404, 2.2540605068206787, 2.2871129512786865, 2.3253674507141113, 2.3497731685638428, 2.3869235515594482, 2.421656608581543, 2.426835536956787, 2.468383312225342, 2.5036025047302246, 2.5448217391967773, 2.5862531661987305, 2.634995698928833, 2.6819794178009033, 2.7099874019622803, 2.774261236190796, 2.8150038719177246, 2.890648126602173, 2.9424588680267334, 3.003906011581421, 3.057492256164551, 3.151575803756714, 3.192246675491333, 3.282862663269043, 3.365156412124634, 3.4466140270233154, inf, inf, inf, inf, inf, inf, inf, 2.0655925273895264, 2.046771764755249, 2.0709614753723145, inf, inf, inf, inf, inf, inf, inf, inf, inf, inf, inf, inf, inf, inf, inf, inf, inf, inf, inf, inf, inf, inf, inf, inf, inf, inf, inf, inf, inf, inf, inf, inf, inf, inf, inf, inf, inf, inf, inf]),0.01749303564429283,3372587000000,
array('f', [inf, inf, inf, inf, inf, inf, inf, inf, inf, inf, inf, inf, inf, inf, inf, inf, inf, inf, inf, inf, inf, inf, inf, inf, inf, inf, inf, inf, inf, inf, inf, inf, inf, inf, inf, inf, inf, inf, inf, inf, inf, inf, inf, inf, inf, inf, inf, inf, inf, inf, inf, inf, inf, inf, inf, inf, inf, inf, inf, inf, inf, inf, inf, inf, inf, inf, inf, inf, inf, inf, inf, inf, inf, inf, inf, inf, inf, inf, inf, inf, inf, inf, inf, inf, inf, inf, inf, inf, inf, inf, inf, inf, inf, inf, inf, inf, inf, inf, inf, inf, inf, inf, inf, inf, inf, inf, inf, inf, inf, inf, inf, inf, inf, inf, inf, inf, inf, inf, inf, inf, inf, inf, inf, inf, inf, inf, inf, inf, inf, inf, inf, inf, inf, inf, inf, inf, inf, inf, 3.4873085021972656, 3.469304323196411, 3.4391942024230957, 3.4168243408203125, 3.4139628410339355, 3.37815260887146, 3.3378655910491943, 3.328197956085205, 3.3251428604125977, 3.3142077922821045, 3.294710636138916, 3.266064167022705, 3.248978614807129, 3.241985321044922, 3.224593162536621, 3.2244746685028076, 3.2181732654571533, 3.206873655319214, 3.1878151893615723, 3.1906025409698486, 3.1802737712860107, 3.189962387084961, 3.1915361881256104, 3.1881186962127686, 3.195002555847168, 3.1885385513305664, 3.1645190715789795, 3.1953125, 3.188605546951294, 3.1958484649658203, 3.1888513565063477, 3.1640255451202393, 3.1990318298339844, 3.220738649368286, 3.2179296016693115, 3.227479934692383, 3.243474245071411, 3.24285888671875, 3.2688732147216797, 3.2846765518188477, 3.2922399044036865, 3.309335947036743, 3.330400228500366, 3.354247570037842, 3.3941171169281006, 3.3890304565429688, 3.428234100341797, 3.4439942836761475, 3.4725899696350098, 3.5, inf, inf, inf, inf, inf, inf, inf, inf, 3.453160524368286, 3.3765931129455566, 3.287163019180298, 3.214301586151123, 3.135174036026001, 3.078376054763794, 3.003800630569458, 2.935131072998047, 2.8761651515960693, 2.822824716567993, 2.7766714096069336, 2.7308382987976074, 2.692894458770752, 2.6168441772460938, 2.580554723739624, 2.536746025085449, 2.5182242393493652, 2.48157000541687, 2.4331977367401123, 2.3957178592681885, 2.3894453048706055, 2.342306613922119, 2.3219680786132812, 2.2878875732421875, 2.25325608253479, 2.2449443340301514, 2.221914529800415, 2.184473752975464, 2.168733835220337, 2.14957594871521, 2.1107616424560547, 2.1015219688415527, 2.1014459133148193, 2.090183973312378, 2.0586981773376465, 2.0483686923980713, 2.044637680053711, 2.0142934322357178, 2.0329625606536865, 2.000763177871704, 1.9862189292907715, 1.9854718446731567, 1.97665274143219, 1.967037320137024, 1.9556199312210083, 1.9601666927337646, 1.950217366218567, 1.9418222904205322, 1.9276732206344604, 1.9212316274642944, 1.927228569984436, 1.9135781526565552, 1.930173397064209, 1.9157644510269165, 1.9171298742294312, 1.8972076177597046, 1.91010582447052, 1.9158070087432861, 1.9263720512390137, 3.0025734901428223, 3.018089771270752, 3.0308120250701904, 3.0114097595214844, 3.018710136413574, 3.0314154624938965, 3.038370132446289, 3.054424524307251, 3.0533595085144043, 3.0592246055603027, 3.091275930404663, 3.0976102352142334, 3.1078040599823, 3.1251842975616455, 3.1372463703155518, 3.1492366790771484, 3.178804636001587, 3.1919713020324707, 3.222496509552002, 3.2448527812957764, 3.267254590988159, 3.2913122177124023, 3.2907302379608154, 2.27699875831604, 2.2165441513061523, 2.146916627883911, 2.1648809909820557, 2.199331760406494, 2.2142884731292725, 2.274803876876831, 2.265237331390381, 2.2835500240325928, 2.3180277347564697, 2.3553531169891357, 2.376413106918335, 2.4084300994873047, 2.4333157539367676, 2.481368064880371, 2.5284676551818848, 2.558511257171631, 2.588988780975342, 2.6416964530944824, 2.691742420196533, 2.749929189682007, 2.799567937850952, 2.823415994644165, 2.898597002029419, 2.969632387161255, 3.004542827606201, 3.078843832015991, 3.1482620239257812, 3.2328708171844482, 3.309398889541626, 3.388822078704834, 3.4746789932250977, inf, inf, inf, inf, inf, inf, 2.012697219848633, 2.039292573928833, inf, inf, inf, inf, inf, inf, inf, inf, inf, inf, inf, inf, inf, inf, inf, inf, inf, inf, inf, inf, inf, inf, inf, inf, inf, inf, inf, inf, inf, inf, inf, inf, inf, inf, inf, inf, inf, inf, inf, inf, inf, inf]),0.01749303564429283,3372787000000,
array('f', [inf, inf, inf, inf, inf, inf, inf, inf, inf, inf, inf, inf, inf, inf, inf, inf, inf, inf, inf, inf, inf, inf, inf, inf, inf, inf, inf, inf, inf, inf, inf, inf, inf, inf, inf, inf, inf, inf, inf, inf, inf, inf, inf, inf, inf, inf, inf, inf, inf, inf, inf, inf, inf, inf, inf, inf, inf, inf, inf, inf, inf, inf, inf, inf, inf, inf, inf, inf, inf, inf, inf, inf, inf, inf, inf, inf, inf, inf, inf, inf, inf, inf, inf, inf, inf, inf, inf, inf, inf, inf, inf, inf, inf, inf, inf, inf, inf, inf, inf, inf, inf, inf, inf, inf, inf, inf, inf, inf, inf, inf, inf, inf, inf, inf, inf, inf, inf, inf, inf, inf, inf, inf, inf, inf, inf, inf, inf, inf, inf, inf, inf, inf, inf, inf, inf, inf, inf, 3.4792752265930176, 3.4520328044891357, 3.4559383392333984, 3.424839973449707, 3.3999290466308594, 3.3531079292297363, 3.3442094326019287, 3.3358030319213867, 3.3118746280670166, 3.291581392288208, 3.2982194423675537, 3.2587082386016846, 3.2363734245300293, 3.2351815700531006, 3.240342378616333, 3.2221508026123047, 3.1872730255126953, 3.2240142822265625, 3.184936761856079, 3.1948323249816895, 3.20463228225708, 3.1917645931243896, 3.174565315246582, 3.2099645137786865, 3.1937615871429443, 3.188953161239624, 3.1692845821380615, 3.196600914001465, 3.201158285140991, 3.1920764446258545, 3.22273850440979, 3.2084898948669434, 3.2131662368774414, 3.220665693283081, 3.2289583683013916, 3.2455549240112305, 3.2533352375030518, 3.2539637088775635, 3.2673757076263428, 3.2936394214630127, 3.3168129920959473, 3.321415662765503, 3.3344149589538574, 3.3755388259887695, 3.3703134059906006, 3.4017152786254883, 3.4241929054260254, 3.4518847465515137, 3.478121280670166, inf, inf, inf, inf, inf, inf, inf, inf, inf, 3.41365385055542, 3.3292384147644043, 3.2461507320404053, 3.162684440612793, 3.086549758911133, 3.035475730895996, 2.979942798614502, 2.9058778285980225, 2.8385162353515625, 2.808103322982788, 2.7499563694000244, 2.6998257637023926, 2.658295154571533, 2.600511312484741, 2.5617833137512207, 2.522169351577759, 2.495267152786255, 2.458340644836426, 2.417301893234253, 2.3839709758758545, 2.3597700595855713, 2.325554847717285, 2.2822718620300293, 2.267855167388916, 2.253749132156372, 2.237109661102295, 2.1933999061584473, 2.1735424995422363, 2.1453845500946045, 2.134965658187866, 2.11160945892334, 2.1027181148529053, 2.0747194290161133, 2.045908212661743, 2.052621841430664, 2.042717218399048, 2.0215799808502197, 2.025627374649048, 1.9920669794082642, 1.9824789762496948, 1.9791789054870605, 1.9676605463027954, 1.9539790153503418, 1.9353644847869873, 1.9436633586883545, 1.9348503351211548, 1.9263043403625488, 1.9251662492752075, 1.9286808967590332, 1.924578309059143, 1.9238075017929077, 1.913083553314209, 1.9115211963653564, 1.8859193325042725, 1.9123060703277588, 1.9117251634597778, 1.8912644386291504, 1.9071248769760132, 1.894661545753479, 2.988093614578247, 3.0024290084838867, 3.012417793273926, 3.005746603012085, 3.027571678161621, 3.022306442260742, 3.048766613006592, 3.0469810962677, 3.046729326248169, 3.0625998973846436, 3.072650671005249, 3.1041862964630127, 3.130556583404541, 3.129270553588867, 3.1362740993499756, 3.1642205715179443, 3.173177480697632, 3.2009878158569336, 3.2007503509521484, 3.247620105743408, 3.251253604888916, 3.285701274871826, 3.3251891136169434, 2.2212188243865967, 2.1455600261688232, 2.163893461227417, 2.168093204498291, 2.18721866607666, 2.2227463722229004, 2.240586042404175, 2.2769222259521484, 2.2948601245880127, 2.339829444885254, 2.350032091140747, 2.376089572906494, 2.4078311920166016, 2.4317057132720947, 2.4907476902008057, 2.51562237739563, 2.562610387802124, 2.612562656402588, 2.6464178562164307, 2.715603828430176, 2.743027448654175, 2.807833433151245, 2.85176157951355, 2.900110960006714, 2.976604700088501, 3.0420217514038086, 3.107752561569214, 3.1689682006835938, 3.255688190460205, 3.3177313804626465, 3.425806999206543, inf, inf, inf, inf, inf, 1.9963951110839844, 1.9682904481887817, 2.023002862930298, inf, inf, inf, inf, inf, inf, inf, inf, inf, inf, inf, inf, inf, inf, inf, inf, inf, inf, inf, inf, inf, inf, inf, inf, inf, inf, inf, inf, inf, inf, inf, inf, inf, inf, inf, inf, inf, inf, inf, inf, inf, inf, inf, inf]),0.01749303564429283,3372987000000,
array('f', [inf, inf, inf, inf, inf, inf, inf, inf, inf, inf, inf, inf, inf, inf, inf, inf, inf, inf, inf, inf, inf, inf, inf, inf, inf, inf, inf, inf, inf, inf, inf, inf, inf, inf, inf, inf, inf, inf, inf, inf, inf, inf, inf, inf, inf, inf, inf, inf, inf, inf, inf, inf, inf, inf, inf, inf, inf, inf, inf, inf, inf, inf, inf, inf, inf, inf, inf, inf, inf, inf, inf, inf, inf, inf, inf, inf, inf, inf, inf, inf, inf, inf, inf, inf, inf, inf, inf, inf, inf, inf, inf, inf, inf, inf, inf, inf, inf, inf, inf, inf, inf, inf, inf, inf, inf, inf, inf, inf, inf, inf, inf, inf, inf, inf, inf, inf, inf, inf, inf, inf, inf, inf, inf, inf, inf, inf, inf, inf, inf, inf, inf, inf, inf, inf, inf, 3.4916903972625732, 3.4415781497955322, 3.439065456390381, 3.410539388656616, 3.3778584003448486, 3.356119155883789, 3.3540802001953125, 3.3211216926574707, 3.3168065547943115, 3.296400785446167, 3.269991636276245, 3.267483711242676, 3.254086494445801, 3.244788408279419, 3.219148874282837, 3.246156692504883, 3.2113089561462402, 3.218536615371704, 3.2125205993652344, 3.1951684951782227, 3.191922664642334, 3.197136640548706, 3.1914994716644287, 3.183391571044922, 3.1999073028564453, 3.176481008529663, 3.1939005851745605, 3.2022361755371094, 3.2008156776428223, 3.1868362426757812, 3.1929702758789062, 3.1951141357421875, 3.2238991260528564, 3.24480938911438, 3.252052068710327, 3.2343366146087646, 3.257662057876587, 3.2631003856658936, 3.2807085514068604, 3.304218053817749, 3.302011013031006, 3.3359570503234863, 3.3640761375427246, 3.365525722503662, 3.393636703491211, 3.4239931106567383, 3.4293532371520996, 3.4563498497009277, 3.5, inf, inf, inf, inf, inf, inf, inf, inf, 3.433708667755127, 3.3811771869659424, 3.2664954662323, 3.183924913406372, 3.1338016986846924, 3.0392005443573, 3.009795665740967, 2.929858922958374, 2.8455729484558105, 2.8253366947174072, 2.752913236618042, 2.7174601554870605, 2.627146005630493, 2.6384971141815186, 2.589996576309204, 2.519291400909424, 2.4735376834869385, 2.4601194858551025, 2.429771900177002, 2.392571210861206, 2.360736131668091, 2.323329210281372, 2.2910144329071045, 2.250302791595459, 2.248910427093506, 2.222734212875366, 2.200139045715332, 2.175994634628296, 2.1591827869415283, 2.132958173751831, 2.106940269470215, 2.089179277420044, 2.078766107559204, 2.0623209476470947, 2.0475997924804688, 2.0424976348876953, 2.018862247467041, 2.0200188159942627, 1.997957468032837, 1.9749252796173096, 1.983085036277771, 1.9656691551208496, 1.952069878578186, 1.9466687440872192, 1.914738655090332, 1.9344302415847778, 1.917856216430664, 1.9191310405731201, 1.9234020709991455, 1.929768681526184, 1.8968838453292847, 1.9026485681533813, 1.9022371768951416, 1.8719538450241089, 1.8825228214263916, 1.891857624053955, 1.8878653049468994, 1.8785691261291504, 1.896640658378601, 3.007974863052368, 3.013091802597046, 2.9859931468963623, 3.0072762966156006, 3.0108206272125244, 3.020636796951294, 3.0057249069213867, 3.02209210395813, 3.0374507904052734, 3.0467677116394043, 3.054319381713867, 3.074042320251465, 3.0969579219818115, 3.096487522125244, 3.131870746612549, 3.1332383155822754, 3.158428192138672, 3.193358898162842, 3.2097396850585938, 3.208839178085327, 3.241652250289917, 3.2537920475006104, 3.2869837284088135, 3.3147425651550293, 2.184677839279175, 2.1557724475860596, 2.1420328617095947, 2.155766248703003, 2.1948366165161133, 2.2237279415130615, 2.2312707901000977, 2.2795286178588867, 2.2982704639434814, 2.322127103805542, 2.351663827896118, 2.3776304721832275, 2.4363365173339844, 2.4561362266540527, 2.4891772270202637, 2.5233347415924072, 2.5571508407592773, 2.5990772247314453, 2.6532108783721924, 2.6968188285827637, 2.7375123500823975, 2.801923990249634, 2.8402597904205322, 2.912168025970459, 2.9782943725585938, 3.054072380065918, 3.1125545501708984, 3.187636137008667, 3.2723493576049805, 3.3407745361328125, 3.427333116531372, inf, inf, inf, inf, 1.9727171659469604, 1.9576040506362915, 1.9758285284042358, inf, inf, inf, inf, inf, inf, inf, inf, inf, inf, inf, inf, inf, inf, inf, inf, inf, inf, inf, inf, inf, inf, inf, inf, inf, inf, inf, inf, inf, inf, inf, inf, inf, inf, inf, inf, inf, inf, inf, inf, inf, inf, inf, inf, inf, inf, inf]),0.01749303564429283,3373187000000,
array('f', [inf, inf, inf, inf, inf, inf, inf, inf, inf, inf, inf, inf, inf, inf, inf, inf, inf, inf, inf, inf, inf, inf, inf, inf, inf, inf, inf, inf, inf, inf, inf, inf, inf, inf, inf, inf, inf, inf, inf, inf, inf, inf, inf, inf, inf, inf, inf, inf, inf, inf, inf, inf, inf, inf, inf, inf, inf, inf, inf, inf, inf, inf, inf, inf, inf, inf, inf, inf, inf, inf, inf, inf, inf, inf, inf, inf, inf, inf, inf, inf, inf, inf, inf, inf, inf, inf, inf, inf, inf, inf, inf, inf, inf, inf, inf, inf, inf, inf, inf, inf, inf, inf, inf, inf, inf, inf, inf, inf, inf, inf, inf, inf, inf, inf, inf, inf, inf, inf, inf, inf, inf, inf, inf, inf, inf, inf, inf, inf, inf, inf, inf, inf, inf, 3.477755546569824, 3.4502854347229004, 3.4348535537719727, 3.410734176635742, 3.387425422668457, 3.3594789505004883, 3.3395092487335205, 3.3323376178741455, 3.322066307067871, 3.3022055625915527, 3.284446954727173, 3.265148162841797, 3.2693676948547363, 3.2455856800079346, 3.238318681716919, 3.232266664505005, 3.2332658767700195, 3.2098982334136963, 3.2095916271209717, 3.2084367275238037, 3.1933341026306152, 3.190122604370117, 3.216615676879883, 3.202338695526123, 3.2166852951049805, 3.2257513999938965, 3.1967225074768066, 3.2168824672698975, 3.19919490814209, 3.214792251586914, 3.2337393760681152, 3.2195050716400146, 3.247904062271118, 3.2526707649230957, 3.249350070953369, 3.271655559539795, 3.273174285888672, 3.3073928356170654, 3.307864189147949, 3.326744794845581, 3.3377275466918945, 3.3544528484344482, 3.3745951652526855, 3.3587992191314697, 3.3616302013397217, 3.3632073402404785, 3.355044364929199, 3.3585963249206543, 3.3704745769500732, 3.3716158866882324, 3.3926353454589844, 3.3677756786346436, 3.374784469604492, 3.3885703086853027, 3.402832508087158, 3.4084556102752686, 3.4234373569488525, 3.380842447280884, 3.292175054550171, 3.201716899871826, 3.1411571502685547, 3.073410987854004, 2.992048740386963, 2.9531006813049316, 2.8633289337158203, 2.830599546432495, 2.7575175762176514, 2.7144973278045654, 2.6680898666381836, 2.62184476852417, 2.5867958068847656, 2.54158878326416, 2.5004138946533203, 2.4675865173339844, 2.427107334136963, 2.387922525405884, 2.37939715385437, 2.314716339111328, 2.3031718730926514, 2.284625768661499, 2.2377779483795166, 2.2219128608703613, 2.2011094093322754, 2.170400619506836, 2.1526176929473877, 2.1324405670166016, 2.1031289100646973, 2.0909175872802734, 2.0966250896453857, 2.070556163787842, 2.053560256958008, 2.0342392921447754, 2.0276198387145996, 2.004728317260742, 2.0060715675354004, 1.9719783067703247, 1.9678045511245728, 1.9560295343399048, 1.933449149131775, 1.9456530809402466, 1.936545729637146, 1.9216558933258057, 1.9222100973129272, 1.9069480895996094, 1.911696434020996, 1.9013298749923706, 1.9036608934402466, 1.8938884735107422, 1.8660156726837158, 1.8803294897079468, 1.8834668397903442, 1.8676928281784058, 1.8821735382080078, 1.8837772607803345, 1.8715951442718506, 1.8861148357391357, 2.990295886993408, 2.9772286415100098, 3.0045056343078613, 2.9921584129333496, 3.00714373588562, 3.0166609287261963, 3.0250158309936523, 3.018914222717285, 3.032989263534546, 3.05672025680542, 3.0379555225372314, 3.0586113929748535, 3.0653414726257324, 3.110776901245117, 3.1251962184906006, 3.140446424484253, 3.1517579555511475, 3.177870035171509, 3.190399408340454, 3.2228128910064697, 3.2432701587677, 3.2387280464172363, 3.276423454284668, 2.2093803882598877, 2.1250975131988525, 2.1397228240966797, 2.160013198852539, 2.1847457885742188, 2.205709934234619, 2.2348272800445557, 2.2785141468048096, 2.2541520595550537, 2.3086302280426025, 2.3278603553771973, 2.363314151763916, 2.373243808746338, 2.4305453300476074, 2.445427656173706, 2.4858832359313965, 2.5465950965881348, 2.5403881072998047, 2.6043219566345215, 2.6718485355377197, 2.7077224254608154, 2.7617130279541016, 2.8076894283294678, 2.864241123199463, 2.9153225421905518, 2.9977433681488037, 3.065401792526245, 3.1349189281463623, 3.2069852352142334, 3.274132490158081, 3.3703038692474365, 3.4615914821624756, inf, inf, inf, 1.9320656061172485, 1.9219862222671509, 1.954908847808838, inf, inf, inf, inf, inf, inf, inf, inf, inf, inf, inf, inf, inf, inf, inf, inf, inf, inf, inf, inf, inf, inf, inf, inf, inf, inf, inf, inf, inf, inf, inf, inf, inf, inf, inf, inf, inf, inf, inf, inf, inf, inf, inf, inf, inf, inf, inf, inf, inf, inf]),0.01749303564429283,3373387000000,
array('f', [inf, inf, inf, inf, inf, inf, inf, inf, inf, inf, inf, inf, inf, inf, inf, inf, inf, inf, inf, inf, inf, inf, inf, inf, inf, inf, inf, inf, inf, inf, inf, inf, inf, inf, inf, inf, inf, inf, inf, inf, inf, inf, inf, inf, inf, inf, inf, inf, inf, inf, inf, inf, inf, inf, inf, inf, inf, inf, inf, inf, inf, inf, inf, inf, inf, inf, inf, inf, inf, inf, inf, inf, inf, inf, inf, inf, inf, inf, inf, inf, inf, inf, inf, inf, inf, inf, inf, inf, inf, inf, inf, inf, inf, inf, inf, inf, inf, inf, inf, inf, inf, inf, inf, inf, inf, inf, inf, inf, inf, inf, inf, inf, inf, inf, inf, inf, inf, inf, inf, inf, inf, inf, inf, inf, inf, inf, inf, inf, inf, inf, inf, 3.4773292541503906, 3.460570812225342, 3.440211534500122, 3.4222700595855713, 3.3878142833709717, 3.3859546184539795, 3.3300819396972656, 3.333700180053711, 3.3085834980010986, 3.290886878967285, 3.2715160846710205, 3.269881010055542, 3.2714760303497314, 3.2339181900024414, 3.238685131072998, 3.232668161392212, 3.2225849628448486, 3.2181496620178223, 3.2150049209594727, 3.2231297492980957, 3.2048304080963135, 3.19759464263916, 3.203054189682007, 3.1922848224639893, 3.2123024463653564, 3.20399808883667, 3.2193760871887207, 3.215900421142578, 3.2149014472961426, 3.2138020992279053, 3.2339727878570557, 3.2373645305633545, 3.243224859237671, 3.2754528522491455, 3.274583578109741, 3.277848243713379, 3.2948477268218994, 3.297182083129883, 3.317843437194824, 3.3395447731018066, 3.34898042678833, 3.3752028942108154, 3.423955202102661, 3.412475824356079, 3.4414193630218506, 3.461735486984253, 3.4814000129699707, 3.490074634552002, 3.495792865753174, 3.473252058029175, 3.5, 3.4831197261810303, 3.4930851459503174, inf, inf, inf, 3.4302914142608643, 3.332350730895996, 3.2502810955047607, 3.1703145503997803, 3.0886125564575195, 3.0436131954193115, 2.956657886505127, 2.9001071453094482, 2.8389739990234375, 2.772756338119507, 2.7561891078948975, 2.6918423175811768, 2.62395977973938, 2.583937406539917, 2.553105592727661, 2.494720697402954, 2.463115692138672, 2.4323036670684814, 2.4055001735687256, 2.3538646697998047, 2.3411548137664795, 2.296031951904297, 2.2869014739990234, 2.2441141605377197, 2.223893642425537, 2.205657482147217, 2.1828067302703857, 2.1583809852600098, 2.1303787231445312, 2.1363515853881836, 2.098479986190796, 2.069047212600708, 2.0602691173553467, 2.046412467956543, 2.022261142730713, 2.0010993480682373, 1.994187831878662, 1.9919323921203613, 1.971226692199707, 1.9870376586914062, 1.935960292816162, 1.9584643840789795, 1.931642770767212, 1.9381386041641235, 1.9376848936080933, 1.9086313247680664, 1.8920103311538696, 1.8866565227508545, 1.9069222211837769, 1.8797547817230225, 1.899219274520874, 1.8596400022506714, 1.871639370918274, 1.8801536560058594, 1.8800729513168335, 1.8588391542434692, 1.8673675060272217, 1.8771989345550537, 1.8740530014038086, 2.968818426132202, 2.970456600189209, 2.9955317974090576, 2.9785587787628174, 2.9805243015289307, 2.9966795444488525, 3.0041604042053223, 3.0259315967559814, 3.0048890113830566, 3.044743776321411, 3.0481860637664795, 3.047344923019409, 3.0603959560394287, 3.0837295055389404, 3.099039077758789, 3.123121738433838, 3.1265647411346436, 3.151008367538452, 3.1739590167999268, 3.181793212890625, 3.2229883670806885, 3.246562957763672, 3.2778282165527344, 3.292860746383667, 2.159123659133911, 2.1142709255218506, 2.129361391067505, 2.150993585586548, 2.177800178527832, 2.1930525302886963, 2.2159931659698486, 2.2425670623779297, 2.2691593170166016, 2.306769371032715, 2.3258304595947266, 2.371999740600586, 2.3950858116149902, 2.4022161960601807, 2.4585351943969727, 2.495377540588379, 2.5521647930145264, 2.5856211185455322, 2.616305112838745, 2.6741645336151123, 2.710775136947632, 2.7664690017700195, 2.8369483947753906, 2.8812971115112305, 2.936173439025879, 3.0068581104278564, 3.0609755516052246, 3.146641254425049, 3.217195510864258, 3.2842302322387695, 3.377840757369995, 3.4732651710510254, inf, inf, 1.8950880765914917, 1.8953584432601929, 1.9259312152862549, inf, inf, inf, inf, inf, inf, inf, inf, inf, inf, inf, inf, inf, inf, inf, inf, inf, inf, inf, inf, inf, inf, inf, inf, inf, inf, inf, inf, inf, inf, inf, inf, inf, inf, inf, inf, inf, inf, inf, inf, inf, inf, inf, inf, inf, inf, inf, inf, inf, inf, inf, inf, inf]),0.01749303564429283,3373587000000,
array('f', [inf, inf, inf, inf, inf, inf, inf, inf, inf, inf, inf, inf, inf, inf, inf, inf, inf, inf, inf, inf, inf, inf, inf, inf, inf, inf, inf, inf, inf, inf, inf, inf, inf, inf, inf, inf, inf, inf, inf, inf, inf, inf, inf, inf, inf, inf, inf, inf, inf, inf, inf, inf, inf, inf, inf, inf, inf, inf, inf, inf, inf, inf, inf, inf, inf, inf, inf, inf, inf, inf, inf, inf, inf, inf, inf, inf, inf, inf, inf, inf, inf, inf, inf, inf, inf, inf, inf, inf, inf, inf, inf, inf, inf, inf, inf, inf, inf, inf, inf, inf, inf, inf, inf, inf, inf, inf, inf, inf, inf, inf, inf, inf, inf, inf, inf, inf, inf, inf, inf, inf, inf, inf, inf, inf, inf, inf, inf, inf, inf, 3.4816439151763916, 3.445207357406616, 3.4181902408599854, 3.399519443511963, 3.389768123626709, 3.3773093223571777, 3.350642681121826, 3.3406152725219727, 3.330303430557251, 3.293828248977661, 3.2920615673065186, 3.280302047729492, 3.2586610317230225, 3.2647762298583984, 3.2589941024780273, 3.2530202865600586, 3.23958420753479, 3.2446579933166504, 3.212268352508545, 3.2198357582092285, 3.2124006748199463, 3.2089998722076416, 3.2171647548675537, 3.2115609645843506, 3.2173540592193604, 3.2218925952911377, 3.209850311279297, 3.2322168350219727, 3.2153637409210205, 3.241659641265869, 3.2574985027313232, 3.230564832687378, 3.270142078399658, 3.2773070335388184, 3.2855069637298584, 3.28023099899292, 3.301327705383301, 3.3261492252349854, 3.3376071453094482, 3.3479559421539307, 3.369965076446533, 3.3998770713806152, 3.410521984100342, 3.430663585662842, 3.448666572570801, 3.4752414226531982, inf, inf, inf, inf, inf, inf, inf, inf, inf, 3.467010021209717, 3.366899013519287, 3.2840867042541504, 3.203078508377075, 3.123661994934082, 3.066840648651123, 2.9783108234405518, 2.953026056289673, 2.854907751083374, 2.8252744674682617, 2.755225896835327, 2.7221176624298096, 2.650993585586548, 2.609525442123413, 2.5643093585968018, 2.523970365524292, 2.48078989982605, 2.4377081394195557, 2.41579532623291, 2.3851583003997803, 2.3620831966400146, 2.31732439994812, 2.306466817855835, 2.2808518409729004, 2.2380552291870117, 2.2061967849731445, 2.1866111755371094, 2.164153575897217, 2.1491010189056396, 2.129551649093628, 2.0914580821990967, 2.091388463973999, 2.064070224761963, 2.0451481342315674, 2.0434882640838623, 2.0148892402648926, 2.0043976306915283, 1.9938777685165405, 1.9735519886016846, 1.9690682888031006, 1.9739012718200684, 1.959980845451355, 1.9320061206817627, 1.9542680978775024, 1.926855444908142, 1.9077571630477905, 1.9070934057235718, 1.8997794389724731, 1.887479305267334, 1.883156180381775, 1.873457431793213, 1.8676884174346924, 1.8548496961593628, 1.8576993942260742, 1.8792003393173218, 1.878398060798645, 1.8651798963546753, 1.8628897666931152, 1.876701831817627, 2.9817841053009033, 2.9702343940734863, 2.9703409671783447, 2.9792842864990234, 2.9741897583007812, 2.981804847717285, 3.010279417037964, 3.0169248580932617, 3.0384340286254883, 3.0215845108032227, 3.0430381298065186, 3.0349879264831543, 3.064753532409668, 3.055157423019409, 3.0696587562561035, 3.103665351867676, 3.1161482334136963, 3.1252660751342773, 3.170923948287964, 3.160407304763794, 3.1906650066375732, 3.229736089706421, 3.229098320007324, 3.258345127105713, 2.1947925090789795, 2.117779016494751, 2.1107981204986572, 2.1444027423858643, 2.1635398864746094, 2.1791679859161377, 2.1994237899780273, 2.2274680137634277, 2.2708828449249268, 2.2881205081939697, 2.3066296577453613, 2.351794481277466, 2.3639750480651855, 2.405437469482422, 2.419660806655884, 2.4504148960113525, 2.511545419692993, 2.555952548980713, 2.569517135620117, 2.6501243114471436, 2.67523455619812, 2.7295401096343994, 2.783268928527832, 2.8350343704223633, 2.888897180557251, 2.959556818008423, 3.0127406120300293, 3.0939149856567383, 3.144237518310547, 3.2496397495269775, 3.3132622241973877, 3.421783447265625, inf, inf, 1.8690619468688965, 1.861068844795227, 1.8863697052001953, inf, inf, inf, inf, inf, inf, inf, inf, inf, inf, inf, inf, inf, inf, inf, inf, inf, inf, inf, inf, inf, inf, inf, inf, inf, inf, inf, inf, inf, inf, inf, inf, inf, inf, inf, inf, inf, inf, inf, inf, inf, inf, inf, inf, inf, inf, inf, inf, inf, inf, inf, inf, inf, inf, inf, inf]),0.01749303564429283,3373787000000,
array('f', [inf, inf, inf, inf, inf, inf, inf, inf, inf, inf, inf, inf, inf, inf, inf, inf, inf, inf, inf, inf, inf, inf, inf, inf, inf, inf, inf, inf, inf, inf, inf, inf, inf, inf, inf, inf, inf, inf, inf, inf, inf, inf, inf, inf, inf, inf, inf, inf, inf, inf, inf, inf, inf, inf, inf, inf, inf, inf, inf, inf, inf, inf, inf, inf, inf, inf, inf, inf, inf, inf, inf, inf, inf, inf, inf, inf, inf, inf, inf, inf, inf, inf, inf, inf, inf, inf, inf, inf, inf, inf, inf, inf, inf, inf, inf, inf, inf, inf, inf, inf, inf, inf, inf, inf, inf, inf, inf, inf, inf, inf, inf, inf, inf, inf, inf, inf, inf, inf, inf, inf, inf, inf, inf, inf, inf, inf, inf, 3.4882519245147705, 3.4349172115325928, 3.440075397491455, 3.4178407192230225, 3.396029233932495, 3.3801655769348145, 3.341506242752075, 3.3404853343963623, 3.320208787918091, 3.3055031299591064, 3.293038845062256, 3.2898223400115967, 3.2672247886657715, 3.2552990913391113, 3.258730411529541, 3.245687246322632, 3.259047269821167, 3.2321321964263916, 3.226792097091675, 3.222003698348999, 3.2237155437469482, 3.2009353637695312, 3.2130658626556396, 3.200772523880005, 3.2216100692749023, 3.2221932411193848, 3.220837354660034, 3.2194013595581055, 3.249022960662842, 3.2576355934143066, 3.2641310691833496, 3.2617976665496826, 3.267655849456787, 3.266127824783325, 3.2886033058166504, 3.315492868423462, 3.3172380924224854, 3.3366193771362305, 3.3353898525238037, 3.362847328186035, 3.3750836849212646, 3.4053447246551514, 3.423295259475708, 3.458606004714966, 3.4748904705047607, 3.5, inf, inf, inf, inf, inf, inf, inf, inf, inf, 3.442173480987549, 3.3593060970306396, 3.2590885162353516, 3.196377754211426, 3.1176645755767822, 3.051684856414795, 2.9683587551116943, 2.929830312728882, 2.8446662425994873, 2.800039768218994, 2.742645740509033, 2.6951394081115723, 2.6574795246124268, 2.5931856632232666, 2.5489280223846436, 2.5215606689453125, 2.479029655456543, 2.4557313919067383, 2.4054365158081055, 2.3886613845825195, 2.3410215377807617, 2.301170825958252, 2.277686595916748, 2.242918014526367, 2.234990358352661, 2.1980602741241455, 2.181257486343384, 2.1518654823303223, 2.1406712532043457, 2.1109747886657715, 2.109868288040161, 2.0845422744750977, 2.063755750656128, 2.0627429485321045, 2.044349193572998, 2.0257999897003174, 1.9979808330535889, 1.994218349456787, 1.9726091623306274, 1.9616669416427612, 1.9638762474060059, 1.9517269134521484, 1.941949725151062, 1.928276777267456, 1.9261219501495361, 1.913482427597046, 1.9254131317138672, 1.9023566246032715, 1.8929367065429688, 1.8841071128845215, 1.8893022537231445, 1.8840477466583252, 1.8887097835540771, 1.8780349493026733, 1.8904283046722412, 1.8688979148864746, 1.8740596771240234, 1.8749372959136963, 1.8861021995544434, 2.959082841873169, 2.987431287765503, 2.9675471782684326, 2.978975296020508, 2.987867832183838, 2.9696717262268066, 3.0181326866149902, 3.0059192180633545, 3.0249056816101074, 3.0207972526550293, 3.051090955734253, 3.041191339492798, 3.0567617416381836, 3.0682382583618164, 3.116231679916382, 3.0976948738098145, 3.122788190841675, 3.1368355751037598, 3.1519205570220947, 3.191288948059082, 3.212614059448242, 3.2258288860321045, 3.251478433609009, 2.2301371097564697, 2.1380016803741455, 2.116013288497925, 2.1201281547546387, 2.1553940773010254, 2.1530911922454834, 2.1879332065582275, 2.202009439468384, 2.220262050628662, 2.249207019805908, 2.2949447631835938, 2.301351308822632, 2.3619773387908936, 2.374403715133667, 2.3855931758880615, 2.4562456607818604, 2.487989902496338, 2.513719320297241, 2.5596389770507812, 2.617048740386963, 2.64760422706604, 2.686509370803833, 2.74399733543396, 2.7795090675354004, 2.84987473487854, 2.9058384895324707, 2.9969840049743652, 3.0464861392974854, 3.118272066116333, 3.181183099746704, 3.2935726642608643, 3.361621141433716, 3.4706828594207764, inf, 1.8774385452270508, 1.8442654609680176, 1.8673951625823975, 1.9067645072937012, inf, inf, inf, inf, inf, inf, inf, inf, inf, inf, inf, inf, inf, inf, inf, inf, inf, inf, inf, inf, inf, inf, inf, inf, inf, inf, inf, inf, inf, inf, inf, inf, inf, inf, inf, inf, inf, inf, inf, inf, inf, inf, inf, inf, inf, inf, inf, inf, inf, inf, inf, inf, inf, inf, inf, inf, inf, inf]),0.01749303564429283,3373987000000,
array('f', [inf, inf, inf, inf, inf, inf, inf, inf, inf, inf, inf, inf, inf, inf, inf, inf, inf, inf, inf, inf, inf, inf, inf, inf, inf, inf, inf, inf, inf, inf, inf, inf, inf, inf, inf, inf, inf, inf, inf, inf, inf, inf, inf, inf, inf, inf, inf, inf, inf, inf, inf, inf, inf, inf, inf, inf, inf, inf, inf, inf, inf, inf, inf, inf, inf, inf, inf, inf, inf, inf, inf, inf, inf, inf, inf, inf, inf, inf, inf, inf, inf, inf, inf, inf, inf, inf, inf, inf, inf, inf, inf, inf, inf, inf, inf, inf, inf, inf, inf, inf, inf, inf, inf, inf, inf, inf, inf, inf, inf, inf, inf, inf, inf, inf, inf, inf, inf, inf, inf, inf, inf, inf, inf, inf, inf, 3.464404821395874, 3.4696669578552246, 3.4271578788757324, 3.432732582092285, 3.387216806411743, 3.360684871673584, 3.3650074005126953, 3.353215456008911, 3.313063621520996, 3.3126327991485596, 3.3032424449920654, 3.2871315479278564, 3.2707693576812744, 3.271446704864502, 3.2601563930511475, 3.2427830696105957, 3.2477304935455322, 3.237560749053955, 3.2321887016296387, 3.2299976348876953, 3.2430169582366943, 3.2552103996276855, 3.219036817550659, 3.22598934173584, 3.238941192626953, 3.2419638633728027, 3.2395219802856445, 3.255215644836426, 3.246901512145996, 3.2497522830963135, 3.262941360473633, 3.2571656703948975, 3.2904253005981445, 3.2880570888519287, 3.3010072708129883, 3.3238437175750732, 3.3349595069885254, 3.3495359420776367, 3.366002082824707, 3.385087013244629, 3.3884780406951904, 3.4197072982788086, 3.4330267906188965, 3.4651408195495605, 3.496612787246704, inf, inf, inf, inf, inf, inf, inf, inf, inf, inf, 3.4379122257232666, 3.3428714275360107, 3.2747366428375244, 3.179412603378296, 3.0993568897247314, 3.024522542953491, 2.9557478427886963, 2.903339385986328, 2.8297770023345947, 2.7989068031311035, 2.734356164932251, 2.7015678882598877, 2.6402647495269775, 2.574643850326538, 2.5515384674072266, 2.5169992446899414, 2.4698543548583984, 2.439875602722168, 2.4176321029663086, 2.3866615295410156, 2.333466053009033, 2.307452440261841, 2.2738659381866455, 2.2506465911865234, 2.2356982231140137, 2.2033722400665283, 2.186666965484619, 2.157818555831909, 2.130270004272461, 2.1036529541015625, 2.1133172512054443, 2.0678462982177734, 2.0715250968933105, 2.041121482849121, 2.038787364959717, 2.0278706550598145, 1.997040033340454, 1.9734662771224976, 1.9775785207748413, 1.9720454216003418, 1.9575676918029785, 1.9496878385543823, 1.9299278259277344, 1.9257944822311401, 1.945027470588684, 1.9164777994155884, 1.9052276611328125, 1.9130052328109741, 1.9002095460891724, 1.8985933065414429, 1.8925586938858032, 1.8810739517211914, 1.8830078840255737, 1.8807023763656616, 1.8781473636627197, 1.8711659908294678, 1.8784509897232056, 1.8932414054870605, 2.966456890106201, 2.973071336746216, 2.9778225421905518, 2.9773976802825928, 2.991605758666992, 2.997415781021118, 2.9982099533081055, 3.006822347640991, 3.0003433227539062, 3.041764736175537, 3.0210893154144287, 3.0424001216888428, 3.0643444061279297, 3.07595157623291, 3.0574405193328857, 3.1188719272613525, 3.1227781772613525, 3.1325786113739014, 3.134483814239502, 3.1618502140045166, 3.1872713565826416, 3.2063517570495605, 3.2368662357330322, 3.2715251445770264, 2.184633255004883, 2.106889486312866, 2.1066086292266846, 2.1319353580474854, 2.1361680030822754, 2.178252696990967, 2.1974799633026123, 2.2390661239624023, 2.235262870788574, 2.2751963138580322, 2.30639910697937, 2.2978169918060303, 2.362696886062622, 2.3960001468658447, 2.442121744155884, 2.432846784591675, 2.4926576614379883, 2.5183041095733643, 2.567000150680542, 2.61832332611084, 2.6728549003601074, 2.7257895469665527, 2.7750461101531982, 2.8219382762908936, 1.6954407691955566, 2.956895589828491, 3.0095372200012207, 3.0634944438934326, 3.158015012741089, 3.2164762020111084, 3.319244384765625, 3.3930511474609375, 3.4841489791870117, inf, 1.8284255266189575, 1.854000210762024, 1.8454279899597168, inf, inf, inf, inf, inf, inf, inf, inf, inf, inf, inf, inf, inf, inf, inf, inf, inf, inf, inf, inf, inf, inf, inf, inf, inf, inf, inf, inf, inf, inf, inf, inf, inf, inf, inf, inf, inf, inf, inf, inf, inf, inf, inf, inf, inf, inf, inf, inf, inf, inf, inf, inf, inf, inf, inf, inf, inf, inf, inf, inf, inf]),0.01749303564429283,3374187000000,
array('f', [inf, inf, inf, inf, inf, inf, inf, inf, inf, inf, inf, inf, inf, inf, inf, inf, inf, inf, inf, inf, inf, inf, inf, inf, inf, inf, inf, inf, inf, inf, inf, inf, inf, inf, inf, inf, inf, inf, inf, inf, inf, inf, inf, inf, inf, inf, inf, inf, inf, inf, inf, inf, inf, inf, inf, inf, inf, inf, inf, inf, inf, inf, inf, inf, inf, inf, inf, inf, inf, inf, inf, inf, inf, inf, inf, inf, inf, inf, inf, inf, inf, inf, inf, inf, inf, inf, inf, inf, inf, inf, inf, inf, inf, inf, inf, inf, inf, inf, inf, inf, inf, inf, inf, inf, inf, inf, inf, inf, inf, inf, inf, inf, inf, inf, inf, inf, inf, inf, inf, inf, inf, inf, inf, 3.4752960205078125, 3.46881365776062, 3.4307620525360107, 3.4175915718078613, 3.4040188789367676, 3.379309892654419, 3.3568263053894043, 3.344320774078369, 3.339635133743286, 3.327674627304077, 3.3023269176483154, 3.2956655025482178, 3.2779629230499268, 3.280775308609009, 3.258383274078369, 3.2760417461395264, 3.2660300731658936, 3.273954153060913, 3.253878593444824, 3.2263786792755127, 3.2447798252105713, 3.2318739891052246, 3.2485692501068115, 3.232466697692871, 3.23203706741333, 3.2482824325561523, 3.251699447631836, 3.2529428005218506, 3.2535457611083984, 3.264970541000366, 3.273395538330078, 3.2936532497406006, 3.286717414855957, 3.3325371742248535, 3.325329542160034, 3.341071605682373, 3.3523004055023193, 3.368058681488037, 3.3747568130493164, 3.3852903842926025, 3.4246833324432373, 3.436784505844116, 3.4557578563690186, 3.4721479415893555, inf, inf, inf, inf, inf, inf, inf, inf, inf, inf, inf, 3.416428565979004, 3.3217291831970215, 3.235032796859741, 3.180110216140747, 3.0900790691375732, 3.0322749614715576, 2.953768253326416, 2.88852858543396, 2.8453123569488525, 2.801995038986206, 2.7622573375701904, 2.6822760105133057, 2.6482625007629395, 2.591216802597046, 2.5391337871551514, 2.512417793273926, 2.471174478530884, 2.4285151958465576, 2.406219482421875, 2.3713600635528564, 2.340146541595459, 2.3063907623291016, 2.278487205505371, 2.233996629714966, 2.226945400238037, 2.2011919021606445, 2.170567750930786, 2.1550979614257812, 2.1457786560058594, 2.11261248588562, 2.091256618499756, 2.080240249633789, 2.048666000366211, 2.063455820083618, 2.0452640056610107, 2.0439212322235107, 1.9997161626815796, 1.9868206977844238, 1.9837042093276978, 1.9756566286087036, 1.9503084421157837, 1.947107195854187, 1.931862473487854, 1.922497034072876, 1.921410083770752, 1.915676474571228, 1.9170717000961304, 1.8977054357528687, 1.8900011777877808, 1.9066776037216187, 1.8923860788345337, 1.9041019678115845, 1.881523847579956, 1.8903158903121948, 1.8771452903747559, 1.879590630531311, 1.8701317310333252, 1.8865203857421875, 2.993403911590576, 2.9910354614257812, 2.9804389476776123, 2.9869437217712402, 2.982698678970337, 3.007234811782837, 3.005075216293335, 3.020608901977539, 3.0343992710113525, 3.026453971862793, 3.0293972492218018, 3.0659165382385254, 3.05981707572937, 3.0777475833892822, 3.1051230430603027, 3.0978598594665527, 3.1267080307006836, 3.136317729949951, 3.1741995811462402, 3.1702892780303955, 3.1932787895202637, 3.2278149127960205, 3.2550814151763916, 2.220762014389038, 2.1333324909210205, 2.1056599617004395, 2.120208501815796, 2.15567684173584, 2.1568856239318848, 2.180008888244629, 2.202796459197998, 2.2429146766662598, 2.2662060260772705, 2.28635311126709, 2.325984239578247, 2.3507180213928223, 2.3687093257904053, 2.418534755706787, 2.4505693912506104, 2.4671599864959717, 2.517122983932495, 2.5631678104400635, 2.6110646724700928, 2.6352553367614746, 2.7038002014160156, 2.7690045833587646, 1.6581231355667114, 1.6141413450241089, 1.584332823753357, 2.9645469188690186, 3.0463733673095703, 3.1091012954711914, 3.174100637435913, 3.2696235179901123, 3.3383772373199463, 3.395200490951538, inf, 1.8366435766220093, 1.8173415660858154, 1.844962239265442, 1.8645411729812622, inf, inf, inf, inf, inf, inf, inf, inf, inf, inf, inf, inf, inf, inf, inf, inf, inf, inf, inf, inf, inf, inf, inf, inf, inf, inf, inf, inf, inf, inf, inf, inf, inf, inf, inf, inf, inf, inf, inf, inf, inf, inf, inf, inf, inf, inf, inf, inf, inf, inf, inf, inf, inf, inf, inf, inf, inf, inf, inf, inf, inf, inf, inf]),0.01749303564429283,3374389000000,
array('f', [inf, inf, inf, inf, inf, inf, inf, inf, inf, inf, inf, inf, inf, inf, inf, inf, inf, inf, inf, inf, inf, inf, inf, inf, inf, inf, inf, inf, inf, inf, inf, inf, inf, inf, inf, inf, inf, inf, inf, inf, inf, inf, inf, inf, inf, inf, inf, inf, inf, inf, inf, inf, inf, inf, inf, inf, inf, inf, inf, inf, inf, inf, inf, inf, inf, inf, inf, inf, inf, inf, inf, inf, inf, inf, inf, inf, inf, inf, inf, inf, inf, inf, inf, inf, inf, inf, inf, inf, inf, inf, inf, inf, inf, inf, inf, inf, inf, inf, inf, inf, inf, inf, inf, inf, inf, inf, inf, inf, inf, inf, inf, inf, inf, inf, inf, inf, inf, inf, inf, inf, inf, 3.4798367023468018, 3.4536592960357666, 3.4469528198242188, 3.4226555824279785, 3.414525270462036, 3.3984780311584473, 3.367602586746216, 3.3557677268981934, 3.3540103435516357, 3.328504800796509, 3.31268310546875, 3.313042163848877, 3.3154053688049316, 3.302701473236084, 3.27359938621521, 3.267566680908203, 3.27752947807312, 3.2599284648895264, 3.254150867462158, 3.251615524291992, 3.2613048553466797, 3.2617971897125244, 3.250927686691284, 3.263298749923706, 3.2466437816619873, 3.240896463394165, 3.2515435218811035, 3.276029586791992, 3.2704148292541504, 3.2916030883789062, 3.3083629608154297, 3.287898540496826, 3.3240344524383545, 3.3107082843780518, 3.345587730407715, 3.3268795013427734, 3.353593349456787, 3.371185779571533, 3.397007942199707, 3.4059717655181885, 3.4393062591552734, 3.4457857608795166, 3.47745418548584, 3.5, inf, inf, inf, inf, inf, inf, inf, inf, inf, inf, 3.4869816303253174, 3.3987488746643066, 3.3175179958343506, 3.2271852493286133, 3.1451215744018555, 3.0645620822906494, 3.0119991302490234, 2.9379425048828125, 2.8863954544067383, 2.836420774459839, 2.786158800125122, 2.722116231918335, 2.6758832931518555, 2.643446445465088, 2.5881848335266113, 2.5256080627441406, 2.5139071941375732, 2.4633874893188477, 2.441762685775757, 2.3968286514282227, 2.380065679550171, 2.3477556705474854, 2.294022560119629, 2.2919061183929443, 2.2430002689361572, 2.2210144996643066, 2.2142958641052246, 2.164287805557251, 2.1611509323120117, 2.1264564990997314, 2.1338915824890137, 2.110780954360962, 2.0999786853790283, 2.068559408187866, 2.0348615646362305, 2.0421838760375977, 2.034804105758667, 2.0033133029937744, 2.0043442249298096, 1.9765214920043945, 1.9865868091583252, 1.9830156564712524, 1.9555364847183228, 1.9520671367645264, 1.9452438354492188, 1.920582890510559, 1.9198797941207886, 1.9297027587890625, 1.9216547012329102, 1.9114933013916016, 1.8849760293960571, 1.9027884006500244, 1.8954685926437378, 1.892570972442627, 1.8866640329360962, 1.8882863521575928, 1.8687045574188232, 1.8764148950576782, 2.9803574085235596, 2.988513708114624, 2.9861059188842773, 2.998279333114624, 3.0052812099456787, 2.9955012798309326, 2.9975788593292236, 3.028904914855957, 3.034919023513794, 3.0376369953155518, 3.0358738899230957, 3.042036294937134, 3.06674861907959, 3.063937187194824, 3.097442150115967, 3.109727144241333, 3.117811441421509, 3.145890474319458, 3.1550114154815674, 3.1612775325775146, 3.202200412750244, 3.208266496658325, 3.221676826477051, 3.266737937927246, 2.1706550121307373, 2.1016979217529297, 2.116267681121826, 2.1250860691070557, 2.1507322788238525, 2.1843762397766113, 2.1803464889526367, 2.2134580612182617, 2.244870662689209, 2.2850265502929688, 2.290105104446411, 2.326803207397461, 2.362412691116333, 2.4079384803771973, 2.425722122192383, 2.470243453979492, 2.5117204189300537, 2.5521538257598877, 2.5858752727508545, 2.6221513748168945, 2.670444965362549, 1.6175429821014404, 1.5596951246261597, 1.5540744066238403, 1.5932300090789795, 1.596450686454773, 2.9891316890716553, 3.0596466064453125, 3.1251378059387207, 3.213097095489502, 3.2804088592529297, 3.370981454849243, 3.444404363632202, 1.7894186973571777, 1.7982510328292847, 1.8278990983963013, 1.8293722867965698, inf, inf, inf, inf, inf, inf, inf, inf, inf, inf, inf, inf, inf, inf, inf, inf, inf, inf, inf, inf, inf, inf, inf, inf, inf, inf, inf, inf, inf, inf, inf, inf, inf, inf, inf, inf, inf, inf, inf, inf, inf, inf, inf, inf, inf, inf, inf, inf, inf, inf, inf, inf, inf, inf, inf, inf, inf, inf, inf, inf, inf, inf, inf, inf, inf, inf]),0.01749303564429283,3374588000000,
array('f', [inf, inf, inf, inf, inf, inf, inf, inf, inf, inf, inf, inf, inf, inf, inf, inf, inf, inf, inf, inf, inf, inf, inf, inf, inf, inf, inf, inf, inf, inf, inf, inf, inf, inf, inf, inf, inf, inf, inf, inf, inf, inf, inf, inf, inf, inf, inf, inf, inf, inf, inf, inf, inf, inf, inf, inf, inf, inf, inf, inf, inf, inf, inf, inf, inf, inf, inf, inf, inf, inf, inf, inf, inf, inf, inf, inf, inf, inf, inf, inf, inf, inf, inf, inf, inf, inf, inf, inf, inf, inf, inf, inf, inf, inf, inf, inf, inf, inf, inf, inf, inf, inf, inf, inf, inf, inf, inf, inf, inf, inf, inf, inf, inf, inf, inf, inf, inf, inf, inf, 3.4817445278167725, 3.482252836227417, 3.445460796356201, 3.422626495361328, 3.408945083618164, 3.3954877853393555, 3.381316900253296, 3.356131076812744, 3.3382718563079834, 3.3181724548339844, 3.331594467163086, 3.3097660541534424, 3.305126428604126, 3.299852132797241, 3.2723968029022217, 3.2763216495513916, 3.2747960090637207, 3.2771079540252686, 3.250825881958008, 3.24880051612854, 3.256784439086914, 3.2685437202453613, 3.2340004444122314, 3.2522737979888916, 3.2711944580078125, 3.2980599403381348, 3.2576215267181396, 3.2768850326538086, 3.286374092102051, 3.287447929382324, 3.289546489715576, 3.3078904151916504, 3.317103862762451, 3.3360824584960938, 3.371774673461914, 3.3589770793914795, 3.37981915473938, 3.411278486251831, 3.402231216430664, 3.4504034519195557, 3.4583518505096436, 3.4788968563079834, 3.5, inf, inf, inf, inf, inf, inf, inf, inf, inf, inf, inf, 3.4800474643707275, 3.3750033378601074, 3.3022401332855225, 3.216710329055786, 3.1296908855438232, 3.0843725204467773, 2.9970667362213135, 2.9439737796783447, 2.8674471378326416, 2.8378090858459473, 2.7743711471557617, 2.715726852416992, 2.682375192642212, 2.6207075119018555, 2.5727198123931885, 2.550747871398926, 2.509765148162842, 2.4626739025115967, 2.422719955444336, 2.3923499584198, 2.3726108074188232, 2.341635227203369, 2.308133602142334, 2.2863008975982666, 2.236725091934204, 2.2293541431427, 2.201164722442627, 2.1736791133880615, 2.1562588214874268, 2.1647427082061768, 2.134711980819702, 2.10207462310791, 2.083590030670166, 2.054804563522339, 2.064457654953003, 2.036144495010376, 2.006615400314331, 2.0073835849761963, 1.9909993410110474, 1.9899402856826782, 1.9829351902008057, 1.9663292169570923, 1.9513778686523438, 1.960026502609253, 1.9644038677215576, 1.9409239292144775, 1.9398043155670166, 1.9252443313598633, 1.8934228420257568, 1.8858394622802734, 1.9109878540039062, 1.9045251607894897, 1.8978848457336426, 1.8938766717910767, 1.8867415189743042, 1.884984016418457, 1.8874390125274658, 3.0071280002593994, 2.981877326965332, 2.974719524383545, 3.0020103454589844, 3.005258321762085, 3.0134177207946777, 3.0110154151916504, 3.014131784439087, 3.028088092803955, 3.0283548831939697, 3.0527048110961914, 3.0591702461242676, 3.0715246200561523, 3.074446439743042, 3.0938918590545654, 3.1016077995300293, 3.111018419265747, 3.134749412536621, 3.1452627182006836, 3.162153720855713, 3.1852316856384277, 3.206913948059082, 3.2270419597625732, 3.2600414752960205, 2.185859441757202, 2.1169841289520264, 2.111614227294922, 2.1140315532684326, 2.1401419639587402, 2.176210641860962, 2.1891677379608154, 2.2070698738098145, 2.2321343421936035, 2.2373709678649902, 2.2849674224853516, 2.3212461471557617, 2.3382387161254883, 2.3835511207580566, 2.41520357131958, 2.449363946914673, 2.468109130859375, 2.5159647464752197, 2.567002534866333, 1.5920555591583252, 1.5122820138931274, 1.5226004123687744, 1.5258736610412598, 1.5369577407836914, 1.5557405948638916, 1.556038737297058, 2.952885627746582, 3.048111915588379, 3.104856491088867, 3.150951623916626, 3.2385036945343018, 3.307119369506836, 3.412715196609497, 1.7937525510787964, 1.7664549350738525, 1.8038758039474487, 1.8079999685287476, 1.8454862833023071, inf, inf, inf, inf, inf, inf, inf, inf, inf, inf, inf, inf, inf, inf, inf, inf, inf, inf, inf, inf, inf, inf, inf, inf, inf, inf, inf, inf, inf, inf, inf, inf, inf, inf, inf, inf, inf, inf, inf, inf, inf, inf, inf, inf, inf, inf, inf, inf, inf, inf, inf, inf, inf, inf, inf, inf, inf, inf, inf, inf, inf, inf, inf, inf, inf, inf, inf, inf]),0.01749303564429283,3374788000000,
array('f', [inf, inf, inf, inf, inf, inf, inf, inf, inf, inf, inf, inf, inf, inf, inf, inf, inf, inf, inf, inf, inf, inf, inf, inf, inf, inf, inf, inf, inf, inf, inf, inf, inf, inf, inf, inf, inf, inf, inf, inf, inf, inf, inf, inf, inf, inf, inf, inf, inf, inf, inf, inf, inf, inf, inf, inf, inf, inf, inf, inf, inf, inf, inf, inf, inf, inf, inf, inf, inf, inf, inf, inf, inf, inf, inf, inf, inf, inf, inf, inf, inf, inf, inf, inf, inf, inf, inf, inf, inf, inf, inf, inf, inf, inf, inf, inf, inf, inf, inf, inf, inf, inf, inf, inf, inf, inf, inf, inf, inf, inf, inf, inf, inf, inf, inf, inf, inf, 3.5, 3.4747846126556396, 3.4557485580444336, 3.4357430934906006, 3.418517589569092, 3.396535634994507, 3.38175630569458, 3.3596558570861816, 3.3533101081848145, 3.3387649059295654, 3.334002733230591, 3.304903745651245, 3.2970826625823975, 3.304440975189209, 3.3072757720947266, 3.2820053100585938, 3.2975993156433105, 3.270578384399414, 3.2859137058258057, 3.265706777572632, 3.277458429336548, 3.2767975330352783, 3.2573986053466797, 3.2731223106384277, 3.2583446502685547, 3.2729930877685547, 3.286020278930664, 3.2936437129974365, 3.2963809967041016, 3.3002500534057617, 3.2981815338134766, 3.3203225135803223, 3.3184847831726074, 3.336313247680664, 3.361309289932251, 3.390228271484375, 3.3875832557678223, 3.3834896087646484, 3.435565233230591, 3.4610140323638916, 3.470578670501709, 3.5, inf, inf, inf, inf, inf, inf, inf, inf, inf, inf, inf, inf, 3.4788267612457275, 3.366281032562256, 3.2908787727355957, 3.1982076168060303, 3.1400563716888428, 3.0590286254882812, 2.9890756607055664, 2.9251742362976074, 2.9081530570983887, 2.8187382221221924, 2.776550769805908, 2.7232625484466553, 2.664458751678467, 2.6026315689086914, 2.5662643909454346, 2.5322399139404297, 2.4949209690093994, 2.46286678314209, 2.4255788326263428, 2.396998405456543, 2.373169422149658, 2.3329596519470215, 2.307821035385132, 2.2786941528320312, 2.26009202003479, 2.222475290298462, 2.2164793014526367, 2.174355983734131, 2.156770706176758, 2.1277339458465576, 2.106273651123047, 2.0831964015960693, 2.1070754528045654, 2.0737626552581787, 2.0620737075805664, 2.039362668991089, 2.020907402038574, 2.0005900859832764, 2.0027682781219482, 1.9815043210983276, 1.977497935295105, 1.9672675132751465, 1.9561434984207153, 1.9445468187332153, 1.9523433446884155, 1.9316678047180176, 1.9119986295700073, 1.936462163925171, 1.9308393001556396, 1.910901427268982, 1.921034574508667, 1.9097063541412354, 1.9249303340911865, 1.8941903114318848, 1.9043586254119873, 1.9135677814483643, 1.8795056343078613, 3.0181970596313477, 2.983708143234253, 2.9924418926239014, 3.0227255821228027, 3.0063230991363525, 3.0092151165008545, 3.0057013034820557, 3.023376703262329, 3.038818836212158, 3.033905029296875, 3.060997486114502, 3.0635502338409424, 3.081453561782837, 3.0769553184509277, 3.0989394187927246, 3.1186928749084473, 3.136728525161743, 3.15590238571167, 3.1598479747772217, 3.155378818511963, 3.1862480640411377, 3.236145496368408, 3.2347335815429688, 3.271864652633667, 2.1524572372436523, 2.0882456302642822, 2.117630958557129, 2.1429314613342285, 2.169010639190674, 2.188812494277954, 2.1999731063842773, 2.220141887664795, 2.2598142623901367, 2.2806694507598877, 2.3062422275543213, 2.3199894428253174, 2.364046096801758, 2.393362283706665, 2.4432013034820557, 2.4458112716674805, 2.493790626525879, 2.551048994064331, 1.5359745025634766, 1.5227599143981934, 1.5025542974472046, 1.5059493780136108, 1.5216373205184937, 1.550042986869812, 1.5395716428756714, 1.5589358806610107, 2.990812301635742, 3.0543408393859863, 3.1286332607269287, 3.1921565532684326, 3.2742583751678467, 3.3573269844055176, 1.7603145837783813, 1.7484370470046997, 1.7742866277694702, 1.8097516298294067, 1.820681095123291, inf, inf, inf, inf, inf, inf, inf, inf, inf, inf, inf, inf, inf, inf, inf, inf, inf, inf, inf, inf, inf, inf, inf, inf, inf, inf, inf, inf, inf, inf, inf, inf, inf, inf, inf, inf, inf, inf, inf, inf, inf, inf, inf, inf, inf, inf, inf, inf, inf, inf, inf, inf, inf, inf, inf, inf, inf, inf, inf, inf, inf, inf, inf, inf, inf, inf, inf, inf, inf, inf, inf]),0.01749303564429283,3374988000000,
array('f', [inf, inf, inf, inf, inf, inf, inf, inf, inf, inf, inf, inf, inf, inf, inf, inf, inf, inf, inf, inf, inf, inf, inf, inf, inf, inf, inf, inf, inf, inf, inf, inf, inf, inf, inf, inf, inf, inf, inf, inf, inf, inf, inf, inf, inf, inf, inf, inf, inf, inf, inf, inf, inf, inf, inf, inf, inf, inf, inf, inf, inf, inf, inf, inf, inf, inf, inf, inf, inf, inf, inf, inf, inf, inf, inf, inf, inf, inf, inf, inf, inf, inf, inf, inf, inf, inf, inf, inf, inf, inf, inf, inf, inf, inf, inf, inf, inf, inf, inf, inf, inf, inf, inf, inf, inf, inf, inf, inf, inf, inf, inf, inf, inf, inf, inf, inf, 3.470379114151001, 3.465435266494751, 3.4317495822906494, 3.429577112197876, 3.3949222564697266, 3.387882709503174, 3.360294818878174, 3.3705859184265137, 3.3634583950042725, 3.3490538597106934, 3.338144302368164, 3.3412296772003174, 3.293017625808716, 3.3140673637390137, 3.3064804077148438, 3.293248176574707, 3.2799549102783203, 3.276486396789551, 3.2822518348693848, 3.272385358810425, 3.2896549701690674, 3.287013053894043, 3.288924217224121, 3.2876029014587402, 3.2879905700683594, 3.288969039916992, 3.3026857376098633, 3.3021979331970215, 3.319965124130249, 3.326227903366089, 3.34027361869812, 3.3524956703186035, 3.351210832595825, 3.370539903640747, 3.3974030017852783, 3.3905768394470215, 3.4128613471984863, 3.4518954753875732, 3.4666755199432373, 3.4847781658172607, inf, inf, inf, inf, inf, inf, inf, inf, inf, inf, inf, inf, inf, 3.4533891677856445, 3.356116771697998, 3.2777910232543945, 3.206275701522827, 3.098299503326416, 3.050947427749634, 2.9832170009613037, 2.9379172325134277, 2.8921444416046143, 2.82853364944458, 2.7747788429260254, 2.7170703411102295, 2.67056941986084, 2.621539831161499, 2.5948567390441895, 2.546050786972046, 2.5051658153533936, 2.4808013439178467, 2.449934959411621, 2.3989641666412354, 2.3595340251922607, 2.338663101196289, 2.301276922225952, 2.2720947265625, 2.2570912837982178, 2.2307939529418945, 2.223473310470581, 2.1957836151123047, 2.1737141609191895, 2.1490211486816406, 2.1093156337738037, 2.112123727798462, 2.086212158203125, 2.0926578044891357, 2.0600061416625977, 2.0548362731933594, 2.0148303508758545, 2.0167078971862793, 2.004458427429199, 2.0162477493286133, 2.0034046173095703, 1.9712556600570679, 1.9792187213897705, 1.9477176666259766, 1.9569662809371948, 1.9533936977386475, 1.9416393041610718, 1.9411699771881104, 1.922990083694458, 1.9444903135299683, 1.9159711599349976, 1.9101959466934204, 1.9119173288345337, 1.9085043668746948, 1.9079574346542358, 1.9125216007232666, 3.023050546646118, 3.000164747238159, 3.0145423412323, 3.0129570960998535, 3.0085082054138184, 3.0199427604675293, 3.032097101211548, 3.0385236740112305, 3.030967950820923, 3.0403051376342773, 3.0463173389434814, 3.0565013885498047, 3.078798532485962, 3.0943784713745117, 3.112565279006958, 3.099541425704956, 3.1464314460754395, 3.1359992027282715, 3.155003786087036, 3.163848638534546, 3.1901495456695557, 3.2168564796447754, 3.2405591011047363, 3.25561785697937, 2.1929585933685303, 2.091398000717163, 2.126134157180786, 2.1396915912628174, 2.1796209812164307, 2.16938853263855, 2.1942882537841797, 2.220045804977417, 2.238800287246704, 2.276118278503418, 2.303356647491455, 2.330988645553589, 2.3509294986724854, 2.3774847984313965, 2.405344247817993, 2.43867826461792, 2.4812591075897217, 2.5162932872772217, 2.555929183959961, 1.508809208869934, 1.4836599826812744, 1.5023443698883057, 1.5184017419815063, 1.5177775621414185, 1.5323195457458496, 1.5516668558120728, 2.9660491943359375, 3.0116069316864014, 3.1075985431671143, 3.1617815494537354, 3.2288641929626465, 3.319817304611206, 1.6979469060897827, 1.7094310522079468, 1.742562174797058, 1.7977111339569092, 1.7971347570419312, inf, inf, inf, inf, inf, inf, inf, inf, inf, inf, inf, inf, inf, inf, inf, inf, inf, inf, inf, inf, inf, inf, inf, inf, inf, inf, inf, inf, inf, inf, inf, inf, inf, inf, inf, inf, inf, inf, inf, inf, inf, inf, inf, inf, inf, inf, inf, inf, inf, inf, inf, inf, inf, inf, inf, inf, inf, inf, inf, inf, inf, inf, inf, inf, inf, inf, inf, inf, inf, inf, inf, inf, inf, inf]),0.01749303564429283,3375188000000,
array('f', [inf, inf, inf, inf, inf, inf, inf, inf, inf, inf, inf, inf, inf, inf, inf, inf, inf, inf, inf, inf, inf, inf, inf, inf, inf, inf, inf, inf, inf, inf, inf, inf, inf, inf, inf, inf, inf, inf, inf, inf, inf, inf, inf, inf, inf, inf, inf, inf, inf, inf, inf, inf, inf, inf, inf, inf, inf, inf, inf, inf, inf, inf, inf, inf, inf, inf, inf, inf, inf, inf, inf, inf, inf, inf, inf, inf, inf, inf, inf, inf, inf, inf, inf, inf, inf, inf, inf, inf, inf, inf, inf, inf, inf, inf, inf, inf, inf, inf, inf, inf, inf, inf, inf, inf, inf, inf, inf, inf, inf, inf, inf, inf, inf, inf, 3.489978790283203, 3.47495436668396, 3.445866107940674, 3.4269213676452637, 3.395371437072754, 3.37231707572937, 3.359740972518921, 3.3801114559173584, 3.3599047660827637, 3.3248164653778076, 3.3391644954681396, 3.303004741668701, 3.3286821842193604, 3.3155596256256104, 3.3046791553497314, 3.3010025024414062, 3.2954938411712646, 3.3015811443328857, 3.295372247695923, 3.297511100769043, 3.296980857849121, 3.2940423488616943, 3.2963154315948486, 3.301193952560425, 3.299342632293701, 3.3023149967193604, 3.3246631622314453, 3.30550217628479, 3.329968214035034, 3.3464770317077637, 3.3542888164520264, 3.368849754333496, 3.3711538314819336, 3.393568515777588, 3.401505708694458, 3.415835380554199, 3.429401397705078, 3.448552131652832, 3.484769821166992, 3.5, inf, inf, inf, inf, inf, inf, inf, inf, inf, inf, inf, inf, inf, 3.443255662918091, 3.353792190551758, 3.275463342666626, 3.188239336013794, 3.1238250732421875, 3.0517516136169434, 2.9914939403533936, 2.9231088161468506, 2.8661444187164307, 2.8063831329345703, 2.7673637866973877, 2.680328607559204, 2.6706840991973877, 2.629427433013916, 2.605342149734497, 2.5403761863708496, 2.493378162384033, 2.4579288959503174, 2.4308011531829834, 2.4010777473449707, 2.3753762245178223, 2.3290162086486816, 2.322861909866333, 2.2936713695526123, 2.2458744049072266, 2.222400665283203, 2.2168331146240234, 2.2044968605041504, 2.1709094047546387, 2.1626930236816406, 2.130525588989258, 2.107895612716675, 2.10129976272583, 2.095459222793579, 2.060135841369629, 2.0598809719085693, 2.034794569015503, 2.0212109088897705, 2.010385274887085, 2.0091583728790283, 1.9905561208724976, 1.9813902378082275, 1.9704759120941162, 1.9467111825942993, 1.9498661756515503, 1.941101312637329, 1.9605742692947388, 1.9383044242858887, 1.9504908323287964, 1.9448812007904053, 1.9284051656723022, 1.9369066953659058, 1.9420640468597412, 1.925980806350708, 1.9095865488052368, 1.9059295654296875, 3.0166866779327393, 3.0405304431915283, 3.006362199783325, 2.9996681213378906, 3.0274462699890137, 3.0259292125701904, 3.045171022415161, 3.0355629920959473, 3.041304111480713, 3.0609817504882812, 3.0674479007720947, 3.0668094158172607, 3.0899038314819336, 3.08915638923645, 3.110332489013672, 3.1293296813964844, 3.157386302947998, 3.153965711593628, 3.1822752952575684, 3.18574857711792, 3.206744432449341, 3.21799373626709, 3.249555826187134, 2.223707675933838, 2.1458780765533447, 2.11966872215271, 2.1224937438964844, 2.143982172012329, 2.1694679260253906, 2.190598487854004, 2.2113637924194336, 2.246742010116577, 2.2773139476776123, 2.2930166721343994, 2.327521800994873, 2.343480110168457, 2.3645260334014893, 2.404543161392212, 2.4202256202697754, 2.4663097858428955, 2.5085904598236084, 2.5436208248138428, 1.5401325225830078, 1.4746193885803223, 1.4817562103271484, 1.4844962358474731, 1.4950939416885376, 1.5040552616119385, 1.5388942956924438, 1.5430045127868652, 2.994112968444824, 3.0650312900543213, 3.099640130996704, 3.2002575397491455, 1.6735273599624634, 1.678377389907837, 1.6945912837982178, 1.7363649606704712, 1.743676781654358, inf, inf, inf, inf, inf, inf, inf, inf, inf, inf, inf, inf, inf, inf, inf, inf, inf, inf, inf, inf, inf, inf, inf, inf, inf, inf, inf, inf, inf, inf, inf, inf, inf, inf, inf, inf, inf, inf, inf, inf, inf, inf, inf, inf, inf, inf, inf, inf, inf, inf, inf, inf, inf, inf, inf, inf, inf, inf, inf, inf, inf, inf, inf, inf, inf, inf, inf, inf, inf, inf, inf, inf, inf, inf, inf, inf, inf, inf]),0.01749303564429283,3375388000000,
array('f', [inf, inf, inf, inf, inf, inf, inf, inf, inf, inf, inf, inf, inf, inf, inf, inf, inf, inf, inf, inf, inf, inf, inf, inf, inf, inf, inf, inf, inf, inf, inf, inf, inf, inf, inf, inf, inf, inf, inf, inf, inf, inf, inf, inf, inf, inf, inf, inf, inf, inf, inf, inf, inf, inf, inf, inf, inf, inf, inf, inf, inf, inf, inf, inf, inf, inf, inf, inf, inf, inf, inf, inf, inf, inf, inf, inf, inf, inf, inf, inf, inf, inf, inf, inf, inf, inf, inf, inf, inf, inf, inf, inf, inf, inf, inf, inf, inf, inf, inf, inf, inf, inf, inf, inf, inf, inf, inf, inf, inf, inf, inf, inf, 3.4810097217559814, 3.452699899673462, 3.4519596099853516, 3.423666000366211, 3.411616086959839, 3.385615110397339, 3.370771646499634, 3.371936321258545, 3.3421194553375244, 3.3381142616271973, 3.3432912826538086, 3.3361282348632812, 3.309699296951294, 3.3224830627441406, 3.3192617893218994, 3.29080867767334, 3.286755084991455, 3.3089308738708496, 3.3003733158111572, 3.302969217300415, 3.302962303161621, 3.3022849559783936, 3.298356771469116, 3.3212196826934814, 3.3083841800689697, 3.311051607131958, 3.333855152130127, 3.3279099464416504, 3.3295786380767822, 3.3546104431152344, 3.3777806758880615, 3.3710243701934814, 3.3956081867218018, 3.3991682529449463, 3.4125173091888428, 3.4139983654022217, 3.4584152698516846, 3.4886112213134766, 3.4755330085754395, inf, inf, inf, inf, inf, inf, inf, inf, inf, inf, inf, inf, inf, inf, 3.407501697540283, 3.333315134048462, 3.251781702041626, 3.1876862049102783, 3.1079514026641846, 3.056861400604248, 2.9779703617095947, 2.9066720008850098, 2.8531596660614014, 2.8009464740753174, 2.7645838260650635, 2.7096731662750244, 2.652090072631836, 2.6140012741088867, 2.585500955581665, 2.54777193069458, 2.510446786880493, 2.4763379096984863, 2.435357093811035, 2.382300853729248, 2.376530170440674, 2.329282760620117, 2.3130273818969727, 2.2914600372314453, 2.2741575241088867, 2.2314016819000244, 2.2075576782226562, 2.180696487426758, 2.1560637950897217, 2.1456668376922607, 2.141690731048584, 2.124807596206665, 2.1065421104431152, 2.0835907459259033, 2.05660080909729, 2.0551507472991943, 2.0081722736358643, 2.0279595851898193, 2.0241026878356934, 2.020347833633423, 2.0009357929229736, 2.003161668777466, 1.9786970615386963, 1.9679207801818848, 1.9773269891738892, 1.9517204761505127, 1.9580239057540894, 1.9509243965148926, 1.936452031135559, 1.9376286268234253, 1.9251587390899658, 1.9231394529342651, 1.9174288511276245, 1.9444103240966797, 1.93051278591156, 3.008988380432129, 3.015599012374878, 3.030360221862793, 3.016171932220459, 3.0275862216949463, 3.0309031009674072, 3.0501091480255127, 3.040393590927124, 3.051302194595337, 3.059868812561035, 3.0626542568206787, 3.0909674167633057, 3.0837464332580566, 3.0930094718933105, 3.109787702560425, 3.118150234222412, 3.149383544921875, 3.138745069503784, 3.150688886642456, 3.1845667362213135, 3.1914212703704834, 3.2041985988616943, 3.2311346530914307, 3.2551488876342773, 2.18896484375, 2.126552104949951, 2.124509572982788, 2.125509262084961, 2.1639535427093506, 2.1985228061676025, 2.195880174636841, 2.2329719066619873, 2.2624356746673584, 2.2815120220184326, 2.2989699840545654, 2.334750175476074, 2.367168664932251, 2.385023593902588, 2.4082846641540527, 2.4403085708618164, 2.4803757667541504, 2.5338547229766846, 2.5648257732391357, 1.4944818019866943, 1.4752775430679321, 1.4824007749557495, 1.4830162525177002, 1.499117374420166, 1.5040079355239868, 1.5543262958526611, 2.952094078063965, 3.0256855487823486, 1.6070876121520996, 1.6444735527038574, 1.6333646774291992, 1.6565666198730469, 1.6760791540145874, 1.7081679105758667, inf, inf, inf, inf, inf, inf, inf, inf, inf, inf, inf, inf, inf, inf, inf, inf, inf, inf, inf, inf, inf, inf, inf, inf, inf, inf, inf, inf, inf, inf, inf, inf, inf, inf, inf, inf, inf, inf, inf, inf, inf, inf, inf, inf, inf, inf, inf, inf, inf, inf, inf, inf, inf, inf, inf, inf, inf, inf, inf, inf, inf, inf, inf, inf, inf, inf, inf, inf, inf, inf, inf, inf, inf, inf, inf, inf, inf, inf, inf, inf, inf, inf]),0.01749303564429283,3375588000000,
array('f', [inf, inf, inf, inf, inf, inf, inf, inf, inf, inf, inf, inf, inf, inf, inf, inf, inf, inf, inf, inf, inf, inf, inf, inf, inf, inf, inf, inf, inf, inf, inf, inf, inf, inf, inf, inf, inf, inf, inf, inf, inf, inf, inf, inf, inf, inf, inf, inf, inf, inf, inf, inf, inf, inf, inf, inf, inf, inf, inf, inf, inf, inf, inf, inf, inf, inf, inf, inf, inf, inf, inf, inf, inf, inf, inf, inf, inf, inf, inf, inf, inf, inf, inf, inf, inf, inf, inf, inf, inf, inf, inf, inf, inf, inf, inf, inf, inf, inf, inf, inf, inf, inf, inf, inf, inf, inf, inf, inf, inf, inf, 3.4690866470336914, 3.473288059234619, 3.4281694889068604, 3.444993495941162, 3.407806158065796, 3.3960235118865967, 3.39684796333313, 3.377397298812866, 3.379136085510254, 3.3499464988708496, 3.3295235633850098, 3.347846508026123, 3.337862730026245, 3.312089204788208, 3.3310208320617676, 3.2931530475616455, 3.292511224746704, 3.307619333267212, 3.2965617179870605, 3.307534694671631, 3.304896593093872, 3.3014562129974365, 3.2964096069335938, 3.309908151626587, 3.318726062774658, 3.3397650718688965, 3.338937759399414, 3.331796884536743, 3.3472506999969482, 3.3506064414978027, 3.3768720626831055, 3.402283191680908, 3.399299144744873, 3.428887128829956, 3.4505152702331543, 3.456225633621216, 3.4686408042907715, 3.4756200313568115, inf, inf, inf, inf, inf, inf, inf, inf, inf, inf, inf, inf, inf, inf, 3.489572048187256, 3.4103572368621826, 3.315885305404663, 3.241443634033203, 3.180680751800537, 3.0932931900024414, 3.0263512134552, 2.966334819793701, 2.912397623062134, 2.853334903717041, 2.820810556411743, 2.758796453475952, 2.7031409740448, 2.67000675201416, 2.6055164337158203, 2.574855327606201, 2.519641399383545, 2.515519142150879, 2.4654202461242676, 2.4287054538726807, 2.4253835678100586, 2.3763787746429443, 2.3234145641326904, 2.315004348754883, 2.291404962539673, 2.2588515281677246, 2.227768898010254, 2.221069812774658, 2.199266195297241, 2.17170786857605, 2.1661062240600586, 2.1208322048187256, 2.1289613246917725, 2.0894103050231934, 2.0970818996429443, 2.069981098175049, 2.0400283336639404, 2.0371034145355225, 2.0226171016693115, 2.004551410675049, 2.0110394954681396, 2.014690637588501, 1.9866273403167725, 1.9898724555969238, 1.9775127172470093, 1.9715297222137451, 1.9735093116760254, 1.9506622552871704, 1.9395474195480347, 1.9479632377624512, 1.938575029373169, 1.9437265396118164, 1.9422897100448608, 1.9412795305252075, 1.9379347562789917, 1.9214650392532349, 3.0291121006011963, 3.039362907409668, 3.035090208053589, 3.019357204437256, 3.047682762145996, 3.0490200519561768, 3.020104169845581, 3.0528104305267334, 3.0467119216918945, 3.0764784812927246, 3.0640814304351807, 3.0832676887512207, 3.0954489707946777, 3.094102621078491, 3.1060664653778076, 3.1058449745178223, 3.1420791149139404, 3.160959243774414, 3.1782634258270264, 3.1979589462280273, 3.2211899757385254, 3.223710060119629, 3.267272472381592, 2.217137098312378, 2.1390557289123535, 2.137878894805908, 2.1388869285583496, 2.1592493057250977, 2.1861941814422607, 2.1965508460998535, 2.2023379802703857, 2.236196756362915, 2.26208233833313, 2.290381669998169, 2.3134384155273438, 2.333261251449585, 2.375501871109009, 2.4173102378845215, 2.447972297668457, 2.4569168090820312, 2.4962847232818604, 2.537567138671875, 1.5035017728805542, 1.4849859476089478, 1.4765998125076294, 1.486559271812439, 1.4639339447021484, 1.5111634731292725, 1.505651593208313, 1.5339363813400269, 1.5852717161178589, 1.5850189924240112, 1.6233755350112915, 1.641904592514038, 1.6486841440200806, 1.657285213470459, 3.432793378829956, inf, inf, inf, inf, inf, inf, inf, inf, inf, inf, inf, inf, inf, inf, inf, inf, inf, inf, inf, inf, inf, inf, inf, inf, inf, inf, inf, inf, inf, inf, inf, inf, inf, inf, inf, inf, inf, inf, inf, inf, inf, inf, inf, inf, inf, inf, inf, inf, inf, inf, inf, inf, inf, inf, inf, inf, inf, inf, inf, inf, inf, inf, inf, inf, inf, inf, inf, inf, inf, inf, inf, inf, inf, inf, inf, inf, inf, inf, inf, inf, inf, inf, inf, inf, inf]),0.01749303564429283,3375788000000,
array('f', [inf, inf, inf, inf, inf, inf, inf, inf, inf, inf, inf, inf, inf, inf, inf, inf, inf, inf, inf, inf, inf, inf, inf, inf, inf, inf, inf, inf, inf, inf, inf, inf, inf, inf, inf, inf, inf, inf, inf, inf, inf, inf, inf, inf, inf, inf, inf, inf, inf, inf, inf, inf, inf, inf, inf, inf, inf, inf, inf, inf, inf, inf, inf, inf, inf, inf, inf, inf, inf, inf, inf, inf, inf, inf, inf, inf, inf, inf, inf, inf, inf, inf, inf, inf, inf, inf, inf, inf, inf, inf, inf, inf, inf, inf, inf, inf, inf, inf, inf, inf, inf, inf, inf, inf, inf, inf, inf, inf, 3.4987943172454834, 3.479234457015991, 3.4672391414642334, 3.4426677227020264, 3.424267053604126, 3.3974196910858154, 3.401970624923706, 3.375211238861084, 3.3741633892059326, 3.3637466430664062, 3.3474197387695312, 3.3234755992889404, 3.3381359577178955, 3.3185272216796875, 3.3164479732513428, 3.2972919940948486, 3.317981481552124, 3.3069803714752197, 3.3151004314422607, 3.309767007827759, 3.304638624191284, 3.3020877838134766, 3.329178810119629, 3.327564239501953, 3.324846029281616, 3.3493282794952393, 3.3577466011047363, 3.3401803970336914, 3.3605597019195557, 3.3627681732177734, 3.372265338897705, 3.4009692668914795, 3.3949270248413086, 3.417710304260254, 3.449976921081543, 3.465135097503662, 3.479088068008423, 3.488156318664551, inf, inf, inf, inf, inf, inf, inf, inf, inf, inf, inf, inf, inf, inf, 3.4780285358428955, 3.4000585079193115, 3.3166017532348633, 3.2255823612213135, 3.1614015102386475, 3.0885987281799316, 3.037142276763916, 2.948186159133911, 2.9202375411987305, 2.8521511554718018, 2.8101725578308105, 2.745307683944702, 2.695323944091797, 2.656501054763794, 2.6099421977996826, 2.578331708908081, 2.5272116661071777, 2.5012502670288086, 2.487031936645508, 2.43725323677063, 2.3799660205841064, 2.372986316680908, 2.3441779613494873, 2.316547155380249, 2.284308910369873, 2.278212785720825, 2.2390620708465576, 2.2005324363708496, 2.1991889476776123, 2.1779801845550537, 2.159329652786255, 2.139233350753784, 2.129340887069702, 2.1118886470794678, 2.080904960632324, 2.077923059463501, 2.0599043369293213, 2.043304681777954, 2.0376334190368652, 2.04038667678833, 2.0287625789642334, 2.007911443710327, 1.9844504594802856, 1.9894267320632935, 1.9899624586105347, 1.9737720489501953, 1.9823590517044067, 1.9641002416610718, 1.956963062286377, 1.9430378675460815, 1.9505442380905151, 1.9485340118408203, 1.9502850770950317, 1.9433372020721436, 1.9224821329116821, 3.026231288909912, 3.037245988845825, 3.0250489711761475, 3.0341081619262695, 3.0463905334472656, 3.038831949234009, 3.066159248352051, 3.049429416656494, 3.0741281509399414, 3.0638601779937744, 3.069849729537964, 3.072291851043701, 3.081221580505371, 3.1049792766571045, 3.124542236328125, 3.122450113296509, 3.121443748474121, 3.154102325439453, 3.1551828384399414, 3.2029154300689697, 3.2118406295776367, 3.2150630950927734, 3.254279851913452, 3.2867579460144043, 2.205521583557129, 2.1213955879211426, 2.1290383338928223, 2.1516778469085693, 2.1887850761413574, 2.195408582687378, 2.219390630722046, 2.212791681289673, 2.2674849033355713, 2.2851614952087402, 2.326256513595581, 2.3248109817504883, 2.353188991546631, 2.3929035663604736, 2.4252212047576904, 2.438904047012329, 2.4803481101989746, 2.529712438583374, 2.5656869411468506, 1.4898875951766968, 1.4618099927902222, 1.4607089757919312, 1.4771021604537964, 1.4766753911972046, 1.5101531744003296, 1.4999792575836182, 1.5763503313064575, 1.5903339385986328, 1.5921714305877686, 1.6151694059371948, 1.6394253969192505, 3.2794651985168457, 3.3722164630889893, 3.4734983444213867, inf, inf, inf, inf, inf, inf, inf, inf, inf, inf, inf, inf, inf, inf, inf, inf, inf, inf, inf, inf, inf, inf, inf, inf, inf, inf, inf, inf, inf, inf, inf, inf, inf, inf, inf, inf, inf, inf, inf, inf, inf, inf, inf, inf, inf, inf, inf, inf, inf, inf, inf, inf, inf, inf, inf, inf, inf, inf, inf, inf, inf, inf, inf, inf, inf, inf, inf, inf, inf, inf, inf, inf, inf, inf, inf, inf, inf, inf, inf, inf, inf, inf, inf, inf, inf, inf, inf]),0.01749303564429283,3375988000000,
array('f', [inf, inf, inf, inf, inf, inf, inf, inf, inf, inf, inf, inf, inf, inf, inf, inf, inf, inf, inf, inf, inf, inf, inf, inf, inf, inf, inf, inf, inf, inf, inf, inf, inf, inf, inf, inf, inf, inf, inf, inf, inf, inf, inf, inf, inf, inf, inf, inf, inf, inf, inf, inf, inf, inf, inf, inf, inf, inf, inf, inf, inf, inf, inf, inf, inf, inf, inf, inf, inf, inf, inf, inf, inf, inf, inf, inf, inf, inf, inf, inf, inf, inf, inf, inf, inf, inf, inf, inf, inf, inf, inf, inf, inf, inf, inf, inf, inf, inf, inf, inf, inf, inf, inf, inf, inf, inf, 3.5, 3.4840919971466064, 3.4412739276885986, 3.4297893047332764, 3.418377161026001, 3.4071006774902344, 3.3821678161621094, 3.3953659534454346, 3.374051094055176, 3.353992462158203, 3.358696937561035, 3.34578800201416, 3.3364460468292236, 3.3218603134155273, 3.3285973072052, 3.305272340774536, 3.3203189373016357, 3.3258602619171143, 3.3264429569244385, 3.314655065536499, 3.313796043395996, 3.319483757019043, 3.3300321102142334, 3.329669713973999, 3.342177391052246, 3.354623556137085, 3.3539657592773438, 3.3461709022521973, 3.381904363632202, 3.397582769393921, 3.397722005844116, 3.3996617794036865, 3.4156107902526855, 3.435131311416626, 3.452613592147827, 3.4593636989593506, 3.4851832389831543, inf, inf, inf, inf, inf, inf, inf, inf, inf, inf, inf, inf, inf, inf, inf, 3.4587769508361816, 3.3901076316833496, 3.292942762374878, 3.240689516067505, 3.145901918411255, 3.091201066970825, 3.018603801727295, 2.9660167694091797, 2.9070591926574707, 2.8571550846099854, 2.8093013763427734, 2.7611806392669678, 2.710653066635132, 2.6501543521881104, 2.600425958633423, 2.5997743606567383, 2.559069871902466, 2.51056170463562, 2.4600141048431396, 2.4200599193573, 2.4081907272338867, 2.3558640480041504, 2.345201253890991, 2.313289165496826, 2.2889692783355713, 2.2572810649871826, 2.225531816482544, 2.199899435043335, 2.2083821296691895, 2.176619052886963, 2.151517868041992, 2.152184247970581, 2.1416075229644775, 2.1181952953338623, 2.1055350303649902, 2.0852620601654053, 2.0621585845947266, 2.0675761699676514, 2.0361392498016357, 2.0364577770233154, 2.0193300247192383, 2.0155086517333984, 2.012399911880493, 2.003878116607666, 1.9897420406341553, 1.9925634860992432, 1.964532494544983, 1.9655569791793823, 1.9697483777999878, 1.9648640155792236, 1.9754375219345093, 1.9659957885742188, 1.9667599201202393, 1.942625880241394, 1.939795970916748, 3.04093074798584, 3.019728660583496, 3.0311484336853027, 3.0527942180633545, 3.032952308654785, 3.0623385906219482, 3.051856279373169, 3.0487616062164307, 3.0593678951263428, 3.0701539516448975, 3.077761173248291, 3.109436511993408, 3.1002495288848877, 3.1372148990631104, 3.1319024562835693, 3.168272018432617, 3.152113437652588, 3.1641199588775635, 3.2038352489471436, 3.2142996788024902, 3.237635612487793, 3.225708246231079, 3.2754366397857666, 2.2355895042419434, 2.1365888118743896, 2.134263277053833, 2.14373517036438, 2.173435926437378, 2.1848013401031494, 2.2185966968536377, 2.2201128005981445, 2.246753454208374, 2.272324323654175, 2.295978546142578, 2.3213822841644287, 2.3592424392700195, 2.384965419769287, 2.422797441482544, 2.451359510421753, 2.4585447311401367, 2.503957986831665, 2.541438579559326, 1.4767009019851685, 1.4799566268920898, 1.4566682577133179, 1.464962363243103, 1.4863287210464478, 1.5048049688339233, 1.5084444284439087, 1.5152689218521118, 1.568495273590088, 1.5758477449417114, 1.5997920036315918, 3.1842169761657715, 3.2424631118774414, 3.3159353733062744, 3.4224889278411865, inf, inf, inf, inf, inf, inf, inf, inf, inf, inf, inf, inf, inf, inf, inf, inf, inf, inf, inf, inf, inf, inf, inf, inf, inf, inf, inf, inf, inf, inf, inf, inf, inf, inf, inf, inf, inf, inf, inf, inf, inf, inf, inf, inf, inf, inf, inf, inf, inf, inf, inf, inf, inf, inf, inf, inf, inf, inf, inf, inf, inf, inf, inf, inf, inf, inf, inf, inf, inf, inf, inf, inf, inf, inf, inf, inf, inf, inf, inf, inf, inf, inf, inf, inf, inf, inf, inf, inf, inf, inf]),0.01749303564429283,3376188000000,
array('f', [inf, inf, inf, inf, inf, inf, inf, inf, inf, inf, inf, inf, inf, inf, inf, inf, inf, inf, inf, inf, inf, inf, inf, inf, inf, inf, inf, inf, inf, inf, inf, inf, inf, inf, inf, inf, inf, inf, inf, inf, inf, inf, inf, inf, inf, inf, inf, inf, inf, inf, inf, inf, inf, inf, inf, inf, inf, inf, inf, inf, inf, inf, inf, inf, inf, inf, inf, inf, inf, inf, inf, inf, inf, inf, inf, inf, inf, inf, inf, inf, inf, inf, inf, inf, inf, inf, inf, inf, inf, inf, inf, inf, inf, inf, inf, inf, inf, inf, inf, inf, inf, inf, inf, inf, 3.5, 3.4844841957092285, 3.4500174522399902, 3.4282567501068115, 3.4514403343200684, 3.4065685272216797, 3.3967814445495605, 3.3904871940612793, 3.3666253089904785, 3.357469081878662, 3.3694231510162354, 3.353912115097046, 3.336395502090454, 3.3429081439971924, 3.332184076309204, 3.3072643280029297, 3.3185479640960693, 3.321195363998413, 3.3279740810394287, 3.3321125507354736, 3.3293395042419434, 3.3348844051361084, 3.3340747356414795, 3.3353137969970703, 3.344069004058838, 3.3700196743011475, 3.3554153442382812, 3.3653576374053955, 3.396775007247925, 3.384451150894165, 3.3921196460723877, 3.413545846939087, 3.4421963691711426, 3.4249236583709717, 3.461271286010742, 3.4837589263916016, inf, inf, inf, inf, inf, inf, inf, inf, inf, inf, inf, inf, inf, inf, inf, inf, 3.462644577026367, 3.373774766921997, 3.3003571033477783, 3.2276370525360107, 3.140733003616333, 3.087226152420044, 3.0183372497558594, 2.9571022987365723, 2.892756700515747, 2.8507497310638428, 2.777815103530884, 2.7407257556915283, 2.7100908756256104, 2.6621310710906982, 2.617302894592285, 2.585860252380371, 2.5242602825164795, 2.509577512741089, 2.472872495651245, 2.4262917041778564, 2.3953399658203125, 2.3583755493164062, 2.3547661304473877, 2.3298025131225586, 2.3033640384674072, 2.253535032272339, 2.2127022743225098, 2.211545467376709, 2.1980414390563965, 2.177496910095215, 2.158451795578003, 2.1527533531188965, 2.13643217086792, 2.0976104736328125, 2.093738555908203, 2.1080241203308105, 2.0841212272644043, 2.0566601753234863, 2.0677433013916016, 2.0354490280151367, 2.0267856121063232, 2.0236475467681885, 2.0105433464050293, 2.0207595825195312, 1.9812705516815186, 2.0007853507995605, 1.974364995956421, 1.9678188562393188, 1.9736523628234863, 1.9633358716964722, 1.9738010168075562, 1.9646382331848145, 1.9462614059448242, 1.9514087438583374, 3.0576963424682617, 3.051802635192871, 3.058809995651245, 3.0548975467681885, 3.066053867340088, 3.070831298828125, 3.0676748752593994, 3.0652427673339844, 3.0783488750457764, 3.0977210998535156, 3.0868680477142334, 3.096781015396118, 3.1117143630981445, 3.1195740699768066, 3.125014066696167, 3.125568151473999, 3.154778242111206, 3.1583006381988525, 3.191444158554077, 3.2057619094848633, 3.2152669429779053, 3.2387897968292236, 3.2427570819854736, 3.2770092487335205, 2.181299924850464, 2.130089044570923, 2.1437466144561768, 2.1749258041381836, 2.191796064376831, 2.203035593032837, 2.228503942489624, 2.242825746536255, 2.26520037651062, 2.2889482975006104, 2.3131814002990723, 2.341578722000122, 2.370453357696533, 2.3818042278289795, 2.4137938022613525, 2.4565377235412598, 2.504157781600952, 2.5363776683807373, 1.5103479623794556, 1.473681926727295, 1.4525853395462036, 1.4638727903366089, 1.4936459064483643, 1.49505615234375, 1.5149776935577393, 1.4990134239196777, 1.5748462677001953, 1.5965120792388916, 1.590290904045105, 3.1393823623657227, 3.2019410133361816, 3.2929325103759766, 3.3505256175994873, 3.449537992477417, inf, inf, inf, inf, inf, inf, inf, inf, inf, inf, inf, inf, inf, inf, inf, inf, inf, inf, inf, inf, inf, inf, inf, inf, inf, inf, inf, inf, inf, inf, inf, inf, inf, inf, inf, inf, inf, inf, inf, inf, inf, inf, inf, inf, inf, inf, inf, inf, inf, inf, inf, inf, inf, inf, inf, inf, inf, inf, inf, inf, inf, inf, inf, inf, inf, inf, inf, inf, inf, inf, inf, inf, inf, inf, inf, inf, inf, inf, inf, inf, inf, inf, inf, inf, inf, inf, inf, inf, inf, inf, inf, inf]),0.01749303564429283,3376388000000,
array('f', [inf, inf, inf, inf, inf, inf, inf, inf, inf, inf, inf, inf, inf, inf, inf, inf, inf, inf, inf, inf, inf, inf, inf, inf, inf, inf, inf, inf, inf, inf, inf, inf, inf, inf, inf, inf, inf, inf, inf, inf, inf, inf, inf, inf, inf, inf, inf, inf, inf, inf, inf, inf, inf, inf, inf, inf, inf, inf, inf, inf, inf, inf, inf, inf, inf, inf, inf, inf, inf, inf, inf, inf, inf, inf, inf, inf, inf, inf, inf, inf, inf, inf, inf, inf, inf, inf, inf, inf, inf, inf, inf, inf, inf, inf, inf, inf, inf, inf, inf, inf, inf, inf, 3.491100549697876, 3.47713041305542, 3.4504125118255615, 3.444288730621338, 3.437509059906006, 3.395773410797119, 3.3871359825134277, 3.3812735080718994, 3.366588592529297, 3.3667290210723877, 3.345770835876465, 3.3536570072174072, 3.337254762649536, 3.340898036956787, 3.3457233905792236, 3.3472139835357666, 3.3411574363708496, 3.3452541828155518, 3.3417491912841797, 3.3353254795074463, 3.338921546936035, 3.339542865753174, 3.335219621658325, 3.3299646377563477, 3.3672585487365723, 3.3706307411193848, 3.354966640472412, 3.3589866161346436, 3.3894598484039307, 3.4056556224823, 3.412848472595215, 3.4286117553710938, 3.462517023086548, 3.4622104167938232, 3.486813545227051, 3.5, inf, inf, inf, inf, inf, inf, inf, inf, inf, inf, inf, inf, inf, inf, inf, inf, 3.4596123695373535, 3.3573360443115234, 3.2920820713043213, 3.217966318130493, 3.151590347290039, 3.085789918899536, 3.0100138187408447, 2.957709312438965, 2.9052443504333496, 2.847228527069092, 2.789052724838257, 2.747469663619995, 2.7147607803344727, 2.673656940460205, 2.594865083694458, 2.5618896484375, 2.5272538661956787, 2.5021681785583496, 2.46704363822937, 2.4547646045684814, 2.3916423320770264, 2.3811707496643066, 2.3615384101867676, 2.3222880363464355, 2.3079307079315186, 2.2680232524871826, 2.245732307434082, 2.2221951484680176, 2.203763484954834, 2.196885347366333, 2.1742465496063232, 2.1438353061676025, 2.1290647983551025, 2.1194448471069336, 2.1086843013763428, 2.081860065460205, 2.0798885822296143, 2.0671746730804443, 2.0523691177368164, 2.0557806491851807, 2.029148578643799, 2.0157411098480225, 2.027174711227417, 2.0342485904693604, 1.9997344017028809, 1.996164083480835, 1.992095947265625, 1.9798941612243652, 1.9780611991882324, 1.9871196746826172, 1.978675365447998, 1.951101541519165, 1.948672890663147, 1.9664040803909302, 3.0644538402557373, 3.0394375324249268, 3.0469210147857666, 3.0542080402374268, 3.064053773880005, 3.066190242767334, 3.0813612937927246, 3.0704588890075684, 3.101116895675659, 3.087944269180298, 3.124621629714966, 3.1051740646362305, 3.1061384677886963, 3.1541340351104736, 3.1355717182159424, 3.1576523780822754, 3.1721749305725098, 3.1825032234191895, 3.2029733657836914, 3.207879066467285, 3.2483456134796143, 3.272705078125, 3.2775275707244873, 2.235398530960083, 2.1384334564208984, 2.151017665863037, 2.149183511734009, 2.1902124881744385, 2.1906871795654297, 2.216411590576172, 2.2326693534851074, 2.2697181701660156, 2.28389835357666, 2.298029661178589, 2.338658094406128, 2.3598453998565674, 2.413086175918579, 2.418375015258789, 2.446523427963257, 2.5025851726531982, 2.534231185913086, 1.5356310606002808, 1.4715176820755005, 1.475569248199463, 1.4583690166473389, 1.4854027032852173, 1.4892983436584473, 1.501567006111145, 1.5170973539352417, 1.563896894454956, 1.5774598121643066, 1.6035759449005127, 3.096330404281616, 3.1978914737701416, 3.2473502159118652, 3.3180058002471924, 3.4290709495544434, inf, inf, inf, inf, inf, inf, inf, inf, inf, inf, inf, inf, inf, inf, inf, inf, inf, inf, inf, inf, inf, inf, inf, inf, inf, inf, inf, inf, inf, inf, inf, inf, inf, inf, inf, inf, inf, inf, inf, inf, inf, inf, inf, inf, inf, inf, inf, inf, inf, inf, inf, inf, inf, inf, inf, inf, inf, inf, inf, inf, inf, inf, inf, inf, inf, inf, inf, inf, inf, inf, inf, inf, inf, inf, inf, inf, inf, inf, inf, inf, inf, inf, inf, inf, inf, inf, inf, inf, inf, inf, inf, inf, inf, inf, inf]),0.01749303564429283,3376588000000,
array('f', [inf, inf, inf, inf, inf, inf, inf, inf, inf, inf, inf, inf, inf, inf, inf, inf, inf, inf, inf, inf, inf, inf, inf, inf, inf, inf, inf, inf, inf, inf, inf, inf, inf, inf, inf, inf, inf, inf, inf, inf, inf, inf, inf, inf, inf, inf, inf, inf, inf, inf, inf, inf, inf, inf, inf, inf, inf, inf, inf, inf, inf, inf, inf, inf, inf, inf, inf, inf, inf, inf, inf, inf, inf, inf, inf, inf, inf, inf, inf, inf, inf, inf, inf, inf, inf, inf, inf, inf, inf, inf, inf, inf, inf, inf, inf, inf, inf, inf, inf, inf, 3.487262487411499, 3.494110107421875, 3.459294557571411, 3.4538350105285645, 3.4317359924316406, 3.423316478729248, 3.4084601402282715, 3.3894574642181396, 3.3736956119537354, 3.386701822280884, 3.3621985912323, 3.3811535835266113, 3.356842279434204, 3.3673195838928223, 3.3628687858581543, 3.359685182571411, 3.3340392112731934, 3.3436670303344727, 3.3417093753814697, 3.3529255390167236, 3.352882146835327, 3.3390583992004395, 3.3487277030944824, 3.353851318359375, 3.3567352294921875, 3.374049186706543, 3.389573335647583, 3.3894386291503906, 3.4039196968078613, 3.4118402004241943, 3.419748544692993, 3.423302412033081, 3.4623875617980957, 3.479029893875122, 3.495720148086548, inf, inf, inf, inf, inf, inf, inf, inf, inf, inf, inf, inf, inf, inf, inf, inf, inf, 3.4569990634918213, 3.373281955718994, 3.2951910495758057, 3.233994483947754, 3.157749652862549, 3.0731194019317627, 3.0173587799072266, 2.938755989074707, 2.903069496154785, 2.8254098892211914, 2.797490119934082, 2.745119333267212, 2.718912124633789, 2.638350486755371, 2.6225218772888184, 2.5793418884277344, 2.5389013290405273, 2.5119290351867676, 2.460254669189453, 2.439965009689331, 2.422912120819092, 2.392385721206665, 2.348132610321045, 2.3372890949249268, 2.304892063140869, 2.2921013832092285, 2.2515621185302734, 2.2337546348571777, 2.211143970489502, 2.197822332382202, 2.1779420375823975, 2.155136823654175, 2.152397632598877, 2.1194512844085693, 2.111511468887329, 2.116952657699585, 2.096437931060791, 2.0672309398651123, 2.0673329830169678, 2.056040048599243, 2.037951946258545, 2.0422699451446533, 2.021411895751953, 2.0230448246002197, 2.0181725025177, 1.996492862701416, 2.000194549560547, 1.9963066577911377, 1.986966848373413, 1.975109338760376, 1.989009976387024, 1.979722499847412, 1.9904911518096924, 3.075155735015869, 3.0937206745147705, 3.0676019191741943, 3.0752837657928467, 3.093719244003296, 3.0768704414367676, 3.0981156826019287, 3.0973966121673584, 3.0756144523620605, 3.12111234664917, 3.121260404586792, 3.121356248855591, 3.1139838695526123, 3.1313936710357666, 3.144376039505005, 3.1639950275421143, 3.180790424346924, 3.18294358253479, 3.1859519481658936, 3.2272653579711914, 3.243560314178467, 3.25984787940979, 3.2735066413879395, 3.301567554473877, 2.1859707832336426, 2.152921199798584, 2.164787530899048, 2.188028335571289, 2.2151124477386475, 2.2188069820404053, 2.244922637939453, 2.2511656284332275, 2.290825843811035, 2.2892746925354004, 2.3370046615600586, 2.342742443084717, 2.3728792667388916, 2.4216530323028564, 2.4518067836761475, 2.478069543838501, 2.4995617866516113, 2.5548477172851562, 1.486749291419983, 1.4627777338027954, 1.483661413192749, 1.467044711112976, 1.4782140254974365, 1.5265672206878662, 1.5089750289916992, 1.5765479803085327, 1.5833874940872192, 1.6062676906585693, 1.620301604270935, 3.153294324874878, 3.21565580368042, 3.3105556964874268, 3.3580734729766846, 3.4294145107269287, inf, inf, inf, inf, inf, inf, inf, inf, inf, inf, inf, inf, inf, inf, inf, inf, inf, inf, inf, inf, inf, inf, inf, inf, inf, inf, inf, inf, inf, inf, inf, inf, inf, inf, inf, inf, inf, inf, inf, inf, inf, inf, inf, inf, inf, inf, inf, inf, inf, inf, inf, inf, inf, inf, inf, inf, inf, inf, inf, inf, inf, inf, inf, inf, inf, inf, inf, inf, inf, inf, inf, inf, inf, inf, inf, inf, inf, inf, inf, inf, inf, inf, inf, inf, inf, inf, inf, inf, inf, inf, inf, inf, inf, inf, inf, inf, inf]),0.01749303564429283,3376788000000,
array('f', [inf, inf, inf, inf, inf, inf, inf, inf, inf, inf, inf, inf, inf, inf, inf, inf, inf, inf, inf, inf, inf, inf, inf, inf, inf, inf, inf, inf, inf, inf, inf, inf, inf, inf, inf, inf, inf, inf, inf, inf, inf, inf, inf, inf, inf, inf, inf, inf, inf, inf, inf, inf, inf, inf, inf, inf, inf, inf, inf, inf, inf, inf, inf, inf, inf, inf, inf, inf, inf, inf, inf, inf, inf, inf, inf, inf, inf, inf, inf, inf, inf, inf, inf, inf, inf, inf, inf, inf, inf, inf, inf, inf, inf, inf, inf, inf, inf, inf, 3.4849185943603516, 3.474292755126953, 3.4618468284606934, 3.4568722248077393, 3.443488121032715, 3.4088058471679688, 3.428758144378662, 3.398411989212036, 3.397789478302002, 3.394686698913574, 3.383995771408081, 3.3651180267333984, 3.3644638061523438, 3.3728713989257812, 3.3434934616088867, 3.3448305130004883, 3.3492894172668457, 3.325425863265991, 3.3509521484375, 3.35264253616333, 3.372314453125, 3.355010509490967, 3.363708257675171, 3.374263286590576, 3.363607406616211, 3.3730649948120117, 3.395618200302124, 3.3801848888397217, 3.405535936355591, 3.4125688076019287, 3.433570623397827, 3.451483726501465, 3.477621078491211, 3.473151922225952, inf, inf, inf, inf, inf, inf, inf, inf, inf, inf, inf, inf, inf, inf, inf, inf, inf, inf, 3.4446146488189697, 3.356950283050537, 3.280579090118408, 3.2095580101013184, 3.1482858657836914, 3.070298671722412, 3.0165984630584717, 2.949568748474121, 2.8997068405151367, 2.8532207012176514, 2.8159711360931396, 2.7577693462371826, 2.710089683532715, 2.656843423843384, 2.616556167602539, 2.5964534282684326, 2.5495283603668213, 2.512051582336426, 2.4741361141204834, 2.425316333770752, 2.415059804916382, 2.3748512268066406, 2.355984926223755, 2.3307945728302, 2.3083465099334717, 2.2776410579681396, 2.2666521072387695, 2.2406818866729736, 2.209909439086914, 2.203037738800049, 2.20536470413208, 2.167640447616577, 2.1530871391296387, 2.1349093914031982, 2.1076297760009766, 2.125504970550537, 2.099757432937622, 2.090484380722046, 2.0732510089874268, 2.0483953952789307, 2.0461816787719727, 2.0439279079437256, 2.038332223892212, 2.0171749591827393, 2.0262608528137207, 2.0262773036956787, 2.0056614875793457, 1.9935446977615356, 1.987775206565857, 1.9821165800094604, 1.996655821800232, 1.9941664934158325, 1.9692806005477905, 3.088399648666382, 3.0972073078155518, 3.0934271812438965, 3.073507308959961, 3.1058614253997803, 3.099968194961548, 3.085993766784668, 3.086996555328369, 3.121178150177002, 3.116088390350342, 3.1238534450531006, 3.1154723167419434, 3.1537926197052, 3.1540064811706543, 3.1807854175567627, 3.1935629844665527, 3.1947624683380127, 3.1935160160064697, 3.226149559020996, 3.245138168334961, 3.2584891319274902, 3.2781741619110107, 3.306248664855957, 2.2445857524871826, 2.148761034011841, 2.157839775085449, 2.2051479816436768, 2.197657346725464, 2.2319703102111816, 2.232556104660034, 2.254889965057373, 2.2792422771453857, 2.3134748935699463, 2.313664436340332, 2.347337484359741, 2.3765342235565186, 2.3924310207366943, 2.4455349445343018, 2.4650967121124268, 2.498244285583496, 2.5215368270874023, 1.4973101615905762, 1.473600149154663, 1.4890272617340088, 1.483842372894287, 1.5016992092132568, 1.5058236122131348, 1.526444911956787, 1.5788742303848267, 1.5989134311676025, 1.6080254316329956, 1.603528618812561, 3.117447853088379, 3.190978765487671, 3.260451078414917, 3.3342251777648926, 3.4233312606811523, inf, inf, inf, inf, inf, inf, inf, inf, inf, inf, inf, inf, inf, inf, inf, inf, inf, inf, inf, inf, inf, inf, inf, inf, inf, inf, inf, inf, inf, inf, inf, inf, inf, inf, inf, inf, inf, inf, inf, inf, inf, inf, inf, inf, inf, inf, inf, inf, inf, inf, inf, inf, inf, inf, inf, inf, inf, inf, inf, inf, inf, inf, inf, inf, inf, inf, inf, inf, inf, inf, inf, inf, inf, inf, inf, inf, inf, inf, inf, inf, inf, inf, inf, inf, inf, inf, inf, inf, inf, inf, inf, inf, inf, inf, inf, inf, inf, inf, inf, inf]),0.01749303564429283,3376988000000,
array('f', [inf, inf, inf, inf, inf, inf, inf, inf, inf, inf, inf, inf, inf, inf, inf, inf, inf, inf, inf, inf, inf, inf, inf, inf, inf, inf, inf, inf, inf, inf, inf, inf, inf, inf, inf, inf, inf, inf, inf, inf, inf, inf, inf, inf, inf, inf, inf, inf, inf, inf, inf, inf, inf, inf, inf, inf, inf, inf, inf, inf, inf, inf, inf, inf, inf, inf, inf, inf, inf, inf, inf, inf, inf, inf, inf, inf, inf, inf, inf, inf, inf, inf, inf, inf, inf, inf, inf, inf, inf, inf, inf, inf, inf, inf, inf, inf, inf, 3.487230062484741, 3.490053415298462, 3.4561266899108887, 3.422133445739746, 3.4353890419006348, 3.406747817993164, 3.3972182273864746, 3.3963446617126465, 3.3718419075012207, 3.370412588119507, 3.3784031867980957, 3.367025136947632, 3.3665661811828613, 3.3666436672210693, 3.3531672954559326, 3.349954605102539, 3.3607685565948486, 3.3552732467651367, 3.367017984390259, 3.36234450340271, 3.37995982170105, 3.351161241531372, 3.386995553970337, 3.395246744155884, 3.3933887481689453, 3.4049906730651855, 3.4011924266815186, 3.4295828342437744, 3.428112030029297, 3.4588253498077393, 3.46105694770813, 3.485063076019287, inf, inf, inf, inf, inf, inf, inf, inf, inf, inf, inf, inf, inf, inf, inf, inf, inf, inf, inf, 3.4403879642486572, 3.3533501625061035, 3.2657856941223145, 3.2153830528259277, 3.137887954711914, 3.0782012939453125, 3.0028889179229736, 2.9479289054870605, 2.8972361087799072, 2.8458492755889893, 2.8103466033935547, 2.7669637203216553, 2.704617977142334, 2.6547293663024902, 2.613196849822998, 2.607046127319336, 2.5470542907714844, 2.5256409645080566, 2.488778829574585, 2.4532251358032227, 2.430722713470459, 2.377383232116699, 2.3545444011688232, 2.333784818649292, 2.3215456008911133, 2.298591375350952, 2.2816689014434814, 2.2535557746887207, 2.2406351566314697, 2.204310178756714, 2.1791114807128906, 2.1683268547058105, 2.1503143310546875, 2.1542012691497803, 2.1347241401672363, 2.1031334400177, 2.106313705444336, 2.0853211879730225, 2.088693857192993, 2.06064772605896, 2.0677073001861572, 2.036349296569824, 2.0366344451904297, 2.022144079208374, 2.029043674468994, 2.0282909870147705, 2.015413284301758, 2.0061519145965576, 2.0156543254852295, 2.0012013912200928, 2.008822441101074, 1.9976611137390137, 3.1035561561584473, 3.096625804901123, 3.113302230834961, 3.1003355979919434, 3.105900764465332, 3.0871388912200928, 3.094393014907837, 3.1045572757720947, 3.1172006130218506, 3.1191248893737793, 3.1296396255493164, 3.1451616287231445, 3.142369270324707, 3.1721091270446777, 3.1680562496185303, 3.174562931060791, 3.188107967376709, 3.2167398929595947, 3.228865146636963, 3.232579469680786, 3.23494815826416, 3.261582612991333, 3.287724494934082, 2.253340482711792, 2.1787450313568115, 2.1794724464416504, 2.1869826316833496, 2.2019946575164795, 2.2203242778778076, 2.246068239212036, 2.257678270339966, 2.284043073654175, 2.2918007373809814, 2.3276844024658203, 2.356586456298828, 2.3519811630249023, 2.4011728763580322, 2.4330155849456787, 2.4619133472442627, 2.48582124710083, 2.5383388996124268, 1.4958382844924927, 1.477905035018921, 1.492364764213562, 1.5028713941574097, 1.489377737045288, 1.5343823432922363, 1.5239193439483643, 1.5876880884170532, 1.6082597970962524, 1.6167190074920654, 1.6306167840957642, 1.6504900455474854, 3.1612257957458496, 3.2323949337005615, 3.3028862476348877, 3.4016523361206055, 3.476544141769409, inf, inf, inf, inf, inf, inf, inf, inf, inf, inf, inf, inf, inf, inf, inf, inf, inf, inf, inf, inf, inf, inf, inf, inf, inf, inf, inf, inf, inf, inf, inf, inf, inf, inf, inf, inf, inf, inf, inf, inf, inf, inf, inf, inf, inf, inf, inf, inf, inf, inf, inf, inf, inf, inf, inf, inf, inf, inf, inf, inf, inf, inf, inf, inf, inf, inf, inf, inf, inf, inf, inf, inf, inf, inf, inf, inf, inf, inf, inf, inf, inf, inf, inf, inf, inf, inf, inf, inf, inf, inf, inf, inf, inf, inf, inf, inf, inf, inf, inf, inf, inf, inf]),0.01749303564429283,3377188000000,
array('f', [inf, inf, inf, inf, inf, inf, inf, inf, inf, inf, inf, inf, inf, inf, inf, inf, inf, inf, inf, inf, inf, inf, inf, inf, inf, inf, inf, inf, inf, inf, inf, inf, inf, inf, inf, inf, inf, inf, inf, inf, inf, inf, inf, inf, inf, inf, inf, inf, inf, inf, inf, inf, inf, inf, inf, inf, inf, inf, inf, inf, inf, inf, inf, inf, inf, inf, inf, inf, inf, inf, inf, inf, inf, inf, inf, inf, inf, inf, inf, inf, inf, inf, inf, inf, inf, inf, inf, inf, inf, inf, inf, inf, inf, inf, inf, 3.4817605018615723, 3.4651150703430176, 3.462230920791626, 3.427637815475464, 3.4082539081573486, 3.408221483230591, 3.40038800239563, 3.4103493690490723, 3.3817856311798096, 3.3812789916992188, 3.3751609325408936, 3.3715031147003174, 3.3715333938598633, 3.3650636672973633, 3.36395001411438, 3.35874080657959, 3.34769344329834, 3.3651010990142822, 3.351644992828369, 3.375943183898926, 3.3762624263763428, 3.3703837394714355, 3.3764779567718506, 3.400744915008545, 3.3884782791137695, 3.4106557369232178, 3.415799617767334, 3.4300782680511475, 3.458712100982666, 3.476346015930176, 3.4750516414642334, 3.5, inf, inf, inf, inf, inf, inf, inf, inf, inf, inf, inf, inf, inf, inf, inf, inf, inf, inf, inf, 3.452887535095215, 3.3611762523651123, 3.2816195487976074, 3.2034714221954346, 3.1358914375305176, 3.0791146755218506, 3.0116124153137207, 2.9678516387939453, 2.919191598892212, 2.841200351715088, 2.8092119693756104, 2.7724246978759766, 2.695150375366211, 2.6802945137023926, 2.617412567138672, 2.60188889503479, 2.5493428707122803, 2.533512830734253, 2.4754345417022705, 2.478738307952881, 2.429901361465454, 2.3879756927490234, 2.3758223056793213, 2.357865571975708, 2.3308346271514893, 2.3043553829193115, 2.269523859024048, 2.267498016357422, 2.25114107131958, 2.2288551330566406, 2.214691400527954, 2.18062686920166, 2.162426233291626, 2.165219306945801, 2.136061668395996, 2.1277377605438232, 2.101004123687744, 2.092559814453125, 2.092599391937256, 2.0760018825531006, 2.0616767406463623, 2.060922861099243, 2.0562899112701416, 2.0335910320281982, 2.051776170730591, 2.0367891788482666, 2.047846555709839, 2.0164897441864014, 2.016275644302368, 2.0226364135742188, 2.0262510776519775, 1.9998526573181152, 3.1044082641601562, 3.1059348583221436, 3.1097257137298584, 3.114753484725952, 3.108848810195923, 3.1092374324798584, 3.121968984603882, 3.1145851612091064, 3.1329684257507324, 3.1374430656433105, 3.1566617488861084, 3.160677194595337, 3.1625938415527344, 3.1748273372650146, 3.182830572128296, 3.196613311767578, 3.2046923637390137, 3.2337255477905273, 3.2417540550231934, 3.2711942195892334, 3.2660906314849854, 3.30122971534729, 3.297652244567871, 2.2117652893066406, 2.165097236633301, 2.1707348823547363, 2.1990082263946533, 2.2110791206359863, 2.2283804416656494, 2.264631509780884, 2.290618658065796, 2.28267502784729, 2.338305711746216, 2.3352062702178955, 2.390510082244873, 2.407992362976074, 2.4305636882781982, 2.4628868103027344, 2.4909703731536865, 2.524096965789795, 1.5220205783843994, 1.5023820400238037, 1.5046314001083374, 1.5018982887268066, 1.5218514204025269, 1.5161778926849365, 1.532065987586975, 1.5412856340408325, 1.6139425039291382, 1.614810585975647, 1.6384856700897217, 1.6331627368927002, 3.1561696529388428, 3.2097830772399902, 3.2626893520355225, 3.369422197341919, 3.4217758178710938, inf, inf, inf, inf, inf, inf, inf, inf, inf, inf, inf, inf, inf, inf, inf, inf, inf, inf, inf, inf, inf, inf, inf, inf, inf, inf, inf, inf, inf, inf, inf, inf, inf, inf, inf, inf, inf, inf, inf, inf, inf, inf, inf, inf, inf, inf, inf, inf, inf, inf, inf, inf, inf, inf, inf, inf, inf, inf, inf, inf, inf, inf, inf, inf, inf, inf, inf, inf, inf, inf, inf, inf, inf, inf, inf, inf, inf, inf, inf, inf, inf, inf, inf, inf, inf, inf, inf, inf, inf, inf, inf, inf, inf, inf, inf, inf, inf, inf, inf, inf, inf, inf, inf, inf, inf]),0.01749303564429283,3377388000000,
array('f', [inf, inf, inf, inf, inf, inf, inf, inf, inf, inf, inf, inf, inf, inf, inf, inf, inf, inf, inf, inf, inf, inf, inf, inf, inf, inf, inf, inf, inf, inf, inf, inf, inf, inf, inf, inf, inf, inf, inf, inf, inf, inf, inf, inf, inf, inf, inf, inf, inf, inf, inf, inf, inf, inf, inf, inf, inf, inf, inf, inf, inf, inf, inf, inf, inf, inf, inf, inf, inf, inf, inf, inf, inf, inf, inf, inf, inf, inf, inf, inf, inf, inf, inf, inf, inf, inf, inf, inf, inf, inf, inf, inf, inf, 3.4995200634002686, 3.469409227371216, 3.4605109691619873, 3.4567811489105225, 3.425933361053467, 3.4122869968414307, 3.404975414276123, 3.4014837741851807, 3.4045233726501465, 3.3903613090515137, 3.384896993637085, 3.3852410316467285, 3.3630948066711426, 3.36757755279541, 3.3772566318511963, 3.365619659423828, 3.3918657302856445, 3.3680992126464844, 3.3781025409698486, 3.3741648197174072, 3.376652956008911, 3.3948376178741455, 3.3972957134246826, 3.3878862857818604, 3.428964376449585, 3.4220845699310303, 3.4359772205352783, 3.4510653018951416, 3.4655649662017822, 3.481537103652954, 3.5, inf, inf, inf, inf, inf, inf, inf, inf, inf, inf, inf, inf, inf, inf, inf, inf, inf, inf, inf, inf, 3.4238390922546387, 3.3695075511932373, 3.283712148666382, 3.218221664428711, 3.1420981884002686, 3.076707601547241, 3.020463466644287, 2.976170063018799, 2.910240888595581, 2.8526182174682617, 2.8115875720977783, 2.7635085582733154, 2.726024627685547, 2.6763219833374023, 2.6367857456207275, 2.6091856956481934, 2.5684494972229004, 2.542078971862793, 2.497657060623169, 2.4697465896606445, 2.4367599487304688, 2.4208948612213135, 2.395622968673706, 2.3701248168945312, 2.322770118713379, 2.322758197784424, 2.2904484272003174, 2.2606136798858643, 2.2570419311523438, 2.2422361373901367, 2.2222371101379395, 2.192098617553711, 2.188091993331909, 2.1878437995910645, 2.1645359992980957, 2.156728744506836, 2.128086805343628, 2.1283767223358154, 2.1022655963897705, 2.091912269592285, 2.088683843612671, 2.0833191871643066, 2.077760934829712, 2.065401077270508, 2.0534887313842773, 2.051637887954712, 2.054797649383545, 2.047311544418335, 2.0558009147644043, 2.0237720012664795, 2.0512523651123047, 3.125859260559082, 3.145930290222168, 3.1192739009857178, 3.1258513927459717, 3.1437034606933594, 3.120706796646118, 3.1324856281280518, 3.127413034439087, 3.144533395767212, 3.129354476928711, 3.1554930210113525, 3.164886951446533, 3.1767642498016357, 3.16849946975708, 3.1864614486694336, 3.194530725479126, 3.1965808868408203, 3.229045867919922, 3.254164934158325, 3.2549071311950684, 3.276829481124878, 3.292294502258301, 3.3043813705444336, 2.286532163619995, 2.172255754470825, 2.1658074855804443, 2.224802017211914, 2.2281668186187744, 2.252354621887207, 2.265714645385742, 2.273566246032715, 2.2987258434295654, 2.3163065910339355, 2.3373351097106934, 2.361386299133301, 2.407381772994995, 2.429198980331421, 2.4481558799743652, 2.4909491539001465, 2.533721446990967, 1.5308878421783447, 1.5127450227737427, 1.5141820907592773, 1.5095173120498657, 1.517825961112976, 1.5408594608306885, 1.5428924560546875, 1.5527631044387817, 1.6208531856536865, 1.618939757347107, 1.6356528997421265, 1.654423713684082, 3.11832594871521, 3.174638032913208, 3.2662463188171387, 3.334740400314331, 3.408857583999634, 3.4653265476226807, inf, inf, inf, inf, inf, inf, inf, inf, inf, inf, inf, inf, inf, inf, inf, inf, inf, inf, inf, inf, inf, inf, inf, inf, inf, inf, inf, inf, inf, inf, inf, inf, inf, inf, inf, inf, inf, inf, inf, inf, inf, inf, inf, inf, inf, inf, inf, inf, inf, inf, inf, inf, inf, inf, inf, inf, inf, inf, inf, inf, inf, inf, inf, inf, inf, inf, inf, inf, inf, inf, inf, inf, inf, inf, inf, inf, inf, inf, inf, inf, inf, inf, inf, inf, inf, inf, inf, inf, inf, inf, inf, inf, inf, inf, inf, inf, inf, inf, inf, inf, inf, inf, inf, inf, inf, inf, inf]),0.01749303564429283,3377588000000,
array('f', [inf, inf, inf, inf, inf, inf, inf, inf, inf, inf, inf, inf, inf, inf, inf, inf, inf, inf, inf, inf, inf, inf, inf, inf, inf, inf, inf, inf, inf, inf, inf, inf, inf, inf, inf, inf, inf, inf, inf, inf, inf, inf, inf, inf, inf, inf, inf, inf, inf, inf, inf, inf, inf, inf, inf, inf, inf, inf, inf, inf, inf, inf, inf, inf, inf, inf, inf, inf, inf, inf, inf, inf, inf, inf, inf, inf, inf, inf, inf, inf, inf, inf, inf, inf, inf, inf, inf, inf, inf, inf, inf, 3.4765686988830566, 3.4735422134399414, 3.4429733753204346, 3.4551162719726562, 3.4244861602783203, 3.4218993186950684, 3.4296810626983643, 3.405247926712036, 3.3955554962158203, 3.377058267593384, 3.3691139221191406, 3.375215530395508, 3.398571491241455, 3.3802804946899414, 3.3817689418792725, 3.38959002494812, 3.3797266483306885, 3.379685401916504, 3.3794589042663574, 3.3983395099639893, 3.3996925354003906, 3.3976101875305176, 3.3984663486480713, 3.403658866882324, 3.417485475540161, 3.417520523071289, 3.45151424407959, 3.4537627696990967, 3.4696919918060303, 3.480398654937744, inf, inf, inf, inf, inf, inf, inf, inf, inf, inf, inf, inf, inf, inf, inf, inf, inf, inf, inf, inf, inf, 3.4492063522338867, 3.354762315750122, 3.275095224380493, 3.207003355026245, 3.160801410675049, 3.103909969329834, 3.0153255462646484, 2.954737901687622, 2.904876708984375, 2.87994384765625, 2.8138785362243652, 2.791104555130005, 2.719921588897705, 2.684765100479126, 2.65968656539917, 2.6113522052764893, 2.582974910736084, 2.5359508991241455, 2.5213067531585693, 2.474471092224121, 2.4473633766174316, 2.425551176071167, 2.405285358428955, 2.3638429641723633, 2.3563737869262695, 2.331569194793701, 2.3083341121673584, 2.2899832725524902, 2.259296417236328, 2.235218048095703, 2.232272148132324, 2.2190065383911133, 2.206888198852539, 2.1909124851226807, 2.1683218479156494, 2.1536707878112793, 2.15179705619812, 2.1151251792907715, 2.130779266357422, 2.11330509185791, 2.100179672241211, 2.0949666500091553, 2.083540439605713, 2.0963189601898193, 2.0808629989624023, 2.0514676570892334, 2.0606606006622314, 2.0565569400787354, 2.051132917404175, 2.049149751663208, 2.063800573348999, 3.133127212524414, 3.146540403366089, 3.1412270069122314, 3.1527175903320312, 3.133833408355713, 3.1476964950561523, 3.1429481506347656, 3.1538844108581543, 3.147470235824585, 3.166588544845581, 3.175477981567383, 3.191424608230591, 3.181318759918213, 3.1917026042938232, 3.224149465560913, 3.243678092956543, 3.2425928115844727, 3.2587029933929443, 3.257534980773926, 3.2942395210266113, 3.3002889156341553, 3.349205255508423, 3.3180148601531982, 2.2471466064453125, 2.1854326725006104, 2.215837240219116, 2.2407898902893066, 2.232729196548462, 2.2734932899475098, 2.2893245220184326, 2.289884567260742, 2.346702814102173, 2.3545467853546143, 2.382505416870117, 2.395810127258301, 2.4354007244110107, 2.460407018661499, 2.4869580268859863, 2.515716314315796, 1.550851583480835, 1.515125036239624, 1.524491786956787, 1.5338122844696045, 1.550268530845642, 1.5389392375946045, 1.5616135597229004, 1.587180495262146, 1.6124809980392456, 1.6330502033233643, 1.6579622030258179, 1.6790565252304077, 3.098825454711914, 3.143609046936035, 3.201638698577881, 3.3033149242401123, 3.3942127227783203, 3.4571969509124756, inf, inf, inf, inf, inf, inf, inf, inf, inf, inf, inf, inf, inf, inf, inf, inf, inf, inf, inf, inf, inf, inf, inf, inf, inf, inf, inf, inf, inf, inf, inf, inf, inf, inf, inf, inf, inf, inf, inf, inf, inf, inf, inf, inf, inf, inf, inf, inf, inf, inf, inf, inf, inf, inf, inf, inf, inf, inf, inf, inf, inf, inf, inf, inf, inf, inf, inf, inf, inf, inf, inf, inf, inf, inf, inf, inf, inf, inf, inf, inf, inf, inf, inf, inf, inf, inf, inf, inf, inf, inf, inf, inf, inf, inf, inf, inf, inf, inf, inf, inf, inf, inf, inf, inf, inf, inf, inf, inf, inf, inf]),0.01749303564429283,3377788000000,
array('f', [inf, inf, inf, inf, inf, inf, inf, inf, inf, inf, inf, inf, inf, inf, inf, inf, inf, inf, inf, inf, inf, inf, inf, inf, inf, inf, inf, inf, inf, inf, inf, inf, inf, inf, inf, inf, inf, inf, inf, inf, inf, inf, inf, inf, inf, inf, inf, inf, inf, inf, inf, inf, inf, inf, inf, inf, inf, inf, inf, inf, inf, inf, inf, inf, inf, inf, inf, inf, inf, inf, inf, inf, inf, inf, inf, inf, inf, inf, inf, inf, inf, inf, inf, inf, inf, inf, inf, inf, inf, 3.490898370742798, 3.4635841846466064, 3.4639997482299805, 3.4387731552124023, 3.440485954284668, 3.43424654006958, 3.4368984699249268, 3.4128143787384033, 3.407680034637451, 3.413938283920288, 3.3900129795074463, 3.3814632892608643, 3.3618242740631104, 3.391920566558838, 3.3789284229278564, 3.3778433799743652, 3.3802554607391357, 3.381227970123291, 3.383606195449829, 3.385587215423584, 3.3780758380889893, 3.419372081756592, 3.4134247303009033, 3.419968366622925, 3.438096761703491, 3.451237440109253, 3.446467161178589, 3.48675799369812, 3.5, 3.4916765689849854, inf, inf, inf, inf, inf, inf, inf, inf, inf, inf, inf, inf, inf, inf, inf, inf, inf, inf, inf, inf, inf, 3.4511256217956543, 3.346867084503174, 3.286609172821045, 3.232393503189087, 3.1728551387786865, 3.1172311305999756, 3.018338441848755, 2.9784250259399414, 2.937082052230835, 2.8824033737182617, 2.8215396404266357, 2.783276319503784, 2.741335153579712, 2.6805760860443115, 2.674933433532715, 2.6263208389282227, 2.6013429164886475, 2.566410779953003, 2.5212581157684326, 2.492234945297241, 2.4703078269958496, 2.4347102642059326, 2.406740427017212, 2.380765438079834, 2.3644280433654785, 2.3400001525878906, 2.312703847885132, 2.2883687019348145, 2.292212724685669, 2.2482388019561768, 2.243091344833374, 2.2183432579040527, 2.221709966659546, 2.2039897441864014, 2.1797876358032227, 2.1869118213653564, 2.1489126682281494, 2.1477246284484863, 2.127997398376465, 2.137315273284912, 2.119109869003296, 2.111815929412842, 2.1098711490631104, 2.092702865600586, 2.062917709350586, 2.0723226070404053, 2.0636560916900635, 2.054858684539795, 2.0734310150146484, 2.079866886138916, 2.1660330295562744, 3.1657474040985107, 3.1622211933135986, 3.166775941848755, 3.1688895225524902, 3.170541286468506, 3.152757167816162, 3.1598548889160156, 3.165867328643799, 3.177083730697632, 3.1889073848724365, 3.1996138095855713, 3.190307378768921, 3.2117867469787598, 3.233106851577759, 3.2208640575408936, 3.2495532035827637, 3.244114398956299, 3.277845859527588, 3.2856192588806152, 3.2957093715667725, 3.328385591506958, 3.331754684448242, 2.304521083831787, 2.205531120300293, 2.2153074741363525, 2.2541446685791016, 2.262295722961426, 2.2655813694000244, 2.299717664718628, 2.3157968521118164, 2.342661142349243, 2.362454652786255, 2.385751247406006, 2.4068615436553955, 2.422794818878174, 2.4445788860321045, 2.478685140609741, 2.5116302967071533, 2.558119535446167, 1.5437796115875244, 1.5350890159606934, 1.5224157571792603, 1.5541695356369019, 1.5548043251037598, 1.577102780342102, 1.563137412071228, 1.6316497325897217, 1.6500900983810425, 1.6611087322235107, 3.033871650695801, 3.0767018795013428, 3.147059440612793, 3.201066493988037, 3.2641713619232178, 3.3505561351776123, 3.428309917449951, inf, inf, inf, inf, inf, inf, inf, inf, inf, inf, inf, inf, inf, inf, inf, inf, inf, inf, inf, inf, inf, inf, inf, inf, inf, inf, inf, inf, inf, inf, inf, inf, inf, inf, inf, inf, inf, inf, inf, inf, inf, inf, inf, inf, inf, inf, inf, inf, inf, inf, inf, inf, inf, inf, inf, inf, inf, inf, inf, inf, inf, inf, inf, inf, inf, inf, inf, inf, inf, inf, inf, inf, inf, inf, inf, inf, inf, inf, inf, inf, inf, inf, inf, inf, inf, inf, inf, inf, inf, inf, inf, inf, inf, inf, inf, inf, inf, inf, inf, inf, inf, inf, inf, inf, inf, inf, inf, inf, inf, inf, inf, inf, inf]),0.01749303564429283,3377988000000,
array('f', [inf, inf, inf, inf, inf, inf, inf, inf, inf, inf, inf, inf, inf, inf, inf, inf, inf, inf, inf, inf, inf, inf, inf, inf, inf, inf, inf, inf, inf, inf, inf, inf, inf, inf, inf, inf, inf, inf, inf, inf, inf, inf, inf, inf, inf, inf, inf, inf, inf, inf, inf, inf, inf, inf, inf, inf, inf, inf, inf, inf, inf, inf, inf, inf, inf, inf, inf, inf, inf, inf, inf, inf, inf, inf, inf, inf, inf, inf, inf, inf, inf, inf, inf, inf, inf, inf, inf, 3.4861061573028564, 3.4850144386291504, 3.464468240737915, 3.449770450592041, 3.4404757022857666, 3.4431023597717285, 3.4238181114196777, 3.4086177349090576, 3.4142677783966064, 3.412041187286377, 3.4047069549560547, 3.395451307296753, 3.394043445587158, 3.383535623550415, 3.394909620285034, 3.3914103507995605, 3.391150951385498, 3.368119955062866, 3.3946709632873535, 3.385955810546875, 3.4033329486846924, 3.407478094100952, 3.4047441482543945, 3.4254021644592285, 3.454659938812256, 3.4538397789001465, 3.4722495079040527, 3.4740712642669678, 3.476182222366333, inf, inf, inf, inf, inf, inf, inf, inf, inf, inf, inf, inf, inf, inf, inf, inf, inf, inf, inf, inf, inf, inf, 3.465440511703491, 3.3982105255126953, 3.312490701675415, 3.2438697814941406, 3.15934681892395, 3.106217861175537, 3.038723945617676, 2.9882426261901855, 2.941922187805176, 2.8809196949005127, 2.834865093231201, 2.8103439807891846, 2.7590668201446533, 2.705033302307129, 2.666841506958008, 2.648284912109375, 2.595613956451416, 2.57470703125, 2.534956216812134, 2.5051417350769043, 2.467052698135376, 2.4583961963653564, 2.4302048683166504, 2.3940823078155518, 2.3663601875305176, 2.35609769821167, 2.3288016319274902, 2.3147177696228027, 2.3049356937408447, 2.266423463821411, 2.2587175369262695, 2.255159378051758, 2.219874620437622, 2.210489273071289, 2.2014544010162354, 2.181985855102539, 2.1752829551696777, 2.1714866161346436, 2.1631734371185303, 2.144397497177124, 2.13484525680542, 2.1192233562469482, 2.11014461517334, 2.1006505489349365, 2.096419095993042, 2.0998613834381104, 2.0954511165618896, 2.086890697479248, 2.0882387161254883, 2.0922532081604004, 3.180668354034424, 3.1734683513641357, 3.167729139328003, 3.1795897483825684, 3.1932733058929443, 3.1658358573913574, 3.1790571212768555, 3.197819471359253, 3.19592022895813, 3.2115392684936523, 3.219167709350586, 3.2116711139678955, 3.209092855453491, 3.2318077087402344, 3.2541003227233887, 3.2537925243377686, 3.261552572250366, 3.2698915004730225, 3.293849229812622, 3.3074731826782227, 3.3374011516571045, 3.338205575942993, 3.375316619873047, 2.2523069381713867, 2.2187745571136475, 2.265495538711548, 2.2731499671936035, 2.283599615097046, 2.297809600830078, 2.328383207321167, 2.346930742263794, 2.3523542881011963, 2.383021116256714, 2.4059207439422607, 2.456429958343506, 2.4706592559814453, 2.482469320297241, 2.5234949588775635, 2.543198347091675, 1.56881582736969, 1.5291494131088257, 1.5568875074386597, 1.5374231338500977, 1.5660122632980347, 1.5744279623031616, 1.5893126726150513, 1.6457240581512451, 1.6422901153564453, 1.6657702922821045, 3.00662899017334, 3.0755956172943115, 3.1138062477111816, 3.1826107501983643, 3.269136667251587, 3.329068899154663, 3.3938426971435547, 3.4530012607574463, inf, inf, inf, inf, inf, inf, inf, inf, inf, inf, inf, inf, inf, inf, inf, inf, inf, inf, inf, inf, inf, inf, inf, inf, inf, inf, inf, inf, inf, inf, inf, inf, inf, inf, inf, inf, inf, inf, inf, inf, inf, inf, inf, inf, inf, inf, inf, inf, inf, inf, inf, inf, inf, inf, inf, inf, inf, inf, inf, inf, inf, inf, inf, inf, inf, inf, inf, inf, inf, inf, inf, inf, inf, inf, inf, inf, inf, inf, inf, inf, inf, inf, inf, inf, inf, inf, inf, inf, inf, inf, inf, inf, inf, inf, inf, inf, inf, inf, inf, inf, inf, inf, inf, inf, inf, inf, inf, inf, inf, inf, inf, inf, inf, inf, inf]),0.01749303564429283,3378188000000,
array('f', [inf, inf, inf, inf, inf, inf, inf, inf, inf, inf, inf, inf, inf, inf, inf, inf, inf, inf, inf, inf, inf, inf, inf, inf, inf, inf, inf, inf, inf, inf, inf, inf, inf, inf, inf, inf, inf, inf, inf, inf, inf, inf, inf, inf, inf, inf, inf, inf, inf, inf, inf, inf, inf, inf, inf, inf, inf, inf, inf, inf, inf, inf, inf, inf, inf, inf, inf, inf, inf, inf, inf, inf, inf, inf, inf, inf, inf, inf, inf, inf, inf, inf, inf, inf, inf, 3.4787750244140625, 3.4868152141571045, 3.468393087387085, 3.4559218883514404, 3.4456019401550293, 3.4358887672424316, 3.4448862075805664, 3.4427781105041504, 3.409156560897827, 3.415449619293213, 3.4093196392059326, 3.3983747959136963, 3.4003617763519287, 3.3862128257751465, 3.395137310028076, 3.380983829498291, 3.414106607437134, 3.400616407394409, 3.407783269882202, 3.3897576332092285, 3.4296107292175293, 3.4089901447296143, 3.4521172046661377, 3.4371750354766846, 3.450122117996216, 3.461392641067505, 3.4578332901000977, 3.5, 3.491307497024536, inf, inf, inf, inf, inf, inf, inf, inf, inf, inf, inf, inf, inf, inf, inf, inf, inf, inf, inf, inf, inf, inf, 3.472806215286255, 3.3754682540893555, 3.3107173442840576, 3.241163730621338, 3.184140682220459, 3.107377767562866, 3.0626678466796875, 2.9852187633514404, 2.975803852081299, 2.9034078121185303, 2.853214740753174, 2.813354730606079, 2.753859519958496, 2.7204864025115967, 2.69508957862854, 2.6798274517059326, 2.617121696472168, 2.5666630268096924, 2.5591413974761963, 2.5310404300689697, 2.490792751312256, 2.4704384803771973, 2.451289415359497, 2.420917510986328, 2.411961793899536, 2.3758628368377686, 2.3639721870422363, 2.321326494216919, 2.3078174591064453, 2.3072469234466553, 2.2828996181488037, 2.254211902618408, 2.2315592765808105, 2.2074649333953857, 2.218914270401001, 2.196108341217041, 2.2169575691223145, 2.183565139770508, 2.160912275314331, 2.138437032699585, 2.151681423187256, 2.1388518810272217, 2.1461617946624756, 2.128047227859497, 2.1183388233184814, 2.110962152481079, 2.11104416847229, 2.10493803024292, 2.112090826034546, 2.117488384246826, 3.205618143081665, 3.1998472213745117, 3.1974716186523438, 3.2006189823150635, 3.1736767292022705, 3.194593906402588, 3.2069482803344727, 3.220130205154419, 3.2209341526031494, 3.2234346866607666, 3.2214386463165283, 3.2319884300231934, 3.246432065963745, 3.235278844833374, 3.282374143600464, 3.255767583847046, 3.2929069995880127, 3.329618215560913, 3.314105987548828, 3.3461689949035645, 3.372781991958618, 3.3658390045166016, 2.3113598823547363, 2.2387967109680176, 2.2591166496276855, 2.2874741554260254, 2.2924585342407227, 2.3200526237487793, 2.32910418510437, 2.3423423767089844, 2.3822250366210938, 2.3829221725463867, 2.399280071258545, 2.438472032546997, 2.4758102893829346, 2.4960293769836426, 2.510000228881836, 2.531458854675293, 1.5850638151168823, 1.5582581758499146, 1.546615481376648, 1.5318316221237183, 1.575528860092163, 1.5955947637557983, 1.6042791604995728, 1.6533774137496948, 1.6664080619812012, 1.6680032014846802, 2.9931671619415283, 3.0535638332366943, 3.1052346229553223, 3.1815717220306396, 3.2226967811584473, 3.2964820861816406, 3.365943670272827, 3.461297035217285, inf, inf, inf, inf, inf, inf, inf, inf, inf, inf, inf, inf, inf, inf, inf, inf, inf, inf, inf, inf, inf, inf, inf, inf, inf, inf, inf, inf, inf, inf, inf, inf, inf, inf, inf, inf, inf, inf, inf, inf, inf, inf, inf, inf, inf, inf, inf, inf, inf, inf, inf, inf, inf, inf, inf, inf, inf, inf, inf, inf, inf, inf, inf, inf, inf, inf, inf, inf, inf, inf, inf, inf, inf, inf, inf, inf, inf, inf, inf, inf, inf, inf, inf, inf, inf, inf, inf, inf, inf, inf, inf, inf, inf, inf, inf, inf, inf, inf, inf, inf, inf, inf, inf, inf, inf, inf, inf, inf, inf, inf, inf, inf, inf, inf, inf, inf, inf, inf]),0.01749303564429283,3378388000000,
array('f', [inf, inf, inf, inf, inf, inf, inf, inf, inf, inf, inf, inf, inf, inf, inf, inf, inf, inf, inf, inf, inf, inf, inf, inf, inf, inf, inf, inf, inf, inf, inf, inf, inf, inf, inf, inf, inf, inf, inf, inf, inf, inf, inf, inf, inf, inf, inf, inf, inf, inf, inf, inf, inf, inf, inf, inf, inf, inf, inf, inf, inf, inf, inf, inf, inf, inf, inf, inf, inf, inf, inf, inf, inf, inf, inf, inf, inf, inf, inf, inf, inf, inf, inf, 3.4947123527526855, 3.4721274375915527, 3.4394469261169434, 3.4526824951171875, 3.447340488433838, 3.4255881309509277, 3.423081874847412, 3.4412806034088135, 3.4090585708618164, 3.402426242828369, 3.401611804962158, 3.4068219661712646, 3.3957295417785645, 3.3843183517456055, 3.3974385261535645, 3.391711950302124, 3.3951761722564697, 3.4079103469848633, 3.3802132606506348, 3.4072158336639404, 3.4171242713928223, 3.424251079559326, 3.4364306926727295, 3.4484076499938965, 3.462524175643921, 3.4717068672180176, 3.4586551189422607, 3.4876136779785156, inf, inf, inf, inf, inf, inf, inf, inf, inf, inf, inf, inf, inf, inf, inf, inf, inf, inf, inf, inf, inf, inf, inf, 3.4538607597351074, 3.3905813694000244, 3.323511838912964, 3.2410192489624023, 3.186340570449829, 3.125701665878296, 3.0547213554382324, 3.0074973106384277, 2.9524152278900146, 2.9031496047973633, 2.8600008487701416, 2.812191963195801, 2.7826666831970215, 2.7306642532348633, 2.718918800354004, 2.660550355911255, 2.627211093902588, 2.595087766647339, 2.5627453327178955, 2.5266366004943848, 2.492034673690796, 2.4844462871551514, 2.4490981101989746, 2.4305012226104736, 2.4141976833343506, 2.3756117820739746, 2.35942006111145, 2.3388781547546387, 2.319605827331543, 2.288072109222412, 2.2875607013702393, 2.2736783027648926, 2.25628662109375, 2.2394731044769287, 2.2142932415008545, 2.2346134185791016, 2.2280848026275635, 2.1992366313934326, 2.184236764907837, 2.1666529178619385, 2.1747348308563232, 2.1614134311676025, 2.1661267280578613, 2.1412887573242188, 2.1524696350097656, 2.1255619525909424, 2.1337363719940186, 2.1220288276672363, 2.134451150894165, 3.226029396057129, 3.2180135250091553, 3.210789442062378, 3.2213687896728516, 3.1977195739746094, 3.224811553955078, 3.2232415676116943, 3.2319400310516357, 3.2326958179473877, 3.219971179962158, 3.2441203594207764, 3.2544353008270264, 3.247575521469116, 3.2593441009521484, 3.2678117752075195, 3.3027431964874268, 3.3234033584594727, 3.3155362606048584, 3.336834192276001, 3.3595845699310303, 3.3522419929504395, 3.3801050186157227, 2.4015283584594727, 2.2557003498077393, 2.273315668106079, 2.2687761783599854, 2.294612169265747, 2.315166473388672, 2.336421012878418, 2.3597354888916016, 2.363860607147217, 2.3751490116119385, 2.3876373767852783, 2.429250478744507, 2.4690868854522705, 2.486732006072998, 2.5104429721832275, 2.5488839149475098, 1.5996352434158325, 1.5751550197601318, 1.5667048692703247, 1.5818287134170532, 1.581559181213379, 1.5905346870422363, 1.5862045288085938, 1.6577997207641602, 1.6711169481277466, 1.6660412549972534, 1.698704719543457, 3.041506290435791, 3.0826985836029053, 3.139724016189575, 3.2200305461883545, 3.2954256534576416, 3.3486149311065674, 3.4247875213623047, inf, inf, inf, inf, inf, inf, inf, inf, inf, inf, inf, inf, inf, inf, inf, inf, inf, inf, inf, inf, inf, inf, inf, inf, inf, inf, inf, inf, inf, inf, inf, inf, inf, inf, inf, inf, inf, inf, inf, inf, inf, inf, inf, inf, inf, inf, inf, inf, inf, inf, inf, inf, inf, inf, inf, inf, inf, inf, inf, inf, inf, inf, inf, inf, inf, inf, inf, inf, inf, inf, inf, inf, inf, inf, inf, inf, inf, inf, inf, inf, inf, inf, inf, inf, inf, inf, inf, inf, inf, inf, inf, inf, inf, inf, inf, inf, inf, inf, inf, inf, inf, inf, inf, inf, inf, inf, inf, inf, inf, inf, inf, inf, inf, inf, inf, inf, inf, inf, inf, inf, inf]),0.01749303564429283,3378588000000,
array('f', [inf, inf, inf, inf, inf, inf, inf, inf, inf, inf, inf, inf, inf, inf, inf, inf, inf, inf, inf, inf, inf, inf, inf, inf, inf, inf, inf, inf, inf, inf, inf, inf, inf, inf, inf, inf, inf, inf, inf, inf, inf, inf, inf, inf, inf, inf, inf, inf, inf, inf, inf, inf, inf, inf, inf, inf, inf, inf, inf, inf, inf, inf, inf, inf, inf, inf, inf, inf, inf, inf, inf, inf, inf, inf, inf, inf, inf, inf, inf, inf, inf, 3.4797518253326416, 3.486304998397827, 3.4560670852661133, 3.451158046722412, 3.446486711502075, 3.415936231613159, 3.4156076908111572, 3.4436516761779785, 3.411797046661377, 3.4163033962249756, 3.400453805923462, 3.401729106903076, 3.3960824012756348, 3.413419485092163, 3.403869152069092, 3.4017391204833984, 3.420165777206421, 3.388597249984741, 3.405008554458618, 3.423924446105957, 3.432551860809326, 3.4218943119049072, 3.4411704540252686, 3.4548237323760986, 3.470613718032837, 3.485430955886841, 3.49009370803833, 3.489192485809326, inf, inf, inf, inf, inf, inf, inf, inf, inf, inf, inf, inf, inf, inf, inf, inf, inf, inf, inf, inf, inf, inf, inf, 3.4920849800109863, 3.394662618637085, 3.330495595932007, 3.264507532119751, 3.1888558864593506, 3.1563045978546143, 3.0628321170806885, 3.0175395011901855, 2.9637205600738525, 2.9213476181030273, 2.873572587966919, 2.8434958457946777, 2.7887797355651855, 2.7575690746307373, 2.710644245147705, 2.6705470085144043, 2.6265127658843994, 2.6022696495056152, 2.57393479347229, 2.5458855628967285, 2.516083240509033, 2.4822604656219482, 2.448720932006836, 2.45121693611145, 2.420043706893921, 2.3873300552368164, 2.389108180999756, 2.3819222450256348, 2.3511314392089844, 2.2896950244903564, 2.2850704193115234, 2.272907257080078, 2.2636942863464355, 2.254687547683716, 2.2427263259887695, 2.227365016937256, 2.214345932006836, 2.2173736095428467, 2.1979429721832275, 2.1951985359191895, 2.169544219970703, 2.166364908218384, 2.149242401123047, 2.151845932006836, 2.1502959728240967, 2.145524024963379, 2.162278413772583, 2.1427175998687744, 2.1302928924560547, 3.2455625534057617, 3.2342052459716797, 3.24430513381958, 3.2267329692840576, 3.239222526550293, 3.2608587741851807, 3.242406129837036, 3.246495008468628, 3.2505388259887695, 3.2431228160858154, 3.2565057277679443, 3.268893241882324, 3.2695226669311523, 3.28666353225708, 3.285644054412842, 3.2972002029418945, 3.321305990219116, 3.3436214923858643, 3.3606441020965576, 3.360154628753662, 3.379838228225708, 3.4044764041900635, 2.319089651107788, 2.267223596572876, 2.297778367996216, 2.2977144718170166, 2.3107457160949707, 2.3552119731903076, 2.3477017879486084, 2.375948190689087, 2.39526629447937, 2.4108927249908447, 2.433703899383545, 2.4694154262542725, 2.4834041595458984, 2.5217478275299072, 2.5378410816192627, 2.5917136669158936, 1.5884737968444824, 1.577830195426941, 1.570646047592163, 1.5925586223602295, 1.5787490606307983, 1.5920602083206177, 1.6109189987182617, 1.6771742105484009, 1.671724557876587, 1.704897403717041, 1.7191771268844604, 3.06387996673584, 3.1164097785949707, 3.190553665161133, 3.2430386543273926, 3.3401501178741455, 3.393190860748291, 3.466529369354248, inf, inf, inf, inf, inf, inf, inf, inf, inf, inf, inf, inf, inf, inf, inf, inf, inf, inf, inf, inf, inf, inf, inf, inf, inf, inf, inf, inf, inf, inf, inf, inf, inf, inf, inf, inf, inf, inf, inf, inf, inf, inf, inf, inf, inf, inf, inf, inf, inf, inf, inf, inf, inf, inf, inf, inf, inf, inf, inf, inf, inf, inf, inf, inf, inf, inf, inf, inf, inf, inf, inf, inf, inf, inf, inf, inf, inf, inf, inf, inf, inf, inf, inf, inf, inf, inf, inf, inf, inf, inf, inf, inf, inf, inf, inf, inf, inf, inf, inf, inf, inf, inf, inf, inf, inf, inf, inf, inf, inf, inf, inf, inf, inf, inf, inf, inf, inf, inf, inf, inf, inf, inf, inf]),0.01749303564429283,3378788000000,
array('f', [inf, inf, inf, inf, inf, inf, inf, inf, inf, inf, inf, inf, inf, inf, inf, inf, inf, inf, inf, inf, inf, inf, inf, inf, inf, inf, inf, inf, inf, inf, inf, inf, inf, inf, inf, inf, inf, inf, inf, inf, inf, inf, inf, inf, inf, inf, inf, inf, inf, inf, inf, inf, inf, inf, inf, inf, inf, inf, inf, inf, inf, inf, inf, inf, inf, inf, inf, inf, inf, inf, inf, inf, inf, inf, inf, inf, inf, inf, inf, 3.492492437362671, 3.4958462715148926, 3.477202892303467, 3.4392309188842773, 3.4514126777648926, 3.4490084648132324, 3.4174065589904785, 3.4028799533843994, 3.4071295261383057, 3.4172935485839844, 3.411309003829956, 3.386544942855835, 3.4034128189086914, 3.3908183574676514, 3.399606466293335, 3.3948814868927, 3.4133455753326416, 3.406363010406494, 3.4190616607666016, 3.42073392868042, 3.4231455326080322, 3.4322915077209473, 3.432201385498047, 3.45499587059021, 3.462172031402588, 3.4669418334960938, 3.472815752029419, inf, inf, inf, inf, inf, inf, inf, inf, inf, inf, inf, inf, inf, inf, inf, inf, inf, inf, inf, inf, inf, inf, inf, inf, 3.4880247116088867, 3.4190120697021484, 3.3206193447113037, 3.2852864265441895, 3.2121081352233887, 3.138185977935791, 3.0900089740753174, 3.038147449493408, 2.9681808948516846, 2.9558181762695312, 2.8969171047210693, 2.857886791229248, 2.80267333984375, 2.761979579925537, 2.725452423095703, 2.685006618499756, 2.654458522796631, 2.5970618724823, 2.5764355659484863, 2.5683553218841553, 2.5278706550598145, 2.506585121154785, 2.477299690246582, 2.4598498344421387, 2.427800178527832, 2.3993284702301025, 2.3735713958740234, 2.3608086109161377, 2.3420355319976807, 2.340745687484741, 2.310927152633667, 2.310157060623169, 2.2971675395965576, 2.2567391395568848, 2.249709129333496, 2.2452316284179688, 2.2324037551879883, 2.2079100608825684, 2.2072293758392334, 2.192774772644043, 2.1927785873413086, 2.192018985748291, 2.172238349914551, 2.161867141723633, 2.163609266281128, 2.183016538619995, 2.144425392150879, 2.143033027648926, 2.144388198852539, 3.2450482845306396, 3.247089385986328, 3.2465553283691406, 3.2417244911193848, 3.2562777996063232, 3.252720832824707, 3.2458479404449463, 3.248903512954712, 3.2686333656311035, 3.2590346336364746, 3.270451545715332, 3.284191131591797, 3.296198844909668, 3.285489082336426, 3.33027720451355, 3.3255252838134766, 3.3410325050354004, 3.371243476867676, 3.3612420558929443, 3.386577606201172, 3.4064903259277344, 3.4223294258117676, 2.311008930206299, 2.276703119277954, 2.3162364959716797, 2.326580047607422, 2.354400634765625, 2.36152982711792, 2.3672609329223633, 2.399909496307373, 2.4273087978363037, 2.4501094818115234, 2.4552276134490967, 2.4907779693603516, 2.5274925231933594, 2.5624144077301025, 2.587646722793579, 1.5902974605560303, 1.5909743309020996, 1.5857064723968506, 1.583862543106079, 1.5931533575057983, 1.6039760112762451, 1.6198885440826416, 1.6872447729110718, 1.6980719566345215, 1.7044645547866821, 1.7168196439743042, 1.7405939102172852, 1.7453017234802246, 3.1766557693481445, 3.2293217182159424, 3.293665885925293, 3.353686571121216, 3.4464187622070312, inf, inf, inf, inf, inf, inf, inf, inf, inf, inf, inf, inf, inf, inf, inf, inf, inf, inf, inf, inf, inf, inf, inf, inf, inf, inf, inf, inf, inf, inf, inf, inf, inf, inf, inf, inf, inf, inf, inf, inf, inf, inf, inf, inf, inf, inf, inf, inf, inf, inf, inf, inf, inf, inf, inf, inf, inf, inf, inf, inf, inf, inf, inf, inf, inf, inf, inf, inf, inf, inf, inf, inf, inf, inf, inf, inf, inf, inf, inf, inf, inf, inf, inf, inf, inf, inf, inf, inf, inf, inf, inf, inf, inf, inf, inf, inf, inf, inf, inf, inf, inf, inf, inf, inf, inf, inf, inf, inf, inf, inf, inf, inf, inf, inf, inf, inf, inf, inf, inf, inf, inf, inf, inf, inf, inf, inf]),0.01749303564429283,3378988000000,
array('f', [inf, inf, inf, inf, inf, inf, inf, inf, inf, inf, inf, inf, inf, inf, inf, inf, inf, inf, inf, inf, inf, inf, inf, inf, inf, inf, inf, inf, inf, inf, inf, inf, inf, inf, inf, inf, inf, inf, inf, inf, inf, inf, inf, inf, inf, inf, inf, inf, inf, inf, inf, inf, inf, inf, inf, inf, inf, inf, inf, inf, inf, inf, inf, inf, inf, inf, inf, inf, inf, inf, inf, inf, inf, inf, inf, inf, inf, 3.4840517044067383, 3.482802152633667, 3.4730050563812256, 3.447141647338867, 3.4483067989349365, 3.441962242126465, 3.4201714992523193, 3.426767110824585, 3.4157638549804688, 3.3995938301086426, 3.391052484512329, 3.390394687652588, 3.413315534591675, 3.403449296951294, 3.403700590133667, 3.416987180709839, 3.4134902954101562, 3.4081473350524902, 3.415774345397949, 3.438500165939331, 3.421402931213379, 3.4506325721740723, 3.437742233276367, 3.4637444019317627, 3.483219861984253, 3.5, 3.5, inf, inf, inf, inf, inf, inf, inf, inf, inf, inf, inf, inf, inf, inf, inf, inf, inf, inf, inf, inf, inf, inf, inf, inf, 3.4725096225738525, 3.40895938873291, 3.3495960235595703, 3.2703988552093506, 3.206580877304077, 3.1667540073394775, 3.079035758972168, 3.0319056510925293, 2.9932899475097656, 2.9267475605010986, 2.892303228378296, 2.8581385612487793, 2.7996294498443604, 2.7696287631988525, 2.7369771003723145, 2.6990115642547607, 2.664170503616333, 2.6234869956970215, 2.5903480052948, 2.562356472015381, 2.546483278274536, 2.526907205581665, 2.4844937324523926, 2.4783780574798584, 2.4464194774627686, 2.439018726348877, 2.400416851043701, 2.375840425491333, 2.357287883758545, 2.3362584114074707, 2.3211848735809326, 2.3059768676757812, 2.300901412963867, 2.290982484817505, 2.2780065536499023, 2.2622082233428955, 2.2491743564605713, 2.2481367588043213, 2.2431299686431885, 2.2076289653778076, 2.2089245319366455, 2.18406343460083, 2.1919219493865967, 2.192716598510742, 2.188725233078003, 2.211594820022583, 2.1596627235412598, 2.169689655303955, 2.3056561946868896, 3.2698264122009277, 3.266627311706543, 3.289226770401001, 3.2538580894470215, 3.270034074783325, 3.263758897781372, 3.2774040699005127, 3.281463146209717, 3.2857117652893066, 3.2906885147094727, 3.2825844287872314, 3.2975709438323975, 3.2976605892181396, 3.3343558311462402, 3.3556227684020996, 3.360903263092041, 3.3737075328826904, 3.3590948581695557, 3.36955189704895, 3.4045169353485107, 3.428938627243042, 2.3905110359191895, 2.2933216094970703, 2.3184311389923096, 2.3176231384277344, 2.351931571960449, 2.363898754119873, 2.3859455585479736, 2.386565923690796, 2.4226953983306885, 2.4340837001800537, 2.4641621112823486, 2.4922401905059814, 2.523207426071167, 2.5289552211761475, 2.5801382064819336, 1.6070305109024048, 1.579421043395996, 1.581656575202942, 1.5941683053970337, 1.5894277095794678, 1.6145169734954834, 1.6111619472503662, 2.848334789276123, 2.897714614868164, 2.9289755821228027, 1.7237486839294434, 1.7335222959518433, 1.7412391901016235, 1.7597960233688354, 1.7907463312149048, 1.807908296585083, 3.3473727703094482, 3.4086265563964844, 3.5, inf, inf, inf, inf, inf, inf, inf, inf, inf, inf, inf, inf, inf, inf, inf, inf, inf, inf, inf, inf, inf, inf, inf, inf, inf, inf, inf, inf, inf, inf, inf, inf, inf, inf, inf, inf, inf, inf, inf, inf, inf, inf, inf, inf, inf, inf, inf, inf, inf, inf, inf, inf, inf, inf, inf, inf, inf, inf, inf, inf, inf, inf, inf, inf, inf, inf, inf, inf, inf, inf, inf, inf, inf, inf, inf, inf, inf, inf, inf, inf, inf, inf, inf, inf, inf, inf, inf, inf, inf, inf, inf, inf, inf, inf, inf, inf, inf, inf, inf, inf, inf, inf, inf, inf, inf, inf, inf, inf, inf, inf, inf, inf, inf, inf, inf, inf, inf, inf, inf, inf, inf, inf, inf, inf, inf, inf, inf, inf]),0.01749303564429283,3379188000000,
array('f', [inf, inf, inf, inf, inf, inf, inf, inf, inf, inf, inf, inf, inf, inf, inf, inf, inf, inf, inf, inf, inf, inf, inf, inf, inf, inf, inf, inf, inf, inf, inf, inf, inf, inf, inf, inf, inf, inf, inf, inf, inf, inf, inf, inf, inf, inf, inf, inf, inf, inf, inf, inf, inf, inf, inf, inf, inf, inf, inf, inf, inf, inf, inf, inf, inf, inf, inf, inf, inf, inf, inf, inf, inf, inf, 3.5, 3.4826197624206543, 3.4790596961975098, 3.4378042221069336, 3.4506072998046875, 3.4446942806243896, 3.4282188415527344, 3.438778877258301, 3.4330801963806152, 3.4096457958221436, 3.3980226516723633, 3.411236524581909, 3.410151958465576, 3.3881750106811523, 3.3768091201782227, 3.4003164768218994, 3.4182474613189697, 3.4028637409210205, 3.4174840450286865, 3.4100024700164795, 3.4503607749938965, 3.438065528869629, 3.4535818099975586, 3.464507579803467, 3.4607584476470947, 3.4746994972229004, 3.49249005317688, inf, inf, inf, inf, inf, inf, inf, inf, inf, inf, inf, inf, inf, inf, inf, inf, inf, inf, inf, inf, inf, inf, inf, inf, inf, 3.4862704277038574, 3.4298949241638184, 3.3592002391815186, 3.2970666885375977, 3.2148990631103516, 3.1684634685516357, 3.0993497371673584, 3.058850049972534, 3.0151164531707764, 2.958622455596924, 2.895787477493286, 2.880927801132202, 2.809511661529541, 2.7907462120056152, 2.7484962940216064, 2.7242929935455322, 2.686131477355957, 2.6537232398986816, 2.623537063598633, 2.580425977706909, 2.553467035293579, 2.5246682167053223, 2.5202183723449707, 2.4806809425354004, 2.4647393226623535, 2.426546096801758, 2.4172308444976807, 2.4115073680877686, 2.3759348392486572, 2.3684701919555664, 2.340820074081421, 2.334664821624756, 2.293459177017212, 2.291163682937622, 2.2917540073394775, 2.2479171752929688, 2.264308452606201, 2.2533605098724365, 2.2396814823150635, 2.2353098392486572, 2.2219223976135254, 2.2259769439697266, 2.2237231731414795, 2.2057645320892334, 2.2026174068450928, 2.174736499786377, 2.187117338180542, 2.186800241470337, 3.2916719913482666, 3.3009140491485596, 3.294440269470215, 3.2863833904266357, 3.293161153793335, 3.2588725090026855, 3.288722038269043, 3.2832772731781006, 3.286820650100708, 3.306065082550049, 3.320023536682129, 3.3107707500457764, 3.3279871940612793, 3.3576443195343018, 3.3570451736450195, 3.349705457687378, 3.382009506225586, 3.36549973487854, 3.3933026790618896, 3.4167325496673584, 3.4217944145202637, 3.456270217895508, 2.349118232727051, 2.3376963138580322, 2.3361785411834717, 2.3542943000793457, 2.381488084793091, 2.3887784481048584, 2.3982067108154297, 2.429565906524658, 2.4480834007263184, 2.4546449184417725, 2.497757911682129, 2.5048272609710693, 2.556582450866699, 2.5844762325286865, 2.604231834411621, 1.587472677230835, 1.596542477607727, 1.5855919122695923, 1.6008285284042358, 1.607826828956604, 1.602237582206726, 1.6270684003829956, 2.8956356048583984, 2.9420642852783203, 2.9900062084198, 3.039222002029419, 3.079832077026367, 1.7612615823745728, 1.767931580543518, 1.7963851690292358, 1.7910863161087036, 1.8369486331939697, 3.478567361831665, inf, inf, inf, inf, inf, inf, inf, inf, inf, inf, inf, inf, inf, inf, inf, inf, inf, inf, inf, inf, inf, inf, inf, inf, inf, inf, inf, inf, inf, inf, inf, inf, inf, inf, inf, inf, inf, inf, inf, inf, inf, inf, inf, inf, inf, inf, inf, inf, inf, inf, inf, inf, inf, inf, inf, inf, inf, inf, inf, inf, inf, inf, inf, inf, inf, inf, inf, inf, inf, inf, inf, inf, inf, inf, inf, inf, inf, inf, inf, inf, inf, inf, inf, inf, inf, inf, inf, inf, inf, inf, inf, inf, inf, inf, inf, inf, inf, inf, inf, inf, inf, inf, inf, inf, inf, inf, inf, inf, inf, inf, inf, inf, inf, inf, inf, inf, inf, inf, inf, inf, inf, inf, inf, inf, inf, inf, inf, inf, inf, inf, inf]),0.01749303564429283,3379388000000,
array('f', [inf, inf, inf, inf, inf, inf, inf, inf, inf, inf, inf, inf, inf, inf, inf, inf, inf, inf, inf, inf, inf, inf, inf, inf, inf, inf, inf, inf, inf, inf, inf, inf, inf, inf, inf, inf, inf, inf, inf, inf, inf, inf, inf, inf, inf, inf, inf, inf, inf, inf, inf, inf, inf, inf, inf, inf, inf, inf, inf, inf, inf, inf, inf, inf, inf, inf, inf, inf, inf, inf, inf, inf, 3.496504068374634, 3.484801769256592, 3.465437889099121, 3.4541144371032715, 3.4391798973083496, 3.4359793663024902, 3.427401542663574, 3.413475513458252, 3.415951728820801, 3.407719850540161, 3.4127838611602783, 3.4107511043548584, 3.4016380310058594, 3.4213266372680664, 3.3939473628997803, 3.4238319396972656, 3.404736042022705, 3.3989858627319336, 3.4354782104492188, 3.4249348640441895, 3.4419329166412354, 3.4224140644073486, 3.4397308826446533, 3.461848735809326, 3.4610519409179688, 3.4748146533966064, 3.497772455215454, inf, inf, inf, inf, inf, inf, inf, inf, inf, inf, inf, inf, inf, inf, inf, inf, inf, inf, inf, inf, inf, inf, inf, inf, inf, 3.49021577835083, 3.411384344100952, 3.3574891090393066, 3.2881176471710205, 3.223635196685791, 3.1802985668182373, 3.113856554031372, 3.064199686050415, 3.0164313316345215, 2.951655387878418, 2.9149651527404785, 2.8791868686676025, 2.8309507369995117, 2.8017280101776123, 2.7784042358398438, 2.7319698333740234, 2.688298225402832, 2.649658203125, 2.6360650062561035, 2.6022090911865234, 2.564572811126709, 2.5291976928710938, 2.514237880706787, 2.500246286392212, 2.486002206802368, 2.459045171737671, 2.430511474609375, 2.4103012084960938, 2.396043300628662, 2.374074697494507, 2.3465545177459717, 2.355327844619751, 2.3267099857330322, 2.3159749507904053, 2.3011085987091064, 2.2901744842529297, 2.268115282058716, 2.2719013690948486, 2.2496588230133057, 2.2654361724853516, 2.2310352325439453, 2.244779109954834, 2.2316417694091797, 2.2183241844177246, 2.211021661758423, 2.2189152240753174, 2.2106711864471436, 2.2140824794769287, 3.297992467880249, 3.308380603790283, 3.302661418914795, 3.3141987323760986, 3.317249298095703, 3.3096532821655273, 3.3144922256469727, 3.3146841526031494, 3.308640956878662, 3.3352737426757812, 3.323962926864624, 3.3365073204040527, 3.342705011367798, 3.349731206893921, 3.367919921875, 3.38312029838562, 3.3993265628814697, 3.402308702468872, 3.4110586643218994, 3.436826229095459, 3.4356491565704346, 2.448585033416748, 2.3446547985076904, 2.3422091007232666, 2.363506555557251, 2.3686161041259766, 2.3836612701416016, 2.4078617095947266, 2.4349565505981445, 2.447373390197754, 2.4670703411102295, 2.5022199153900146, 2.5407278537750244, 2.5421841144561768, 2.5654287338256836, 2.5971791744232178, 1.6953985691070557, 1.6206225156784058, 1.584670066833496, 1.597902536392212, 1.6138207912445068, 1.6396195888519287, 1.6296674013137817, 2.8952319622039795, 2.937638282775879, 2.965891122817993, 3.021395444869995, 3.0664279460906982, 3.124363422393799, 3.1717529296875, 1.823014497756958, 1.8210794925689697, 1.8433592319488525, 1.87774658203125, 1.8782027959823608, inf, inf, inf, inf, inf, inf, inf, inf, inf, inf, inf, inf, inf, inf, inf, inf, inf, inf, inf, inf, inf, inf, inf, inf, inf, inf, inf, inf, inf, inf, inf, inf, inf, inf, inf, inf, inf, inf, inf, inf, inf, inf, inf, inf, inf, inf, inf, inf, inf, inf, inf, inf, inf, inf, inf, inf, inf, inf, inf, inf, inf, inf, inf, inf, inf, inf, inf, inf, inf, inf, inf, inf, inf, inf, inf, inf, inf, inf, inf, inf, inf, inf, inf, inf, inf, inf, inf, inf, inf, inf, inf, inf, inf, inf, inf, inf, inf, inf, inf, inf, inf, inf, inf, inf, inf, inf, inf, inf, inf, inf, inf, inf, inf, inf, inf, inf, inf, inf, inf, inf, inf, inf, inf, inf, inf, inf, inf, inf, inf, inf, inf, inf, inf]),0.01749303564429283,3379589000000,
array('f', [inf, inf, inf, inf, inf, inf, inf, inf, inf, inf, inf, inf, inf, inf, inf, inf, inf, inf, inf, inf, inf, inf, inf, inf, inf, inf, inf, inf, inf, inf, inf, inf, inf, inf, inf, inf, inf, inf, inf, inf, inf, inf, inf, inf, inf, inf, inf, inf, inf, inf, inf, inf, inf, inf, inf, inf, inf, inf, inf, inf, inf, inf, inf, inf, inf, inf, inf, inf, inf, inf, 3.4971296787261963, 3.478259563446045, 3.46718692779541, 3.4404149055480957, 3.449892997741699, 3.4343059062957764, 3.4130518436431885, 3.417051076889038, 3.411966323852539, 3.4096286296844482, 3.4197304248809814, 3.399339199066162, 3.3939802646636963, 3.4047200679779053, 3.3875021934509277, 3.3970682621002197, 3.4201126098632812, 3.403650999069214, 3.417114734649658, 3.416661500930786, 3.4229254722595215, 3.444592237472534, 3.4367423057556152, 3.4459757804870605, 3.455753803253174, 3.4861857891082764, 3.484293222427368, inf, inf, inf, inf, inf, inf, inf, inf, inf, inf, inf, inf, inf, inf, inf, inf, inf, inf, inf, inf, inf, inf, inf, inf, inf, inf, 3.430485486984253, 3.374088764190674, 3.2916314601898193, 3.2425546646118164, 3.1784250736236572, 3.126460552215576, 3.0721569061279297, 3.0227720737457275, 2.957282781600952, 2.936126708984375, 2.882826566696167, 2.8384761810302734, 2.8237369060516357, 2.7849106788635254, 2.756281852722168, 2.699594497680664, 2.669980525970459, 2.6561005115509033, 2.61378812789917, 2.569934129714966, 2.541396141052246, 2.545219659805298, 2.5267391204833984, 2.4853172302246094, 2.4581704139709473, 2.4517197608947754, 2.4344937801361084, 2.396656036376953, 2.3781931400299072, 2.3612639904022217, 2.371551036834717, 2.3545384407043457, 2.335895299911499, 2.316499948501587, 2.31111478805542, 2.2776262760162354, 2.2960422039031982, 2.2624857425689697, 2.263829469680786, 2.2595150470733643, 2.25504469871521, 2.261492967605591, 2.21789813041687, 2.2313973903656006, 2.207120180130005, 2.208329200744629, 2.214078664779663, 3.345494508743286, 3.330953598022461, 3.3166558742523193, 3.334792375564575, 3.324326753616333, 3.330627679824829, 3.31794810295105, 3.3074803352355957, 3.341879367828369, 3.348872423171997, 3.3603363037109375, 3.3656387329101562, 3.3644120693206787, 3.3728573322296143, 3.3887014389038086, 3.402820348739624, 3.417447328567505, 3.4351038932800293, 3.4434897899627686, 3.474515676498413, 3.4768128395080566, 2.4018375873565674, 2.339527130126953, 2.37011981010437, 2.3908565044403076, 2.4037787914276123, 2.4287023544311523, 2.4625086784362793, 2.460035800933838, 2.50150465965271, 2.506317377090454, 2.532806634902954, 2.5630288124084473, 2.5812196731567383, 2.6232879161834717, 2.6427979469299316, 2.656614065170288, 2.701751947402954, 2.732104539871216, 1.6657081842422485, 1.6106395721435547, 1.6466565132141113, 2.8934319019317627, 2.9209649562835693, 2.9583606719970703, 3.0311591625213623, 3.073211908340454, 3.12709379196167, 3.166727066040039, 3.232970714569092, 3.3040030002593994, 1.8561995029449463, 1.8478506803512573, 1.8854807615280151, 1.8841145038604736, inf, inf, inf, inf, inf, inf, inf, inf, inf, inf, inf, inf, inf, inf, inf, inf, inf, inf, inf, inf, inf, inf, inf, inf, inf, inf, inf, inf, inf, inf, inf, inf, inf, inf, inf, inf, inf, inf, inf, inf, inf, inf, inf, inf, inf, inf, inf, inf, inf, inf, inf, inf, inf, inf, inf, inf, inf, inf, inf, inf, inf, inf, inf, inf, inf, inf, inf, inf, inf, inf, inf, inf, inf, inf, inf, inf, inf, inf, inf, inf, inf, inf, inf, inf, inf, inf, inf, inf, inf, inf, inf, inf, inf, inf, inf, inf, inf, inf, inf, inf, inf, inf, inf, inf, inf, inf, inf, inf, inf, inf, inf, inf, inf, inf, inf, inf, inf, inf, inf, inf, inf, inf, inf, inf, inf, inf, inf, inf, inf, inf, inf, inf, inf, inf, inf]),0.01749303564429283,3379788000000,
array('f', [inf, inf, inf, inf, inf, inf, inf, inf, inf, inf, inf, inf, inf, inf, inf, inf, inf, inf, inf, inf, inf, inf, inf, inf, inf, inf, inf, inf, inf, inf, inf, inf, inf, inf, inf, inf, inf, inf, inf, inf, inf, inf, inf, inf, inf, inf, inf, inf, inf, inf, inf, inf, inf, inf, inf, inf, inf, inf, inf, inf, inf, inf, inf, inf, inf, inf, inf, 3.493422269821167, 3.5, 3.4716293811798096, 3.4617116451263428, 3.45330810546875, 3.446445941925049, 3.4335968494415283, 3.411281108856201, 3.4310848712921143, 3.4165773391723633, 3.426847457885742, 3.406845808029175, 3.407423257827759, 3.4042093753814697, 3.3994975090026855, 3.405783176422119, 3.402949333190918, 3.402967929840088, 3.3900396823883057, 3.411968946456909, 3.4264137744903564, 3.432377338409424, 3.4228289127349854, 3.439575672149658, 3.4432690143585205, 3.4695849418640137, 3.5, 3.499922513961792, inf, inf, inf, inf, inf, inf, inf, inf, inf, inf, inf, inf, inf, inf, inf, inf, inf, inf, inf, inf, inf, inf, inf, inf, inf, inf, 3.4280524253845215, 3.3664231300354004, 3.3188023567199707, 3.24214768409729, 3.195467948913574, 3.135589361190796, 3.0909042358398438, 3.015259265899658, 2.9806034564971924, 2.958831787109375, 2.8931899070739746, 2.8509058952331543, 2.8152010440826416, 2.7860159873962402, 2.7536816596984863, 2.7027499675750732, 2.6838021278381348, 2.6545450687408447, 2.6400701999664307, 2.585878372192383, 2.5758848190307617, 2.5378499031066895, 2.5154523849487305, 2.50319504737854, 2.476473093032837, 2.4644582271575928, 2.437251329421997, 2.445965528488159, 2.4151461124420166, 2.393498659133911, 2.379181385040283, 2.3578665256500244, 2.3499152660369873, 2.3360753059387207, 2.326237678527832, 2.32214617729187, 2.3022472858428955, 2.291156053543091, 2.2928342819213867, 2.275730609893799, 2.2644050121307373, 2.2527830600738525, 2.2673699855804443, 2.2505433559417725, 2.252720832824707, 2.238807201385498, 2.3919460773468018, 3.345161199569702, 3.349777936935425, 3.326465606689453, 3.3367183208465576, 3.342010736465454, 3.3457553386688232, 3.3361458778381348, 3.356294631958008, 3.3664803504943848, 3.365065336227417, 3.382674217224121, 3.3716650009155273, 3.3789608478546143, 3.406855821609497, 3.4376580715179443, 3.436631441116333, 3.4510371685028076, 3.4505813121795654, 3.4682719707489014, 3.4788355827331543, 2.50362229347229, 2.3748810291290283, 2.3982245922088623, 2.401181697845459, 2.4026377201080322, 2.4318954944610596, 2.4583146572113037, 2.4871842861175537, 2.492363452911377, 2.5051651000976562, 2.550825834274292, 2.566679000854492, 2.590216875076294, 2.622234582901001, 2.6341967582702637, 2.662484645843506, 2.6986382007598877, 2.735759735107422, 2.77565860748291, 2.801715612411499, 2.826582193374634, 2.8833298683166504, 2.935347080230713, 2.948821544647217, 3.014023780822754, 3.0541017055511475, 3.1160104274749756, 3.172673225402832, 3.213524341583252, 3.263094902038574, 3.3554646968841553, 3.41452693939209, 1.8704805374145508, 1.9014718532562256, 1.9126163721084595, inf, inf, inf, inf, inf, inf, inf, inf, inf, inf, inf, inf, inf, inf, inf, inf, inf, inf, inf, inf, inf, inf, inf, inf, inf, inf, inf, inf, inf, inf, inf, inf, inf, inf, inf, inf, inf, inf, inf, inf, inf, inf, inf, inf, inf, inf, inf, inf, inf, inf, inf, inf, inf, inf, inf, inf, inf, inf, inf, inf, inf, inf, inf, inf, inf, inf, inf, inf, inf, inf, inf, inf, inf, inf, inf, inf, inf, inf, inf, inf, inf, inf, inf, inf, inf, inf, inf, inf, inf, inf, inf, inf, inf, inf, inf, inf, inf, inf, inf, inf, inf, inf, inf, inf, inf, inf, inf, inf, inf, inf, inf, inf, inf, inf, inf, inf, inf, inf, inf, inf, inf, inf, inf, inf, inf, inf, inf, inf, inf, inf, inf, inf, inf, inf, inf, inf, inf]),0.01749303564429283,3379988000000,
array('f', [inf, inf, inf, inf, inf, inf, inf, inf, inf, inf, inf, inf, inf, inf, inf, inf, inf, inf, inf, inf, inf, inf, inf, inf, inf, inf, inf, inf, inf, inf, inf, inf, inf, inf, inf, inf, inf, inf, inf, inf, inf, inf, inf, inf, inf, inf, inf, inf, inf, inf, inf, inf, inf, inf, inf, inf, inf, inf, inf, inf, inf, inf, inf, inf, inf, 3.4800357818603516, 3.4788310527801514, 3.4762942790985107, 3.4366397857666016, 3.450024127960205, 3.4356465339660645, 3.4235572814941406, 3.402575969696045, 3.423717737197876, 3.4103634357452393, 3.399301528930664, 3.3972344398498535, 3.39449405670166, 3.3983685970306396, 3.4030067920684814, 3.393453598022461, 3.3885505199432373, 3.4232897758483887, 3.417224168777466, 3.4189865589141846, 3.422764301300049, 3.4464685916900635, 3.4462215900421143, 3.447187662124634, 3.46207594871521, 3.470501184463501, 3.4754245281219482, 3.4924728870391846, inf, inf, inf, inf, inf, inf, inf, inf, inf, inf, inf, inf, inf, inf, inf, inf, inf, inf, inf, inf, inf, inf, inf, inf, inf, inf, 3.459151029586792, 3.395001173019409, 3.3215487003326416, 3.26891827583313, 3.2149295806884766, 3.1447601318359375, 3.0937135219573975, 3.0393588542938232, 2.9966602325439453, 2.942261219024658, 2.9293172359466553, 2.862062692642212, 2.846205949783325, 2.8024940490722656, 2.7506580352783203, 2.7403385639190674, 2.699686050415039, 2.680206775665283, 2.643510103225708, 2.6227924823760986, 2.6016440391540527, 2.5769479274749756, 2.524552583694458, 2.5214974880218506, 2.5046510696411133, 2.4737884998321533, 2.458341360092163, 2.443591594696045, 2.4260592460632324, 2.4085841178894043, 2.401609420776367, 2.371429443359375, 2.3700366020202637, 2.3668673038482666, 2.3351547718048096, 2.3285458087921143, 2.304054021835327, 2.324385643005371, 2.3261775970458984, 2.307852268218994, 2.294381856918335, 2.2618231773376465, 2.289794683456421, 2.272176742553711, 2.2579128742218018, 2.2638514041900635, 3.352365016937256, 3.388965606689453, 3.374196767807007, 3.359952688217163, 3.360884189605713, 3.375622510910034, 3.361947774887085, 3.368809938430786, 3.3815879821777344, 3.372997999191284, 3.3993828296661377, 3.398013114929199, 3.3898675441741943, 3.4103777408599854, 3.4264979362487793, 3.4338748455047607, 3.46970272064209, 3.4714713096618652, 3.4853603839874268, 3.495192050933838, inf, 2.47649884223938, 2.4062578678131104, 2.3961658477783203, 2.415637493133545, 2.4583373069763184, 2.456552505493164, 2.480262279510498, 2.49821138381958, 2.5194568634033203, 2.538581371307373, 2.564427375793457, 2.5929012298583984, 2.6295554637908936, 2.65836238861084, 2.6722800731658936, 2.7205452919006348, 2.720181703567505, 2.7821085453033447, 2.7943928241729736, 2.8456945419311523, 2.8853254318237305, 2.903883695602417, 2.9710693359375, 2.990783214569092, 3.037898302078247, 3.0972988605499268, 3.140242099761963, 3.2023937702178955, 3.248995065689087, 3.324058771133423, 3.393191337585449, 3.4474081993103027, 1.8827903270721436, 1.9068107604980469, 1.9422978162765503, inf, inf, inf, inf, inf, inf, inf, inf, inf, inf, inf, inf, inf, inf, inf, inf, inf, inf, inf, inf, inf, inf, inf, inf, inf, inf, inf, inf, inf, inf, inf, inf, inf, inf, inf, inf, inf, inf, inf, inf, inf, inf, inf, inf, inf, inf, inf, inf, inf, inf, inf, inf, inf, inf, inf, inf, inf, inf, inf, inf, inf, inf, inf, inf, inf, inf, inf, inf, inf, inf, inf, inf, inf, inf, inf, inf, inf, inf, inf, inf, inf, inf, inf, inf, inf, inf, inf, inf, inf, inf, inf, inf, inf, inf, inf, inf, inf, inf, inf, inf, inf, inf, inf, inf, inf, inf, inf, inf, inf, inf, inf, inf, inf, inf, inf, inf, inf, inf, inf, inf, inf, inf, inf, inf, inf, inf, inf, inf, inf, inf, inf, inf, inf, inf, inf, inf, inf, inf, inf]),0.01749303564429283,3380188000000,
array('f', [inf, inf, inf, inf, inf, inf, inf, inf, inf, inf, inf, inf, inf, inf, inf, inf, inf, inf, inf, inf, inf, inf, inf, inf, inf, inf, inf, inf, inf, inf, inf, inf, inf, inf, inf, inf, inf, inf, inf, inf, inf, inf, inf, inf, inf, inf, inf, inf, inf, inf, inf, inf, inf, inf, inf, inf, inf, inf, inf, inf, inf, inf, 3.5, 3.467912197113037, 3.4723355770111084, 3.4645891189575195, 3.435910701751709, 3.4361305236816406, 3.4365503787994385, 3.419053792953491, 3.4174869060516357, 3.407820224761963, 3.4045302867889404, 3.3980302810668945, 3.38723087310791, 3.3916919231414795, 3.3950843811035156, 3.4049930572509766, 3.4001033306121826, 3.4002325534820557, 3.420780658721924, 3.407632350921631, 3.4130470752716064, 3.4183638095855713, 3.4193878173828125, 3.453155994415283, 3.44888973236084, 3.447882890701294, 3.44937801361084, 3.4917924404144287, inf, inf, inf, inf, inf, inf, inf, inf, inf, inf, inf, inf, inf, inf, inf, inf, inf, inf, inf, inf, inf, inf, inf, inf, inf, inf, inf, 3.4824118614196777, 3.4057021141052246, 3.3433072566986084, 3.282707452774048, 3.2169408798217773, 3.1698496341705322, 3.119866132736206, 3.068059206008911, 3.001882553100586, 2.9663593769073486, 2.9434220790863037, 2.877598285675049, 2.84537410736084, 2.8195953369140625, 2.780231237411499, 2.7483959197998047, 2.7232449054718018, 2.6903507709503174, 2.6771416664123535, 2.6340458393096924, 2.6109867095947266, 2.582252025604248, 2.5812885761260986, 2.5539698600769043, 2.509739637374878, 2.506180763244629, 2.4907140731811523, 2.4599225521087646, 2.4463608264923096, 2.4300031661987305, 2.40205717086792, 2.396188974380493, 2.4101974964141846, 2.3899776935577393, 2.3742401599884033, 2.3565239906311035, 2.3345351219177246, 2.3518452644348145, 2.335710287094116, 2.322999954223633, 2.3178348541259766, 2.304344892501831, 2.29349946975708, 2.2965943813323975, 2.2882497310638428, 2.2664976119995117, 3.3732564449310303, 3.402932643890381, 3.380903959274292, 3.388075828552246, 3.364259719848633, 3.380070686340332, 3.3854334354400635, 3.3903350830078125, 3.4079811573028564, 3.408306837081909, 3.4009320735931396, 3.420915365219116, 3.4400134086608887, 3.452073097229004, 3.4510388374328613, 3.468466281890869, 3.488558530807495, 3.467470645904541, inf, inf, inf, 2.4442331790924072, 2.4086928367614746, 2.42142653465271, 2.430663824081421, 2.4686777591705322, 2.471461057662964, 2.498854875564575, 2.539146661758423, 2.559077262878418, 2.570478677749634, 2.5973315238952637, 2.6089916229248047, 2.650569438934326, 2.6797029972076416, 2.7152328491210938, 2.733107805252075, 2.772435426712036, 2.795947790145874, 2.8166580200195312, 2.8802926540374756, 2.935351848602295, 2.9531548023223877, 3.0150375366210938, 3.03737211227417, 3.110245704650879, 3.135077714920044, 3.208209276199341, 3.265080213546753, 3.2841291427612305, 3.368513822555542, 3.4421162605285645, inf, 1.9371784925460815, 1.9452568292617798, 1.9741392135620117, inf, inf, inf, inf, inf, inf, inf, inf, inf, inf, inf, inf, inf, inf, inf, inf, inf, inf, inf, inf, inf, inf, inf, inf, inf, inf, inf, inf, inf, inf, inf, inf, inf, inf, inf, inf, inf, inf, inf, inf, inf, inf, inf, inf, inf, inf, inf, inf, inf, inf, inf, inf, inf, inf, inf, inf, inf, inf, inf, inf, inf, inf, inf, inf, inf, inf, inf, inf, inf, inf, inf, inf, inf, inf, inf, inf, inf, inf, inf, inf, inf, inf, inf, inf, inf, inf, inf, inf, inf, inf, inf, inf, inf, inf, inf, inf, inf, inf, inf, inf, inf, inf, inf, inf, inf, inf, inf, inf, inf, inf, inf, inf, inf, inf, inf, inf, inf, inf, inf, inf, inf, inf, inf, inf, inf, inf, inf, inf, inf, inf, inf, inf, inf, inf, inf, inf, inf, inf, inf, inf, inf]),0.01749303564429283,3380388000000,
array('f', [inf, inf, inf, inf, inf, inf, inf, inf, inf, inf, inf, inf, inf, inf, inf, inf, inf, inf, inf, inf, inf, inf, inf, inf, inf, inf, inf, inf, inf, inf, inf, inf, inf, inf, inf, inf, inf, inf, inf, inf, inf, inf, inf, inf, inf, inf, inf, inf, inf, inf, inf, inf, inf, inf, inf, inf, inf, inf, inf, inf, 3.5, 3.481252431869507, 3.4605507850646973, 3.4630253314971924, 3.442509889602661, 3.427555799484253, 3.433548927307129, 3.427051544189453, 3.405630588531494, 3.396291971206665, 3.4027020931243896, 3.3999054431915283, 3.3954265117645264, 3.3985934257507324, 3.3993377685546875, 3.3949458599090576, 3.3881492614746094, 3.3929457664489746, 3.4114749431610107, 3.4025676250457764, 3.4143683910369873, 3.4151172637939453, 3.4360263347625732, 3.424382209777832, 3.4589295387268066, 3.4671013355255127, 3.463249444961548, 3.4851884841918945, inf, inf, inf, inf, inf, inf, inf, inf, inf, inf, inf, inf, inf, inf, inf, inf, inf, inf, inf, inf, inf, inf, inf, inf, inf, inf, inf, 3.482353687286377, 3.4203131198883057, 3.3648037910461426, 3.298565626144409, 3.243697166442871, 3.188422203063965, 3.1009521484375, 3.0811715126037598, 3.0375609397888184, 2.988783121109009, 2.9564614295959473, 2.910600423812866, 2.886207103729248, 2.8572704792022705, 2.800370931625366, 2.766550064086914, 2.725121021270752, 2.732736825942993, 2.6730470657348633, 2.642174005508423, 2.613234519958496, 2.6013245582580566, 2.5783026218414307, 2.542947292327881, 2.528942823410034, 2.5151164531707764, 2.4905922412872314, 2.4806365966796875, 2.4516310691833496, 2.4437997341156006, 2.4149203300476074, 2.407593011856079, 2.416104316711426, 2.3990423679351807, 2.379711151123047, 2.368795394897461, 2.361429452896118, 2.371415138244629, 2.363961935043335, 2.3466320037841797, 2.323124647140503, 2.3236451148986816, 2.305651903152466, 2.3116936683654785, 2.3068041801452637, 2.3069663047790527, 3.4004430770874023, 3.4162702560424805, 3.4192376136779785, 3.4165351390838623, 3.3991012573242188, 3.3957135677337646, 3.433190107345581, 3.4162073135375977, 3.4269466400146484, 3.4271812438964844, 3.4515233039855957, 3.4413046836853027, 3.4607114791870117, 3.4732449054718018, 3.4838171005249023, 3.5, inf, inf, inf, inf, 2.5459084510803223, 2.4298791885375977, 2.4483795166015625, 2.4794509410858154, 2.4924380779266357, 2.4974191188812256, 2.521940231323242, 2.5272510051727295, 2.5640878677368164, 2.557988405227661, 2.593559980392456, 2.637706995010376, 2.657597303390503, 2.6790409088134766, 2.6920006275177, 2.728569269180298, 2.767216444015503, 2.8127012252807617, 2.8455698490142822, 2.8630146980285645, 2.9012033939361572, 2.962953805923462, 3.004882335662842, 3.033689260482788, 3.0999197959899902, 3.1438088417053223, 3.1823525428771973, 3.23189377784729, 3.300307273864746, 3.3505239486694336, 3.4073519706726074, 3.4941635131835938, inf, 1.937947154045105, 1.9675848484039307, inf, inf, inf, inf, inf, inf, inf, inf, inf, inf, inf, inf, inf, inf, inf, inf, inf, inf, inf, inf, inf, inf, inf, inf, inf, inf, inf, inf, inf, inf, inf, inf, inf, inf, inf, inf, inf, inf, inf, inf, inf, inf, inf, inf, inf, inf, inf, inf, inf, inf, inf, inf, inf, inf, inf, inf, inf, inf, inf, inf, inf, inf, inf, inf, inf, inf, inf, inf, inf, inf, inf, inf, inf, inf, inf, inf, inf, inf, inf, inf, inf, inf, inf, inf, inf, inf, inf, inf, inf, inf, inf, inf, inf, inf, inf, inf, inf, inf, inf, inf, inf, inf, inf, inf, inf, inf, inf, inf, inf, inf, inf, inf, inf, inf, inf, inf, inf, inf, inf, inf, inf, inf, inf, inf, inf, inf, inf, inf, inf, inf, inf, inf, inf, inf, inf, inf, inf, inf, inf, inf, inf, inf, inf, inf]),0.01749303564429283,3380588000000,
array('f', [inf, inf, inf, inf, inf, inf, inf, inf, inf, inf, inf, inf, inf, inf, inf, inf, inf, inf, inf, inf, inf, inf, inf, inf, inf, inf, inf, inf, inf, inf, inf, inf, inf, inf, inf, inf, inf, inf, inf, inf, inf, inf, inf, inf, inf, inf, inf, inf, inf, inf, inf, inf, inf, inf, inf, inf, inf, 3.5, 3.488744020462036, 3.4397363662719727, 3.4505903720855713, 3.425706148147583, 3.435655355453491, 3.4353420734405518, 3.4169931411743164, 3.415517807006836, 3.388277292251587, 3.395831823348999, 3.389655351638794, 3.390824556350708, 3.3846547603607178, 3.3622422218322754, 3.403444766998291, 3.380385637283325, 3.3744988441467285, 3.411052942276001, 3.3932414054870605, 3.4090466499328613, 3.418126106262207, 3.4239418506622314, 3.4232208728790283, 3.4322078227996826, 3.4456982612609863, 3.4627301692962646, 3.47324800491333, 3.487200975418091, 3.4989302158355713, inf, inf, inf, inf, inf, inf, inf, inf, inf, inf, inf, inf, inf, inf, inf, inf, inf, inf, inf, inf, inf, inf, inf, inf, inf, inf, 3.5, 3.4189209938049316, 3.3642807006835938, 3.3037543296813965, 3.2610621452331543, 3.1998062133789062, 3.153566598892212, 3.093194007873535, 3.047426223754883, 2.9885482788085938, 2.973292350769043, 2.919118642807007, 2.8744990825653076, 2.846289873123169, 2.8289129734039307, 2.779698371887207, 2.7442636489868164, 2.7082715034484863, 2.7025206089019775, 2.666316032409668, 2.638157606124878, 2.6029129028320312, 2.58544921875, 2.5631635189056396, 2.54494047164917, 2.5232458114624023, 2.5171146392822266, 2.4992315769195557, 2.4909677505493164, 2.452108860015869, 2.437633991241455, 2.4268267154693604, 2.442336320877075, 2.415013074874878, 2.3970675468444824, 2.412905216217041, 2.3794357776641846, 2.3758466243743896, 2.3442130088806152, 2.348222255706787, 2.3662161827087402, 2.356145143508911, 2.3435170650482178, 2.32678484916687, 2.3334758281707764, 2.340904951095581, 3.439800262451172, 3.421870470046997, 3.4274277687072754, 3.4084646701812744, 3.419267177581787, 3.4227797985076904, 3.4281485080718994, 3.4454891681671143, 3.4416651725769043, 3.444852828979492, 3.451659917831421, 3.4668774604797363, 3.466412305831909, 3.4931163787841797, inf, inf, inf, inf, inf, inf, 2.536393642425537, 2.4557151794433594, 2.482609748840332, 2.495485782623291, 2.5020811557769775, 2.5349514484405518, 2.5558266639709473, 2.5676119327545166, 2.61112380027771, 2.6120545864105225, 2.6444544792175293, 2.6608057022094727, 2.693481683731079, 2.712533950805664, 2.741058111190796, 2.7949230670928955, 2.8012137413024902, 2.8371365070343018, 2.881269931793213, 2.923184633255005, 2.958775281906128, 2.9989430904388428, 3.0379652976989746, 3.075395345687866, 3.1408867835998535, 3.1821460723876953, 3.233142852783203, 3.305542469024658, 3.355881452560425, 3.424274444580078, 3.478576898574829, inf, 1.9917497634887695, 1.994710922241211, 2.0185012817382812, inf, inf, inf, inf, inf, inf, inf, inf, inf, inf, inf, inf, inf, inf, inf, inf, inf, inf, inf, inf, inf, inf, inf, inf, inf, inf, inf, inf, inf, inf, inf, inf, inf, inf, inf, inf, inf, inf, inf, inf, inf, inf, inf, inf, inf, inf, inf, inf, inf, inf, inf, inf, inf, inf, inf, inf, inf, inf, inf, inf, inf, inf, inf, inf, inf, inf, inf, inf, inf, inf, inf, inf, inf, inf, inf, inf, inf, inf, inf, inf, inf, inf, inf, inf, inf, inf, inf, inf, inf, inf, inf, inf, inf, inf, inf, inf, inf, inf, inf, inf, inf, inf, inf, inf, inf, inf, inf, inf, inf, inf, inf, inf, inf, inf, inf, inf, inf, inf, inf, inf, inf, inf, inf, inf, inf, inf, inf, inf, inf, inf, inf, inf, inf, inf, inf, inf, inf, inf, inf, inf, inf, inf, inf, inf, inf, inf]),0.01749303564429283,3380788000000,
array('f', [inf, inf, inf, inf, inf, inf, inf, inf, inf, inf, inf, inf, inf, inf, inf, inf, inf, inf, inf, inf, inf, inf, inf, inf, inf, inf, inf, inf, inf, inf, inf, inf, inf, inf, inf, inf, inf, inf, inf, inf, inf, inf, inf, inf, inf, inf, inf, inf, inf, inf, inf, inf, inf, inf, 3.4973855018615723, 3.487717628479004, 3.4762468338012695, 3.4480669498443604, 3.4405715465545654, 3.4265079498291016, 3.4238505363464355, 3.425241470336914, 3.4218151569366455, 3.397434949874878, 3.402146100997925, 3.3954899311065674, 3.366499900817871, 3.3808999061584473, 3.355438232421875, 3.3673624992370605, 3.365798234939575, 3.385709524154663, 3.389594554901123, 3.394362449645996, 3.4063327312469482, 3.406440258026123, 3.3984735012054443, 3.401343584060669, 3.4020373821258545, 3.41505765914917, 3.4417781829833984, 3.4657444953918457, 3.4655463695526123, 3.4905388355255127, 3.5, inf, inf, inf, inf, inf, inf, inf, inf, inf, inf, inf, inf, inf, inf, inf, inf, inf, inf, inf, inf, inf, inf, inf, inf, inf, inf, inf, 3.4587950706481934, 3.382375717163086, 3.317096471786499, 3.2563700675964355, 3.2114388942718506, 3.147373914718628, 3.1130237579345703, 3.0631814002990723, 3.023958921432495, 2.9993882179260254, 2.923433780670166, 2.8963587284088135, 2.88627290725708, 2.8339855670928955, 2.808316946029663, 2.771712064743042, 2.737990140914917, 2.707472562789917, 2.687671184539795, 2.6900157928466797, 2.631845474243164, 2.602605104446411, 2.609909772872925, 2.551086187362671, 2.558107614517212, 2.525322914123535, 2.5024771690368652, 2.506086587905884, 2.4947872161865234, 2.467097520828247, 2.4633982181549072, 2.4502792358398438, 2.432633399963379, 2.407689332962036, 2.422274589538574, 2.4019598960876465, 2.4032835960388184, 2.3809330463409424, 2.3700008392333984, 2.383347511291504, 2.362809419631958, 2.366992712020874, 2.355266571044922, 2.357149124145508, 2.3641343116760254, 3.454453945159912, 3.4430108070373535, 3.457176446914673, 3.4571454524993896, 3.449068307876587, 3.460254430770874, 3.4663021564483643, 3.4598588943481445, 3.470317840576172, 3.4888906478881836, 3.4978854656219482, 3.5, inf, inf, inf, inf, inf, inf, inf, inf, 2.5250890254974365, 2.4845876693725586, 2.5047242641448975, 2.5319433212280273, 2.5551676750183105, 2.5543556213378906, 2.5736868381500244, 2.5970633029937744, 2.613485336303711, 2.654581069946289, 2.6669745445251465, 2.6771833896636963, 2.728675365447998, 2.7539596557617188, 2.76593279838562, 2.814283847808838, 2.842968225479126, 2.8830723762512207, 2.917919874191284, 2.9553067684173584, 3.001493215560913, 3.0662405490875244, 3.0782299041748047, 3.119304895401001, 3.160475015640259, 3.2272820472717285, 3.277134418487549, 3.338347911834717, 3.4059977531433105, 3.46481990814209, inf, inf, 1.9923804998397827, 2.0156314373016357, inf, inf, inf, inf, inf, inf, inf, inf, inf, inf, inf, inf, inf, inf, inf, inf, inf, inf, inf, inf, inf, inf, inf, inf, inf, inf, inf, inf, inf, inf, inf, inf, inf, inf, inf, inf, inf, inf, inf, inf, inf, inf, inf, inf, inf, inf, inf, inf, inf, inf, inf, inf, inf, inf, inf, inf, inf, inf, inf, inf, inf, inf, inf, inf, inf, inf, inf, inf, inf, inf, inf, inf, inf, inf, inf, inf, inf, inf, inf, inf, inf, inf, inf, inf, inf, inf, inf, inf, inf, inf, inf, inf, inf, inf, inf, inf, inf, inf, inf, inf, inf, inf, inf, inf, inf, inf, inf, inf, inf, inf, inf, inf, inf, inf, inf, inf, inf, inf, inf, inf, inf, inf, inf, inf, inf, inf, inf, inf, inf, inf, inf, inf, inf, inf, inf, inf, inf, inf, inf, inf, inf, inf, inf, inf, inf, inf, inf, inf, inf]),0.01749303564429283,3380988000000,
array('f', [inf, inf, inf, inf, inf, inf, inf, inf, inf, inf, inf, inf, inf, inf, inf, inf, inf, inf, inf, inf, inf, inf, inf, inf, inf, inf, inf, inf, inf, inf, inf, inf, inf, inf, inf, inf, inf, inf, inf, inf, inf, inf, inf, inf, inf, inf, inf, inf, inf, inf, inf, inf, 3.480769157409668, 3.4999189376831055, 3.445368528366089, 3.4450814723968506, 3.445765972137451, 3.4193859100341797, 3.397334098815918, 3.3904216289520264, 3.3993892669677734, 3.392717123031616, 3.3767588138580322, 3.392359972000122, 3.3678555488586426, 3.384174346923828, 3.358064651489258, 3.3821287155151367, 3.3745203018188477, 3.375934362411499, 3.3779642581939697, 3.3921475410461426, 3.3989899158477783, 3.395754814147949, 3.382722854614258, 3.404954433441162, 3.414520502090454, 3.4257712364196777, 3.4362387657165527, 3.4637610912323, 3.446274757385254, 3.4660542011260986, 3.489403247833252, inf, inf, inf, inf, inf, inf, inf, inf, inf, inf, inf, inf, inf, inf, inf, inf, inf, inf, inf, inf, inf, inf, inf, inf, inf, inf, inf, 3.4635844230651855, 3.3914151191711426, 3.3400628566741943, 3.282935619354248, 3.230635404586792, 3.1715919971466064, 3.1238510608673096, 3.0887255668640137, 3.0554795265197754, 2.9940435886383057, 2.955676794052124, 2.924126625061035, 2.8941292762756348, 2.865591287612915, 2.832371473312378, 2.81365966796875, 2.7592358589172363, 2.7336082458496094, 2.6904876232147217, 2.6779463291168213, 2.6608479022979736, 2.64896297454834, 2.6300389766693115, 2.6114742755889893, 2.5881998538970947, 2.559243679046631, 2.5334062576293945, 2.5167086124420166, 2.5107533931732178, 2.493990659713745, 2.4947917461395264, 2.467334747314453, 2.451932907104492, 2.438988208770752, 2.4303536415100098, 2.4314370155334473, 2.417637348175049, 2.409379720687866, 2.4059598445892334, 2.3903090953826904, 2.4023892879486084, 2.3771796226501465, 2.4049994945526123, 2.3791818618774414, 2.3717310428619385, 3.4641828536987305, 3.4627346992492676, 3.4767255783081055, 3.481633424758911, 3.4773049354553223, 3.4881014823913574, 3.485111951828003, 3.5, 3.490334987640381, inf, inf, inf, inf, inf, inf, inf, inf, inf, inf, 2.649998426437378, 2.489612340927124, 2.506622314453125, 2.541151762008667, 2.5433578491210938, 2.5594468116760254, 2.5882434844970703, 2.6047768592834473, 2.639890432357788, 2.653000831604004, 2.6830854415893555, 2.692932605743408, 2.7163360118865967, 2.759420156478882, 2.7842495441436768, 2.809115409851074, 2.8468353748321533, 2.884538173675537, 2.934692859649658, 2.955510139465332, 3.010359764099121, 3.042957305908203, 3.0762672424316406, 3.126136302947998, 3.16886043548584, 3.208639144897461, 3.2733242511749268, 3.3359243869781494, 3.400075912475586, 3.4649319648742676, inf, inf, inf, 2.0247435569763184, 2.0419561862945557, inf, inf, inf, inf, inf, inf, inf, inf, inf, inf, inf, inf, inf, inf, inf, inf, inf, inf, inf, inf, inf, inf, inf, inf, inf, inf, inf, inf, inf, inf, inf, inf, inf, inf, inf, inf, inf, inf, inf, inf, inf, inf, inf, inf, inf, inf, inf, inf, inf, inf, inf, inf, inf, inf, inf, inf, inf, inf, inf, inf, inf, inf, inf, inf, inf, inf, inf, inf, inf, inf, inf, inf, inf, inf, inf, inf, inf, inf, inf, inf, inf, inf, inf, inf, inf, inf, inf, inf, inf, inf, inf, inf, inf, inf, inf, inf, inf, inf, inf, inf, inf, inf, inf, inf, inf, inf, inf, inf, inf, inf, inf, inf, inf, inf, inf, inf, inf, inf, inf, inf, inf, inf, inf, inf, inf, inf, inf, inf, inf, inf, inf, inf, inf, inf, inf, inf, inf, inf, inf, inf, inf, inf, inf, inf, inf, inf, inf, inf, inf, inf, inf]),0.01749303564429283,3381188000000,
array('f', [inf, inf, inf, inf, inf, inf, inf, inf, inf, inf, inf, inf, inf, inf, inf, inf, inf, inf, inf, inf, inf, inf, inf, inf, inf, inf, inf, inf, inf, inf, inf, inf, inf, inf, inf, inf, inf, inf, inf, inf, inf, inf, inf, inf, inf, inf, inf, inf, inf, 3.4950082302093506, 3.4600391387939453, 3.4453089237213135, 3.44346284866333, 3.4351892471313477, 3.4237773418426514, 3.402554512023926, 3.4227216243743896, 3.3921496868133545, 3.382571220397949, 3.3957531452178955, 3.370403528213501, 3.390197515487671, 3.367715358734131, 3.3541157245635986, 3.3492484092712402, 3.3587348461151123, 3.3702478408813477, 3.3756682872772217, 3.3688721656799316, 3.3864686489105225, 3.3906009197235107, 3.37949800491333, 3.3859856128692627, 3.3985087871551514, 3.4223761558532715, 3.4067118167877197, 3.4310142993927, 3.452585458755493, 3.4571151733398438, 3.481344699859619, 3.4732162952423096, inf, inf, inf, inf, inf, inf, inf, inf, inf, inf, inf, inf, inf, inf, inf, inf, inf, inf, inf, inf, inf, inf, inf, inf, inf, inf, inf, 3.478888750076294, 3.417590379714966, 3.331791877746582, 3.29996919631958, 3.2549362182617188, 3.193507671356201, 3.140944719314575, 3.103393077850342, 3.0742900371551514, 3.019559383392334, 2.9879794120788574, 2.9437363147735596, 2.905898332595825, 2.845318078994751, 2.829059362411499, 2.812826156616211, 2.787062168121338, 2.767265796661377, 2.722015619277954, 2.69208025932312, 2.6998751163482666, 2.6250364780426025, 2.6314289569854736, 2.614049196243286, 2.5833194255828857, 2.5596351623535156, 2.556028127670288, 2.540783166885376, 2.524148941040039, 2.5080983638763428, 2.4980242252349854, 2.4808363914489746, 2.4667551517486572, 2.466881275177002, 2.4385712146759033, 2.4391469955444336, 2.433438539505005, 2.441108465194702, 2.417957305908203, 2.4430081844329834, 2.4136765003204346, 2.4051706790924072, 2.4013540744781494, 2.4074487686157227, 2.4444923400878906, 3.5, 3.4856925010681152, 3.5, 3.5, inf, inf, inf, inf, inf, inf, inf, inf, inf, inf, inf, inf, inf, inf, inf, 2.6353628635406494, 2.5267083644866943, 2.5542986392974854, 2.581378936767578, 2.5799970626831055, 2.6118767261505127, 2.622291088104248, 2.647279739379883, 2.662489891052246, 2.6888577938079834, 2.7086660861968994, 2.7290549278259277, 2.756725311279297, 2.783418655395508, 2.8214540481567383, 2.851346254348755, 2.883887767791748, 2.921666145324707, 2.9407668113708496, 2.978198766708374, 3.0255286693573, 3.0965569019317627, 3.1236953735351562, 3.169203519821167, 3.2249038219451904, 3.2809078693389893, 3.319739818572998, 3.3789689540863037, 3.43705153465271, inf, inf, inf, 2.066196918487549, 2.0482661724090576, 2.0946056842803955, inf, inf, inf, inf, inf, inf, inf, inf, inf, inf, inf, inf, inf, inf, inf, inf, inf, inf, inf, inf, inf, inf, inf, inf, inf, inf, inf, inf, inf, inf, inf, inf, inf, inf, inf, inf, inf, inf, inf, inf, inf, inf, inf, inf, inf, inf, inf, inf, inf, inf, inf, inf, inf, inf, inf, inf, inf, inf, inf, inf, inf, inf, inf, inf, inf, inf, inf, inf, inf, inf, inf, inf, inf, inf, inf, inf, inf, inf, inf, inf, inf, inf, inf, inf, inf, inf, inf, inf, inf, inf, inf, inf, inf, inf, inf, inf, inf, inf, inf, inf, inf, inf, inf, inf, inf, inf, inf, inf, inf, inf, inf, inf, inf, inf, inf, inf, inf, inf, inf, inf, inf, inf, inf, inf, inf, inf, inf, inf, inf, inf, inf, inf, inf, inf, inf, inf, inf, inf, inf, inf, inf, inf, inf, inf, inf, inf, inf, inf, inf, inf, inf, inf, inf]),0.01749303564429283,3381388000000,
array('f', [inf, inf, inf, inf, inf, inf, inf, inf, inf, inf, inf, inf, inf, inf, inf, inf, inf, inf, inf, inf, inf, inf, inf, inf, inf, inf, inf, inf, inf, inf, inf, inf, inf, inf, inf, inf, inf, inf, inf, inf, inf, inf, inf, inf, inf, inf, 3.5, 3.4791715145111084, 3.4584755897521973, 3.4204227924346924, 3.433950901031494, 3.435619831085205, 3.4017562866210938, 3.397716999053955, 3.3927109241485596, 3.3991830348968506, 3.3679895401000977, 3.3570690155029297, 3.3649168014526367, 3.36545729637146, 3.3383615016937256, 3.3587355613708496, 3.361508369445801, 3.369725465774536, 3.3551573753356934, 3.3634607791900635, 3.373821258544922, 3.3835620880126953, 3.35141921043396, 3.375009775161743, 3.388123035430908, 3.404047966003418, 3.409830331802368, 3.4166195392608643, 3.4394617080688477, 3.448880434036255, 3.439687490463257, 3.4563586711883545, 3.490590810775757, inf, inf, inf, inf, inf, inf, inf, inf, inf, inf, inf, inf, inf, inf, inf, inf, inf, inf, inf, inf, inf, inf, inf, inf, inf, inf, inf, 3.5, 3.4234960079193115, 3.3501105308532715, 3.306523561477661, 3.2662901878356934, 3.2174129486083984, 3.164081335067749, 3.127155303955078, 3.0709950923919678, 3.027956008911133, 3.0018556118011475, 2.968266487121582, 2.9253571033477783, 2.8736724853515625, 2.850435972213745, 2.8232784271240234, 2.810059070587158, 2.768270492553711, 2.7526543140411377, 2.7246546745300293, 2.682070732116699, 2.6815662384033203, 2.6519968509674072, 2.638838291168213, 2.5943925380706787, 2.602933645248413, 2.5761446952819824, 2.5614874362945557, 2.544304132461548, 2.5260517597198486, 2.515928268432617, 2.490294933319092, 2.506025791168213, 2.4839653968811035, 2.4881186485290527, 2.4420957565307617, 2.450056552886963, 2.4353458881378174, 2.4471328258514404, 2.430662155151367, 2.4434585571289062, 2.427659034729004, 2.4217300415039062, 2.420687437057495, 2.5533370971679688, inf, inf, inf, inf, inf, inf, inf, inf, inf, inf, inf, inf, inf, inf, inf, inf, inf, inf, inf, 2.6386523246765137, 2.57087779045105, 2.568565845489502, 2.5987391471862793, 2.6141273975372314, 2.616725206375122, 2.652531862258911, 2.672852039337158, 2.6697559356689453, 2.7061634063720703, 2.7452406883239746, 2.760550022125244, 2.7930691242218018, 2.819610118865967, 2.85953950881958, 2.8718693256378174, 2.922269105911255, 2.9569737911224365, 2.9984242916107178, 3.0316407680511475, 3.0624969005584717, 3.093698263168335, 3.1510801315307617, 3.2073676586151123, 3.2397871017456055, 3.3077175617218018, 3.372234582901001, 3.440779685974121, 3.5, inf, inf, inf, inf, 2.0969979763031006, 2.134491205215454, inf, inf, inf, inf, inf, inf, inf, inf, inf, inf, inf, inf, inf, inf, inf, inf, inf, inf, inf, inf, inf, inf, inf, inf, inf, inf, inf, inf, inf, inf, inf, inf, inf, inf, inf, inf, inf, inf, inf, inf, inf, inf, inf, inf, inf, inf, inf, inf, inf, inf, inf, inf, inf, inf, inf, inf, inf, inf, inf, inf, inf, inf, inf, inf, inf, inf, inf, inf, inf, inf, inf, inf, inf, inf, inf, inf, inf, inf, inf, inf, inf, inf, inf, inf, inf, inf, inf, inf, inf, inf, inf, inf, inf, inf, inf, inf, inf, inf, inf, inf, inf, inf, inf, inf, inf, inf, inf, inf, inf, inf, inf, inf, inf, inf, inf, inf, inf, inf, inf, inf, inf, inf, inf, inf, inf, inf, inf, inf, inf, inf, inf, inf, inf, inf, inf, inf, inf, inf, inf, inf, inf, inf, inf, inf, inf, inf, inf, inf, inf, inf, inf, inf, inf, inf, inf]),0.01749303564429283,3381588000000,
array('f', [inf, inf, inf, inf, inf, inf, inf, inf, inf, inf, inf, inf, inf, inf, inf, inf, inf, inf, inf, inf, inf, inf, inf, inf, inf, inf, inf, inf, inf, inf, inf, inf, inf, inf, inf, inf, inf, inf, inf, inf, inf, inf, inf, 3.4867348670959473, 3.4814720153808594, 3.4784679412841797, 3.4470856189727783, 3.4248709678649902, 3.40932559967041, 3.4070913791656494, 3.391448974609375, 3.394592761993408, 3.3720319271087646, 3.3666324615478516, 3.3582091331481934, 3.3603193759918213, 3.344316244125366, 3.324648380279541, 3.345806837081909, 3.3407485485076904, 3.342961549758911, 3.3585927486419678, 3.344045639038086, 3.348154067993164, 3.3637750148773193, 3.356776714324951, 3.3630449771881104, 3.3618412017822266, 3.365825653076172, 3.3922266960144043, 3.3931798934936523, 3.408621072769165, 3.423923969268799, 3.4415032863616943, 3.445753574371338, 3.449925422668457, 3.4752020835876465, 3.5, inf, inf, inf, inf, inf, inf, inf, inf, inf, inf, inf, inf, inf, inf, inf, inf, inf, inf, inf, inf, inf, inf, inf, inf, inf, inf, inf, 3.4220988750457764, 3.3797240257263184, 3.320185899734497, 3.2707033157348633, 3.2097537517547607, 3.1816961765289307, 3.1408708095550537, 3.080373764038086, 3.045555591583252, 3.0087239742279053, 2.9588239192962646, 2.9383816719055176, 2.9149458408355713, 2.8531455993652344, 2.83811354637146, 2.8002305030822754, 2.7861735820770264, 2.7619400024414062, 2.739649772644043, 2.720144748687744, 2.707348585128784, 2.68005108833313, 2.658043622970581, 2.614474296569824, 2.6058454513549805, 2.5918679237365723, 2.5603370666503906, 2.548646926879883, 2.5532572269439697, 2.546863555908203, 2.529505968093872, 2.5165607929229736, 2.5065343379974365, 2.485616445541382, 2.469843864440918, 2.467576265335083, 2.4715168476104736, 2.4736433029174805, 2.4589977264404297, 2.463495969772339, 2.444894552230835, 2.4648451805114746, 2.439452648162842, inf, inf, inf, inf, inf, inf, inf, inf, inf, inf, inf, inf, inf, inf, inf, inf, inf, inf, inf, inf, 2.628826141357422, 2.576026201248169, 2.601879596710205, 2.6257870197296143, 2.627164125442505, 2.6616156101226807, 2.6689021587371826, 2.6883578300476074, 2.7342417240142822, 2.7596988677978516, 2.7646000385284424, 2.7905046939849854, 2.843027353286743, 2.8376693725585938, 2.8928189277648926, 2.9152486324310303, 2.958487033843994, 2.996901750564575, 3.0117945671081543, 3.073293685913086, 3.1180191040039062, 3.1530983448028564, 3.1894049644470215, 3.2410738468170166, 3.307705879211426, 3.366145133972168, 3.405980348587036, 3.47613525390625, inf, inf, inf, inf, inf, 2.144510507583618, 2.162353277206421, inf, inf, inf, inf, inf, inf, inf, inf, inf, inf, inf, inf, inf, inf, inf, inf, inf, inf, inf, inf, inf, inf, inf, inf, inf, inf, inf, inf, inf, inf, inf, inf, inf, inf, inf, inf, inf, inf, inf, inf, inf, inf, inf, inf, inf, inf, inf, inf, inf, inf, inf, inf, inf, inf, inf, inf, inf, inf, inf, inf, inf, inf, inf, inf, inf, inf, inf, inf, inf, inf, inf, inf, inf, inf, inf, inf, inf, inf, inf, inf, inf, inf, inf, inf, inf, inf, inf, inf, inf, inf, inf, inf, inf, inf, inf, inf, inf, inf, inf, inf, inf, inf, inf, inf, inf, inf, inf, inf, inf, inf, inf, inf, inf, inf, inf, inf, inf, inf, inf, inf, inf, inf, inf, inf, inf, inf, inf, inf, inf, inf, inf, inf, inf, inf, inf, inf, inf, inf, inf, inf, inf, inf, inf, inf, inf, inf, inf, inf, inf, inf, inf, inf, inf, inf, inf, inf, inf]),0.01749303564429283,3381788000000,
array('f', [inf, inf, inf, inf, inf, inf, inf, inf, inf, inf, inf, inf, inf, inf, inf, inf, inf, inf, inf, inf, inf, inf, inf, inf, inf, inf, inf, inf, inf, inf, inf, inf, inf, inf, inf, inf, inf, inf, inf, inf, 3.494441270828247, 3.4889049530029297, 3.459522008895874, 3.4379706382751465, 3.4273719787597656, 3.401237726211548, 3.4258315563201904, 3.3845815658569336, 3.370842695236206, 3.3824050426483154, 3.3424317836761475, 3.336622476577759, 3.3625295162200928, 3.352710008621216, 3.3472633361816406, 3.3309099674224854, 3.343010902404785, 3.302229166030884, 3.3249330520629883, 3.3395473957061768, 3.3342394828796387, 3.3421971797943115, 3.3578410148620605, 3.3366267681121826, 3.340385675430298, 3.354491949081421, 3.3667800426483154, 3.369626045227051, 3.3852412700653076, 3.3875834941864014, 3.4112040996551514, 3.4166016578674316, 3.43542218208313, 3.4459171295166016, 3.4766697883605957, 3.4921176433563232, inf, inf, inf, inf, inf, inf, inf, inf, inf, inf, inf, inf, inf, inf, inf, inf, inf, inf, inf, inf, inf, inf, inf, inf, inf, inf, inf, 3.4396891593933105, 3.395113706588745, 3.329301595687866, 3.2722713947296143, 3.2203688621520996, 3.193406581878662, 3.1366052627563477, 3.1062519550323486, 3.048281192779541, 3.0264124870300293, 2.9835152626037598, 2.9607226848602295, 2.908787965774536, 2.8725078105926514, 2.8409388065338135, 2.8359477519989014, 2.792588949203491, 2.758974313735962, 2.7418670654296875, 2.7246336936950684, 2.705437660217285, 2.6822566986083984, 2.658804416656494, 2.654034376144409, 2.6097328662872314, 2.6003470420837402, 2.5948779582977295, 2.5811550617218018, 2.5547966957092285, 2.5484066009521484, 2.545039415359497, 2.5192348957061768, 2.5178916454315186, 2.5139682292938232, 2.497872829437256, 2.4953017234802246, 2.4877660274505615, 2.477959156036377, 2.4735119342803955, 2.4589388370513916, 2.466698169708252, 2.46262264251709, 2.4829306602478027, inf, inf, inf, inf, inf, inf, inf, inf, inf, inf, inf, inf, inf, inf, inf, inf, inf, inf, inf, inf, 2.5883700847625732, 2.6137869358062744, 2.624911069869995, 2.6380860805511475, 2.6618430614471436, 2.695300340652466, 2.702143907546997, 2.7216029167175293, 2.735517978668213, 2.7676544189453125, 2.793302536010742, 2.8208229541778564, 2.8582818508148193, 2.8858563899993896, 2.9405040740966797, 2.932682752609253, 2.9914209842681885, 3.017634630203247, 3.058422803878784, 3.1011621952056885, 3.1596031188964844, 3.195148229598999, 3.216538906097412, 3.271597146987915, 3.3413867950439453, 3.4042887687683105, 3.4565768241882324, inf, inf, inf, inf, inf, inf, 2.205455780029297, 2.213685989379883, inf, inf, inf, inf, inf, inf, inf, inf, inf, inf, inf, inf, inf, inf, inf, inf, inf, inf, inf, inf, inf, inf, inf, inf, inf, inf, inf, inf, inf, inf, inf, inf, inf, inf, inf, inf, inf, inf, inf, inf, inf, inf, inf, inf, inf, inf, inf, inf, inf, inf, inf, inf, inf, inf, inf, inf, inf, inf, inf, inf, inf, inf, inf, inf, inf, inf, inf, inf, inf, inf, inf, inf, inf, inf, inf, inf, inf, inf, inf, inf, inf, inf, inf, inf, inf, inf, inf, inf, inf, inf, inf, inf, inf, inf, inf, inf, inf, inf, inf, inf, inf, inf, inf, inf, inf, inf, inf, inf, inf, inf, inf, inf, inf, inf, inf, inf, inf, inf, inf, inf, inf, inf, inf, inf, inf, inf, inf, inf, inf, inf, inf, inf, inf, inf, inf, inf, inf, inf, inf, inf, inf, inf, inf, inf, inf, inf, inf, inf, inf, inf, inf, inf, inf, inf, inf, inf, inf, inf, inf]),0.01749303564429283,3381988000000,
array('f', [inf, inf, inf, inf, inf, inf, inf, inf, inf, inf, inf, inf, inf, inf, inf, inf, inf, inf, inf, inf, inf, inf, inf, inf, inf, inf, inf, inf, inf, inf, inf, inf, inf, inf, inf, inf, inf, 3.484119415283203, 3.478440761566162, 3.4686591625213623, 3.4546055793762207, 3.4211008548736572, 3.4183239936828613, 3.4048779010772705, 3.395226240158081, 3.409749984741211, 3.3640198707580566, 3.361556053161621, 3.357830047607422, 3.3458166122436523, 3.3335812091827393, 3.328883647918701, 3.331038236618042, 3.314187526702881, 3.3422861099243164, 3.32405161857605, 3.308473587036133, 3.32505202293396, 3.339052200317383, 3.3308193683624268, 3.35434627532959, 3.32969069480896, 3.339527130126953, 3.3294577598571777, 3.3613100051879883, 3.372952461242676, 3.3787267208099365, 3.3826797008514404, 3.3997304439544678, 3.4307079315185547, 3.4259514808654785, 3.4417033195495605, 3.4647693634033203, 3.487100601196289, inf, inf, inf, inf, inf, inf, inf, inf, inf, inf, inf, inf, inf, inf, inf, inf, inf, inf, inf, inf, inf, inf, inf, inf, inf, inf, inf, 3.465832471847534, 3.405010938644409, 3.362142562866211, 3.286203622817993, 3.239004135131836, 3.206226348876953, 3.1660730838775635, 3.1068837642669678, 3.0792815685272217, 3.064979076385498, 3.0014660358428955, 2.9549756050109863, 2.934476375579834, 2.9218742847442627, 2.8826792240142822, 2.8337528705596924, 2.8075599670410156, 2.7950994968414307, 2.749640941619873, 2.73512601852417, 2.732707977294922, 2.7009127140045166, 2.694171190261841, 2.66619873046875, 2.644268035888672, 2.624520778656006, 2.612138271331787, 2.593859910964966, 2.5846316814422607, 2.58070707321167, 2.558877468109131, 2.5570359230041504, 2.5348732471466064, 2.5247230529785156, 2.4919586181640625, 2.527494430541992, 2.499068260192871, 2.4973623752593994, 2.496220111846924, 2.505676746368408, 2.485433340072632, 2.4863274097442627, 2.4800186157226562, inf, inf, inf, inf, inf, inf, inf, inf, inf, inf, inf, inf, inf, inf, inf, inf, inf, inf, inf, 2.7438087463378906, 2.617516040802002, 2.63855242729187, 2.6483376026153564, 2.6707539558410645, 2.713367223739624, 2.7111990451812744, 2.740022659301758, 2.7517974376678467, 2.7873129844665527, 2.802417755126953, 2.836341619491577, 2.8543100357055664, 2.890486717224121, 2.9436793327331543, 2.950404644012451, 3.001189708709717, 3.0326805114746094, 3.0549561977386475, 3.0871267318725586, 3.138763904571533, 3.195435047149658, 3.222322463989258, 3.292595863342285, 3.3310129642486572, 3.3930976390838623, 3.421538829803467, inf, inf, inf, inf, inf, inf, inf, 2.248859405517578, 2.2641334533691406, inf, inf, inf, inf, inf, inf, inf, inf, inf, inf, inf, inf, inf, inf, inf, inf, inf, inf, inf, inf, inf, inf, inf, inf, inf, inf, inf, inf, inf, inf, inf, inf, inf, inf, inf, inf, inf, inf, inf, inf, inf, inf, inf, inf, inf, inf, inf, inf, inf, inf, inf, inf, inf, inf, inf, inf, inf, inf, inf, inf, inf, inf, inf, inf, inf, inf, inf, inf, inf, inf, inf, inf, inf, inf, inf, inf, inf, inf, inf, inf, inf, inf, inf, inf, inf, inf, inf, inf, inf, inf, inf, inf, inf, inf, inf, inf, inf, inf, inf, inf, inf, inf, inf, inf, inf, inf, inf, inf, inf, inf, inf, inf, inf, inf, inf, inf, inf, inf, inf, inf, inf, inf, inf, inf, inf, inf, inf, inf, inf, inf, inf, inf, inf, inf, inf, inf, inf, inf, inf, inf, inf, inf, inf, inf, inf, inf, inf, inf, inf, inf, inf, inf, inf, inf, inf, inf, inf, inf, inf, inf, inf]),0.01749303564429283,3382188000000,
array('f', [inf, inf, inf, inf, inf, inf, inf, inf, inf, inf, inf, inf, inf, inf, inf, inf, inf, inf, inf, inf, inf, inf, inf, inf, inf, inf, inf, inf, inf, inf, inf, inf, inf, inf, 3.49900484085083, 3.4582998752593994, 3.4740633964538574, 3.432737112045288, 3.42366099357605, 3.4020509719848633, 3.382260322570801, 3.378089666366577, 3.377095937728882, 3.3395328521728516, 3.365325927734375, 3.3546435832977295, 3.3218164443969727, 3.327440023422241, 3.319767475128174, 3.3198516368865967, 3.3171236515045166, 3.3219592571258545, 3.2946298122406006, 3.3089866638183594, 3.303931951522827, 3.315497636795044, 3.31864595413208, 3.325161933898926, 3.3148140907287598, 3.321434259414673, 3.335988998413086, 3.3225996494293213, 3.357574701309204, 3.357487201690674, 3.355208396911621, 3.3954665660858154, 3.4036471843719482, 3.4090402126312256, 3.4280452728271484, 3.443206548690796, 3.461282730102539, 3.473548412322998, 3.4929420948028564, inf, inf, inf, inf, inf, inf, inf, inf, inf, inf, inf, inf, inf, inf, inf, inf, inf, inf, inf, inf, inf, inf, inf, inf, inf, inf, 3.5, 3.4184834957122803, 3.362823486328125, 3.3299481868743896, 3.277207374572754, 3.2236998081207275, 3.1582508087158203, 3.1301825046539307, 3.070462942123413, 3.041945219039917, 3.0205976963043213, 2.9809298515319824, 2.950511932373047, 2.9155948162078857, 2.8955490589141846, 2.8501479625701904, 2.837174415588379, 2.806272268295288, 2.777813673019409, 2.73995304107666, 2.7310943603515625, 2.718874454498291, 2.724586009979248, 2.690547466278076, 2.6457979679107666, 2.6421878337860107, 2.6169445514678955, 2.6083076000213623, 2.6014063358306885, 2.587054967880249, 2.570369005203247, 2.5468719005584717, 2.5559120178222656, 2.5574374198913574, 2.536893606185913, 2.5310401916503906, 2.551516056060791, 2.5049691200256348, 2.5097546577453613, 2.5031723976135254, 2.519343614578247, 2.5004546642303467, 2.5083699226379395, inf, inf, inf, inf, inf, inf, inf, inf, inf, inf, inf, inf, inf, inf, inf, inf, inf, inf, inf, 2.7553560733795166, 2.6617512702941895, 2.6682963371276855, 2.674301862716675, 2.715878486633301, 2.712333917617798, 2.7365188598632812, 2.7413594722747803, 2.802659511566162, 2.7923543453216553, 2.8347432613372803, 2.868828058242798, 2.896760940551758, 2.92667818069458, 2.9573476314544678, 2.9781205654144287, 3.029468297958374, 3.0651373863220215, 3.110926866531372, 3.142712354660034, 3.170564889907837, 3.2381269931793213, 3.280487537384033, 3.334221601486206, 3.355956792831421, 3.4313557147979736, 3.4739012718200684, inf, inf, inf, inf, inf, inf, inf, 2.307008743286133, 2.2848877906799316, inf, inf, inf, inf, inf, inf, inf, inf, inf, inf, inf, inf, inf, inf, inf, inf, inf, inf, inf, inf, inf, inf, inf, inf, inf, inf, inf, inf, inf, inf, inf, inf, inf, inf, inf, inf, inf, inf, inf, inf, inf, inf, inf, inf, inf, inf, inf, inf, inf, inf, inf, inf, inf, inf, inf, inf, inf, inf, inf, inf, inf, inf, inf, inf, inf, inf, inf, inf, inf, inf, inf, inf, inf, inf, inf, inf, inf, inf, inf, inf, inf, inf, inf, inf, inf, inf, inf, inf, inf, inf, inf, inf, inf, inf, inf, inf, inf, inf, inf, inf, inf, inf, inf, inf, inf, inf, inf, inf, inf, inf, inf, inf, inf, inf, inf, inf, inf, inf, inf, inf, inf, inf, inf, inf, inf, inf, inf, inf, inf, inf, inf, inf, inf, inf, inf, inf, inf, inf, inf, inf, inf, inf, inf, inf, inf, inf, inf, inf, inf, inf, inf, inf, inf, inf, inf, inf, inf, inf, inf, inf, inf, inf, inf]),0.01749303564429283,3382388000000,
array('f', [inf, inf, inf, inf, inf, inf, inf, inf, inf, inf, inf, inf, inf, inf, inf, inf, inf, inf, inf, inf, inf, inf, inf, inf, inf, inf, inf, inf, inf, inf, inf, 3.4989960193634033, 3.478081226348877, 3.4522032737731934, 3.446506977081299, 3.4355783462524414, 3.4054996967315674, 3.3848273754119873, 3.3786892890930176, 3.3626341819763184, 3.362997055053711, 3.3446156978607178, 3.327298164367676, 3.32269287109375, 3.302349328994751, 3.3095951080322266, 3.304413318634033, 3.3003571033477783, 3.2850661277770996, 3.2928383350372314, 3.286587953567505, 3.2902138233184814, 3.300337553024292, 3.295302391052246, 3.301023483276367, 3.3015730381011963, 3.2950377464294434, 3.3261938095092773, 3.315864086151123, 3.326848268508911, 3.3612523078918457, 3.3358728885650635, 3.3400609493255615, 3.36364483833313, 3.382277488708496, 3.395909309387207, 3.4276835918426514, 3.442164182662964, 3.4472107887268066, 3.4581098556518555, 3.486206293106079, inf, inf, inf, inf, inf, inf, inf, inf, inf, inf, inf, inf, inf, inf, inf, inf, inf, inf, inf, inf, inf, inf, inf, inf, inf, inf, 3.5, 3.429835319519043, 3.3793089389801025, 3.3333492279052734, 3.2568373680114746, 3.2357943058013916, 3.1819329261779785, 3.153028964996338, 3.1075949668884277, 3.0487773418426514, 3.0272440910339355, 3.00124192237854, 2.966804265975952, 2.899822950363159, 2.904881715774536, 2.8848161697387695, 2.842912435531616, 2.815213918685913, 2.801316261291504, 2.781010866165161, 2.760928153991699, 2.7385308742523193, 2.7068464756011963, 2.6907291412353516, 2.6643168926239014, 2.671438455581665, 2.667847156524658, 2.6327731609344482, 2.6196815967559814, 2.6137630939483643, 2.5932188034057617, 2.594679117202759, 2.566314935684204, 2.5764784812927246, 2.5561280250549316, 2.537005662918091, 2.550595760345459, 2.5369811058044434, 2.528242349624634, 2.53304386138916, 2.5306708812713623, 2.509434223175049, 2.517062187194824, inf, inf, inf, inf, inf, inf, inf, inf, inf, inf, inf, inf, inf, inf, inf, inf, inf, inf, inf, 2.756988525390625, 2.665031671524048, 2.7020695209503174, 2.706012010574341, 2.729755163192749, 2.737617015838623, 2.769352436065674, 2.8007218837738037, 2.8153176307678223, 2.8337104320526123, 2.877275228500366, 2.907579183578491, 2.929023027420044, 2.958712100982666, 2.996582508087158, 3.0225605964660645, 3.0627694129943848, 3.114381790161133, 3.1344175338745117, 3.1853489875793457, 3.21186900138855, 3.283884048461914, 3.314377784729004, 3.3760926723480225, 3.421247720718384, 3.4734463691711426, inf, inf, inf, inf, inf, inf, inf, inf, 2.3285276889801025, 2.3408589363098145, inf, inf, inf, inf, inf, inf, inf, inf, inf, inf, inf, inf, inf, inf, inf, inf, inf, inf, inf, inf, inf, inf, inf, inf, inf, inf, inf, inf, inf, inf, inf, inf, inf, inf, inf, inf, inf, inf, inf, inf, inf, inf, inf, inf, inf, inf, inf, inf, inf, inf, inf, inf, inf, inf, inf, inf, inf, inf, inf, inf, inf, inf, inf, inf, inf, inf, inf, inf, inf, inf, inf, inf, inf, inf, inf, inf, inf, inf, inf, inf, inf, inf, inf, inf, inf, inf, inf, inf, inf, inf, inf, inf, inf, inf, inf, inf, inf, inf, inf, inf, inf, inf, inf, inf, inf, inf, inf, inf, inf, inf, inf, inf, inf, inf, inf, inf, inf, inf, inf, inf, inf, inf, inf, inf, inf, inf, inf, inf, inf, inf, inf, inf, inf, inf, inf, inf, inf, inf, inf, inf, inf, inf, inf, inf, inf, inf, inf, inf, inf, inf, inf, inf, inf, inf, inf, inf, inf, inf, inf, inf, inf, inf, inf, inf, inf]),0.01749303564429283,3382588000000,
array('f', [inf, inf, inf, inf, inf, inf, inf, inf, inf, inf, inf, inf, inf, inf, inf, inf, inf, inf, inf, inf, inf, inf, inf, inf, inf, inf, inf, inf, 3.4943878650665283, 3.472942590713501, 3.442958116531372, 3.42344069480896, 3.4264819622039795, 3.4033923149108887, 3.359619379043579, 3.3517420291900635, 3.3650248050689697, 3.3505351543426514, 3.3370234966278076, 3.3347668647766113, 3.3081743717193604, 3.3118720054626465, 3.3112595081329346, 3.283719062805176, 3.2878458499908447, 3.2671401500701904, 3.2916297912597656, 3.268819570541382, 3.2716565132141113, 3.281649112701416, 3.2933335304260254, 3.278841972351074, 3.2869322299957275, 3.2713310718536377, 3.2842557430267334, 3.3125693798065186, 3.3100156784057617, 3.295684576034546, 3.3387062549591064, 3.3288495540618896, 3.3447418212890625, 3.3469672203063965, 3.3664748668670654, 3.3934285640716553, 3.3990163803100586, 3.4207394123077393, 3.4448354244232178, 3.474712610244751, 3.4613935947418213, 3.5, inf, inf, inf, inf, inf, inf, inf, inf, inf, inf, inf, inf, inf, inf, inf, inf, inf, inf, inf, inf, inf, inf, inf, inf, inf, 3.493471145629883, 3.45758056640625, 3.391322374343872, 3.3531525135040283, 3.2972729206085205, 3.2488770484924316, 3.1925814151763916, 3.1385927200317383, 3.1189796924591064, 3.073873996734619, 3.043686866760254, 3.0192389488220215, 2.9641942977905273, 2.9470460414886475, 2.9198038578033447, 2.8816211223602295, 2.8711836338043213, 2.822277545928955, 2.8174424171447754, 2.789557456970215, 2.762512445449829, 2.7470991611480713, 2.717803478240967, 2.707507610321045, 2.697953462600708, 2.6724863052368164, 2.664123773574829, 2.6577327251434326, 2.6580681800842285, 2.621910333633423, 2.6139121055603027, 2.6128616333007812, 2.5988903045654297, 2.5862348079681396, 2.5748631954193115, 2.582940101623535, 2.573173761367798, 2.5552382469177246, 2.553412914276123, 2.530910015106201, 2.550220251083374, 2.5533394813537598, 2.5291919708251953, 2.5951035022735596, inf, inf, inf, inf, inf, inf, inf, inf, inf, inf, inf, inf, inf, inf, inf, inf, inf, inf, 2.7713310718536377, 2.7053120136260986, 2.721952438354492, 2.7283833026885986, 2.760239601135254, 2.7877118587493896, 2.7976667881011963, 2.8270928859710693, 2.8498477935791016, 2.8871359825134277, 2.904719591140747, 2.921692132949829, 2.989240884780884, 2.9840056896209717, 3.0237135887145996, 3.0500564575195312, 3.107252597808838, 3.1353464126586914, 3.1899168491363525, 3.229752779006958, 3.2609877586364746, 3.327500820159912, 3.356275796890259, 3.409757375717163, 3.4625909328460693, inf, inf, inf, inf, inf, inf, inf, inf, inf, 2.3560314178466797, inf, inf, inf, inf, inf, inf, inf, inf, inf, inf, inf, inf, inf, inf, inf, inf, inf, inf, inf, inf, inf, inf, inf, inf, inf, inf, inf, inf, inf, inf, inf, inf, inf, inf, inf, inf, inf, inf, inf, inf, inf, inf, inf, inf, inf, inf, inf, inf, inf, inf, inf, inf, inf, inf, inf, inf, inf, inf, inf, inf, inf, inf, inf, inf, inf, inf, inf, inf, inf, inf, inf, inf, inf, inf, inf, inf, inf, inf, inf, inf, inf, inf, inf, inf, inf, inf, inf, inf, inf, inf, inf, inf, inf, inf, inf, inf, inf, inf, inf, inf, inf, inf, inf, inf, inf, inf, inf, inf, inf, inf, inf, inf, inf, inf, inf, inf, inf, inf, inf, inf, inf, inf, inf, inf, inf, inf, inf, inf, inf, inf, inf, inf, inf, inf, inf, inf, inf, inf, inf, inf, inf, inf, inf, inf, inf, inf, inf, inf, inf, inf, inf, inf, inf, inf, inf, inf, inf, inf, inf, inf, inf, inf, inf, inf, inf, inf, inf, inf]),0.01749303564429283,3382788000000,
array('f', [inf, inf, inf, inf, inf, inf, inf, inf, inf, inf, inf, inf, inf, inf, inf, inf, inf, inf, inf, inf, inf, inf, inf, inf, inf, 3.5, 3.458249568939209, 3.449831962585449, 3.437648057937622, 3.4054129123687744, 3.4050710201263428, 3.370222568511963, 3.384625196456909, 3.3347573280334473, 3.335829973220825, 3.3174917697906494, 3.3171424865722656, 3.3026010990142822, 3.261911630630493, 3.289494037628174, 3.2688543796539307, 3.2832653522491455, 3.2551589012145996, 3.281116008758545, 3.2440147399902344, 3.280513048171997, 3.251697301864624, 3.2548017501831055, 3.246087074279785, 3.2725300788879395, 3.2902355194091797, 3.2649776935577393, 3.2802398204803467, 3.2805583477020264, 3.30328369140625, 3.3000757694244385, 3.3119068145751953, 3.3240175247192383, 3.3162007331848145, 3.3434276580810547, 3.3553402423858643, 3.363877296447754, 3.395263910293579, 3.4008877277374268, 3.4119491577148438, 3.4473252296447754, 3.4763004779815674, 3.4933297634124756, inf, inf, inf, inf, inf, inf, inf, inf, inf, inf, inf, inf, inf, inf, inf, inf, inf, inf, inf, inf, inf, inf, inf, inf, inf, inf, 3.4427382946014404, 3.386878728866577, 3.3560073375701904, 3.3019354343414307, 3.2663800716400146, 3.2343881130218506, 3.1651105880737305, 3.1265153884887695, 3.1071746349334717, 3.052633285522461, 3.0190722942352295, 3.000091552734375, 2.965890884399414, 2.9289228916168213, 2.9035565853118896, 2.886061906814575, 2.835270404815674, 2.8342227935791016, 2.798797369003296, 2.7766056060791016, 2.7633237838745117, 2.7293686866760254, 2.722816228866577, 2.7180821895599365, 2.6928656101226807, 2.6929471492767334, 2.6649770736694336, 2.647934675216675, 2.6431307792663574, 2.6298606395721436, 2.6305997371673584, 2.594557762145996, 2.608210563659668, 2.597435474395752, 2.6054487228393555, 2.586164712905884, 2.577061653137207, 2.5667192935943604, 2.583792209625244, 2.567103624343872, 2.5926637649536133, 2.5587332248687744, 2.5711922645568848, inf, inf, inf, inf, inf, inf, inf, inf, inf, inf, inf, inf, inf, inf, inf, inf, inf, inf, 2.764842987060547, 2.7162694931030273, 2.741410970687866, 2.7552413940429688, 2.788172483444214, 2.811129093170166, 2.829759120941162, 2.843513011932373, 2.870027542114258, 2.9195969104766846, 2.929434061050415, 2.9503018856048584, 3.011383295059204, 3.0288143157958984, 3.074819803237915, 3.078897476196289, 3.1513969898223877, 3.1753571033477783, 3.2028772830963135, 3.2687668800354004, 3.3144402503967285, 3.346729040145874, 3.3875269889831543, 3.464171886444092, inf, inf, inf, inf, inf, inf, inf, inf, inf, inf, 2.38750958442688, inf, inf, inf, inf, inf, inf, inf, inf, inf, inf, inf, inf, inf, inf, inf, inf, inf, inf, inf, inf, inf, inf, inf, inf, inf, inf, inf, inf, inf, inf, inf, inf, inf, inf, inf, inf, inf, inf, inf, inf, inf, inf, inf, inf, inf, inf, inf, inf, inf, inf, inf, inf, inf, inf, inf, inf, inf, inf, inf, inf, inf, inf, inf, inf, inf, inf, inf, inf, inf, inf, inf, inf, inf, inf, inf, inf, inf, inf, inf, inf, inf, inf, inf, inf, inf, inf, inf, inf, inf, inf, inf, inf, inf, inf, inf, inf, inf, inf, inf, inf, inf, inf, inf, inf, inf, inf, inf, inf, inf, inf, inf, inf, inf, inf, inf, inf, inf, inf, inf, inf, inf, inf, inf, inf, inf, inf, inf, inf, inf, inf, inf, inf, inf, inf, inf, inf, inf, inf, inf, inf, inf, inf, inf, inf, inf, inf, inf, inf, inf, inf, inf, inf, inf, inf, inf, inf, inf, inf, inf, inf, inf, inf, inf, inf, inf, inf, inf, inf, inf, inf]),0.01749303564429283,3382988000000,
array('f', [inf, inf, inf, inf, inf, inf, inf, inf, inf, inf, inf, inf, inf, inf, inf, inf, inf, inf, inf, inf, inf, inf, 3.5, 3.4710934162139893, 3.440852403640747, 3.4096062183380127, 3.3929338455200195, 3.3749709129333496, 3.375168561935425, 3.351423501968384, 3.3326258659362793, 3.3245155811309814, 3.310028314590454, 3.3096096515655518, 3.2898900508880615, 3.2723731994628906, 3.2744686603546143, 3.271609306335449, 3.2464311122894287, 3.2329797744750977, 3.2479565143585205, 3.2493317127227783, 3.228600263595581, 3.2415671348571777, 3.2412452697753906, 3.2277884483337402, 3.2621874809265137, 3.2444980144500732, 3.2528276443481445, 3.2619197368621826, 3.265472888946533, 3.2573447227478027, 3.2618978023529053, 3.2700459957122803, 3.293520212173462, 3.298342227935791, 3.3132903575897217, 3.332310676574707, 3.3170666694641113, 3.3330812454223633, 3.384878158569336, 3.395766496658325, 3.4288723468780518, 3.434422731399536, 3.4618849754333496, 3.491474151611328, 3.48976469039917, inf, inf, inf, inf, inf, inf, inf, inf, inf, inf, inf, inf, inf, inf, inf, inf, inf, inf, inf, inf, inf, inf, inf, inf, inf, 3.468262195587158, 3.4000253677368164, 3.3630874156951904, 3.309323787689209, 3.2722537517547607, 3.1994407176971436, 3.164858102798462, 3.1431784629821777, 3.1020100116729736, 3.098426103591919, 3.040424346923828, 2.9964048862457275, 2.9753000736236572, 2.9484550952911377, 2.930884599685669, 2.8695881366729736, 2.8730146884918213, 2.863356590270996, 2.7982900142669678, 2.7954652309417725, 2.779569625854492, 2.749788284301758, 2.7557194232940674, 2.726186513900757, 2.7102580070495605, 2.6917195320129395, 2.6821608543395996, 2.6568000316619873, 2.662219285964966, 2.6380550861358643, 2.632420778274536, 2.6143574714660645, 2.631387710571289, 2.612598419189453, 2.6071083545684814, 2.58483624458313, 2.611740827560425, 2.587857246398926, 2.6066160202026367, 2.589428663253784, 2.5931146144866943, 2.573613166809082, 2.5917274951934814, inf, inf, inf, inf, inf, inf, inf, inf, inf, inf, inf, inf, inf, inf, inf, inf, inf, inf, 2.784158229827881, 2.7613279819488525, 2.7789385318756104, 2.7984280586242676, 2.8267154693603516, 2.834996461868286, 2.8632547855377197, 2.8904571533203125, 2.9173922538757324, 2.941500186920166, 2.9751720428466797, 2.9795398712158203, 3.0114939212799072, 3.063114881515503, 3.089024066925049, 3.123182535171509, 3.1620752811431885, 3.1990585327148438, 3.235637664794922, 3.2910678386688232, 3.3450331687927246, 3.406869411468506, 3.4457638263702393, 3.498457193374634, inf, inf, inf, inf, inf, inf, inf, inf, inf, 2.473867654800415, 2.469224214553833, inf, inf, inf, inf, inf, inf, inf, inf, inf, inf, inf, inf, inf, inf, inf, inf, inf, inf, inf, inf, inf, inf, inf, inf, inf, inf, inf, inf, inf, inf, inf, inf, inf, inf, inf, inf, inf, inf, inf, inf, inf, inf, inf, inf, inf, inf, inf, inf, inf, inf, inf, inf, inf, inf, inf, inf, inf, inf, inf, inf, inf, inf, inf, inf, inf, inf, inf, inf, inf, inf, inf, inf, inf, inf, inf, inf, inf, inf, inf, inf, inf, inf, inf, inf, inf, inf, inf, inf, inf, inf, inf, inf, inf, inf, inf, inf, inf, inf, inf, inf, inf, inf, inf, inf, inf, inf, inf, inf, inf, inf, inf, inf, inf, inf, inf, inf, inf, inf, inf, inf, inf, inf, inf, inf, inf, inf, inf, inf, inf, inf, inf, inf, inf, inf, inf, inf, inf, inf, inf, inf, inf, inf, inf, inf, inf, inf, inf, inf, inf, inf, inf, inf, inf, inf, inf, inf, inf, inf, inf, inf, inf, inf, inf, inf, inf, inf, inf, inf, inf, inf, inf, inf]),0.01749303564429283,3383188000000,
array('f', [inf, inf, inf, inf, inf, inf, inf, inf, inf, inf, inf, inf, inf, inf, inf, inf, inf, inf, inf, 3.492192029953003, 3.462552309036255, 3.4450151920318604, 3.4230058193206787, 3.4202311038970947, 3.380364179611206, 3.3510425090789795, 3.3540616035461426, 3.3273367881774902, 3.321458339691162, 3.304152488708496, 3.2939741611480713, 3.2673163414001465, 3.26233172416687, 3.257701873779297, 3.2423410415649414, 3.242426633834839, 3.2246475219726562, 3.239670515060425, 3.229844808578491, 3.211918354034424, 3.221160411834717, 3.226255178451538, 3.200899124145508, 3.2105371952056885, 3.223086357116699, 3.2089648246765137, 3.2390990257263184, 3.2365660667419434, 3.2471299171447754, 3.247361421585083, 3.2589774131774902, 3.2433645725250244, 3.2718114852905273, 3.2902352809906006, 3.279144287109375, 3.325996160507202, 3.344614028930664, 3.3292036056518555, 3.3673033714294434, 3.359205961227417, 3.3982994556427, 3.406806468963623, 3.438856363296509, 3.450390577316284, 3.482297420501709, inf, inf, inf, inf, inf, inf, inf, inf, inf, inf, inf, inf, inf, inf, inf, inf, inf, inf, inf, inf, inf, inf, inf, inf, inf, 3.4683897495269775, 3.4298391342163086, 3.3580715656280518, 3.340955972671509, 3.2934350967407227, 3.243680000305176, 3.211111068725586, 3.16965389251709, 3.117741107940674, 3.0788538455963135, 3.043851852416992, 3.019320249557495, 2.9981367588043213, 2.96075439453125, 2.944303274154663, 2.9141111373901367, 2.908759117126465, 2.8704867362976074, 2.843533515930176, 2.8384101390838623, 2.79209041595459, 2.7747766971588135, 2.763483762741089, 2.738379955291748, 2.741504669189453, 2.714242696762085, 2.711257219314575, 2.6821541786193848, 2.6866769790649414, 2.6586315631866455, 2.651942491531372, 2.6523706912994385, 2.6247715950012207, 2.6432130336761475, 2.6066172122955322, 2.636188507080078, 2.5991249084472656, 2.624530553817749, 2.603438377380371, 2.60437273979187, 2.6005194187164307, 2.600945472717285, 2.603904962539673, inf, inf, inf, inf, inf, inf, inf, inf, inf, inf, inf, inf, inf, inf, inf, inf, inf, inf, 2.8060495853424072, 2.7850325107574463, 2.8099217414855957, 2.826864242553711, 2.823728084564209, 2.8666791915893555, 2.886165142059326, 2.913483142852783, 2.9407904148101807, 2.965897560119629, 2.992274522781372, 3.0285255908966064, 3.05307936668396, 3.081940174102783, 3.1307902336120605, 3.1549570560455322, 3.2115087509155273, 3.240464448928833, 3.28641939163208, 3.352508068084717, 3.389775514602661, 3.4539361000061035, 3.4869208335876465, inf, inf, inf, inf, inf, inf, inf, inf, inf, inf, 2.499011516571045, 2.4841582775115967, inf, inf, inf, inf, inf, inf, inf, inf, inf, inf, inf, inf, inf, inf, inf, inf, inf, inf, inf, inf, inf, inf, inf, inf, inf, inf, inf, inf, inf, inf, inf, inf, inf, inf, inf, inf, inf, inf, inf, inf, inf, inf, inf, inf, inf, inf, inf, inf, inf, inf, inf, inf, inf, inf, inf, inf, inf, inf, inf, inf, inf, inf, inf, inf, inf, inf, inf, inf, inf, inf, inf, inf, inf, inf, inf, inf, inf, inf, inf, inf, inf, inf, inf, inf, inf, inf, inf, inf, inf, inf, inf, inf, inf, inf, inf, inf, inf, inf, inf, inf, inf, inf, inf, inf, inf, inf, inf, inf, inf, inf, inf, inf, inf, inf, inf, inf, inf, inf, inf, inf, inf, inf, inf, inf, inf, inf, inf, inf, inf, inf, inf, inf, inf, inf, inf, inf, inf, inf, inf, inf, inf, inf, inf, inf, inf, inf, inf, inf, inf, inf, inf, inf, inf, inf, inf, inf, inf, inf, inf, inf, inf, inf, inf, inf, inf, inf, inf, inf, inf, inf, inf, inf, inf, inf]),0.01749303564429283,3383388000000,
array('f', [inf, inf, inf, inf, inf, inf, inf, inf, inf, inf, inf, inf, inf, inf, inf, inf, 3.4760310649871826, 3.455322504043579, 3.4417922496795654, 3.4175479412078857, 3.3864665031433105, 3.363297700881958, 3.345660448074341, 3.3361785411834717, 3.3431882858276367, 3.286109447479248, 3.2736504077911377, 3.2799034118652344, 3.2489583492279053, 3.2378859519958496, 3.2442171573638916, 3.243704080581665, 3.2224202156066895, 3.2226884365081787, 3.211667776107788, 3.214144468307495, 3.207077980041504, 3.2010085582733154, 3.208066463470459, 3.207758665084839, 3.1985721588134766, 3.196901321411133, 3.1968581676483154, 3.203687906265259, 3.213099241256714, 3.2127552032470703, 3.2170937061309814, 3.2442922592163086, 3.2262933254241943, 3.250777006149292, 3.26411771774292, 3.272069215774536, 3.303215980529785, 3.3036530017852783, 3.311906337738037, 3.331472396850586, 3.3369832038879395, 3.3653769493103027, 3.3596596717834473, 3.37532377243042, 3.418943166732788, 3.4487733840942383, 3.4619171619415283, 3.4896039962768555, inf, inf, inf, inf, inf, inf, inf, inf, inf, inf, inf, inf, inf, inf, inf, inf, inf, inf, inf, inf, inf, inf, inf, inf, 3.4914870262145996, 3.428372621536255, 3.358191967010498, 3.3166935443878174, 3.3062474727630615, 3.263007879257202, 3.222195863723755, 3.179701089859009, 3.121379852294922, 3.10518217086792, 3.063913583755493, 3.035923957824707, 3.0088818073272705, 2.9848079681396484, 2.9512550830841064, 2.9230878353118896, 2.8971056938171387, 2.888641834259033, 2.8576033115386963, 2.831552028656006, 2.8008954524993896, 2.804586172103882, 2.7624692916870117, 2.7647578716278076, 2.7461724281311035, 2.74121356010437, 2.7227206230163574, 2.6988048553466797, 2.700296401977539, 2.6831891536712646, 2.676241159439087, 2.6589174270629883, 2.6710615158081055, 2.661374568939209, 2.632037878036499, 2.6215386390686035, 2.6270673274993896, 2.620542049407959, 2.6166975498199463, 2.628931760787964, 2.6200034618377686, 2.6127843856811523, 2.5980780124664307, inf, inf, inf, inf, inf, inf, inf, inf, inf, inf, inf, inf, inf, inf, inf, inf, inf, inf, 2.8317112922668457, 2.79978609085083, 2.8051035404205322, 2.845149040222168, 2.8582355976104736, 2.896400213241577, 2.926778793334961, 2.945864677429199, 2.9686291217803955, 2.997943162918091, 3.024604082107544, 3.0669376850128174, 3.095306158065796, 3.1402134895324707, 3.167323350906372, 3.21152925491333, 3.243804693222046, 3.2876288890838623, 3.3495447635650635, 3.375899314880371, 3.4129815101623535, 3.470682382583618, inf, inf, inf, inf, inf, inf, inf, inf, inf, inf, inf, 2.5516977310180664, 2.5396034717559814, inf, inf, inf, inf, inf, inf, inf, inf, inf, inf, inf, inf, inf, inf, inf, inf, inf, inf, inf, inf, inf, inf, inf, inf, inf, inf, inf, inf, inf, inf, inf, inf, inf, inf, inf, inf, inf, inf, inf, inf, inf, inf, inf, inf, inf, inf, inf, inf, inf, inf, inf, inf, inf, inf, inf, inf, inf, inf, inf, inf, inf, inf, inf, inf, inf, inf, inf, inf, inf, inf, inf, inf, inf, inf, inf, inf, inf, inf, inf, inf, inf, inf, inf, inf, inf, inf, inf, inf, inf, inf, inf, inf, inf, inf, inf, inf, inf, inf, inf, inf, inf, inf, inf, inf, inf, inf, inf, inf, inf, inf, inf, inf, inf, inf, inf, inf, inf, inf, inf, inf, inf, inf, inf, inf, inf, inf, inf, inf, inf, inf, inf, inf, inf, inf, inf, inf, inf, inf, inf, inf, inf, inf, inf, inf, inf, inf, inf, inf, inf, inf, inf, inf, inf, inf, inf, inf, inf, inf, inf, inf, inf, inf, inf, inf, inf, inf, inf, inf, inf, inf, inf, inf, inf, inf, inf, inf]),0.01749303564429283,3383588000000,
array('f', [inf, inf, inf, inf, inf, inf, inf, inf, inf, inf, inf, inf, inf, 3.4824860095977783, 3.4548983573913574, 3.4314448833465576, 3.4002747535705566, 3.3987441062927246, 3.342409610748291, 3.345602512359619, 3.326144218444824, 3.299511671066284, 3.2802958488464355, 3.275738000869751, 3.2572176456451416, 3.2380590438842773, 3.2358806133270264, 3.234375, 3.2212157249450684, 3.1975369453430176, 3.198495864868164, 3.2124240398406982, 3.1832387447357178, 3.1924376487731934, 3.171351671218872, 3.1753246784210205, 3.1613543033599854, 3.183851957321167, 3.1658220291137695, 3.1863136291503906, 3.1826331615448, 3.1888229846954346, 3.194906234741211, 3.1900181770324707, 3.2130677700042725, 3.2093589305877686, 3.215219497680664, 3.2261478900909424, 3.2605786323547363, 3.2393925189971924, 3.265062093734741, 3.2769505977630615, 3.281310796737671, 3.311149835586548, 3.3291304111480713, 3.3410565853118896, 3.3615849018096924, 3.3678627014160156, 3.379934310913086, 3.4408493041992188, 3.446631669998169, 3.482607841491699, inf, inf, inf, inf, inf, inf, inf, inf, inf, inf, inf, inf, inf, inf, inf, inf, inf, inf, inf, inf, inf, inf, inf, inf, 3.5, 3.452008008956909, 3.40132999420166, 3.3603765964508057, 3.2970592975616455, 3.2668344974517822, 3.220083713531494, 3.197166919708252, 3.165539503097534, 3.1030497550964355, 3.069718360900879, 3.0463316440582275, 3.019664764404297, 2.9907615184783936, 2.9683644771575928, 2.9375619888305664, 2.9078736305236816, 2.91266131401062, 2.8771934509277344, 2.8459596633911133, 2.837139368057251, 2.8135225772857666, 2.792296886444092, 2.7638587951660156, 2.769864320755005, 2.7517950534820557, 2.7379353046417236, 2.728391170501709, 2.718355417251587, 2.7052395343780518, 2.704000473022461, 2.6921844482421875, 2.6845014095306396, 2.6643576622009277, 2.672520160675049, 2.6451618671417236, 2.664090633392334, 2.642616033554077, 2.637606382369995, 2.6479344367980957, 2.634216547012329, 2.6378986835479736, 2.6470065116882324, inf, inf, inf, inf, inf, inf, inf, inf, inf, inf, inf, inf, inf, inf, inf, inf, inf, inf, 2.8722338676452637, 2.8418819904327393, 2.843151807785034, 2.8740766048431396, 2.890986919403076, 2.9176955223083496, 2.9491679668426514, 2.9756038188934326, 3.001110315322876, 3.038710117340088, 3.064547300338745, 3.095398187637329, 3.1327273845672607, 3.1610376834869385, 3.2186107635498047, 3.2377374172210693, 3.286332845687866, 3.3167192935943604, 3.3515994548797607, 3.399749994277954, 3.4672815799713135, inf, inf, inf, inf, inf, inf, inf, inf, inf, inf, inf, inf, inf, 2.5763401985168457, inf, inf, inf, inf, inf, inf, inf, inf, inf, inf, inf, inf, inf, inf, inf, inf, inf, inf, inf, inf, inf, inf, inf, inf, inf, inf, inf, inf, inf, inf, inf, inf, inf, inf, inf, inf, inf, inf, inf, inf, inf, inf, inf, inf, inf, inf, inf, inf, inf, inf, inf, inf, inf, inf, inf, inf, inf, inf, inf, inf, inf, inf, inf, inf, inf, inf, inf, inf, inf, inf, inf, inf, inf, inf, inf, inf, inf, inf, inf, inf, inf, inf, inf, inf, inf, inf, inf, inf, inf, inf, inf, inf, inf, inf, inf, inf, inf, inf, inf, inf, inf, inf, inf, inf, inf, inf, inf, inf, inf, inf, inf, inf, inf, inf, inf, inf, inf, inf, inf, inf, inf, inf, inf, inf, inf, inf, inf, inf, inf, inf, inf, inf, inf, inf, inf, inf, inf, inf, inf, inf, inf, inf, inf, inf, inf, inf, inf, inf, inf, inf, inf, inf, inf, inf, inf, inf, inf, inf, inf, inf, inf, inf, inf, inf, inf, inf, inf, inf, inf, inf, inf, inf, inf, inf, inf, inf, inf, inf]),0.01749303564429283,3383788000000,
array('f', [inf, inf, inf, inf, inf, inf, inf, inf, inf, inf, 3.4808638095855713, 3.4441726207733154, 3.4197943210601807, 3.403374671936035, 3.3757174015045166, 3.3526175022125244, 3.326333522796631, 3.3112590312957764, 3.3086752891540527, 3.2895679473876953, 3.258389949798584, 3.247694730758667, 3.236412286758423, 3.224780797958374, 3.211083173751831, 3.2043843269348145, 3.1915435791015625, 3.1857855319976807, 3.1777725219726562, 3.174349308013916, 3.1430695056915283, 3.162184715270996, 3.1686244010925293, 3.1620535850524902, 3.1655125617980957, 3.1483612060546875, 3.163865566253662, 3.1548960208892822, 3.1505680084228516, 3.1684226989746094, 3.1774704456329346, 3.1840226650238037, 3.176123857498169, 3.188586473464966, 3.2073898315429688, 3.1892082691192627, 3.2075936794281006, 3.233820676803589, 3.2437655925750732, 3.2521886825561523, 3.269472599029541, 3.290644645690918, 3.29856014251709, 3.3335397243499756, 3.3597824573516846, 3.3690309524536133, 3.399390935897827, 3.418832778930664, 3.4435787200927734, 3.455394983291626, 3.494274139404297, inf, inf, inf, inf, inf, inf, inf, inf, inf, inf, inf, inf, inf, inf, inf, inf, inf, inf, inf, inf, inf, inf, inf, inf, 3.4670464992523193, 3.3964507579803467, 3.3692007064819336, 3.330298662185669, 3.279226541519165, 3.2335598468780518, 3.182136058807373, 3.1593081951141357, 3.1312785148620605, 3.0815861225128174, 3.0490572452545166, 3.0401618480682373, 3.0203590393066406, 2.984086751937866, 2.966583013534546, 2.935560464859009, 2.9135782718658447, 2.8892486095428467, 2.8578338623046875, 2.8332550525665283, 2.821979284286499, 2.802293300628662, 2.788872003555298, 2.7667062282562256, 2.767772674560547, 2.7535784244537354, 2.728222131729126, 2.7303624153137207, 2.729583978652954, 2.692140817642212, 2.6880922317504883, 2.707105875015259, 2.6816246509552, 2.695730686187744, 2.6747586727142334, 2.659745454788208, 2.6655385494232178, 2.655205488204956, 2.6582138538360596, 2.6729133129119873, 2.665745973587036, 2.676835536956787, inf, inf, inf, inf, inf, inf, inf, inf, inf, inf, inf, inf, inf, inf, inf, inf, inf, inf, 2.864629030227661, 2.8601813316345215, 2.8789706230163574, 2.8882553577423096, 2.9407296180725098, 2.9297122955322266, 2.977818489074707, 3.011949300765991, 3.0350747108459473, 3.0592734813690186, 3.095756769180298, 3.120396614074707, 3.1351983547210693, 3.1819612979888916, 3.2218151092529297, 3.2643237113952637, 3.301830291748047, 3.350025177001953, 3.3990511894226074, 3.455033779144287, 3.4924042224884033, inf, inf, inf, inf, inf, inf, inf, inf, inf, inf, inf, inf, inf, 2.6257784366607666, inf, inf, inf, inf, inf, inf, inf, inf, inf, inf, inf, inf, inf, inf, inf, inf, inf, inf, inf, inf, inf, inf, inf, inf, inf, inf, inf, inf, inf, inf, inf, inf, inf, inf, inf, inf, inf, inf, inf, inf, inf, inf, inf, inf, inf, inf, inf, inf, inf, inf, inf, inf, inf, inf, inf, inf, inf, inf, inf, inf, inf, inf, inf, inf, inf, inf, inf, inf, inf, inf, inf, inf, inf, inf, inf, inf, inf, inf, inf, inf, inf, inf, inf, inf, inf, inf, inf, inf, inf, inf, inf, inf, inf, inf, inf, inf, inf, inf, inf, inf, inf, inf, inf, inf, inf, inf, inf, inf, inf, inf, inf, inf, inf, inf, inf, inf, inf, inf, inf, inf, inf, inf, inf, inf, inf, inf, inf, inf, inf, inf, inf, inf, inf, inf, inf, inf, inf, inf, inf, inf, inf, inf, inf, inf, inf, inf, inf, inf, inf, inf, inf, inf, inf, inf, inf, inf, inf, inf, inf, inf, inf, inf, inf, inf, inf, inf, inf, inf, inf, inf, inf, inf, inf, inf, inf, inf, inf, inf, inf, inf]),0.01749303564429283,3383988000000,
array('f', [inf, inf, inf, inf, inf, inf, inf, 3.4707412719726562, 3.4468352794647217, 3.410116195678711, 3.385305643081665, 3.3810787200927734, 3.3410823345184326, 3.318392038345337, 3.295252799987793, 3.2941043376922607, 3.290499687194824, 3.2643544673919678, 3.2342798709869385, 3.2163188457489014, 3.2143471240997314, 3.1926212310791016, 3.1813714504241943, 3.179084300994873, 3.161214828491211, 3.1667888164520264, 3.1512112617492676, 3.1600191593170166, 3.1210782527923584, 3.1484782695770264, 3.132664203643799, 3.1332573890686035, 3.1408815383911133, 3.1396899223327637, 3.139484405517578, 3.124598503112793, 3.1410953998565674, 3.1422927379608154, 3.123997688293457, 3.146894693374634, 3.1484580039978027, 3.1548120975494385, 3.1902520656585693, 3.1882779598236084, 3.2121055126190186, 3.2159335613250732, 3.2344067096710205, 3.223613739013672, 3.2742559909820557, 3.27514386177063, 3.2879772186279297, 3.3165392875671387, 3.3193929195404053, 3.3642125129699707, 3.3659229278564453, 3.3924078941345215, 3.433931827545166, 3.432105541229248, 3.4633371829986572, inf, inf, inf, inf, inf, inf, inf, inf, inf, inf, inf, inf, inf, inf, inf, inf, inf, inf, inf, inf, inf, inf, inf, inf, 3.466498851776123, 3.4083611965179443, 3.379654884338379, 3.3234829902648926, 3.292484998703003, 3.2450361251831055, 3.2077114582061768, 3.1447393894195557, 3.131521463394165, 3.1075968742370605, 3.0772933959960938, 3.0431721210479736, 3.0075113773345947, 2.9860756397247314, 2.9638376235961914, 2.9489128589630127, 2.9201500415802, 2.891968250274658, 2.864971876144409, 2.862680196762085, 2.823054790496826, 2.8158516883850098, 2.8018698692321777, 2.788430690765381, 2.791323184967041, 2.751673936843872, 2.740807056427002, 2.741983652114868, 2.7294235229492188, 2.722569465637207, 2.712059259414673, 2.7145748138427734, 2.691603183746338, 2.7052226066589355, 2.667168617248535, 2.6744184494018555, 2.6771974563598633, 2.6634767055511475, 2.6876702308654785, 2.6956636905670166, 2.6729538440704346, 2.679687261581421, 2.6759464740753174, inf, inf, inf, inf, inf, inf, inf, inf, inf, inf, inf, inf, inf, inf, inf, inf, inf, 2.906268835067749, 2.8898606300354004, 2.910273551940918, 2.9377901554107666, 2.947174072265625, 2.982900619506836, 3.0095512866973877, 3.014967918395996, 3.052834987640381, 3.0836126804351807, 3.122720718383789, 3.1518218517303467, 3.1872012615203857, 3.2302651405334473, 3.249393939971924, 3.28771710395813, 3.3291873931884766, 3.3816463947296143, 3.439954996109009, 3.4948956966400146, inf, inf, inf, inf, inf, inf, inf, inf, inf, inf, inf, inf, inf, inf, 2.6461968421936035, inf, inf, inf, inf, inf, inf, inf, inf, inf, inf, inf, inf, inf, inf, inf, inf, inf, inf, inf, inf, inf, inf, inf, inf, inf, inf, inf, inf, inf, inf, inf, inf, inf, inf, inf, inf, inf, inf, inf, inf, inf, inf, inf, inf, inf, inf, inf, inf, inf, inf, inf, inf, inf, inf, inf, inf, inf, inf, inf, inf, inf, inf, inf, inf, inf, inf, inf, inf, inf, inf, inf, inf, inf, inf, inf, inf, inf, inf, inf, inf, inf, inf, inf, inf, inf, inf, inf, inf, inf, inf, inf, inf, inf, inf, inf, inf, inf, inf, inf, inf, inf, inf, inf, inf, inf, inf, inf, inf, inf, inf, inf, inf, inf, inf, inf, inf, inf, inf, inf, inf, inf, inf, inf, inf, inf, inf, inf, inf, inf, inf, inf, inf, inf, inf, inf, inf, inf, inf, inf, inf, inf, inf, inf, inf, inf, inf, inf, inf, inf, inf, inf, inf, inf, inf, inf, inf, inf, inf, inf, inf, inf, inf, inf, inf, inf, inf, inf, inf, inf, inf, inf, inf, inf, inf, inf, inf, inf, inf, inf, inf, inf, inf]),0.01749303564429283,3384188000000,
array('f', [inf, inf, inf, 3.486814498901367, 3.470094919204712, 3.4464056491851807, 3.4112088680267334, 3.396533966064453, 3.348156213760376, 3.334412097930908, 3.3061084747314453, 3.275789976119995, 3.2730281352996826, 3.256927967071533, 3.2410662174224854, 3.219200611114502, 3.195929527282715, 3.203227996826172, 3.171660900115967, 3.1747539043426514, 3.179563283920288, 3.15185546875, 3.1396734714508057, 3.143234968185425, 3.11033296585083, 3.114185094833374, 3.1115036010742188, 3.120957612991333, 3.118665933609009, 3.1128127574920654, 3.1035473346710205, 3.113997220993042, 3.1178646087646484, 3.113173484802246, 3.105318546295166, 3.1226770877838135, 3.150991916656494, 3.1292545795440674, 3.135331153869629, 3.143132448196411, 3.1502249240875244, 3.175851583480835, 3.176849842071533, 3.1933183670043945, 3.198991298675537, 3.2229106426239014, 3.239516496658325, 3.234064817428589, 3.2541303634643555, 3.2894957065582275, 3.308849811553955, 3.300894021987915, 3.355485439300537, 3.381108283996582, 3.398982524871826, 3.4384589195251465, 3.4630260467529297, 3.483802080154419, inf, inf, inf, inf, inf, inf, inf, inf, inf, inf, inf, inf, inf, inf, inf, inf, inf, inf, inf, inf, inf, inf, inf, 3.4833004474639893, 3.4338653087615967, 3.379643201828003, 3.3227686882019043, 3.310300588607788, 3.2600979804992676, 3.2236454486846924, 3.184971332550049, 3.162935495376587, 3.087310552597046, 3.0778703689575195, 3.0445992946624756, 3.0119569301605225, 3.0026516914367676, 2.9621429443359375, 2.9536848068237305, 2.9312570095062256, 2.915668487548828, 2.8885481357574463, 2.860544204711914, 2.8446738719940186, 2.8266637325286865, 2.8174777030944824, 2.817929267883301, 2.7926480770111084, 2.771752119064331, 2.764448881149292, 2.770218849182129, 2.7362167835235596, 2.7369139194488525, 2.7358405590057373, 2.721003532409668, 2.719069480895996, 2.7191436290740967, 2.6942620277404785, 2.704045057296753, 2.687171459197998, 2.687596559524536, 2.6989383697509766, 2.6995906829833984, 2.701245069503784, 2.701404094696045, 2.7196872234344482, inf, inf, inf, inf, inf, inf, inf, inf, inf, inf, inf, inf, inf, inf, inf, inf, inf, 2.9198224544525146, 2.890543222427368, 2.922191858291626, 2.958641767501831, 2.963918685913086, 3.000459671020508, 3.0110127925872803, 3.052703857421875, 3.064873456954956, 3.106212854385376, 3.1465165615081787, 3.1847383975982666, 3.224677324295044, 3.230534076690674, 3.266599655151367, 3.329437494277954, 3.366408109664917, 3.4148662090301514, 3.467280626296997, inf, inf, inf, inf, inf, inf, inf, inf, inf, inf, inf, inf, inf, inf, inf, 2.6779370307922363, inf, inf, inf, inf, inf, inf, inf, inf, inf, inf, inf, inf, inf, inf, inf, inf, inf, inf, inf, inf, inf, inf, inf, inf, inf, inf, inf, inf, inf, inf, inf, inf, inf, inf, inf, inf, inf, inf, inf, inf, inf, inf, inf, inf, inf, inf, inf, inf, inf, inf, inf, inf, inf, inf, inf, inf, inf, inf, inf, inf, inf, inf, inf, inf, inf, inf, inf, inf, inf, inf, inf, inf, inf, inf, inf, inf, inf, inf, inf, inf, inf, inf, inf, inf, inf, inf, inf, inf, inf, inf, inf, inf, inf, inf, inf, inf, inf, inf, inf, inf, inf, inf, inf, inf, inf, inf, inf, inf, inf, inf, inf, inf, inf, inf, inf, inf, inf, inf, inf, inf, inf, inf, inf, inf, inf, inf, inf, inf, inf, inf, inf, inf, inf, inf, inf, inf, inf, inf, inf, inf, inf, inf, inf, inf, inf, inf, inf, inf, inf, inf, inf, inf, inf, inf, inf, inf, inf, inf, inf, inf, inf, inf, inf, inf, inf, inf, inf, inf, inf, inf, inf, inf, inf, inf, inf, inf, inf, inf, inf, inf, inf, inf, inf, inf]),0.01749303564429283,3384388000000,
array('f', [3.474736213684082, 3.450458526611328, 3.447986125946045, 3.3999056816101074, 3.368216037750244, 3.3508808612823486, 3.3370614051818848, 3.326157808303833, 3.2722485065460205, 3.256298780441284, 3.2520809173583984, 3.2210311889648438, 3.217186212539673, 3.193236827850342, 3.1613001823425293, 3.1695709228515625, 3.140397787094116, 3.147597074508667, 3.133216619491577, 3.1085867881774902, 3.124595880508423, 3.1197803020477295, 3.0982882976531982, 3.1133768558502197, 3.10370135307312, 3.0948140621185303, 3.0957233905792236, 3.0836212635040283, 3.0889108180999756, 3.072321653366089, 3.081050395965576, 3.084588050842285, 3.0937650203704834, 3.104602336883545, 3.0954511165618896, 3.1254618167877197, 3.12320876121521, 3.1131622791290283, 3.1337831020355225, 3.1276073455810547, 3.156679630279541, 3.1719532012939453, 3.1719841957092285, 3.179823637008667, 3.209127187728882, 3.227503776550293, 3.241764783859253, 3.273996353149414, 3.291295289993286, 3.3179714679718018, 3.340190887451172, 3.356635093688965, 3.368649482727051, 3.4177653789520264, 3.444415807723999, 3.458665132522583, 3.5, inf, inf, inf, inf, inf, inf, inf, inf, inf, inf, inf, inf, inf, inf, inf, inf, inf, inf, inf, inf, inf, inf, 3.4829952716827393, 3.415700674057007, 3.3861043453216553, 3.3513190746307373, 3.2941696643829346, 3.2494418621063232, 3.228891134262085, 3.18953013420105, 3.166348695755005, 3.1145427227020264, 3.0800538063049316, 3.0512869358062744, 3.050041675567627, 2.996358871459961, 2.9688427448272705, 2.9587440490722656, 2.93638277053833, 2.9144554138183594, 2.8947949409484863, 2.866295099258423, 2.8574204444885254, 2.8578338623046875, 2.813103437423706, 2.7910714149475098, 2.808724880218506, 2.7949323654174805, 2.7629177570343018, 2.773463249206543, 2.7606101036071777, 2.7427873611450195, 2.74178147315979, 2.730825185775757, 2.729513168334961, 2.721937656402588, 2.7209808826446533, 2.712894916534424, 2.7014706134796143, 2.701397657394409, 2.6773040294647217, 2.7053418159484863, 2.704293727874756, 2.719291925430298, 2.718022346496582, inf, inf, inf, inf, inf, inf, inf, inf, inf, inf, inf, inf, inf, inf, inf, inf, inf, 2.971161365509033, 2.9288148880004883, 2.9546985626220703, 2.9731671810150146, 3.001075029373169, 3.0198960304260254, 3.048107862472534, 3.0695998668670654, 3.0966711044311523, 3.14261794090271, 3.1733298301696777, 3.201406240463257, 3.245387077331543, 3.2792632579803467, 3.3246545791625977, 3.364062786102295, 3.4058992862701416, 3.4419314861297607, inf, inf, inf, inf, inf, inf, inf, inf, inf, inf, inf, inf, inf, inf, inf, inf, 2.692378282546997, inf, inf, inf, inf, inf, inf, inf, inf, inf, inf, inf, inf, inf, inf, inf, inf, inf, inf, inf, inf, inf, inf, inf, inf, inf, inf, inf, inf, inf, inf, inf, inf, inf, inf, inf, inf, inf, inf, inf, inf, inf, inf, inf, inf, inf, inf, inf, inf, inf, inf, inf, inf, inf, inf, inf, inf, inf, inf, inf, inf, inf, inf, inf, inf, inf, inf, inf, inf, inf, inf, inf, inf, inf, inf, inf, inf, inf, inf, inf, inf, inf, inf, inf, inf, inf, inf, inf, inf, inf, inf, inf, inf, inf, inf, inf, inf, inf, inf, inf, inf, inf, inf, inf, inf, inf, inf, inf, inf, inf, inf, inf, inf, inf, inf, inf, inf, inf, inf, inf, inf, inf, inf, inf, inf, inf, inf, inf, inf, inf, inf, inf, inf, inf, inf, inf, inf, inf, inf, inf, inf, inf, inf, inf, inf, inf, inf, inf, inf, inf, inf, inf, inf, inf, inf, inf, inf, inf, inf, inf, inf, inf, inf, inf, inf, inf, inf, inf, inf, inf, inf, inf, inf, inf, inf, inf, inf, inf, inf, inf, inf, inf, inf, inf, inf, inf, 3.5]),0.01749303564429283,3384588000000,
array('f', [3.4105045795440674, 3.3523898124694824, 3.320202112197876, 3.3252243995666504, 3.2792906761169434, 3.2507340908050537, 3.26454496383667, 3.220250368118286, 3.2229530811309814, 3.198253631591797, 3.1662628650665283, 3.161489248275757, 3.132284641265869, 3.126997470855713, 3.1322720050811768, 3.1131157875061035, 3.106001615524292, 3.100055456161499, 3.0826823711395264, 3.0832090377807617, 3.0603597164154053, 3.069779634475708, 3.0767905712127686, 3.0630834102630615, 3.0777292251586914, 3.0530831813812256, 3.086794853210449, 3.061044216156006, 3.0644164085388184, 3.0612707138061523, 3.0517778396606445, 3.0916945934295654, 3.0771546363830566, 3.068929433822632, 3.1004538536071777, 3.0816330909729004, 3.0901503562927246, 3.1343307495117188, 3.148158311843872, 3.147993326187134, 3.16438889503479, 3.179697275161743, 3.207059144973755, 3.2024998664855957, 3.2251486778259277, 3.2385497093200684, 3.263716220855713, 3.287360668182373, 3.3184938430786133, 3.3434243202209473, 3.3599607944488525, 3.3912932872772217, 3.4059975147247314, 3.439148187637329, 3.487910509109497, inf, inf, inf, inf, inf, inf, inf, inf, inf, inf, inf, inf, inf, inf, inf, inf, inf, inf, inf, inf, inf, inf, 3.476174831390381, 3.433671474456787, 3.37886643409729, 3.344935417175293, 3.297511100769043, 3.2627832889556885, 3.241119861602783, 3.18452525138855, 3.1462836265563965, 3.126976728439331, 3.0855958461761475, 3.048999786376953, 3.037165641784668, 2.995694398880005, 2.9915218353271484, 2.9695851802825928, 2.9402384757995605, 2.925238847732544, 2.9078586101531982, 2.8870530128479004, 2.869901657104492, 2.869051456451416, 2.836865186691284, 2.8062572479248047, 2.7969253063201904, 2.8022537231445312, 2.782316207885742, 2.7887604236602783, 2.780338764190674, 2.7476277351379395, 2.754634380340576, 2.738560438156128, 2.7190186977386475, 2.740095376968384, 2.710008144378662, 2.7165379524230957, 2.7208986282348633, 2.7190659046173096, 2.727663516998291, 2.7282299995422363, 2.741567611694336, 2.7108070850372314, 2.72444224357605, inf, inf, inf, inf, inf, inf, inf, inf, inf, inf, inf, inf, inf, inf, inf, inf, inf, 2.990623950958252, 2.932620048522949, 2.9693307876586914, 2.983116865158081, 3.012293815612793, 3.0467066764831543, 3.059082508087158, 3.09028697013855, 3.135127067565918, 3.155883550643921, 3.196925401687622, 3.2366294860839844, 3.279562473297119, 3.304992437362671, 3.3491973876953125, 3.3924970626831055, 3.4323625564575195, 3.465775966644287, inf, inf, inf, inf, inf, inf, inf, inf, inf, inf, inf, inf, inf, inf, inf, inf, 2.7387351989746094, inf, inf, inf, inf, inf, inf, inf, inf, inf, inf, inf, inf, inf, inf, inf, inf, inf, inf, inf, inf, inf, inf, inf, inf, inf, inf, inf, inf, inf, inf, inf, inf, inf, inf, inf, inf, inf, inf, inf, inf, inf, inf, inf, inf, inf, inf, inf, inf, inf, inf, inf, inf, inf, inf, inf, inf, inf, inf, inf, inf, inf, inf, inf, inf, inf, inf, inf, inf, inf, inf, inf, inf, inf, inf, inf, inf, inf, inf, inf, inf, inf, inf, inf, inf, inf, inf, inf, inf, inf, inf, inf, inf, inf, inf, inf, inf, inf, inf, inf, inf, inf, inf, inf, inf, inf, inf, inf, inf, inf, inf, inf, inf, inf, inf, inf, inf, inf, inf, inf, inf, inf, inf, inf, inf, inf, inf, inf, inf, inf, inf, inf, inf, inf, inf, inf, inf, inf, inf, inf, inf, inf, inf, inf, inf, inf, inf, inf, inf, inf, inf, inf, inf, inf, inf, inf, inf, inf, inf, inf, inf, inf, inf, inf, inf, inf, inf, inf, inf, inf, inf, inf, inf, inf, inf, inf, inf, inf, inf, inf, inf, inf, inf, inf, inf, 3.498325824737549, 3.4569759368896484, 3.4268760681152344, 3.396469831466675]),0.01749303564429283,3384788000000,
array('f', [3.3043484687805176, 3.2783069610595703, 3.2659060955047607, 3.2319653034210205, 3.2158873081207275, 3.2002320289611816, 3.1735000610351562, 3.162750244140625, 3.1405649185180664, 3.1191327571868896, 3.1228928565979004, 3.0864977836608887, 3.0914199352264404, 3.0722572803497314, 3.074941635131836, 3.0598666667938232, 3.058966636657715, 3.056033134460449, 3.047924280166626, 3.0473742485046387, 3.0290756225585938, 3.040968418121338, 3.0235838890075684, 3.0200564861297607, 3.0307838916778564, 3.0315375328063965, 3.0396242141723633, 3.0244789123535156, 3.039872169494629, 3.0459554195404053, 3.0587849617004395, 3.0670433044433594, 3.074798583984375, 3.0709328651428223, 3.062812566757202, 3.084503412246704, 3.099555253982544, 3.1228599548339844, 3.1339545249938965, 3.147752523422241, 3.162015438079834, 3.182335615158081, 3.2124252319335938, 3.2312862873077393, 3.2545011043548584, 3.2837963104248047, 3.2904672622680664, 3.318544864654541, 3.337768316268921, 3.354297637939453, 3.394211769104004, 3.42117977142334, 3.442580223083496, 3.4842100143432617, inf, inf, inf, inf, inf, inf, inf, inf, inf, inf, inf, inf, inf, inf, inf, inf, inf, inf, inf, inf, inf, 3.4946506023406982, 3.41611385345459, 3.4136710166931152, 3.3542513847351074, 3.3036186695098877, 3.276547431945801, 3.229367256164551, 3.1988935470581055, 3.1641409397125244, 3.1564409732818604, 3.094991445541382, 3.0718250274658203, 3.051600933074951, 3.0214266777038574, 2.983909845352173, 2.984379768371582, 2.9433321952819824, 2.931938409805298, 2.914571523666382, 2.8904030323028564, 2.8907690048217773, 2.8785507678985596, 2.842078447341919, 2.834629535675049, 2.823483467102051, 2.784942626953125, 2.8013665676116943, 2.7874064445495605, 2.7855732440948486, 2.767157554626465, 2.763465404510498, 2.767453908920288, 2.7211503982543945, 2.743744373321533, 2.747422695159912, 2.7392845153808594, 2.7374255657196045, 2.724929094314575, 2.728726625442505, 2.7385878562927246, 2.744654417037964, 2.7388405799865723, 2.753518581390381, inf, inf, inf, inf, inf, inf, inf, inf, inf, inf, inf, inf, inf, inf, inf, inf, inf, 3.029137134552002, 2.96285080909729, 2.990351915359497, 3.0272388458251953, 3.039008378982544, 3.0643491744995117, 3.092134475708008, 3.1125829219818115, 3.1558473110198975, 3.1924707889556885, 3.239476442337036, 3.2700588703155518, 3.3048174381256104, 3.3118436336517334, 3.372767686843872, 3.4381160736083984, 3.475181818008423, inf, inf, inf, inf, inf, inf, inf, inf, inf, inf, inf, inf, inf, inf, inf, inf, inf, 2.7894840240478516, 2.8229856491088867, inf, inf, inf, inf, inf, inf, inf, inf, inf, inf, inf, inf, inf, inf, inf, inf, inf, inf, inf, inf, inf, inf, inf, inf, inf, inf, inf, inf, inf, inf, inf, inf, inf, inf, inf, inf, inf, inf, inf, inf, inf, inf, inf, inf, inf, inf, inf, inf, inf, inf, inf, inf, inf, inf, inf, inf, inf, inf, inf, inf, inf, inf, inf, inf, inf, inf, inf, inf, inf, inf, inf, inf, inf, inf, inf, inf, inf, inf, inf, inf, inf, inf, inf, inf, inf, inf, inf, inf, inf, inf, inf, inf, inf, inf, inf, inf, inf, inf, inf, inf, inf, inf, inf, inf, inf, inf, inf, inf, inf, inf, inf, inf, inf, inf, inf, inf, inf, inf, inf, inf, inf, inf, inf, inf, inf, inf, inf, inf, inf, inf, inf, inf, inf, inf, inf, inf, inf, inf, inf, inf, inf, inf, inf, inf, inf, inf, inf, inf, inf, inf, inf, inf, inf, inf, inf, inf, inf, inf, inf, inf, inf, inf, inf, inf, inf, inf, inf, inf, inf, inf, inf, inf, inf, inf, inf, inf, inf, inf, inf, inf, inf, inf, 3.477186679840088, 3.439025640487671, 3.417048931121826, 3.397416114807129, 3.355674982070923, 3.3379507064819336, 3.313180685043335]),0.01749303564429283,3384988000000,
array('f', [3.22481107711792, 3.1927740573883057, 3.204271078109741, 3.1476192474365234, 3.1466867923736572, 3.114974021911621, 3.0966386795043945, 3.1075003147125244, 3.081223249435425, 3.06067156791687, 3.050934076309204, 3.0625264644622803, 3.050708770751953, 3.034832715988159, 3.012407064437866, 3.005263566970825, 3.0067331790924072, 3.0168607234954834, 2.9981770515441895, 3.0121963024139404, 3.0079541206359863, 2.9959895610809326, 3.018887519836426, 3.008253812789917, 2.9961583614349365, 2.99918532371521, 3.0256447792053223, 3.0291950702667236, 3.0056326389312744, 3.0250892639160156, 3.05619478225708, 3.0295000076293945, 3.0546085834503174, 3.063480854034424, 3.0740137100219727, 3.10133695602417, 3.108184337615967, 3.1363589763641357, 3.1417462825775146, 3.157365560531616, 3.1805222034454346, 3.2037765979766846, 3.2022249698638916, 3.261871576309204, 3.243973731994629, 3.289240837097168, 3.315380096435547, 3.3373634815216064, 3.359532117843628, 3.4024178981781006, 3.4308459758758545, 3.473602771759033, inf, inf, inf, inf, inf, inf, inf, inf, inf, inf, inf, inf, inf, inf, inf, inf, inf, inf, inf, inf, inf, 3.484048366546631, 3.4328293800354004, 3.390345811843872, 3.346752882003784, 3.3180758953094482, 3.2617673873901367, 3.2307381629943848, 3.19879150390625, 3.1661550998687744, 3.1483829021453857, 3.1122777462005615, 3.075295925140381, 3.0611448287963867, 3.021064519882202, 3.0010485649108887, 2.9878153800964355, 2.9633679389953613, 2.9572372436523438, 2.9439549446105957, 2.8980517387390137, 2.885227680206299, 2.8722336292266846, 2.8655457496643066, 2.8390018939971924, 2.8365046977996826, 2.8207483291625977, 2.8123598098754883, 2.802737236022949, 2.7816057205200195, 2.7648162841796875, 2.777467966079712, 2.770564079284668, 2.7574901580810547, 2.7418155670166016, 2.7666661739349365, 2.7542836666107178, 2.7564666271209717, 2.7667603492736816, 2.7419278621673584, 2.762049436569214, 2.742097854614258, 2.7625341415405273, 2.770293712615967, 2.763798952102661, inf, inf, inf, inf, inf, inf, inf, inf, inf, inf, inf, inf, inf, inf, inf, inf, 3.071918487548828, 2.9641661643981934, 3.0245091915130615, 3.0269429683685303, 3.0664219856262207, 3.0794918537139893, 3.1224584579467773, 3.1441776752471924, 3.1777985095977783, 3.219334125518799, 3.2700729370117188, 3.3011441230773926, 3.3230478763580322, 3.387744665145874, 3.418059825897217, 3.464404582977295, 3.496234178543091, inf, inf, inf, inf, inf, inf, inf, inf, inf, inf, inf, inf, inf, inf, inf, inf, inf, 2.8394241333007812, 2.8535830974578857, inf, inf, inf, inf, inf, inf, inf, inf, inf, inf, inf, inf, inf, inf, inf, inf, inf, inf, inf, inf, inf, inf, inf, inf, inf, inf, inf, inf, inf, inf, inf, inf, inf, inf, inf, inf, inf, inf, inf, inf, inf, inf, inf, inf, inf, inf, inf, inf, inf, inf, inf, inf, inf, inf, inf, inf, inf, inf, inf, inf, inf, inf, inf, inf, inf, inf, inf, inf, inf, inf, inf, inf, inf, inf, inf, inf, inf, inf, inf, inf, inf, inf, inf, inf, inf, inf, inf, inf, inf, inf, inf, inf, inf, inf, inf, inf, inf, inf, inf, inf, inf, inf, inf, inf, inf, inf, inf, inf, inf, inf, inf, inf, inf, inf, inf, inf, inf, inf, inf, inf, inf, inf, inf, inf, inf, inf, inf, inf, inf, inf, inf, inf, inf, inf, inf, inf, inf, inf, inf, inf, inf, inf, inf, inf, inf, inf, inf, inf, inf, inf, inf, inf, inf, inf, inf, inf, inf, inf, inf, inf, inf, inf, inf, inf, inf, inf, inf, inf, inf, inf, inf, inf, inf, inf, inf, inf, inf, inf, inf, inf, inf, 3.476273536682129, 3.4501118659973145, 3.401233673095703, 3.3897147178649902, 3.335369110107422, 3.311704397201538, 3.2963671684265137, 3.2698397636413574, 3.242391347885132, 3.2247159481048584]),0.01749303564429283,3385188000000,
array('f', [3.1526458263397217, 3.122997999191284, 3.0908617973327637, 3.066816568374634, 3.0756213665008545, 3.0581297874450684, 3.0300514698028564, 3.0365028381347656, 3.0212020874023438, 3.022038459777832, 3.003688335418701, 2.9869391918182373, 2.9930267333984375, 2.9921340942382812, 2.994814157485962, 2.97531795501709, 2.9579172134399414, 2.9807300567626953, 2.9742915630340576, 2.979814291000366, 2.9750800132751465, 2.9822776317596436, 2.9988040924072266, 2.9828481674194336, 2.984246253967285, 2.985389471054077, 3.002366304397583, 3.0051703453063965, 3.0234885215759277, 3.0320136547088623, 3.028217315673828, 3.037902355194092, 3.041785717010498, 3.061997890472412, 3.0798139572143555, 3.0908167362213135, 3.119645118713379, 3.119603157043457, 3.1453073024749756, 3.1714024543762207, 3.217977285385132, 3.2120418548583984, 3.2407302856445312, 3.2641890048980713, 3.2841711044311523, 3.3285908699035645, 3.3553855419158936, 3.372262954711914, 3.390058994293213, 3.4505105018615723, 3.490342855453491, inf, inf, inf, inf, inf, inf, inf, inf, inf, inf, inf, inf, inf, inf, inf, inf, inf, inf, inf, inf, 3.487340211868286, 3.416982889175415, 3.3879261016845703, 3.372309446334839, 3.316600799560547, 3.2745721340179443, 3.2423083782196045, 3.2218079566955566, 3.1772141456604004, 3.1644673347473145, 3.123197555541992, 3.086979389190674, 3.064844846725464, 3.038003921508789, 3.024808406829834, 2.978393316268921, 2.9711883068084717, 2.9467625617980957, 2.917919635772705, 2.9145801067352295, 2.895571708679199, 2.882891893386841, 2.873586654663086, 2.8567728996276855, 2.864962339401245, 2.8170974254608154, 2.806218385696411, 2.809797763824463, 2.792043447494507, 2.801478147506714, 2.779689073562622, 2.7828011512756348, 2.771869421005249, 2.7655532360076904, 2.747606039047241, 2.7634716033935547, 2.7545759677886963, 2.7572765350341797, 2.767000436782837, 2.775843620300293, 2.77508807182312, 2.763495922088623, 2.7728326320648193, 2.7705001831054688, inf, inf, inf, inf, inf, inf, inf, inf, inf, inf, inf, inf, inf, inf, inf, inf, 3.1117160320281982, 3.0166921615600586, 3.0278079509735107, 3.0735628604888916, 3.1017487049102783, 3.102733612060547, 3.1560733318328857, 3.187286138534546, 3.1835198402404785, 3.24396014213562, 3.2835192680358887, 3.3173792362213135, 3.350975513458252, 3.3915107250213623, 3.4406588077545166, 3.487015724182129, inf, inf, inf, inf, inf, inf, inf, inf, inf, inf, inf, inf, inf, inf, inf, inf, inf, inf, inf, 2.9049623012542725, inf, inf, inf, inf, inf, inf, inf, inf, inf, inf, inf, inf, inf, inf, inf, inf, inf, inf, inf, inf, inf, inf, inf, inf, inf, inf, inf, inf, inf, inf, inf, inf, inf, inf, inf, inf, inf, inf, inf, inf, inf, inf, inf, inf, inf, inf, inf, inf, inf, inf, inf, inf, inf, inf, inf, inf, inf, inf, inf, inf, inf, inf, inf, inf, inf, inf, inf, inf, inf, inf, inf, inf, inf, inf, inf, inf, inf, inf, inf, inf, inf, inf, inf, inf, inf, inf, inf, inf, inf, inf, inf, inf, inf, inf, inf, inf, inf, inf, inf, inf, inf, inf, inf, inf, inf, inf, inf, inf, inf, inf, inf, inf, inf, inf, inf, inf, inf, inf, inf, inf, inf, inf, inf, inf, inf, inf, inf, inf, inf, inf, inf, inf, inf, inf, inf, inf, inf, inf, inf, inf, inf, inf, inf, inf, inf, inf, inf, inf, inf, inf, inf, inf, inf, inf, inf, inf, inf, inf, inf, inf, inf, inf, inf, inf, inf, inf, inf, inf, inf, inf, inf, inf, inf, inf, inf, inf, inf, inf, inf, inf, 3.4812870025634766, 3.4296767711639404, 3.4145002365112305, 3.372072696685791, 3.3292815685272217, 3.3191134929656982, 3.2780137062072754, 3.256887912750244, 3.223193883895874, 3.2126848697662354, 3.1780266761779785, 3.1528513431549072, 3.1511223316192627]),0.01749303564429283,3385389000000,
array('f', [3.062117576599121, 3.038919687271118, 3.041510581970215, 3.0601465702056885, 3.019165515899658, 3.004678964614868, 2.9833996295928955, 2.9924182891845703, 2.963972568511963, 2.996030807495117, 2.955286741256714, 2.959359884262085, 2.956547498703003, 2.9738306999206543, 2.9458045959472656, 2.9493625164031982, 2.9367096424102783, 2.947692394256592, 2.9516420364379883, 2.9487087726593018, 2.948575019836426, 2.952744245529175, 2.9699907302856445, 2.958528518676758, 2.9742045402526855, 2.982435703277588, 2.981858253479004, 2.995299816131592, 3.011042594909668, 2.9979162216186523, 3.0306408405303955, 3.028440237045288, 3.0599894523620605, 3.067530393600464, 3.0740768909454346, 3.0981040000915527, 3.1305527687072754, 3.1431827545166016, 3.186255931854248, 3.1886863708496094, 3.2145273685455322, 3.2537128925323486, 3.2638752460479736, 3.2963619232177734, 3.3357670307159424, 3.3716769218444824, 3.3883700370788574, 3.404785394668579, 3.4605813026428223, 3.5, inf, inf, inf, inf, inf, inf, inf, inf, inf, inf, inf, inf, inf, inf, inf, inf, inf, inf, inf, 3.5, 3.4439926147460938, 3.4006247520446777, 3.359606981277466, 3.306971788406372, 3.2913448810577393, 3.247283697128296, 3.213583469390869, 3.164548397064209, 3.1530911922454834, 3.129518508911133, 3.0826947689056396, 3.0721423625946045, 3.0460569858551025, 3.0456981658935547, 2.994910478591919, 2.972257137298584, 2.963113784790039, 2.9315378665924072, 2.9176411628723145, 2.8953049182891846, 2.888030529022217, 2.876175880432129, 2.85191011428833, 2.8638813495635986, 2.8308467864990234, 2.825038433074951, 2.829442262649536, 2.8009555339813232, 2.8042049407958984, 2.8016738891601562, 2.800661563873291, 2.782968044281006, 2.784842014312744, 2.7696263790130615, 2.77694034576416, 2.7652587890625, 2.773707151412964, 2.764357089996338, 2.784377098083496, 2.755601406097412, 2.779179334640503, 2.773937940597534, 2.7839694023132324, inf, inf, inf, inf, inf, inf, inf, inf, inf, inf, inf, inf, inf, inf, inf, inf, 3.1458756923675537, 3.03122615814209, 3.048358917236328, 3.0743494033813477, 3.11920428276062, 3.123286485671997, 3.1503002643585205, 3.22145938873291, 3.227201223373413, 3.2637600898742676, 3.2982308864593506, 3.3364763259887695, 3.3852219581604004, 3.4135241508483887, 3.46958589553833, inf, inf, inf, inf, inf, inf, inf, inf, inf, inf, inf, inf, inf, inf, inf, inf, inf, inf, inf, inf, 2.9374334812164307, 2.97989559173584, inf, inf, inf, inf, inf, inf, inf, inf, inf, inf, inf, inf, inf, inf, inf, inf, inf, inf, inf, inf, inf, inf, inf, inf, inf, inf, inf, inf, inf, inf, inf, inf, inf, inf, inf, inf, inf, inf, inf, inf, inf, inf, inf, inf, inf, inf, inf, inf, inf, inf, inf, inf, inf, inf, inf, inf, inf, inf, inf, inf, inf, inf, inf, inf, inf, inf, inf, inf, inf, inf, inf, inf, inf, inf, inf, inf, inf, inf, inf, inf, inf, inf, inf, inf, inf, inf, inf, inf, inf, inf, inf, inf, inf, inf, inf, inf, inf, inf, inf, inf, inf, inf, inf, inf, inf, inf, inf, inf, inf, inf, inf, inf, inf, inf, inf, inf, inf, inf, inf, inf, inf, inf, inf, inf, inf, inf, inf, inf, inf, inf, inf, inf, inf, inf, inf, inf, inf, inf, inf, inf, inf, inf, inf, inf, inf, inf, inf, inf, inf, inf, inf, inf, inf, inf, inf, inf, inf, inf, inf, inf, inf, inf, inf, inf, inf, inf, inf, inf, inf, inf, inf, inf, inf, inf, inf, inf, inf, 3.5, 3.456157922744751, 3.424586296081543, 3.3791916370391846, 3.3474342823028564, 3.3100085258483887, 3.301715850830078, 3.2706801891326904, 3.245286703109741, 3.240569591522217, 3.1902172565460205, 3.1808066368103027, 3.1352298259735107, 3.1262052059173584, 3.096240758895874, 3.087006092071533, 3.0588040351867676]),0.01749303564429283,3385590000000,
array('f', [2.993311882019043, 2.984168767929077, 2.9746975898742676, 2.961632251739502, 2.973799705505371, 2.968167543411255, 2.9378714561462402, 2.92529296875, 2.9435389041900635, 2.9270312786102295, 2.9188759326934814, 2.9366793632507324, 2.9125332832336426, 2.9073891639709473, 2.9092323780059814, 2.900482654571533, 2.911921501159668, 2.9092514514923096, 2.908884048461914, 2.9345364570617676, 2.936568021774292, 2.933067560195923, 2.9441564083099365, 2.9405300617218018, 2.949510335922241, 2.9484801292419434, 2.9807016849517822, 2.984285831451416, 2.9997029304504395, 3.014829158782959, 3.0267486572265625, 3.0688130855560303, 3.057147264480591, 3.076850175857544, 3.098323345184326, 3.120634078979492, 3.138603687286377, 3.1462934017181396, 3.17952823638916, 3.191481351852417, 3.2286629676818848, 3.256693124771118, 3.290550708770752, 3.3417322635650635, 3.340562582015991, 3.390385150909424, 3.4257569313049316, 3.4851224422454834, inf, inf, inf, inf, inf, inf, inf, inf, inf, inf, inf, inf, inf, inf, inf, inf, inf, inf, inf, 3.487079620361328, 3.429949998855591, 3.4032280445098877, 3.3488073348999023, 3.3286283016204834, 3.2783899307250977, 3.2415668964385986, 3.212205171585083, 3.1852657794952393, 3.163214921951294, 3.1129987239837646, 3.096461296081543, 3.065213918685913, 3.053630828857422, 3.009397506713867, 3.001976490020752, 2.976686716079712, 2.9621636867523193, 2.9399874210357666, 2.9239253997802734, 2.915167808532715, 2.8869705200195312, 2.8702309131622314, 2.868320941925049, 2.844460964202881, 2.839961528778076, 2.853945255279541, 2.8284621238708496, 2.824215888977051, 2.8036766052246094, 2.810732364654541, 2.804965019226074, 2.797206401824951, 2.787994861602783, 2.776576042175293, 2.7970213890075684, 2.786491870880127, 2.7741029262542725, 2.780816078186035, 2.7803192138671875, 2.7923715114593506, 2.7710156440734863, 2.7961721420288086, 2.7889862060546875, 2.801571846008301, inf, inf, inf, inf, inf, inf, inf, inf, inf, inf, inf, inf, inf, inf, inf, inf, 3.0404212474823, 3.0828065872192383, 3.0960521697998047, 3.117600202560425, 3.154815435409546, 3.196239471435547, 3.2148478031158447, 3.2605533599853516, 3.2799954414367676, 3.329547166824341, 3.345630645751953, 3.3909709453582764, 3.4589521884918213, 3.469846487045288, inf, inf, inf, inf, inf, inf, inf, inf, inf, inf, inf, inf, inf, inf, inf, inf, inf, inf, inf, inf, inf, 3.010650396347046, inf, inf, inf, inf, inf, inf, inf, inf, inf, inf, inf, inf, inf, inf, inf, inf, inf, inf, inf, inf, inf, inf, inf, inf, inf, inf, inf, inf, inf, inf, inf, inf, inf, inf, inf, inf, inf, inf, inf, inf, inf, inf, inf, inf, inf, inf, inf, inf, inf, inf, inf, inf, inf, inf, inf, inf, inf, inf, inf, inf, inf, inf, inf, inf, inf, inf, inf, inf, inf, inf, inf, inf, inf, inf, inf, inf, inf, inf, inf, inf, inf, inf, inf, inf, inf, inf, inf, inf, inf, inf, inf, inf, inf, inf, inf, inf, inf, inf, inf, inf, inf, inf, inf, inf, inf, inf, inf, inf, inf, inf, inf, inf, inf, inf, inf, inf, inf, inf, inf, inf, inf, inf, inf, inf, inf, inf, inf, inf, inf, inf, inf, inf, inf, inf, inf, inf, inf, inf, inf, inf, inf, inf, inf, inf, inf, inf, inf, inf, inf, inf, inf, inf, inf, inf, inf, inf, inf, inf, inf, inf, inf, inf, inf, inf, inf, inf, inf, inf, inf, inf, inf, inf, inf, inf, inf, inf, 3.493847131729126, 3.4396395683288574, 3.404426336288452, 3.3788247108459473, 3.3301706314086914, 3.3193085193634033, 3.286646842956543, 3.248399257659912, 3.231497049331665, 3.202479839324951, 3.179997205734253, 3.1499977111816406, 3.1333329677581787, 3.0989365577697754, 3.092474937438965, 3.0777032375335693, 3.0443954467773438, 3.022932291030884, 3.022761344909668, 3.01814603805542]),0.01749303564429283,3385789000000,
array('f', [2.9428083896636963, 2.928117036819458, 2.9500973224639893, 2.897881031036377, 2.9138917922973633, 2.8944809436798096, 2.9146502017974854, 2.88004732131958, 2.9079627990722656, 2.9084696769714355, 2.875325918197632, 2.8755784034729004, 2.8689754009246826, 2.881012439727783, 2.8913896083831787, 2.894444704055786, 2.890117883682251, 2.9020397663116455, 2.910221576690674, 2.891793966293335, 2.9087822437286377, 2.922933340072632, 2.931530475616455, 2.93591046333313, 2.9504005908966064, 2.9523279666900635, 2.9687135219573975, 3.008021354675293, 2.9968101978302, 2.9970290660858154, 3.0178768634796143, 3.0433926582336426, 3.043527126312256, 3.0978333950042725, 3.124138593673706, 3.1494643688201904, 3.164362668991089, 3.1832382678985596, 3.2118337154388428, 3.2425615787506104, 3.2537245750427246, 3.298964500427246, 3.340944290161133, 3.377169609069824, 3.41807222366333, 3.4335110187530518, 3.4721882343292236, inf, inf, inf, inf, inf, inf, inf, inf, inf, inf, inf, inf, inf, inf, inf, inf, inf, inf, 3.4858086109161377, 3.4411466121673584, 3.3989367485046387, 3.33154034614563, 3.3163888454437256, 3.2636473178863525, 3.236997365951538, 3.214101791381836, 3.1931419372558594, 3.1574137210845947, 3.128774404525757, 3.0748655796051025, 3.065477132797241, 3.0725111961364746, 3.009322166442871, 3.004826307296753, 2.9844765663146973, 2.9694771766662598, 2.9455838203430176, 2.9384450912475586, 2.915501832962036, 2.908482074737549, 2.8754796981811523, 2.877235174179077, 2.862513542175293, 2.8421478271484375, 2.8282175064086914, 2.825155735015869, 2.814415216445923, 2.8242526054382324, 2.8087894916534424, 2.8099682331085205, 2.8065335750579834, 2.7820565700531006, 2.791134834289551, 2.7878024578094482, 2.7837538719177246, 2.813649892807007, 2.7780613899230957, 2.7974772453308105, 2.8012943267822266, 2.8020801544189453, 2.8058791160583496, 2.803807020187378, 2.8192598819732666, inf, inf, inf, inf, inf, inf, inf, inf, inf, inf, inf, inf, inf, inf, inf, inf, 3.0892179012298584, 3.0790817737579346, 3.119821310043335, 3.1385176181793213, 3.169426202774048, 3.180773973464966, 3.2448437213897705, 3.2393455505371094, 3.307847738265991, 3.349815845489502, 3.3932058811187744, 3.412321090698242, 3.480560779571533, inf, inf, inf, inf, inf, inf, inf, inf, inf, inf, inf, inf, inf, inf, inf, inf, inf, inf, inf, inf, inf, inf, 3.0649631023406982, 3.1245529651641846, inf, inf, inf, inf, inf, inf, inf, inf, inf, inf, inf, inf, inf, inf, inf, inf, inf, inf, inf, inf, inf, inf, inf, inf, inf, inf, inf, inf, inf, inf, inf, inf, inf, inf, inf, inf, inf, inf, inf, inf, inf, inf, inf, inf, inf, inf, inf, inf, inf, inf, inf, inf, inf, inf, inf, inf, inf, inf, inf, inf, inf, inf, inf, inf, inf, inf, inf, inf, inf, inf, inf, inf, inf, inf, inf, inf, inf, inf, inf, inf, inf, inf, inf, inf, inf, inf, inf, inf, inf, inf, inf, inf, inf, inf, inf, inf, inf, inf, inf, inf, inf, inf, inf, inf, inf, inf, inf, inf, inf, inf, inf, inf, inf, inf, inf, inf, inf, inf, inf, inf, inf, inf, inf, inf, inf, inf, inf, inf, inf, inf, inf, inf, inf, inf, inf, inf, inf, inf, inf, inf, inf, inf, inf, inf, inf, inf, inf, inf, inf, inf, inf, inf, inf, inf, inf, inf, inf, inf, inf, inf, inf, inf, inf, inf, inf, inf, inf, inf, inf, inf, inf, inf, inf, inf, 3.479973793029785, 3.434391975402832, 3.381100654602051, 3.3668994903564453, 3.328184127807617, 3.2903892993927, 3.2779579162597656, 3.2257022857666016, 3.2062253952026367, 3.192660331726074, 3.139760732650757, 3.137991428375244, 3.1032652854919434, 3.087677240371704, 3.0628631114959717, 3.043931484222412, 3.0567619800567627, 3.014373779296875, 2.9957194328308105, 2.9718270301818848, 2.982844114303589, 2.9446723461151123, 2.943803071975708]),0.01749303564429283,3385989000000,
array('f', [2.8909339904785156, 2.876187562942505, 2.893169403076172, 2.879112482070923, 2.865706205368042, 2.8731162548065186, 2.8467655181884766, 2.839911460876465, 2.8587491512298584, 2.871802568435669, 2.8605926036834717, 2.854365587234497, 2.849259853363037, 2.8399221897125244, 2.851238489151001, 2.871142864227295, 2.8833909034729004, 2.872083902359009, 2.8887197971343994, 2.888991355895996, 2.8992059230804443, 2.904644250869751, 2.908499002456665, 2.9250872135162354, 2.960300922393799, 2.976980209350586, 2.9716053009033203, 2.9690444469451904, 2.984435558319092, 3.030543565750122, 3.0236318111419678, 3.0745081901550293, 3.077584743499756, 3.1048972606658936, 3.1383368968963623, 3.1722123622894287, 3.1595189571380615, 3.2282745838165283, 3.2329068183898926, 3.278883695602417, 3.3019800186157227, 3.352294921875, 3.3632755279541016, 3.4180541038513184, 3.4405763149261475, 3.5, inf, inf, inf, inf, inf, inf, inf, inf, inf, inf, inf, inf, inf, inf, inf, inf, inf, 3.4804887771606445, 3.4318816661834717, 3.390537977218628, 3.3446199893951416, 3.304373025894165, 3.2948107719421387, 3.2562124729156494, 3.195589303970337, 3.195206880569458, 3.147977113723755, 3.1380691528320312, 3.1127917766571045, 3.070950746536255, 3.051530599594116, 3.0342977046966553, 3.015667676925659, 2.976426601409912, 2.9778671264648438, 2.964618444442749, 2.9282171726226807, 2.9219014644622803, 2.9049410820007324, 2.9012434482574463, 2.8788247108459473, 2.8646011352539062, 2.8349969387054443, 2.836716651916504, 2.8212969303131104, 2.8183155059814453, 2.8208489418029785, 2.7963080406188965, 2.819056987762451, 2.8051321506500244, 2.8048789501190186, 2.783637285232544, 2.787052869796753, 2.816581964492798, 2.7859046459198, 2.805978775024414, 2.807727575302124, 2.81058931350708, 2.824038028717041, 2.8032543659210205, 2.8093531131744385, 2.8253352642059326, inf, inf, inf, inf, inf, inf, inf, inf, inf, inf, inf, inf, inf, inf, inf, inf, 3.161129951477051, 3.1047449111938477, 3.1553685665130615, 3.1529295444488525, 3.19216251373291, 3.2170164585113525, 3.2343804836273193, 3.296497344970703, 3.3150267601013184, 3.346670389175415, 3.4006059169769287, 3.4484992027282715, 3.4970510005950928, inf, inf, inf, inf, inf, inf, inf, inf, inf, inf, inf, inf, inf, inf, inf, inf, inf, inf, inf, inf, inf, inf, 3.1254055500030518, 3.1539700031280518, inf, inf, inf, inf, inf, inf, inf, inf, inf, inf, inf, inf, inf, inf, inf, inf, inf, inf, inf, inf, inf, inf, inf, inf, inf, inf, inf, inf, inf, inf, inf, inf, inf, inf, inf, inf, inf, inf, inf, inf, inf, inf, inf, inf, inf, inf, inf, inf, inf, inf, inf, inf, inf, inf, inf, inf, inf, inf, inf, inf, inf, inf, inf, inf, inf, inf, inf, inf, inf, inf, inf, inf, inf, inf, inf, inf, inf, inf, inf, inf, inf, inf, inf, inf, inf, inf, inf, inf, inf, inf, inf, inf, inf, inf, inf, inf, inf, inf, inf, inf, inf, inf, inf, inf, inf, inf, inf, inf, inf, inf, inf, inf, inf, inf, inf, inf, inf, inf, inf, inf, inf, inf, inf, inf, inf, inf, inf, inf, inf, inf, inf, inf, inf, inf, inf, inf, inf, inf, inf, inf, inf, inf, inf, inf, inf, inf, inf, inf, inf, inf, inf, inf, inf, inf, inf, inf, inf, inf, inf, inf, inf, inf, inf, inf, inf, inf, inf, inf, inf, inf, inf, inf, inf, 3.480386972427368, 3.426530361175537, 3.3909990787506104, 3.3678858280181885, 3.3258860111236572, 3.2864181995391846, 3.248108386993408, 3.2125227451324463, 3.192080497741699, 3.1502346992492676, 3.144132375717163, 3.1170077323913574, 3.0812478065490723, 3.0754218101501465, 3.0306482315063477, 3.035208225250244, 3.000098943710327, 3.00197172164917, 2.986635684967041, 2.962104558944702, 2.950340747833252, 2.9409074783325195, 2.9192094802856445, 2.9291794300079346, 2.9126296043395996, 2.882758855819702]),0.01749303564429283,3386189000000,
array('f', [2.8436295986175537, 2.8431482315063477, 2.8212549686431885, 2.8332855701446533, 2.83123517036438, 2.8341681957244873, 2.807852268218994, 2.8255274295806885, 2.8152077198028564, 2.8001227378845215, 2.8294782638549805, 2.819953441619873, 2.8309452533721924, 2.7951982021331787, 2.834638833999634, 2.8510489463806152, 2.8616693019866943, 2.846186876296997, 2.8766496181488037, 2.87662410736084, 2.895998001098633, 2.8905038833618164, 2.910832405090332, 2.9101686477661133, 2.937647819519043, 2.9743897914886475, 2.9744131565093994, 2.9942591190338135, 2.995769500732422, 3.024585723876953, 3.0545475482940674, 3.079090118408203, 3.131524085998535, 3.125640630722046, 3.1789724826812744, 3.1859376430511475, 3.2197792530059814, 3.2430989742279053, 3.2506697177886963, 3.311495304107666, 3.3490095138549805, 3.382991075515747, 3.4160377979278564, 3.4742133617401123, inf, inf, inf, inf, inf, inf, inf, inf, inf, inf, inf, inf, inf, inf, inf, inf, inf, 3.469728708267212, 3.438462257385254, 3.3771278858184814, 3.338820219039917, 3.3090012073516846, 3.2642252445220947, 3.2427499294281006, 3.22660493850708, 3.163834571838379, 3.138500690460205, 3.127065896987915, 3.1125307083129883, 3.0615224838256836, 3.0349197387695312, 3.032613754272461, 3.0065412521362305, 2.983563184738159, 2.967525005340576, 2.9519734382629395, 2.9395811557769775, 2.9059293270111084, 2.9040157794952393, 2.894944667816162, 2.8729231357574463, 2.8679895401000977, 2.8693408966064453, 2.8470113277435303, 2.850766181945801, 2.827152729034424, 2.8298590183258057, 2.8127663135528564, 2.7962989807128906, 2.807624101638794, 2.806739568710327, 2.8086788654327393, 2.806774854660034, 2.802992343902588, 2.8002524375915527, 2.818082809448242, 2.794895648956299, 2.812466859817505, 2.800741195678711, 2.830970287322998, 2.828092336654663, 2.802664041519165, 2.8453261852264404, inf, inf, inf, inf, inf, inf, inf, inf, inf, inf, inf, inf, inf, inf, inf, 3.20233154296875, 3.112438440322876, 3.1508030891418457, 3.1930840015411377, 3.208656072616577, 3.2256407737731934, 3.280564785003662, 3.298448324203491, 3.3567378520965576, 3.3726959228515625, 3.4305717945098877, 3.450928211212158, inf, inf, inf, inf, inf, inf, inf, inf, inf, inf, inf, inf, inf, inf, inf, inf, inf, inf, inf, inf, inf, inf, inf, 3.1626412868499756, 3.209289312362671, inf, inf, inf, inf, inf, inf, inf, inf, inf, inf, inf, inf, inf, inf, inf, inf, inf, inf, inf, inf, inf, inf, inf, inf, inf, inf, inf, inf, inf, inf, inf, inf, inf, inf, inf, inf, inf, inf, inf, inf, inf, inf, inf, inf, inf, inf, inf, inf, inf, inf, inf, inf, inf, inf, inf, inf, inf, inf, inf, inf, inf, inf, inf, inf, inf, inf, inf, inf, inf, inf, inf, inf, inf, inf, inf, inf, inf, inf, inf, inf, inf, inf, inf, inf, inf, inf, inf, inf, inf, inf, inf, inf, inf, inf, inf, inf, inf, inf, inf, inf, inf, inf, inf, inf, inf, inf, inf, inf, inf, inf, inf, inf, inf, inf, inf, inf, inf, inf, inf, inf, inf, inf, inf, inf, inf, inf, inf, inf, inf, inf, inf, inf, inf, inf, inf, inf, inf, inf, inf, inf, inf, inf, inf, inf, inf, inf, inf, inf, inf, inf, inf, inf, inf, inf, inf, inf, inf, inf, inf, inf, inf, inf, inf, inf, inf, inf, inf, inf, inf, inf, inf, inf, 3.4713306427001953, 3.4371631145477295, 3.376251220703125, 3.3533315658569336, 3.3073151111602783, 3.266551971435547, 3.2444825172424316, 3.204829692840576, 3.1752350330352783, 3.1464312076568604, 3.1268563270568848, 3.1123383045196533, 3.063448667526245, 3.047437906265259, 3.0205695629119873, 3.0097575187683105, 2.977306365966797, 2.952694892883301, 2.9554150104522705, 2.9387691020965576, 2.9166295528411865, 2.902468204498291, 2.8797311782836914, 2.8799989223480225, 2.8684346675872803, 2.86653470993042, 2.8473165035247803, 2.8655078411102295, 2.8287134170532227]),0.01749303564429283,3386389000000,
array('f', [2.81296443939209, 2.786426544189453, 2.781860828399658, 2.784762382507324, 2.777798891067505, 2.7837836742401123, 2.785552978515625, 2.7831473350524902, 2.7913918495178223, 2.769456386566162, 2.789421796798706, 2.794543981552124, 2.817575693130493, 2.797952651977539, 2.8169522285461426, 2.8423986434936523, 2.8341407775878906, 2.8425073623657227, 2.840258836746216, 2.858677864074707, 2.874554395675659, 2.8850321769714355, 2.9151856899261475, 2.9182469844818115, 2.959256649017334, 2.964855909347534, 2.9939827919006348, 2.993980646133423, 3.025805711746216, 3.04754900932312, 3.0673294067382812, 3.0976195335388184, 3.1298038959503174, 3.1592295169830322, 3.1882596015930176, 3.23622727394104, 3.2360622882843018, 3.265017032623291, 3.322458505630493, 3.3636741638183594, 3.4035592079162598, 3.4536166191101074, 3.4704835414886475, inf, inf, inf, inf, inf, inf, inf, inf, inf, inf, inf, inf, inf, inf, inf, inf, 3.4630889892578125, 3.427339792251587, 3.383021831512451, 3.350580930709839, 3.3090858459472656, 3.2699520587921143, 3.2344863414764404, 3.2165095806121826, 3.1728782653808594, 3.146186351776123, 3.1046810150146484, 3.099520683288574, 3.072248697280884, 3.0458641052246094, 3.0307819843292236, 3.010753631591797, 3.0003602504730225, 2.970547914505005, 2.9637835025787354, 2.929438591003418, 2.909147262573242, 2.9123947620391846, 2.902667284011841, 2.881855010986328, 2.8647801876068115, 2.854755401611328, 2.8445000648498535, 2.8451943397521973, 2.8233227729797363, 2.8242948055267334, 2.824192762374878, 2.826411724090576, 2.8075594902038574, 2.823962688446045, 2.8072783946990967, 2.819899797439575, 2.802161693572998, 2.8122775554656982, 2.81640625, 2.824303150177002, 2.8226475715637207, 2.827580690383911, 2.83378005027771, 2.831371307373047, 2.8440661430358887, 2.847991466522217, inf, inf, inf, inf, inf, inf, inf, inf, inf, inf, inf, inf, inf, inf, inf, 3.2380688190460205, 3.1327714920043945, 3.152776002883911, 3.1926462650299072, 3.227203845977783, 3.2561771869659424, 3.2714030742645264, 3.3328871726989746, 3.368683099746704, 3.399109125137329, 3.4431443214416504, 3.4874184131622314, inf, inf, inf, inf, inf, inf, inf, inf, inf, inf, inf, inf, inf, inf, inf, inf, inf, inf, inf, inf, inf, inf, inf, 3.1801443099975586, 3.261317729949951, inf, inf, inf, inf, inf, inf, inf, inf, inf, inf, inf, inf, inf, inf, inf, inf, inf, inf, inf, inf, inf, inf, inf, inf, inf, inf, inf, inf, inf, inf, inf, inf, inf, inf, inf, inf, inf, inf, inf, inf, inf, inf, inf, inf, inf, inf, inf, inf, inf, inf, inf, inf, inf, inf, inf, inf, inf, inf, inf, inf, inf, inf, inf, inf, inf, inf, inf, inf, inf, inf, inf, inf, inf, inf, inf, inf, inf, inf, inf, inf, inf, inf, inf, inf, inf, inf, inf, inf, inf, inf, inf, inf, inf, inf, inf, inf, inf, inf, inf, inf, inf, inf, inf, inf, inf, inf, inf, inf, inf, inf, inf, inf, inf, inf, inf, inf, inf, inf, inf, inf, inf, inf, inf, inf, inf, inf, inf, inf, inf, inf, inf, inf, inf, inf, inf, inf, inf, inf, inf, inf, inf, inf, inf, inf, inf, inf, inf, inf, inf, inf, inf, inf, inf, inf, inf, inf, inf, inf, inf, inf, inf, inf, inf, inf, inf, inf, inf, inf, inf, inf, inf, 3.4794678688049316, 3.408961057662964, 3.3675730228424072, 3.33113169670105, 3.2924158573150635, 3.264589309692383, 3.233149290084839, 3.1816020011901855, 3.1641881465911865, 3.130476951599121, 3.112016201019287, 3.076871633529663, 3.054100275039673, 3.0484745502471924, 3.000023603439331, 2.9627177715301514, 2.9760429859161377, 2.9750916957855225, 2.9421534538269043, 2.9157638549804688, 2.9143664836883545, 2.887758493423462, 2.879038095474243, 2.87194561958313, 2.8565869331359863, 2.845099925994873, 2.826512336730957, 2.808457136154175, 2.816014051437378, 2.8055856227874756, 2.8092265129089355, 2.7927334308624268]),0.01749303564429283,3386589000000,
array('f', [2.757434844970703, 2.765831470489502, 2.737403631210327, 2.7499454021453857, 2.7614755630493164, 2.759495258331299, 2.759765863418579, 2.7695982456207275, 2.7664411067962646, 2.7729475498199463, 2.779127597808838, 2.787381887435913, 2.7810091972351074, 2.7853994369506836, 2.8299267292022705, 2.794005870819092, 2.816221237182617, 2.8371973037719727, 2.849541187286377, 2.865713596343994, 2.885169267654419, 2.904088020324707, 2.9117980003356934, 2.921926975250244, 2.9578144550323486, 2.9741623401641846, 2.992225170135498, 3.026293992996216, 3.0281612873077393, 3.098982810974121, 3.0877223014831543, 3.1402626037597656, 3.1640334129333496, 3.1901185512542725, 3.2103567123413086, 3.259737730026245, 3.2978107929229736, 3.338085412979126, 3.3818929195404053, 3.415510892868042, 3.4546682834625244, inf, inf, inf, inf, inf, inf, inf, inf, inf, inf, inf, inf, inf, inf, inf, inf, 3.466042995452881, 3.422548294067383, 3.3784632682800293, 3.366753101348877, 3.2920327186584473, 3.2676544189453125, 3.228743314743042, 3.2091214656829834, 3.17223858833313, 3.141758680343628, 3.1168580055236816, 3.0907671451568604, 3.0700595378875732, 3.057429552078247, 3.0296061038970947, 3.0029385089874268, 2.9910781383514404, 2.962508201599121, 2.960137128829956, 2.9132025241851807, 2.9290354251861572, 2.906205415725708, 2.891059398651123, 2.881650686264038, 2.8851473331451416, 2.8714852333068848, 2.8431589603424072, 2.836989164352417, 2.827681541442871, 2.837479591369629, 2.8371169567108154, 2.820962905883789, 2.8004143238067627, 2.831258773803711, 2.8105170726776123, 2.8187122344970703, 2.821852445602417, 2.8177454471588135, 2.794739246368408, 2.803238868713379, 2.832540273666382, 2.830221176147461, 2.8419225215911865, 2.8227322101593018, 2.8468267917633057, 2.862766742706299, inf, inf, inf, inf, inf, inf, inf, inf, inf, inf, inf, inf, inf, inf, inf, 3.2795042991638184, 3.174379825592041, 3.1656851768493652, 3.207817316055298, 3.23700213432312, 3.2446236610412598, 3.2989251613616943, 3.3243308067321777, 3.3691627979278564, 3.422861337661743, 3.447497844696045, 3.498429536819458, inf, inf, inf, inf, inf, inf, inf, inf, inf, inf, inf, inf, inf, inf, inf, inf, inf, inf, inf, inf, inf, inf, inf, 3.2168490886688232, 3.312533378601074, inf, inf, inf, inf, inf, inf, inf, inf, inf, inf, inf, inf, inf, inf, inf, inf, inf, inf, inf, inf, inf, inf, inf, inf, inf, inf, inf, inf, inf, inf, inf, inf, inf, inf, inf, inf, inf, inf, inf, inf, inf, inf, inf, inf, inf, inf, inf, inf, inf, inf, inf, inf, inf, inf, inf, inf, inf, inf, inf, inf, inf, inf, inf, inf, inf, inf, inf, inf, inf, inf, inf, inf, inf, inf, inf, inf, inf, inf, inf, inf, inf, inf, inf, inf, inf, inf, inf, inf, inf, inf, inf, inf, inf, inf, inf, inf, inf, inf, inf, inf, inf, inf, inf, inf, inf, inf, inf, inf, inf, inf, inf, inf, inf, inf, inf, inf, inf, inf, inf, inf, inf, inf, inf, inf, inf, inf, inf, inf, inf, inf, inf, inf, inf, inf, inf, inf, inf, inf, inf, inf, inf, inf, inf, inf, inf, inf, inf, inf, inf, inf, inf, inf, inf, inf, inf, inf, inf, inf, inf, inf, inf, inf, inf, inf, inf, inf, inf, inf, inf, 3.486034631729126, 3.4466934204101562, 3.3934946060180664, 3.370682954788208, 3.3206348419189453, 3.292395830154419, 3.2541394233703613, 3.2190093994140625, 3.1851508617401123, 3.140707015991211, 3.0941390991210938, 3.1046180725097656, 3.0693252086639404, 3.038527011871338, 2.9958062171936035, 3.0000603199005127, 2.9759976863861084, 2.9491162300109863, 2.916714668273926, 2.8911616802215576, 2.9142582416534424, 2.875788688659668, 2.8707005977630615, 2.8464879989624023, 2.8461415767669678, 2.8230230808258057, 2.814976215362549, 2.8130927085876465, 2.8054616451263428, 2.7830464839935303, 2.770775318145752, 2.764522075653076, 2.7700326442718506, 2.7653989791870117, 2.7526941299438477, 2.76487398147583]),0.01749303564429283,3386789000000,
array('f', [2.7100512981414795, 2.71749210357666, 2.7183382511138916, 2.717724323272705, 2.7417819499969482, 2.727790594100952, 2.729917526245117, 2.7233474254608154, 2.7297914028167725, 2.7458133697509766, 2.749988555908203, 2.750807285308838, 2.7724826335906982, 2.781731367111206, 2.7934036254882812, 2.8212366104125977, 2.81880521774292, 2.8383359909057617, 2.857740640640259, 2.8732657432556152, 2.853595495223999, 2.8939483165740967, 2.908973217010498, 2.9453134536743164, 2.9521074295043945, 2.961439371109009, 3.006495952606201, 3.0513222217559814, 3.0538711547851562, 3.0827410221099854, 3.1386654376983643, 3.1604464054107666, 3.188549518585205, 3.207320213317871, 3.264547109603882, 3.3192951679229736, 3.33534836769104, 3.395657777786255, 3.4224579334259033, 3.476929187774658, inf, inf, inf, inf, inf, inf, inf, inf, inf, inf, inf, inf, inf, inf, 3.481597900390625, 3.440004825592041, 3.4118003845214844, 3.3532614707946777, 3.3141849040985107, 3.283613681793213, 3.254913568496704, 3.2389845848083496, 3.1874032020568848, 3.179079532623291, 3.1419832706451416, 3.113468647003174, 3.110294818878174, 3.061020851135254, 3.044325590133667, 3.0224719047546387, 3.0223283767700195, 2.9724314212799072, 2.9712436199188232, 2.948690414428711, 2.9115774631500244, 2.919512987136841, 2.886941432952881, 2.9054150581359863, 2.8945486545562744, 2.861236095428467, 2.8573083877563477, 2.858234167098999, 2.8490116596221924, 2.8374013900756836, 2.822514772415161, 2.8304998874664307, 2.8298864364624023, 2.810389757156372, 2.8264856338500977, 2.8193821907043457, 2.835965871810913, 2.8169331550598145, 2.804286241531372, 2.821622848510742, 2.8245840072631836, 2.826181411743164, 2.832448720932007, 2.8290438652038574, 2.839848756790161, 2.8601908683776855, 2.8520889282226562, 2.8654792308807373, inf, inf, inf, inf, inf, inf, inf, inf, inf, inf, inf, inf, inf, inf, inf, 3.2067134380340576, 3.191657066345215, 3.2228283882141113, 3.2555439472198486, 3.2870688438415527, 3.301161289215088, 3.3413443565368652, 3.389096975326538, 3.4194047451019287, 3.457289457321167, inf, inf, inf, inf, inf, inf, inf, inf, inf, inf, inf, inf, inf, inf, inf, inf, inf, inf, inf, inf, inf, inf, inf, inf, 3.284388542175293, 3.3479866981506348, inf, inf, inf, inf, inf, inf, inf, inf, inf, inf, inf, inf, inf, inf, inf, inf, inf, inf, inf, inf, inf, inf, inf, inf, inf, inf, inf, inf, inf, inf, inf, inf, inf, inf, inf, inf, inf, inf, inf, inf, inf, inf, inf, inf, inf, inf, inf, inf, inf, inf, inf, inf, inf, inf, inf, inf, inf, inf, inf, inf, inf, inf, inf, inf, inf, inf, inf, inf, inf, inf, inf, inf, inf, inf, inf, inf, inf, inf, inf, inf, inf, inf, inf, inf, inf, inf, inf, inf, inf, inf, inf, inf, inf, inf, inf, inf, inf, inf, inf, inf, inf, inf, inf, inf, inf, inf, inf, inf, inf, inf, inf, inf, inf, inf, inf, inf, inf, inf, inf, inf, inf, inf, inf, inf, inf, inf, inf, inf, inf, inf, inf, inf, inf, inf, inf, inf, inf, inf, inf, inf, inf, inf, inf, inf, inf, inf, inf, inf, inf, inf, inf, inf, inf, inf, inf, inf, inf, inf, inf, inf, inf, inf, inf, inf, inf, inf, inf, inf, 3.484990358352661, 3.4258337020874023, 3.379263401031494, 3.3436198234558105, 3.308295249938965, 3.249603509902954, 3.230224370956421, 3.190582036972046, 3.141918897628784, 3.1299593448638916, 3.0947582721710205, 3.0855085849761963, 3.020000457763672, 2.9986140727996826, 2.9997007846832275, 2.948840856552124, 2.9379806518554688, 2.9225411415100098, 2.903613328933716, 2.874446392059326, 2.8636510372161865, 2.8617537021636963, 2.8430068492889404, 2.8250057697296143, 2.800342559814453, 2.789133310317993, 2.7863452434539795, 2.772150993347168, 2.7635512351989746, 2.7628326416015625, 2.75563907623291, 2.726557493209839, 2.735707998275757, 2.7201931476593018, 2.710049629211426, 2.728011131286621, 2.7042903900146484, 2.7105050086975098, 2.7113959789276123]),0.01749303564429283,3386991000000,
array('f', [2.6933460235595703, 2.6461124420166016, 2.67494535446167, 2.6693320274353027, 2.6719181537628174, 2.7106056213378906, 2.7201955318450928, 2.731501579284668, 2.739731788635254, 2.7293713092803955, 2.7363336086273193, 2.75948429107666, 2.750444173812866, 2.777343511581421, 2.7896463871002197, 2.7932050228118896, 2.8077750205993652, 2.8222968578338623, 2.849283218383789, 2.872067451477051, 2.8799026012420654, 2.923990249633789, 2.930586814880371, 2.9671714305877686, 2.967984199523926, 3.015307903289795, 3.022982597351074, 3.0705034732818604, 3.091531991958618, 3.1276373863220215, 3.144829034805298, 3.2196602821350098, 3.2309036254882812, 3.2662100791931152, 3.3042616844177246, 3.357313394546509, 3.4046037197113037, 3.4456560611724854, 3.5, inf, inf, inf, inf, inf, inf, inf, inf, inf, inf, inf, inf, inf, 3.457287311553955, 3.435722589492798, 3.3941192626953125, 3.3654215335845947, 3.3220996856689453, 3.2728612422943115, 3.2560977935791016, 3.204904079437256, 3.199134588241577, 3.163642644882202, 3.1367006301879883, 3.0822417736053467, 3.073803424835205, 3.0769846439361572, 3.0377554893493652, 3.000706672668457, 3.0006158351898193, 2.9768195152282715, 2.9617667198181152, 2.933135986328125, 2.9385602474212646, 2.934333086013794, 2.9126298427581787, 2.9079031944274902, 2.8788578510284424, 2.871229648590088, 2.8481860160827637, 2.843965768814087, 2.8296141624450684, 2.8347389698028564, 2.841143846511841, 2.829749345779419, 2.8217990398406982, 2.838331699371338, 2.8099536895751953, 2.8047924041748047, 2.8159070014953613, 2.822275161743164, 2.806199789047241, 2.825685739517212, 2.8125810623168945, 2.8169474601745605, 2.8442800045013428, 2.8406457901000977, 2.8546817302703857, 2.823699712753296, 2.8621082305908203, 2.871741771697998, inf, inf, inf, inf, inf, inf, inf, inf, inf, inf, inf, inf, inf, inf, inf, 3.251842737197876, 3.1899194717407227, 3.2335872650146484, 3.2577219009399414, 3.277186393737793, 3.306048631668091, 3.355196475982666, 3.402604103088379, 3.455665111541748, 3.468111753463745, inf, inf, inf, inf, inf, inf, inf, inf, inf, inf, inf, inf, inf, inf, inf, inf, inf, inf, inf, inf, inf, inf, inf, inf, 3.3664660453796387, 3.3896305561065674, inf, inf, inf, inf, inf, inf, inf, inf, inf, inf, inf, inf, inf, inf, inf, inf, inf, inf, inf, inf, inf, inf, inf, inf, inf, inf, inf, inf, inf, inf, inf, inf, inf, inf, inf, inf, inf, inf, inf, inf, inf, inf, inf, inf, inf, inf, inf, inf, inf, inf, inf, inf, inf, inf, inf, inf, inf, inf, inf, inf, inf, inf, inf, inf, inf, inf, inf, inf, inf, inf, inf, inf, inf, inf, inf, inf, inf, inf, inf, inf, inf, inf, inf, inf, inf, inf, inf, inf, inf, inf, inf, inf, inf, inf, inf, inf, inf, inf, inf, inf, inf, inf, inf, inf, inf, inf, inf, inf, inf, inf, inf, inf, inf, inf, inf, inf, inf, inf, inf, inf, inf, inf, inf, inf, inf, inf, inf, inf, inf, inf, inf, inf, inf, inf, inf, inf, inf, inf, inf, inf, inf, inf, inf, inf, inf, inf, inf, inf, inf, inf, inf, inf, inf, inf, inf, inf, inf, inf, inf, inf, inf, inf, inf, inf, inf, inf, inf, 3.4821293354034424, 3.4396026134490967, 3.3793368339538574, 3.334714889526367, 3.289907693862915, 3.2475359439849854, 3.2190639972686768, 3.171051025390625, 3.1317763328552246, 3.1010453701019287, 3.0702264308929443, 3.0378682613372803, 3.024472713470459, 2.9906537532806396, 2.9631526470184326, 2.942159652709961, 2.9130589962005615, 2.8889057636260986, 2.8700244426727295, 2.8723554611206055, 2.8296151161193848, 2.8198723793029785, 2.8001503944396973, 2.8070414066314697, 2.7844462394714355, 2.7608537673950195, 2.7594339847564697, 2.756315231323242, 2.7380197048187256, 2.7335779666900635, 2.7194859981536865, 2.7070186138153076, 2.69846773147583, 2.7112772464752197, 2.697930335998535, 2.705068826675415, 2.677316904067993, 2.691054105758667, 2.677955389022827, 2.686898708343506, 2.6679673194885254, 2.6842825412750244]),0.01749303564429283,3387191000000,
array('f', [2.655853271484375, 2.6586899757385254, 2.6580145359039307, 2.6662824153900146, 2.64992356300354, 2.6677560806274414, 2.694366216659546, 2.711888313293457, 2.7040107250213623, 2.7126235961914062, 2.7401912212371826, 2.736107349395752, 2.7388906478881836, 2.753951072692871, 2.78938364982605, 2.7982335090637207, 2.8227500915527344, 2.8349390029907227, 2.8641059398651123, 2.877495050430298, 2.9019691944122314, 2.920668363571167, 2.9377379417419434, 2.960940361022949, 2.99851655960083, 3.0227746963500977, 3.056051015853882, 3.0897328853607178, 3.1289427280426025, 3.161137819290161, 3.1853857040405273, 3.2364187240600586, 3.265178918838501, 3.3214733600616455, 3.3741908073425293, 3.408677577972412, 3.4755301475524902, inf, inf, inf, inf, inf, inf, inf, inf, inf, inf, inf, inf, inf, 3.4762489795684814, 3.434049129486084, 3.378967761993408, 3.3474361896514893, 3.3065826892852783, 3.271618366241455, 3.2294254302978516, 3.2139792442321777, 3.1762609481811523, 3.1420137882232666, 3.116837739944458, 3.0992259979248047, 3.0857560634613037, 3.0517332553863525, 3.045753002166748, 3.018054485321045, 2.9676146507263184, 2.9715418815612793, 2.9645919799804688, 2.941901922225952, 2.911273241043091, 2.890597343444824, 2.8899309635162354, 2.8626859188079834, 2.8695430755615234, 2.867985248565674, 2.8468754291534424, 2.850764036178589, 2.838167428970337, 2.8343520164489746, 2.8288207054138184, 2.832509756088257, 2.836364984512329, 2.817153215408325, 2.8080027103424072, 2.8245465755462646, 2.8160629272460938, 2.817392349243164, 2.814513921737671, 2.8269431591033936, 2.813948631286621, 2.83359956741333, 2.822770595550537, 2.8407034873962402, 2.848029613494873, 2.8640074729919434, 2.862931489944458, 2.878941297531128, inf, inf, inf, inf, inf, inf, inf, inf, inf, inf, inf, inf, inf, inf, inf, 3.2972311973571777, 3.2016797065734863, 3.2354273796081543, 3.270934581756592, 3.298011541366577, 3.3332953453063965, 3.374946355819702, 3.4107160568237305, 3.48642897605896, 3.5, inf, inf, inf, inf, inf, inf, inf, inf, inf, inf, inf, inf, inf, inf, inf, inf, inf, inf, inf, inf, inf, inf, inf, inf, inf, 3.4351966381073, inf, inf, inf, inf, inf, inf, inf, inf, inf, inf, inf, inf, inf, inf, inf, inf, inf, inf, inf, inf, inf, inf, inf, inf, inf, inf, inf, inf, inf, inf, inf, inf, inf, inf, inf, inf, inf, inf, inf, inf, inf, inf, inf, inf, inf, inf, inf, inf, inf, inf, inf, inf, inf, inf, inf, inf, inf, inf, inf, inf, inf, inf, inf, inf, inf, inf, inf, inf, inf, inf, inf, inf, inf, inf, inf, inf, inf, inf, inf, inf, inf, inf, inf, inf, inf, inf, inf, inf, inf, inf, inf, inf, inf, inf, inf, inf, inf, inf, inf, inf, inf, inf, inf, inf, inf, inf, inf, inf, inf, inf, inf, inf, inf, inf, inf, inf, inf, inf, inf, inf, inf, inf, inf, inf, inf, inf, inf, inf, inf, inf, inf, inf, inf, inf, inf, inf, inf, inf, inf, inf, inf, inf, inf, inf, inf, inf, inf, inf, inf, inf, inf, inf, inf, inf, inf, inf, inf, inf, inf, inf, inf, inf, inf, inf, inf, inf, 3.4496688842773438, 3.3960723876953125, 3.3563663959503174, 3.2961764335632324, 3.2802860736846924, 3.2411324977874756, 3.19421648979187, 3.170135974884033, 3.1344664096832275, 3.0811893939971924, 3.0571937561035156, 3.021674633026123, 3.012556314468384, 2.9762866497039795, 2.949579954147339, 2.9296505451202393, 2.9059324264526367, 2.881263256072998, 2.8602609634399414, 2.844829797744751, 2.8210031986236572, 2.7975540161132812, 2.7818872928619385, 2.768239974975586, 2.7484703063964844, 2.734562873840332, 2.7243974208831787, 2.7114944458007812, 2.696531295776367, 2.687492847442627, 2.703211545944214, 2.6674373149871826, 2.6757442951202393, 2.650811195373535, 2.6736559867858887, 2.650883674621582, 2.6297926902770996, 2.654893636703491, 2.643486738204956, 2.625164031982422, 2.666661262512207, 2.634908676147461, 2.6449663639068604, 2.6582276821136475, 2.645920515060425]),0.01749303564429283,3387391000000,
array('f', [2.633939504623413, 2.629363536834717, 2.6277382373809814, 2.6518306732177734, 2.645331621170044, 2.6438145637512207, 2.6627182960510254, 2.6873159408569336, 2.7001233100891113, 2.7059669494628906, 2.7034084796905518, 2.74296498298645, 2.74086856842041, 2.77243971824646, 2.794137716293335, 2.814134359359741, 2.8179214000701904, 2.836256265640259, 2.8850812911987305, 2.8851072788238525, 2.913834571838379, 2.943122625350952, 2.962890386581421, 3.0017778873443604, 3.026301383972168, 3.0647504329681396, 3.0978457927703857, 3.143523931503296, 3.179903030395508, 3.1867690086364746, 3.2310092449188232, 3.283342123031616, 3.326387882232666, 3.3835766315460205, 3.425934314727783, 3.4871480464935303, inf, inf, inf, inf, inf, inf, inf, inf, inf, inf, inf, 3.5, 3.465649366378784, 3.4159927368164062, 3.366685152053833, 3.337876796722412, 3.2808542251586914, 3.2530171871185303, 3.23191499710083, 3.200063705444336, 3.1644601821899414, 3.1406939029693604, 3.1015641689300537, 3.0755703449249268, 3.0574610233306885, 3.0531370639801025, 3.0230295658111572, 3.0053694248199463, 2.97668194770813, 2.9655187129974365, 2.9679627418518066, 2.9422032833099365, 2.9559078216552734, 2.9048612117767334, 2.887434720993042, 2.8781089782714844, 2.8580679893493652, 2.853156328201294, 2.8697001934051514, 2.847409248352051, 2.8431174755096436, 2.833317279815674, 2.8164255619049072, 2.8516945838928223, 2.8034465312957764, 2.825718641281128, 2.8181729316711426, 2.819227933883667, 2.8120226860046387, 2.803884983062744, 2.814129114151001, 2.8241758346557617, 2.8297619819641113, 2.820544481277466, 2.842379331588745, 2.844668388366699, 2.8379156589508057, 2.8486785888671875, 2.860948324203491, 2.8943583965301514, 2.875765323638916, inf, inf, inf, inf, inf, inf, inf, inf, inf, inf, inf, inf, inf, inf, 3.355215311050415, 3.229166269302368, 3.2420806884765625, 3.2592623233795166, 3.2950963973999023, 3.336238145828247, 3.392892360687256, 3.406925916671753, 3.470433235168457, inf, inf, inf, inf, inf, inf, inf, inf, inf, inf, inf, inf, inf, inf, inf, inf, inf, inf, inf, inf, inf, inf, inf, inf, inf, inf, inf, inf, inf, inf, inf, inf, inf, inf, inf, inf, inf, inf, inf, inf, inf, inf, inf, inf, inf, inf, inf, inf, inf, inf, inf, inf, inf, inf, inf, inf, inf, inf, inf, inf, inf, inf, inf, inf, inf, inf, inf, inf, inf, inf, inf, inf, inf, inf, inf, inf, inf, inf, inf, inf, inf, inf, inf, inf, inf, inf, inf, inf, inf, inf, inf, inf, inf, inf, inf, inf, inf, inf, inf, inf, inf, inf, inf, inf, inf, inf, inf, inf, inf, inf, inf, inf, inf, inf, inf, inf, inf, inf, inf, inf, inf, inf, inf, inf, inf, inf, inf, inf, inf, inf, inf, inf, inf, inf, inf, inf, inf, inf, inf, inf, inf, inf, inf, inf, inf, inf, inf, inf, inf, inf, inf, inf, inf, inf, inf, inf, inf, inf, inf, inf, inf, inf, inf, inf, inf, inf, inf, inf, inf, inf, inf, inf, inf, inf, inf, inf, inf, inf, inf, inf, inf, inf, inf, inf, inf, inf, inf, inf, inf, inf, inf, inf, 3.4606144428253174, 3.404902458190918, 3.345827341079712, 3.2960777282714844, 3.253573417663574, 3.2214109897613525, 3.184079885482788, 3.1373941898345947, 3.127784252166748, 3.0749104022979736, 3.0385754108428955, 2.998070240020752, 2.988018035888672, 2.9416980743408203, 2.925107002258301, 2.8921501636505127, 2.857027769088745, 2.8570377826690674, 2.816392421722412, 2.7891573905944824, 2.7729036808013916, 2.7770628929138184, 2.755373001098633, 2.7411441802978516, 2.7229926586151123, 2.7135167121887207, 2.713521718978882, 2.6650288105010986, 2.690829038619995, 2.656169891357422, 2.639580488204956, 2.639843225479126, 2.637235164642334, 2.637918710708618, 2.6254096031188965, 2.635702610015869, 2.618180751800537, 2.6090588569641113, 2.610032081604004, 2.5992531776428223, 2.6224734783172607, 2.6125025749206543, 2.6133885383605957, 2.5971999168395996, 2.6044816970825195, 2.626387357711792, 2.604318618774414, 2.6301586627960205]),0.01749303564429283,3387591000000,
array('f', [2.603752613067627, 2.594344139099121, 2.6199045181274414, 2.643742561340332, 2.6594038009643555, 2.6521084308624268, 2.6566689014434814, 2.667640447616577, 2.691117763519287, 2.701676368713379, 2.7274696826934814, 2.743459463119507, 2.771238088607788, 2.755821466445923, 2.795332193374634, 2.8011441230773926, 2.840463161468506, 2.857029438018799, 2.8825795650482178, 2.913017749786377, 2.940031051635742, 2.9520866870880127, 3.0073375701904297, 3.0212748050689697, 3.0397450923919678, 3.088937997817993, 3.1329102516174316, 3.179267406463623, 3.1988587379455566, 3.2540762424468994, 3.3067843914031982, 3.360424041748047, 3.407460927963257, 3.4417881965637207, inf, inf, inf, inf, inf, inf, inf, inf, inf, inf, inf, 3.4738476276397705, 3.437244176864624, 3.388395071029663, 3.3631558418273926, 3.3067004680633545, 3.25437068939209, 3.254289388656616, 3.22461199760437, 3.183037757873535, 3.1678547859191895, 3.1369221210479736, 3.0943000316619873, 3.097186803817749, 3.071988582611084, 3.039954662322998, 3.013680934906006, 3.002323865890503, 2.9574904441833496, 2.9500064849853516, 2.9575674533843994, 2.9151594638824463, 2.913318634033203, 2.8971633911132812, 2.877769708633423, 2.8662540912628174, 2.878678798675537, 2.8380980491638184, 2.834764003753662, 2.8243391513824463, 2.8299875259399414, 2.8325979709625244, 2.823138952255249, 2.821190118789673, 2.8168222904205322, 2.8083784580230713, 2.7987866401672363, 2.8193767070770264, 2.7985825538635254, 2.8060641288757324, 2.8217928409576416, 2.809389352798462, 2.8188278675079346, 2.817420721054077, 2.8175573348999023, 2.827172040939331, 2.8450047969818115, 2.867962598800659, 2.8663105964660645, 2.8744044303894043, 2.887789249420166, inf, inf, inf, inf, inf, inf, inf, inf, inf, inf, inf, inf, inf, inf, inf, 3.2667927742004395, 3.2457692623138428, 3.2575719356536865, 3.3105907440185547, 3.3693959712982178, 3.385739803314209, 3.432842493057251, 3.4813315868377686, inf, inf, inf, inf, inf, inf, inf, inf, inf, inf, inf, inf, inf, inf, inf, inf, inf, inf, inf, inf, inf, inf, inf, inf, inf, inf, inf, inf, inf, inf, inf, inf, inf, inf, inf, inf, inf, inf, inf, inf, inf, inf, inf, inf, inf, inf, inf, inf, inf, inf, inf, inf, inf, inf, inf, inf, inf, inf, inf, inf, inf, inf, inf, inf, inf, inf, inf, inf, inf, inf, inf, inf, inf, inf, inf, inf, inf, inf, inf, inf, inf, inf, inf, inf, inf, inf, inf, inf, inf, inf, inf, inf, inf, inf, inf, inf, inf, inf, inf, inf, inf, inf, inf, inf, inf, inf, inf, inf, inf, inf, inf, inf, inf, inf, inf, inf, inf, inf, inf, inf, inf, inf, inf, inf, inf, inf, inf, inf, inf, inf, inf, inf, inf, inf, inf, inf, inf, inf, inf, inf, inf, inf, inf, inf, inf, inf, inf, inf, inf, inf, inf, inf, inf, inf, inf, inf, inf, inf, inf, inf, inf, inf, inf, inf, inf, inf, inf, inf, inf, inf, inf, inf, inf, inf, inf, inf, inf, inf, inf, inf, inf, inf, inf, inf, inf, inf, inf, inf, inf, inf, inf, 3.4457099437713623, 3.399703025817871, 3.3337104320526123, 3.288283348083496, 3.2478201389312744, 3.206714153289795, 3.1664512157440186, 3.1223092079162598, 3.1008899211883545, 3.0567736625671387, 3.0275070667266846, 2.9913008213043213, 2.9556005001068115, 2.9185292720794678, 2.8999533653259277, 2.8808553218841553, 2.8599061965942383, 2.8341116905212402, 2.8177032470703125, 2.7725791931152344, 2.770625114440918, 2.7563822269439697, 2.730583667755127, 2.705538749694824, 2.694145441055298, 2.68447208404541, 2.6598572731018066, 2.661176919937134, 2.6176023483276367, 2.650764226913452, 2.6347312927246094, 2.620620012283325, 2.5965917110443115, 2.609330177307129, 2.596017360687256, 2.5694406032562256, 2.5918941497802734, 2.5574698448181152, 2.594172716140747, 2.593730926513672, 2.578352928161621, 2.576180934906006, 2.589630126953125, 2.55922532081604, 2.5939431190490723, 2.5854504108428955, 2.583491563796997, 2.580559253692627, 2.6000924110412598, 2.6014115810394287, 2.5976178646087646]),0.01749303564429283,3387791000000,
array('f', [2.5916709899902344, 2.5885276794433594, 2.6185483932495117, 2.6156647205352783, 2.6287624835968018, 2.634307861328125, 2.6565754413604736, 2.6699795722961426, 2.6624338626861572, 2.686976194381714, 2.7330806255340576, 2.7233378887176514, 2.7760212421417236, 2.790083646774292, 2.785419464111328, 2.8154940605163574, 2.8575732707977295, 2.8684024810791016, 2.904341697692871, 2.9398033618927, 2.9650120735168457, 2.9887900352478027, 3.0186846256256104, 3.068074941635132, 3.0999372005462646, 3.126588821411133, 3.182941198348999, 3.223729372024536, 3.2618930339813232, 3.318573236465454, 3.3606364727020264, 3.4300501346588135, 3.474153518676758, inf, inf, inf, inf, inf, inf, inf, inf, inf, inf, 3.4532556533813477, 3.4220547676086426, 3.389448404312134, 3.342411756515503, 3.3077797889709473, 3.29483962059021, 3.2324514389038086, 3.21747088432312, 3.1711227893829346, 3.132843017578125, 3.1197972297668457, 3.064964532852173, 3.067282199859619, 3.034783124923706, 3.0281801223754883, 3.0020768642425537, 2.97495174407959, 2.9719841480255127, 2.9384756088256836, 2.9296865463256836, 2.9092860221862793, 2.896122694015503, 2.888981342315674, 2.8741774559020996, 2.8495993614196777, 2.8477673530578613, 2.8481667041778564, 2.845776081085205, 2.830742359161377, 2.8032290935516357, 2.8215088844299316, 2.7976572513580322, 2.7934317588806152, 2.8001909255981445, 2.8042635917663574, 2.8040688037872314, 2.8048150539398193, 2.808156967163086, 2.8127200603485107, 2.8076653480529785, 2.809063196182251, 2.8211679458618164, 2.8282783031463623, 2.8309102058410645, 2.830585479736328, 2.849518060684204, 2.848438024520874, 2.8484904766082764, 2.8715734481811523, 2.8816964626312256, 2.890824794769287, inf, inf, inf, inf, inf, inf, inf, inf, inf, inf, inf, inf, inf, inf, 3.3475639820098877, 3.2688257694244385, 3.273736000061035, 3.327706813812256, 3.3427889347076416, 3.381641387939453, 3.457489013671875, 3.468297243118286, inf, inf, inf, inf, inf, inf, inf, inf, inf, inf, inf, inf, inf, inf, inf, inf, inf, inf, inf, inf, inf, inf, inf, inf, inf, inf, inf, inf, inf, inf, inf, inf, inf, inf, inf, inf, inf, inf, inf, inf, inf, inf, inf, inf, inf, inf, inf, inf, inf, inf, inf, inf, inf, inf, inf, inf, inf, inf, inf, inf, inf, inf, inf, inf, inf, inf, inf, inf, inf, inf, inf, inf, inf, inf, inf, inf, inf, inf, inf, inf, inf, inf, inf, inf, inf, inf, inf, inf, inf, inf, inf, inf, inf, inf, inf, inf, inf, inf, inf, inf, inf, inf, inf, inf, inf, inf, inf, inf, inf, inf, inf, inf, inf, inf, inf, inf, inf, inf, inf, inf, inf, inf, inf, inf, inf, inf, inf, inf, inf, inf, inf, inf, inf, inf, inf, inf, inf, inf, inf, inf, inf, inf, inf, inf, inf, inf, inf, inf, inf, inf, inf, inf, inf, inf, inf, inf, inf, inf, inf, inf, inf, inf, inf, inf, inf, inf, inf, inf, inf, inf, inf, inf, inf, inf, inf, inf, inf, inf, inf, inf, inf, inf, inf, inf, inf, inf, inf, inf, inf, inf, inf, 3.374225378036499, 3.3362882137298584, 3.266359806060791, 3.239166736602783, 3.1867430210113525, 3.157045364379883, 3.098966598510742, 3.067976713180542, 3.0222411155700684, 2.9926323890686035, 2.9716665744781494, 2.9463980197906494, 2.9167869091033936, 2.871367931365967, 2.8550961017608643, 2.828416347503662, 2.808584690093994, 2.7819619178771973, 2.765860080718994, 2.7435691356658936, 2.730710983276367, 2.6976449489593506, 2.683790683746338, 2.6760668754577637, 2.6479268074035645, 2.652388095855713, 2.6185762882232666, 2.6175377368927, 2.598149061203003, 2.5903375148773193, 2.583998680114746, 2.5818560123443604, 2.55521559715271, 2.565556764602661, 2.5637927055358887, 2.5399258136749268, 2.5438332557678223, 2.5575380325317383, 2.547776222229004, 2.545092821121216, 2.5305466651916504, 2.5466182231903076, 2.5489935874938965, 2.54618501663208, 2.546269416809082, 2.5489394664764404, 2.534632444381714, 2.5550882816314697, 2.5683364868164062, 2.5565297603607178, 2.552403688430786, 2.574795961380005, 2.587769031524658]),0.01749303564429283,3387991000000,
array('f', [2.5829625129699707, 2.599895715713501, 2.5865871906280518, 2.611560106277466, 2.630340814590454, 2.621082067489624, 2.6438801288604736, 2.656632423400879, 2.6652486324310303, 2.6996407508850098, 2.7319371700286865, 2.745964527130127, 2.7548766136169434, 2.797417163848877, 2.8204448223114014, 2.849430561065674, 2.8637988567352295, 2.8928117752075195, 2.9212770462036133, 2.954407215118408, 2.998478412628174, 3.01830792427063, 3.0863380432128906, 3.1007015705108643, 3.152237892150879, 3.1990911960601807, 3.235574722290039, 3.288513660430908, 3.3592138290405273, 3.3836722373962402, 3.4387803077697754, 3.5, inf, inf, inf, inf, inf, inf, inf, inf, 3.4824986457824707, 3.434384822845459, 3.391342878341675, 3.363948106765747, 3.317349433898926, 3.2788245677948, 3.2569172382354736, 3.2140116691589355, 3.1911673545837402, 3.1524298191070557, 3.1175625324249268, 3.1004157066345215, 3.067014455795288, 3.0449681282043457, 3.020721673965454, 2.9963550567626953, 3.003479480743408, 2.95817232131958, 2.9472239017486572, 2.939215898513794, 2.9188356399536133, 2.910130739212036, 2.886150360107422, 2.876551866531372, 2.8660333156585693, 2.867828369140625, 2.8640875816345215, 2.849095582962036, 2.8398351669311523, 2.8275110721588135, 2.8172903060913086, 2.8160805702209473, 2.822596788406372, 2.7970175743103027, 2.7914960384368896, 2.806448221206665, 2.8111352920532227, 2.791668176651001, 2.7919154167175293, 2.803945779800415, 2.8137154579162598, 2.8299665451049805, 2.812232732772827, 2.803748607635498, 2.823380947113037, 2.829374313354492, 2.8312907218933105, 2.850968360900879, 2.840754985809326, 2.859816551208496, 2.887800693511963, 2.9043662548065186, inf, inf, inf, inf, inf, inf, inf, inf, inf, inf, inf, inf, inf, inf, 3.366905927658081, 3.279613494873047, 3.284877061843872, 3.317507743835449, 3.3536579608917236, 3.3963985443115234, 3.4336678981781006, 3.479468822479248, inf, inf, inf, inf, inf, inf, inf, inf, inf, inf, inf, inf, inf, inf, inf, inf, inf, inf, inf, inf, inf, inf, inf, inf, inf, inf, inf, inf, inf, inf, inf, inf, inf, inf, inf, inf, inf, inf, inf, inf, inf, inf, inf, inf, inf, inf, inf, inf, inf, inf, inf, inf, inf, inf, inf, inf, inf, inf, inf, inf, inf, inf, inf, inf, inf, inf, inf, inf, inf, inf, inf, inf, inf, inf, inf, inf, inf, inf, inf, inf, inf, inf, inf, inf, inf, inf, inf, inf, inf, inf, inf, inf, inf, inf, inf, inf, inf, inf, inf, inf, inf, inf, inf, inf, inf, inf, inf, inf, inf, inf, inf, inf, inf, inf, inf, inf, inf, inf, inf, inf, inf, inf, inf, inf, inf, inf, inf, inf, inf, inf, inf, inf, inf, inf, inf, inf, inf, inf, inf, inf, inf, inf, inf, inf, inf, inf, inf, inf, inf, inf, inf, inf, inf, inf, inf, inf, inf, inf, inf, inf, inf, inf, inf, inf, inf, inf, inf, inf, inf, inf, inf, inf, inf, inf, inf, inf, inf, inf, inf, inf, inf, inf, inf, inf, inf, inf, inf, inf, inf, inf, 3.3651282787323, 3.28409481048584, 3.2589242458343506, 3.201124906539917, 3.1884171962738037, 3.1315934658050537, 3.0933868885040283, 3.0487961769104004, 3.020873785018921, 2.9782376289367676, 2.962177276611328, 2.912722110748291, 2.8903069496154785, 2.8504955768585205, 2.8446459770202637, 2.801621913909912, 2.7558324337005615, 2.7568342685699463, 2.74345326423645, 2.70780348777771, 2.6958510875701904, 2.6834774017333984, 2.6643402576446533, 2.6531753540039062, 2.6240246295928955, 2.6023812294006348, 2.600698947906494, 2.6094019412994385, 2.571983575820923, 2.571655511856079, 2.559687614440918, 2.5545525550842285, 2.533792018890381, 2.5289714336395264, 2.535818576812744, 2.529304265975952, 2.510551691055298, 2.5071158409118652, 2.5199053287506104, 2.4964826107025146, 2.505467414855957, 2.5175297260284424, 2.5081515312194824, 2.4978246688842773, 2.4917423725128174, 2.5060195922851562, 2.5022683143615723, 2.5368058681488037, 2.5223329067230225, 2.5314528942108154, 2.526066541671753, 2.534257173538208, 2.533762216567993, 2.544849157333374, 2.58096981048584, 2.5555930137634277]),0.01749303564429283,3388191000000,
array('f', [2.563227415084839, 2.575770854949951, 2.590543746948242, 2.576960563659668, 2.615243911743164, 2.6314165592193604, 2.6669723987579346, 2.682371139526367, 2.687635898590088, 2.711475372314453, 2.7148795127868652, 2.7542948722839355, 2.7943520545959473, 2.7762866020202637, 2.8311846256256104, 2.8531789779663086, 2.9016828536987305, 2.927769899368286, 2.966815948486328, 3.018044948577881, 3.034822463989258, 3.061704397201538, 3.126234292984009, 3.1656999588012695, 3.204723596572876, 3.223693370819092, 3.266927719116211, 3.3568780422210693, 3.404672622680664, 3.468111515045166, inf, inf, inf, inf, inf, inf, inf, inf, 3.465148448944092, 3.427417039871216, 3.3792335987091064, 3.350510597229004, 3.2921926975250244, 3.266390323638916, 3.219074010848999, 3.166555404663086, 3.172785758972168, 3.1389951705932617, 3.099177360534668, 3.089707136154175, 3.0575997829437256, 3.0307552814483643, 3.004948854446411, 2.993298053741455, 2.9687061309814453, 2.9640746116638184, 2.935842990875244, 2.923551321029663, 2.905944585800171, 2.899442434310913, 2.872541666030884, 2.854708671569824, 2.849351167678833, 2.846065044403076, 2.8315417766571045, 2.838249683380127, 2.814593553543091, 2.805992841720581, 2.8052988052368164, 2.797004222869873, 2.7909765243530273, 2.8059840202331543, 2.8041162490844727, 2.7874059677124023, 2.7705185413360596, 2.7961173057556152, 2.803375005722046, 2.782402992248535, 2.792437791824341, 2.813002347946167, 2.8137450218200684, 2.8149776458740234, 2.8197391033172607, 2.81610369682312, 2.8358752727508545, 2.836210250854492, 2.846245765686035, 2.8520777225494385, 2.8628177642822266, 2.8931708335876465, 2.887920379638672, inf, inf, inf, inf, inf, inf, inf, inf, inf, inf, inf, inf, inf, inf, 3.317152738571167, 3.275599718093872, 3.327700614929199, 3.3462648391723633, 3.3918912410736084, 3.452646017074585, 3.4987757205963135, inf, inf, inf, inf, inf, inf, inf, inf, inf, inf, inf, inf, inf, inf, inf, inf, inf, inf, inf, inf, inf, inf, inf, inf, inf, inf, inf, inf, inf, inf, inf, inf, inf, inf, inf, inf, inf, inf, inf, inf, inf, inf, inf, inf, inf, inf, inf, inf, inf, inf, inf, inf, inf, inf, inf, inf, inf, inf, inf, inf, inf, inf, inf, inf, inf, inf, inf, inf, inf, inf, inf, inf, inf, inf, inf, inf, inf, inf, inf, inf, inf, inf, inf, inf, inf, inf, inf, inf, inf, inf, inf, inf, inf, inf, inf, inf, inf, inf, inf, inf, inf, inf, inf, inf, inf, inf, inf, inf, inf, inf, inf, inf, inf, inf, inf, inf, inf, inf, inf, inf, inf, inf, inf, inf, inf, inf, inf, inf, inf, inf, inf, inf, inf, inf, inf, inf, inf, inf, inf, inf, inf, inf, inf, inf, inf, inf, inf, inf, inf, inf, inf, inf, inf, inf, inf, inf, inf, inf, inf, inf, inf, inf, inf, inf, inf, inf, inf, inf, inf, inf, inf, inf, inf, inf, inf, inf, inf, inf, inf, inf, inf, inf, inf, inf, inf, inf, inf, inf, inf, 3.3508121967315674, 3.287177562713623, 3.27058744430542, 3.210301637649536, 3.1389689445495605, 3.0999951362609863, 3.085761070251465, 3.046292543411255, 3.0042672157287598, 2.958811044692993, 2.9195661544799805, 2.911634683609009, 2.849698781967163, 2.815195083618164, 2.7963709831237793, 2.7886157035827637, 2.770209789276123, 2.737933397293091, 2.7124927043914795, 2.6950771808624268, 2.6714742183685303, 2.6482646465301514, 2.636687755584717, 2.626741647720337, 2.609388589859009, 2.587995767593384, 2.5811045169830322, 2.5694327354431152, 2.559185028076172, 2.542449474334717, 2.5335772037506104, 2.5130364894866943, 2.496046304702759, 2.505197525024414, 2.5139119625091553, 2.482144594192505, 2.496488571166992, 2.4787614345550537, 2.476545572280884, 2.4801523685455322, 2.4858553409576416, 2.4691004753112793, 2.4746735095977783, 2.443640947341919, 2.4509551525115967, 2.478654384613037, 2.474522113800049, 2.473644256591797, 2.479682207107544, 2.462791919708252, 2.4910125732421875, 2.486522674560547, 2.486477851867676, 2.4982590675354004, 2.520087718963623, 2.5219807624816895, 2.5440673828125, 2.550960063934326, 2.553542375564575]),0.01749303564429283,3388391000000,
array('f', [2.551496744155884, 2.573920488357544, 2.589012622833252, 2.5996694564819336, 2.6215121746063232, 2.6486120223999023, 2.6493542194366455, 2.6828246116638184, 2.6936635971069336, 2.7328004837036133, 2.730551242828369, 2.7666332721710205, 2.8050384521484375, 2.8149046897888184, 2.8574469089508057, 2.8749501705169678, 2.9265174865722656, 2.9617679119110107, 2.989638328552246, 3.049673318862915, 3.0984432697296143, 3.1305723190307617, 3.1655263900756836, 3.220194101333618, 3.2701869010925293, 3.308615207672119, 3.381913423538208, 3.4318089485168457, 3.498342990875244, inf, inf, inf, inf, inf, inf, 3.4885318279266357, 3.439753770828247, 3.3917529582977295, 3.359100818634033, 3.3088202476501465, 3.28275728225708, 3.2418129444122314, 3.201984405517578, 3.180527448654175, 3.1390221118927, 3.132920742034912, 3.097766399383545, 3.0607051849365234, 3.047898769378662, 3.017637014389038, 2.997382164001465, 2.9682857990264893, 2.9444732666015625, 2.9208438396453857, 2.9320690631866455, 2.9277989864349365, 2.8786892890930176, 2.8853323459625244, 2.8502235412597656, 2.854497194290161, 2.8627305030822754, 2.85208797454834, 2.8285486698150635, 2.822009563446045, 2.808777093887329, 2.791217088699341, 2.7899961471557617, 2.7893218994140625, 2.799136161804199, 2.7905871868133545, 2.778721809387207, 2.782228708267212, 2.786496877670288, 2.7660741806030273, 2.772998571395874, 2.7919905185699463, 2.7890143394470215, 2.793958902359009, 2.813220977783203, 2.795179605484009, 2.800466537475586, 2.8192129135131836, 2.8349900245666504, 2.835803270339966, 2.842221975326538, 2.8507869243621826, 2.8722801208496094, 2.883867025375366, 2.8914995193481445, inf, inf, inf, inf, inf, inf, inf, inf, inf, inf, inf, inf, inf, inf, 3.349538803100586, 3.2834770679473877, 3.306058168411255, 3.356511116027832, 3.3988726139068604, 3.437490940093994, 3.4975504875183105, inf, inf, inf, inf, inf, inf, inf, inf, inf, inf, inf, inf, inf, inf, inf, inf, inf, inf, inf, inf, inf, inf, inf, inf, inf, inf, inf, inf, inf, inf, inf, inf, inf, inf, inf, inf, inf, inf, inf, inf, inf, inf, inf, inf, inf, inf, inf, inf, inf, inf, inf, inf, inf, inf, inf, inf, inf, inf, inf, inf, inf, inf, inf, inf, inf, inf, inf, inf, inf, inf, inf, inf, inf, inf, inf, inf, inf, inf, inf, inf, inf, inf, inf, inf, inf, inf, inf, inf, inf, inf, inf, inf, inf, inf, inf, inf, inf, inf, inf, inf, inf, inf, inf, inf, inf, inf, inf, inf, inf, inf, inf, inf, inf, inf, inf, inf, inf, inf, inf, inf, inf, inf, inf, inf, inf, inf, inf, inf, inf, inf, inf, inf, inf, inf, inf, inf, inf, inf, inf, inf, inf, inf, inf, inf, inf, inf, inf, inf, inf, inf, inf, inf, inf, inf, inf, inf, inf, inf, inf, inf, inf, inf, inf, inf, inf, inf, inf, inf, inf, inf, inf, inf, inf, inf, inf, inf, inf, inf, inf, inf, inf, inf, inf, inf, inf, inf, inf, inf, 3.3500592708587646, 3.305159091949463, 3.2435779571533203, 3.190915107727051, 3.1467037200927734, 3.1059939861297607, 3.057400703430176, 3.020721673965454, 2.9967892169952393, 2.944758892059326, 2.9045612812042236, 2.8739864826202393, 2.851632833480835, 2.7983899116516113, 2.7775161266326904, 2.7534258365631104, 2.7305686473846436, 2.7065963745117188, 2.685784339904785, 2.653764247894287, 2.6467645168304443, 2.6201915740966797, 2.604093313217163, 2.591808795928955, 2.571998357772827, 2.557713270187378, 2.5448358058929443, 2.5346839427948, 2.495696544647217, 2.51253080368042, 2.5111656188964844, 2.4897568225860596, 2.466309070587158, 2.466139793395996, 2.4613876342773438, 2.445484161376953, 2.4477477073669434, 2.4510583877563477, 2.4419009685516357, 2.4333109855651855, 2.4286367893218994, 2.4297850131988525, 2.4308955669403076, 2.43650221824646, 2.4285569190979004, 2.423520803451538, 2.4321329593658447, 2.4284753799438477, 2.4341964721679688, 2.4492263793945312, 2.4519553184509277, 2.449965715408325, 2.448214530944824, 2.455415725708008, 2.4754738807678223, 2.4697725772857666, 2.485297441482544, 2.4845893383026123, 2.5024096965789795, 2.5309715270996094, 2.547257661819458, 2.5439934730529785]),0.01749303564429283,3388591000000,
array('f', [2.543107509613037, 2.564117431640625, 2.5756659507751465, 2.6209311485290527, 2.635472059249878, 2.6378424167633057, 2.664714813232422, 2.696246385574341, 2.7109532356262207, 2.7446444034576416, 2.758397102355957, 2.7963263988494873, 2.834700584411621, 2.8678762912750244, 2.8952267169952393, 2.936694383621216, 2.963858127593994, 3.0118563175201416, 3.058117389678955, 3.07936692237854, 3.121389150619507, 3.188918113708496, 3.2329189777374268, 3.2726476192474365, 3.349809408187866, 3.3983912467956543, 3.467534303665161, inf, inf, inf, inf, inf, inf, 3.4579367637634277, 3.414987564086914, 3.382950782775879, 3.317838430404663, 3.295964479446411, 3.241058349609375, 3.215696096420288, 3.1932170391082764, 3.1582469940185547, 3.1256420612335205, 3.0913658142089844, 3.078983783721924, 3.033560276031494, 3.0257816314697266, 2.989621162414551, 2.981713056564331, 2.9692111015319824, 2.9305312633514404, 2.9267401695251465, 2.901127576828003, 2.888636827468872, 2.8678507804870605, 2.8523240089416504, 2.853422164916992, 2.8302621841430664, 2.817300319671631, 2.8426930904388428, 2.824577569961548, 2.810399055480957, 2.8035056591033936, 2.7930972576141357, 2.786893606185913, 2.777329206466675, 2.7843496799468994, 2.7529139518737793, 2.7786970138549805, 2.790158271789551, 2.768373727798462, 2.7671122550964355, 2.7687830924987793, 2.7783286571502686, 2.7745189666748047, 2.781987190246582, 2.785963535308838, 2.79040789604187, 2.798536777496338, 2.8102145195007324, 2.8064868450164795, 2.8209707736968994, 2.829369068145752, 2.841540813446045, 2.83831787109375, 2.8678178787231445, 2.893733024597168, 2.917323589324951, inf, inf, inf, inf, inf, inf, inf, inf, inf, inf, inf, inf, inf, 3.4139821529388428, 3.3160197734832764, 3.317063808441162, 3.347740650177002, 3.3770525455474854, 3.4376533031463623, 3.486302614212036, inf, inf, inf, inf, inf, inf, inf, inf, inf, inf, inf, inf, inf, inf, inf, inf, inf, inf, inf, inf, inf, inf, inf, inf, inf, inf, inf, inf, inf, inf, inf, inf, inf, inf, inf, inf, inf, inf, inf, inf, inf, inf, inf, inf, inf, inf, inf, inf, inf, inf, inf, inf, inf, inf, inf, inf, inf, inf, inf, inf, inf, inf, inf, inf, inf, inf, inf, inf, inf, inf, inf, inf, inf, inf, inf, inf, inf, inf, inf, inf, inf, inf, inf, inf, inf, inf, inf, inf, inf, inf, inf, inf, inf, inf, inf, inf, inf, inf, inf, inf, inf, inf, inf, inf, inf, inf, inf, inf, inf, inf, inf, inf, inf, inf, inf, inf, inf, inf, inf, inf, inf, inf, inf, inf, inf, inf, inf, inf, inf, inf, inf, inf, inf, inf, inf, inf, inf, inf, inf, inf, inf, inf, inf, inf, inf, inf, inf, inf, inf, inf, inf, inf, inf, inf, inf, inf, inf, inf, inf, inf, inf, inf, inf, inf, inf, inf, inf, inf, inf, inf, inf, inf, inf, inf, inf, inf, inf, inf, inf, inf, inf, inf, inf, inf, inf, inf, inf, 3.332134246826172, 3.2735419273376465, 3.243825674057007, 3.1831560134887695, 3.1401491165161133, 3.0815846920013428, 3.040456533432007, 3.000215530395508, 2.9678475856781006, 2.928252935409546, 2.884721279144287, 2.8517444133758545, 2.838623523712158, 2.7900919914245605, 2.7504589557647705, 2.7322261333465576, 2.7143054008483887, 2.687138795852661, 2.6776838302612305, 2.6417348384857178, 2.623476266860962, 2.592660665512085, 2.5899386405944824, 2.572007656097412, 2.5426228046417236, 2.5154788494110107, 2.5050556659698486, 2.5033960342407227, 2.4865691661834717, 2.467893600463867, 2.473297357559204, 2.4375369548797607, 2.439854383468628, 2.451277256011963, 2.4311623573303223, 2.4295759201049805, 2.420295476913452, 2.3906869888305664, 2.3967771530151367, 2.4253909587860107, 2.3898415565490723, 2.4224579334259033, 2.387568473815918, 2.3822073936462402, 2.3889379501342773, 2.3849291801452637, 2.3918182849884033, 2.3833956718444824, 2.4066741466522217, 2.3950822353363037, 2.4082248210906982, 2.412041425704956, 2.4143013954162598, 2.4150116443634033, 2.439945936203003, 2.4260520935058594, 2.4433693885803223, 2.4644863605499268, 2.4591965675354004, 2.471381664276123, 2.4840030670166016, 2.501210927963257, 2.5040204524993896, 2.538451671600342, 2.543597459793091]),0.01749303564429283,3388791000000,
array('f', [2.5304553508758545, 2.5607385635375977, 2.594299554824829, 2.6046977043151855, 2.61468505859375, 2.6585519313812256, 2.6962783336639404, 2.7154951095581055, 2.7253634929656982, 2.7575199604034424, 2.7884063720703125, 2.835707187652588, 2.8377442359924316, 2.889998435974121, 2.925760507583618, 2.965562343597412, 3.00390362739563, 3.0591392517089844, 3.0869839191436768, 3.1466596126556396, 3.2005980014801025, 3.247598886489868, 3.3191280364990234, 3.3620026111602783, 3.4238662719726562, 3.471830368041992, inf, inf, inf, inf, 3.479330062866211, 3.4524970054626465, 3.376594066619873, 3.3328285217285156, 3.31060528755188, 3.264803647994995, 3.2417449951171875, 3.197129487991333, 3.1607649326324463, 3.1328399181365967, 3.0890953540802, 3.070971965789795, 3.0545501708984375, 3.023178815841675, 2.993429183959961, 2.9857335090637207, 2.970115900039673, 2.9568567276000977, 2.924933671951294, 2.904745578765869, 2.895097494125366, 2.8636863231658936, 2.879108190536499, 2.86801815032959, 2.825303077697754, 2.8314199447631836, 2.806191921234131, 2.810821533203125, 2.7966935634613037, 2.7698724269866943, 2.7809438705444336, 2.7766175270080566, 2.7744622230529785, 2.7887191772460938, 2.7441670894622803, 2.7420241832733154, 2.7542920112609863, 2.767523765563965, 2.7454559803009033, 2.738490343093872, 2.764517307281494, 2.770165205001831, 2.7668087482452393, 2.747419595718384, 2.7830798625946045, 2.782021999359131, 2.7980315685272217, 2.814725875854492, 2.7969627380371094, 2.8199005126953125, 2.8384571075439453, 2.8351826667785645, 2.8392255306243896, 2.8680081367492676, 2.881060838699341, 2.8817453384399414, inf, inf, inf, inf, inf, inf, inf, inf, inf, inf, inf, inf, inf, inf, 3.3324484825134277, 3.3141608238220215, 3.351017951965332, 3.3940188884735107, 3.4376883506774902, 3.4967942237854004, inf, inf, inf, inf, inf, inf, inf, inf, inf, inf, inf, inf, inf, inf, inf, inf, inf, inf, inf, inf, inf, inf, inf, inf, inf, inf, inf, inf, inf, inf, inf, inf, inf, inf, inf, inf, inf, inf, inf, inf, inf, inf, inf, inf, inf, inf, inf, inf, inf, inf, inf, inf, inf, inf, inf, inf, inf, inf, inf, inf, inf, inf, inf, inf, inf, inf, inf, inf, inf, inf, inf, inf, inf, inf, inf, inf, inf, inf, inf, inf, inf, inf, inf, inf, inf, inf, inf, inf, inf, inf, inf, inf, inf, inf, inf, inf, inf, inf, inf, inf, inf, inf, inf, inf, inf, inf, inf, inf, inf, inf, inf, inf, inf, inf, inf, inf, inf, inf, inf, inf, inf, inf, inf, inf, inf, inf, inf, inf, inf, inf, inf, inf, inf, inf, inf, inf, inf, inf, inf, inf, inf, inf, inf, inf, inf, inf, inf, inf, inf, inf, inf, inf, inf, inf, inf, inf, inf, inf, inf, inf, inf, inf, inf, inf, inf, inf, inf, inf, inf, inf, inf, inf, inf, inf, inf, inf, inf, inf, inf, inf, inf, inf, inf, inf, inf, inf, inf, 3.2674922943115234, 3.229318857192993, 3.162163734436035, 3.094303846359253, 3.0703177452087402, 3.020843982696533, 2.980872392654419, 2.9525532722473145, 2.907137155532837, 2.8635458946228027, 2.833155870437622, 2.781024217605591, 2.78507924079895, 2.7220795154571533, 2.7246603965759277, 2.6788384914398193, 2.6534206867218018, 2.634615659713745, 2.626464605331421, 2.6017768383026123, 2.572113513946533, 2.555788278579712, 2.529132843017578, 2.5238277912139893, 2.5102405548095703, 2.490050792694092, 2.4723777770996094, 2.463204860687256, 2.4500231742858887, 2.4373221397399902, 2.414102554321289, 2.4044528007507324, 2.4172213077545166, 2.393272876739502, 2.387861490249634, 2.3896937370300293, 2.3772268295288086, 2.384096384048462, 2.3608198165893555, 2.3626601696014404, 2.361654758453369, 2.3444008827209473, 2.353316068649292, 2.3582441806793213, 2.3615481853485107, 2.3588433265686035, 2.3479714393615723, 2.3692307472229004, 2.361741065979004, 2.3746767044067383, 2.3649814128875732, 2.3851125240325928, 2.3727505207061768, 2.377047061920166, 2.3878333568573, 2.4012598991394043, 2.4195024967193604, 2.428179979324341, 2.4337334632873535, 2.4487812519073486, 2.4512178897857666, 2.435899019241333, 2.4893813133239746, 2.4967617988586426, 2.510861396789551, 2.5480380058288574, 2.5525379180908203]),0.01749303564429283,3388991000000,
array('f', [2.5460963249206543, 2.5636861324310303, 2.595289707183838, 2.6002695560455322, 2.6518893241882324, 2.6774487495422363, 2.691331386566162, 2.7276535034179688, 2.764002799987793, 2.786886215209961, 2.8200414180755615, 2.8689072132110596, 2.905170202255249, 2.9347541332244873, 2.979722261428833, 3.010826349258423, 3.0688583850860596, 3.115234136581421, 3.1454215049743652, 3.209207057952881, 3.2647557258605957, 3.3191962242126465, 3.3904778957366943, 3.4426348209381104, inf, inf, inf, 3.491215944290161, 3.4516170024871826, 3.418379306793213, 3.3501617908477783, 3.3070566654205322, 3.283864736557007, 3.22016978263855, 3.205451726913452, 3.1807565689086914, 3.1400606632232666, 3.1104319095611572, 3.078432083129883, 3.0508649349212646, 3.026334524154663, 2.9869112968444824, 2.9666829109191895, 2.9648256301879883, 2.9447641372680664, 2.895731210708618, 2.9022536277770996, 2.8873562812805176, 2.868971347808838, 2.831027030944824, 2.8549957275390625, 2.8245155811309814, 2.836422920227051, 2.7978789806365967, 2.7784862518310547, 2.7832212448120117, 2.7917892932891846, 2.7837603092193604, 2.775697708129883, 2.746798038482666, 2.7716665267944336, 2.7577247619628906, 2.7400765419006348, 2.749917984008789, 2.7367939949035645, 2.738081693649292, 2.741684675216675, 2.744007110595703, 2.7671496868133545, 2.755974054336548, 2.763272523880005, 2.7573163509368896, 2.7631595134735107, 2.7750816345214844, 2.7495713233947754, 2.7765326499938965, 2.7884132862091064, 2.7954626083374023, 2.8036739826202393, 2.825610876083374, 2.845395803451538, 2.848168134689331, 2.8817901611328125, 2.86767578125, 2.9098973274230957, inf, inf, inf, inf, inf, inf, inf, inf, inf, inf, inf, inf, inf, 3.3796637058258057, 3.310965061187744, 3.338425397872925, 3.414440870285034, 3.4367825984954834, 3.490939140319824, inf, inf, inf, inf, inf, inf, inf, inf, inf, inf, inf, inf, inf, inf, inf, inf, inf, inf, inf, inf, inf, inf, inf, inf, inf, inf, inf, inf, inf, inf, inf, inf, inf, inf, inf, inf, inf, inf, inf, inf, inf, inf, inf, inf, inf, inf, inf, inf, inf, inf, inf, inf, inf, inf, inf, inf, inf, inf, inf, inf, inf, inf, inf, inf, inf, inf, inf, inf, inf, inf, inf, inf, inf, inf, inf, inf, inf, inf, inf, inf, inf, inf, inf, inf, inf, inf, inf, inf, inf, inf, inf, inf, inf, inf, inf, inf, inf, inf, inf, inf, inf, inf, inf, inf, inf, inf, inf, inf, inf, inf, inf, inf, inf, inf, inf, inf, inf, inf, inf, inf, inf, inf, inf, inf, inf, inf, inf, inf, inf, inf, inf, inf, inf, inf, inf, inf, inf, inf, inf, inf, inf, inf, inf, inf, inf, inf, inf, inf, inf, inf, inf, inf, inf, inf, inf, inf, inf, inf, inf, inf, inf, inf, inf, inf, inf, inf, inf, inf, inf, inf, inf, inf, inf, inf, inf, inf, inf, inf, inf, inf, inf, inf, inf, inf, inf, inf, 3.2645108699798584, 3.20271635055542, 3.146211624145508, 3.0974390506744385, 3.0472099781036377, 3.0245680809020996, 2.963254690170288, 2.9234960079193115, 2.895193338394165, 2.8487441539764404, 2.8228209018707275, 2.7904248237609863, 2.7770378589630127, 2.7169337272644043, 2.693593978881836, 2.658482551574707, 2.631795883178711, 2.6112730503082275, 2.597257137298584, 2.5691072940826416, 2.5464799404144287, 2.532782554626465, 2.506162643432617, 2.494086742401123, 2.4791009426116943, 2.454573631286621, 2.4293158054351807, 2.419950485229492, 2.4259142875671387, 2.4218637943267822, 2.379894733428955, 2.3818697929382324, 2.369171142578125, 2.356295585632324, 2.3496577739715576, 2.3537886142730713, 2.3393924236297607, 2.342367172241211, 2.3456878662109375, 2.332508087158203, 2.338092565536499, 2.321413278579712, 2.3285481929779053, 2.326948881149292, 2.2993054389953613, 2.3237407207489014, 2.3121020793914795, 2.312199115753174, 2.314765691757202, 2.3490540981292725, 2.3337466716766357, 2.326508045196533, 2.3340365886688232, 2.3290610313415527, 2.3499388694763184, 2.344841718673706, 2.3714613914489746, 2.385251998901367, 2.390087842941284, 2.39164400100708, 2.396066665649414, 2.4349958896636963, 2.436506509780884, 2.4544942378997803, 2.4582762718200684, 2.4640941619873047, 2.492141008377075, 2.5178465843200684, 2.5416557788848877, 2.5499203205108643]),0.01749303564429283,3389191000000,
array('f', [2.5621495246887207, 2.587228775024414, 2.618849277496338, 2.6380245685577393, 2.6511120796203613, 2.7015812397003174, 2.7061963081359863, 2.7528700828552246, 2.7851035594940186, 2.813847303390503, 2.867617130279541, 2.8991808891296387, 2.947328805923462, 2.979440927505493, 3.0275800228118896, 3.0772624015808105, 3.1157102584838867, 3.1860203742980957, 3.2394165992736816, 3.283853530883789, 3.3619801998138428, 3.412097454071045, 3.4856412410736084, inf, inf, 3.438735008239746, 3.4031550884246826, 3.3557846546173096, 3.3269948959350586, 3.280200242996216, 3.2600834369659424, 3.2303082942962646, 3.174299955368042, 3.1624765396118164, 3.1126065254211426, 3.0879576206207275, 3.05289363861084, 3.0090579986572266, 2.991250514984131, 2.9778480529785156, 2.9456851482391357, 2.9583449363708496, 2.9129676818847656, 2.892947196960449, 2.891869306564331, 2.858736753463745, 2.836245536804199, 2.83184814453125, 2.8238155841827393, 2.801999807357788, 2.796812057495117, 2.8064754009246826, 2.76465106010437, 2.7533485889434814, 2.758028268814087, 2.732863664627075, 2.736327648162842, 2.7425107955932617, 2.725700616836548, 2.7182133197784424, 2.7432992458343506, 2.720637321472168, 2.7249035835266113, 2.7308340072631836, 2.731494188308716, 2.7285799980163574, 2.7320659160614014, 2.7380950450897217, 2.742928981781006, 2.74843430519104, 2.7457070350646973, 2.757431745529175, 2.7717671394348145, 2.761732578277588, 2.7582457065582275, 2.786865234375, 2.796869993209839, 2.813302993774414, 2.83020281791687, 2.8251590728759766, 2.8600716590881348, 2.8814377784729004, 2.871634006500244, inf, inf, inf, inf, inf, inf, inf, inf, inf, inf, inf, inf, inf, 3.4255857467651367, 3.362123489379883, 3.3355698585510254, 3.3703126907348633, 3.424560785293579, 3.4634015560150146, inf, inf, inf, inf, inf, inf, inf, inf, inf, inf, inf, inf, inf, inf, inf, inf, inf, inf, inf, inf, inf, inf, inf, inf, inf, inf, inf, inf, inf, inf, inf, inf, inf, inf, inf, inf, inf, inf, inf, inf, inf, inf, inf, inf, inf, inf, inf, inf, inf, inf, inf, inf, inf, inf, inf, inf, inf, inf, inf, inf, inf, inf, inf, inf, inf, inf, inf, inf, inf, inf, inf, inf, inf, inf, inf, inf, inf, inf, inf, inf, inf, inf, inf, inf, inf, inf, inf, inf, inf, inf, inf, inf, inf, inf, inf, inf, inf, inf, inf, inf, inf, inf, inf, inf, inf, inf, inf, inf, inf, inf, inf, inf, inf, inf, inf, inf, inf, inf, inf, inf, inf, inf, inf, inf, inf, inf, inf, inf, inf, inf, inf, inf, inf, inf, inf, inf, inf, inf, inf, inf, inf, inf, inf, inf, inf, inf, inf, inf, inf, inf, inf, inf, inf, inf, inf, inf, inf, inf, inf, inf, inf, inf, inf, inf, inf, inf, inf, inf, inf, inf, inf, inf, inf, inf, inf, inf, inf, inf, inf, inf, inf, inf, inf, inf, inf, 3.2361161708831787, 3.2101409435272217, 3.1390774250030518, 3.075745105743408, 3.033242702484131, 2.983285903930664, 2.9503908157348633, 2.9148101806640625, 2.889280319213867, 2.808417797088623, 2.801396369934082, 2.7792983055114746, 2.732969045639038, 2.6733713150024414, 2.674251079559326, 2.6439030170440674, 2.61582350730896, 2.5968329906463623, 2.5542993545532227, 2.5506086349487305, 2.52447509765625, 2.5063107013702393, 2.4827723503112793, 2.4662628173828125, 2.44968843460083, 2.437572479248047, 2.411334753036499, 2.4128293991088867, 2.3882899284362793, 2.3806662559509277, 2.379667043685913, 2.357741117477417, 2.3450567722320557, 2.3222603797912598, 2.3159217834472656, 2.303972005844116, 2.3108410835266113, 2.3064990043640137, 2.311777114868164, 2.280825138092041, 2.3006391525268555, 2.2862069606781006, 2.276648759841919, 2.2907063961029053, 2.288620710372925, 2.281428813934326, 2.2877864837646484, 2.2898762226104736, 2.2700345516204834, 2.28316068649292, 2.308143377304077, 2.2903685569763184, 2.2885658740997314, 2.313084602355957, 2.302900791168213, 2.3052287101745605, 2.3166472911834717, 2.322420120239258, 2.343519449234009, 2.368607521057129, 2.355727434158325, 2.3704004287719727, 2.3985586166381836, 2.401705741882324, 2.41780686378479, 2.413297176361084, 2.448193073272705, 2.4460129737854004, 2.479137420654297, 2.488193988800049, 2.5121984481811523, 2.5392096042633057, 2.558406352996826]),0.01749303564429283,3389391000000,
array('f', [2.5752367973327637, 2.608457326889038, 2.63147234916687, 2.6720333099365234, 2.6784353256225586, 2.717259407043457, 2.751481294631958, 2.781925678253174, 2.850569248199463, 2.84257173538208, 2.8999640941619873, 2.9643704891204834, 2.999274253845215, 3.029517412185669, 3.0984983444213867, 3.142876386642456, 3.188204050064087, 3.2489218711853027, 3.3198978900909424, 3.3967645168304443, 3.4615049362182617, inf, 3.473353624343872, 3.403168201446533, 3.363327980041504, 3.3249740600585938, 3.299226999282837, 3.244340181350708, 3.210082530975342, 3.1664304733276367, 3.1436610221862793, 3.103647470474243, 3.0794615745544434, 3.066150426864624, 3.036132574081421, 2.996870994567871, 2.973078966140747, 2.9502952098846436, 2.9375197887420654, 2.9131851196289062, 2.890717029571533, 2.8857057094573975, 2.863971710205078, 2.837312936782837, 2.8241288661956787, 2.805978536605835, 2.810230255126953, 2.7791974544525146, 2.7603142261505127, 2.761706829071045, 2.755868434906006, 2.7483315467834473, 2.740532875061035, 2.7362618446350098, 2.722661018371582, 2.729334831237793, 2.705561876296997, 2.6994948387145996, 2.704028844833374, 2.715743064880371, 2.718717575073242, 2.712411642074585, 2.7221031188964844, 2.704125165939331, 2.7138588428497314, 2.731658935546875, 2.7221148014068604, 2.742576837539673, 2.7277069091796875, 2.7495641708374023, 2.7370569705963135, 2.7444276809692383, 2.758338451385498, 2.7768213748931885, 2.7953951358795166, 2.7792367935180664, 2.799360990524292, 2.820300340652466, 2.8378615379333496, 2.847320079803467, 2.8760623931884766, 2.8826277256011963, inf, inf, inf, inf, inf, inf, inf, inf, inf, inf, inf, inf, inf, 3.38561749458313, 3.3362841606140137, 3.372065782546997, 3.4276413917541504, 3.45351243019104, inf, inf, inf, inf, inf, inf, inf, inf, inf, inf, inf, inf, inf, inf, inf, inf, inf, inf, inf, inf, inf, inf, inf, inf, inf, inf, inf, inf, inf, inf, inf, inf, inf, inf, inf, inf, inf, inf, inf, inf, inf, inf, inf, inf, inf, inf, inf, inf, inf, inf, inf, inf, inf, inf, inf, inf, inf, inf, inf, inf, inf, inf, inf, inf, inf, inf, inf, inf, inf, inf, inf, inf, inf, inf, inf, inf, inf, inf, inf, inf, inf, inf, inf, inf, inf, inf, inf, inf, inf, inf, inf, inf, inf, inf, inf, inf, inf, inf, inf, inf, inf, inf, inf, inf, inf, inf, inf, inf, inf, inf, inf, inf, inf, inf, inf, inf, inf, inf, inf, inf, inf, inf, inf, inf, inf, inf, inf, inf, inf, inf, inf, inf, inf, inf, inf, inf, inf, inf, inf, inf, inf, inf, inf, inf, inf, inf, inf, inf, inf, inf, inf, inf, inf, inf, inf, inf, inf, inf, inf, inf, inf, inf, inf, inf, inf, inf, inf, inf, inf, inf, inf, inf, inf, inf, inf, inf, inf, inf, inf, inf, inf, inf, inf, inf, 3.2388594150543213, 3.164200782775879, 3.118162155151367, 3.0701606273651123, 3.0352272987365723, 2.9760494232177734, 2.9387929439544678, 2.879955768585205, 2.8468711376190186, 2.8104586601257324, 2.787898063659668, 2.739550828933716, 2.6831235885620117, 2.666917324066162, 2.646559000015259, 2.622861623764038, 2.6057302951812744, 2.577949285507202, 2.5460684299468994, 2.531118869781494, 2.5114800930023193, 2.472266912460327, 2.4513213634490967, 2.4299466609954834, 2.425640821456909, 2.394920825958252, 2.3868062496185303, 2.3759713172912598, 2.3822479248046875, 2.3336551189422607, 2.351511240005493, 2.3233678340911865, 2.3331611156463623, 2.311861753463745, 2.2926628589630127, 2.2823874950408936, 2.2813408374786377, 2.2626185417175293, 2.2773478031158447, 2.268090009689331, 2.2528293132781982, 2.260042905807495, 2.2571475505828857, 2.2711544036865234, 2.2621638774871826, 2.2542755603790283, 2.254254102706909, 2.253350019454956, 2.2537693977355957, 2.2354090213775635, 2.259814739227295, 2.257556200027466, 2.2714874744415283, 2.2614259719848633, 2.2730491161346436, 2.2816104888916016, 2.286010503768921, 2.2880687713623047, 2.2960290908813477, 2.325413465499878, 2.3064756393432617, 2.310216188430786, 2.347120523452759, 2.3602702617645264, 2.3612794876098633, 2.383185863494873, 2.375363349914551, 2.4003100395202637, 2.440154552459717, 2.4307591915130615, 2.463261842727661, 2.4754436016082764, 2.5097765922546387, 2.5119404792785645, 2.5519182682037354, 2.5588440895080566]),0.01749303564429283,3389591000000,
array('f', [2.5931942462921143, 2.627788782119751, 2.656242847442627, 2.690417528152466, 2.717747926712036, 2.750314950942993, 2.783188581466675, 2.818901538848877, 2.88775897026062, 2.9131948947906494, 2.9668755531311035, 2.992605447769165, 3.060213804244995, 3.129615545272827, 3.1698825359344482, 3.2399721145629883, 3.2775638103485107, 3.3463563919067383, 3.4311745166778564, 3.4783530235290527, 3.4180188179016113, 3.3759045600891113, 3.339054822921753, 3.2858023643493652, 3.2544729709625244, 3.208130121231079, 3.1771717071533203, 3.1697638034820557, 3.1152842044830322, 3.0803797245025635, 3.029932975769043, 3.0385210514068604, 2.992065191268921, 2.970720052719116, 2.9553897380828857, 2.914761543273926, 2.896707773208618, 2.8758938312530518, 2.8571722507476807, 2.8478541374206543, 2.8464860916137695, 2.8098738193511963, 2.7973291873931885, 2.762031078338623, 2.780296564102173, 2.775624990463257, 2.76151180267334, 2.7254371643066406, 2.7239513397216797, 2.709977865219116, 2.7277262210845947, 2.710963726043701, 2.6972272396087646, 2.7266006469726562, 2.681659698486328, 2.690835475921631, 2.692559242248535, 2.6738359928131104, 2.681938648223877, 2.6798505783081055, 2.695603132247925, 2.693004608154297, 2.6936910152435303, 2.691237211227417, 2.687089443206787, 2.7036571502685547, 2.7075250148773193, 2.7196178436279297, 2.705749034881592, 2.7177772521972656, 2.7659261226654053, 2.763420581817627, 2.758117914199829, 2.768965721130371, 2.7784225940704346, 2.8171579837799072, 2.8132877349853516, 2.8332395553588867, 2.8634049892425537, 2.871384620666504, inf, inf, inf, inf, inf, inf, inf, inf, inf, inf, inf, inf, inf, 3.401374578475952, 3.323129892349243, 3.354813575744629, 3.4091196060180664, 3.4635989665985107, inf, inf, inf, inf, inf, inf, inf, inf, inf, inf, inf, inf, inf, inf, inf, inf, inf, inf, inf, inf, inf, inf, inf, inf, inf, inf, inf, inf, inf, inf, inf, inf, inf, inf, inf, inf, inf, inf, inf, inf, inf, inf, inf, inf, inf, inf, inf, inf, inf, inf, inf, inf, inf, inf, inf, inf, inf, inf, inf, inf, inf, inf, inf, inf, inf, inf, inf, inf, inf, inf, inf, inf, inf, inf, inf, inf, inf, inf, inf, inf, inf, inf, inf, inf, inf, inf, inf, inf, inf, inf, inf, inf, inf, inf, inf, inf, inf, inf, inf, inf, inf, inf, inf, inf, inf, inf, inf, inf, inf, inf, inf, inf, inf, inf, inf, inf, inf, inf, inf, inf, inf, inf, inf, inf, inf, inf, inf, inf, inf, inf, inf, inf, inf, inf, inf, inf, inf, inf, inf, inf, inf, inf, inf, inf, inf, inf, inf, inf, inf, inf, inf, inf, inf, inf, inf, inf, inf, inf, inf, inf, inf, inf, inf, inf, inf, inf, inf, inf, inf, inf, inf, inf, inf, inf, inf, inf, inf, inf, inf, inf, inf, inf, inf, 3.220335006713867, 3.1774187088012695, 3.107961416244507, 3.0544722080230713, 3.002441883087158, 2.960517168045044, 2.9225659370422363, 2.899369716644287, 2.842038631439209, 2.796640157699585, 2.753999948501587, 2.7010867595672607, 2.69211483001709, 2.6519784927368164, 2.6138737201690674, 2.5821826457977295, 2.577428102493286, 2.5331239700317383, 2.5261056423187256, 2.4904403686523438, 2.489068031311035, 2.4517910480499268, 2.433234691619873, 2.4209325313568115, 2.3955020904541016, 2.3732447624206543, 2.35951566696167, 2.351203680038452, 2.3333823680877686, 2.3129069805145264, 2.31078839302063, 2.312612533569336, 2.282885789871216, 2.270291566848755, 2.267533302307129, 2.2538962364196777, 2.25347638130188, 2.2486186027526855, 2.2212142944335938, 2.237485408782959, 2.2198190689086914, 2.2285983562469482, 2.2283592224121094, 2.22782564163208, 2.2048521041870117, 2.2211849689483643, 2.202049732208252, 2.2209959030151367, 2.207489252090454, 2.220968008041382, 2.226393938064575, 2.2141811847686768, 2.210358142852783, 2.2259538173675537, 2.224583864212036, 2.2368948459625244, 2.2387380599975586, 2.257453441619873, 2.2707982063293457, 2.264672040939331, 2.2541823387145996, 2.2828187942504883, 2.2776379585266113, 2.290874719619751, 2.3295981884002686, 2.3334412574768066, 2.341275453567505, 2.3563671112060547, 2.3775689601898193, 2.4109792709350586, 2.4239678382873535, 2.423366069793701, 2.4506447315216064, 2.4527103900909424, 2.4973642826080322, 2.5181918144226074, 2.5244994163513184, 2.5485050678253174, 2.5893094539642334]),0.01749303564429283,3389791000000,
array('f', [2.63153338432312, 2.6571929454803467, 2.693058967590332, 2.7117667198181152, 2.756540298461914, 2.788473606109619, 2.853323221206665, 2.89271879196167, 2.9383370876312256, 2.9826409816741943, 3.014695882797241, 3.068387031555176, 3.1313488483428955, 3.1829190254211426, 3.2496554851531982, 3.3249011039733887, 3.388505220413208, 3.4190382957458496, 3.3762288093566895, 3.356905221939087, 3.3011837005615234, 3.2481045722961426, 3.228729009628296, 3.1865365505218506, 3.1493451595306396, 3.1204729080200195, 3.0716006755828857, 3.046025276184082, 3.026041269302368, 3.0006165504455566, 2.987061023712158, 2.9480032920837402, 2.9100966453552246, 2.9077320098876953, 2.869225263595581, 2.862548828125, 2.8358213901519775, 2.786905527114868, 2.8019402027130127, 2.7789487838745117, 2.753950834274292, 2.7484796047210693, 2.756822109222412, 2.742410898208618, 2.727970600128174, 2.714846611022949, 2.716668128967285, 2.6862893104553223, 2.710878372192383, 2.691026210784912, 2.6812801361083984, 2.6829745769500732, 2.6830945014953613, 2.687241554260254, 2.6822352409362793, 2.6745083332061768, 2.6723992824554443, 2.6947989463806152, 2.65665864944458, 2.67577862739563, 2.666144371032715, 2.6663036346435547, 2.676027536392212, 2.6867167949676514, 2.690962076187134, 2.7164952754974365, 2.7079756259918213, 2.725156784057617, 2.727510452270508, 2.7563905715942383, 2.736588954925537, 2.7731080055236816, 2.7812907695770264, 2.786677598953247, 2.8110461235046387, 2.8368418216705322, 2.846383810043335, 2.842020273208618, 2.8739562034606934, inf, inf, inf, inf, inf, inf, inf, inf, inf, inf, inf, inf, inf, 3.3550987243652344, 3.3407583236694336, 3.3926405906677246, 3.4329164028167725, 3.4668936729431152, inf, inf, inf, inf, inf, inf, inf, inf, inf, inf, inf, inf, inf, inf, inf, inf, inf, inf, inf, inf, inf, inf, inf, inf, inf, inf, inf, inf, inf, inf, inf, inf, inf, inf, inf, inf, inf, inf, inf, inf, inf, inf, inf, inf, inf, inf, inf, inf, inf, inf, inf, inf, inf, inf, inf, inf, inf, inf, inf, inf, inf, inf, inf, inf, inf, inf, inf, inf, inf, inf, inf, inf, inf, inf, inf, inf, inf, inf, inf, inf, inf, inf, inf, inf, inf, inf, inf, inf, inf, inf, inf, inf, inf, inf, inf, inf, inf, inf, inf, inf, inf, inf, inf, inf, inf, inf, inf, inf, inf, inf, inf, inf, inf, inf, inf, inf, inf, inf, inf, inf, inf, inf, inf, inf, inf, inf, inf, inf, inf, inf, inf, inf, inf, inf, inf, inf, inf, inf, inf, inf, inf, inf, inf, inf, inf, inf, inf, inf, inf, inf, inf, inf, inf, inf, inf, inf, inf, inf, inf, inf, inf, inf, inf, inf, inf, inf, inf, inf, inf, inf, inf, inf, inf, inf, inf, inf, inf, inf, inf, inf, inf, 3.21940016746521, 3.130826950073242, 3.1171116828918457, 3.0531160831451416, 3.008035182952881, 2.932227849960327, 2.915437936782837, 2.8774900436401367, 2.8161723613739014, 2.787755250930786, 2.7338979244232178, 2.7267210483551025, 2.6761181354522705, 2.6470906734466553, 2.613487720489502, 2.578782320022583, 2.5570919513702393, 2.5213139057159424, 2.4873528480529785, 2.4935173988342285, 2.4543678760528564, 2.433288335800171, 2.412177085876465, 2.391794204711914, 2.3803088665008545, 2.3549580574035645, 2.3394250869750977, 2.3225979804992676, 2.320789337158203, 2.272336721420288, 2.284536600112915, 2.275902032852173, 2.270220994949341, 2.2643795013427734, 2.2562332153320312, 2.230654001235962, 2.229560136795044, 2.2086877822875977, 2.198348045349121, 2.226917266845703, 2.1902995109558105, 2.180730104446411, 2.1722371578216553, 2.1828606128692627, 2.1768760681152344, 2.1869025230407715, 2.1784815788269043, 2.17236328125, 2.172009229660034, 2.1875555515289307, 2.1876649856567383, 2.1864781379699707, 2.169159412384033, 2.200657606124878, 2.1928577423095703, 2.195141077041626, 2.19103741645813, 2.193599224090576, 2.2043399810791016, 2.2291007041931152, 2.236671209335327, 2.2673234939575195, 2.2522895336151123, 2.2586398124694824, 2.278258800506592, 2.2941057682037354, 2.2902419567108154, 2.3146893978118896, 2.3202948570251465, 2.3336939811706543, 2.3525867462158203, 2.369205951690674, 2.3993608951568604, 2.4325718879699707, 2.4573910236358643, 2.4664998054504395, 2.488189458847046, 2.4879150390625, 2.5426878929138184, 2.5600600242614746, 2.565845251083374, 2.6248035430908203]),0.01749303564429283,3389991000000,
array('f', [2.6592020988464355, 2.6959054470062256, 2.7146527767181396, 2.775090217590332, 2.825963020324707, 2.85495924949646, 2.9053919315338135, 2.949911594390869, 2.9857733249664307, 3.045858144760132, 3.105722427368164, 3.1612114906311035, 3.226302146911621, 3.2965140342712402, 3.352877616882324, 3.3898394107818604, 3.339510440826416, 3.297844886779785, 3.2610719203948975, 3.205050468444824, 3.1806998252868652, 3.155663013458252, 3.1080501079559326, 3.0752108097076416, 3.053783416748047, 3.0264298915863037, 2.988433361053467, 2.9542412757873535, 2.9475910663604736, 2.9004335403442383, 2.8886148929595947, 2.8746957778930664, 2.853696823120117, 2.8259034156799316, 2.797874927520752, 2.8127899169921875, 2.7676210403442383, 2.7517056465148926, 2.7522127628326416, 2.7240467071533203, 2.738194227218628, 2.6926140785217285, 2.6959762573242188, 2.7069053649902344, 2.684323310852051, 2.6842474937438965, 2.6886789798736572, 2.6624960899353027, 2.652143716812134, 2.6632657051086426, 2.6548941135406494, 2.6348979473114014, 2.6431591510772705, 2.6448636054992676, 2.635565757751465, 2.649202823638916, 2.6422455310821533, 2.635732889175415, 2.6692159175872803, 2.648261070251465, 2.6446125507354736, 2.6659281253814697, 2.674666404724121, 2.6992852687835693, 2.6847984790802, 2.7051162719726562, 2.7209091186523438, 2.7029454708099365, 2.727524995803833, 2.720698595046997, 2.767427444458008, 2.758281946182251, 2.7814888954162598, 2.811352014541626, 2.812652587890625, 2.867187261581421, 2.8709285259246826, inf, inf, inf, inf, inf, inf, inf, inf, inf, inf, inf, inf, inf, 3.402714490890503, 3.339643955230713, 3.3815908432006836, 3.420828104019165, 3.4752984046936035, inf, inf, inf, inf, inf, inf, inf, inf, inf, inf, inf, inf, inf, inf, inf, inf, inf, inf, inf, inf, inf, inf, inf, inf, inf, inf, inf, inf, inf, inf, inf, inf, inf, inf, inf, inf, inf, inf, inf, inf, inf, inf, inf, inf, inf, inf, inf, inf, inf, inf, inf, inf, inf, inf, inf, inf, inf, inf, inf, inf, inf, inf, inf, inf, inf, inf, inf, inf, inf, inf, inf, inf, inf, inf, inf, inf, inf, inf, inf, inf, inf, inf, inf, inf, inf, inf, inf, inf, inf, inf, inf, inf, inf, inf, inf, inf, inf, inf, inf, inf, inf, inf, inf, inf, inf, inf, inf, inf, inf, inf, inf, inf, inf, inf, inf, inf, inf, inf, inf, inf, inf, inf, inf, inf, inf, inf, inf, inf, inf, inf, inf, inf, inf, inf, inf, inf, inf, inf, inf, inf, inf, inf, inf, inf, inf, inf, inf, inf, inf, inf, inf, inf, inf, inf, inf, inf, inf, inf, inf, inf, inf, inf, inf, inf, inf, inf, inf, inf, inf, inf, inf, inf, inf, inf, inf, inf, inf, inf, inf, inf, 3.2147774696350098, 3.1488020420074463, 3.0843613147735596, 3.041019916534424, 2.984776258468628, 2.946291208267212, 2.874359607696533, 2.8442587852478027, 2.7981579303741455, 2.771388530731201, 2.7352662086486816, 2.697660207748413, 2.6664116382598877, 2.6274373531341553, 2.581552267074585, 2.556957960128784, 2.539397954940796, 2.5103015899658203, 2.488414764404297, 2.4587724208831787, 2.4407894611358643, 2.413325786590576, 2.377408027648926, 2.371245861053467, 2.353898763656616, 2.345794677734375, 2.3367254734039307, 2.2997992038726807, 2.2710187435150146, 2.2792749404907227, 2.2637884616851807, 2.2453205585479736, 2.2460145950317383, 2.2153265476226807, 2.204176187515259, 2.207034111022949, 2.187436819076538, 2.187448740005493, 2.1742217540740967, 2.1576414108276367, 2.1595287322998047, 2.1588797569274902, 2.1554815769195557, 2.1724493503570557, 2.1548609733581543, 2.1511621475219727, 2.1363911628723145, 2.1579642295837402, 2.1264538764953613, 2.150242805480957, 2.1347410678863525, 2.1356029510498047, 2.139141082763672, 2.1375303268432617, 2.1652469635009766, 2.1711504459381104, 2.1648988723754883, 2.168928384780884, 2.1833839416503906, 2.158154010772705, 2.197366237640381, 2.185584545135498, 2.2038662433624268, 2.2224771976470947, 2.2279763221740723, 2.2496888637542725, 2.2470896244049072, 2.260127305984497, 2.2810728549957275, 2.301931381225586, 2.3107492923736572, 2.3434994220733643, 2.334343910217285, 2.371889352798462, 2.3799068927764893, 2.410480260848999, 2.4408812522888184, 2.4384827613830566, 2.4821391105651855, 2.509561777114868, 2.5328691005706787, 2.5522994995117188, 2.589177370071411, 2.6337175369262695, 2.6677310466766357]),0.01749303564429283,3390191000000,
array('f', [2.6890435218811035, 2.7226004600524902, 2.7825069427490234, 2.8271424770355225, 2.869649887084961, 2.905918598175049, 2.9491000175476074, 3.011573076248169, 3.076655387878418, 3.1347005367279053, 3.196928024291992, 3.243246555328369, 3.3178441524505615, 3.341972827911377, 3.297443389892578, 3.2513134479522705, 3.228588104248047, 3.183065176010132, 3.147167682647705, 3.095810651779175, 3.0750460624694824, 3.048769235610962, 3.0169944763183594, 2.9869301319122314, 2.9626224040985107, 2.9095706939697266, 2.9031906127929688, 2.8684659004211426, 2.8626184463500977, 2.842092990875244, 2.816572666168213, 2.798452377319336, 2.766716957092285, 2.765249252319336, 2.734440326690674, 2.74228572845459, 2.731220245361328, 2.6897778511047363, 2.690561294555664, 2.679490327835083, 2.6576449871063232, 2.6537930965423584, 2.6614456176757812, 2.6278741359710693, 2.6534249782562256, 2.635493278503418, 2.641371726989746, 2.6318588256835938, 2.6268327236175537, 2.6139814853668213, 2.610034465789795, 2.6269352436065674, 2.6338653564453125, 2.609553575515747, 2.6373767852783203, 2.621109962463379, 2.631094455718994, 2.639315605163574, 2.6434242725372314, 2.634136438369751, 2.6498451232910156, 2.6651055812835693, 2.6777048110961914, 2.6970181465148926, 2.677839517593384, 2.716444253921509, 2.708684206008911, 2.727357864379883, 2.7403860092163086, 2.761559247970581, 2.7757062911987305, 2.7815287113189697, 2.7988932132720947, 2.8096604347229004, 2.847400188446045, 2.8498339653015137, inf, inf, inf, inf, inf, inf, inf, inf, inf, inf, inf, inf, 3.4348020553588867, 3.3541066646575928, 3.361104965209961, 3.417750358581543, 3.461963176727295, inf, inf, inf, inf, inf, inf, inf, inf, inf, inf, inf, inf, inf, inf, inf, inf, inf, inf, inf, inf, inf, inf, inf, inf, inf, inf, inf, inf, inf, inf, inf, inf, inf, inf, inf, inf, inf, inf, inf, inf, inf, inf, inf, inf, inf, inf, inf, inf, inf, inf, inf, inf, inf, inf, inf, inf, inf, inf, inf, inf, inf, inf, inf, inf, inf, inf, inf, inf, inf, inf, inf, inf, inf, inf, inf, inf, inf, inf, inf, inf, inf, inf, inf, inf, inf, inf, inf, inf, inf, inf, inf, inf, inf, inf, inf, inf, inf, inf, inf, inf, inf, inf, inf, inf, inf, inf, inf, inf, inf, inf, inf, inf, inf, inf, inf, inf, inf, inf, inf, inf, inf, inf, inf, inf, inf, inf, inf, inf, inf, inf, inf, inf, inf, inf, inf, inf, inf, inf, inf, inf, inf, inf, inf, inf, inf, inf, inf, inf, inf, inf, inf, inf, inf, inf, inf, inf, inf, inf, inf, inf, inf, inf, inf, inf, inf, inf, inf, inf, inf, inf, inf, inf, inf, inf, inf, inf, inf, inf, inf, 3.230729579925537, 3.152491569519043, 3.0762674808502197, 3.018030881881714, 2.979844570159912, 2.9347457885742188, 2.891453504562378, 2.8234734535217285, 2.8066561222076416, 2.7465057373046875, 2.6908020973205566, 2.6733646392822266, 2.653933525085449, 2.6047394275665283, 2.5679051876068115, 2.5497143268585205, 2.509467363357544, 2.4763309955596924, 2.452158212661743, 2.436061382293701, 2.4148151874542236, 2.3867132663726807, 2.3653547763824463, 2.341296434402466, 2.3319039344787598, 2.308018445968628, 2.287684679031372, 2.255887985229492, 2.266970157623291, 2.238457441329956, 2.2397406101226807, 2.2299957275390625, 2.206238031387329, 2.1967549324035645, 2.1696298122406006, 2.1894853115081787, 2.1635310649871826, 2.1880385875701904, 2.12766432762146, 2.1439151763916016, 2.130532741546631, 2.1310601234436035, 2.1215853691101074, 2.1299567222595215, 2.112041711807251, 2.129544496536255, 2.1034982204437256, 2.114603042602539, 2.113623857498169, 2.086925506591797, 2.118675708770752, 2.1122944355010986, 2.116654634475708, 2.1206793785095215, 2.1229734420776367, 2.097086191177368, 2.143038272857666, 2.1414692401885986, 2.1255877017974854, 2.139394760131836, 2.145594596862793, 2.1771273612976074, 2.1451356410980225, 2.1728036403656006, 2.197162628173828, 2.218179702758789, 2.220642328262329, 2.234142303466797, 2.2514736652374268, 2.2338674068450928, 2.2673256397247314, 2.281755208969116, 2.2759218215942383, 2.312243700027466, 2.342891216278076, 2.3514554500579834, 2.3873226642608643, 2.385181188583374, 2.4136247634887695, 2.4297657012939453, 2.474806785583496, 2.509783983230591, 2.5215680599212646, 2.551150321960449, 2.572096824645996, 2.633251428604126, 2.6515870094299316, 2.6954469680786133]),0.01749303564429283,3390391000000,
array('f', [2.7455785274505615, 2.7799768447875977, 2.819350004196167, 2.874765157699585, 2.9256691932678223, 2.9912121295928955, 3.034212112426758, 3.0792648792266846, 3.1628177165985107, 3.2408246994018555, 3.296860456466675, 3.3026418685913086, 3.260535955429077, 3.2091734409332275, 3.166585683822632, 3.158051013946533, 3.100464105606079, 3.0680274963378906, 3.0385971069335938, 2.9990298748016357, 2.9664578437805176, 2.946988821029663, 2.8975589275360107, 2.892164707183838, 2.856279134750366, 2.8459503650665283, 2.822359085083008, 2.7986719608306885, 2.772433042526245, 2.770900249481201, 2.7492802143096924, 2.7486703395843506, 2.724821090698242, 2.682300567626953, 2.6656579971313477, 2.6735801696777344, 2.6402587890625, 2.655393123626709, 2.6367685794830322, 2.628952980041504, 2.621319055557251, 2.62741756439209, 2.642225980758667, 2.6201395988464355, 2.613661050796509, 2.597127676010132, 2.591087579727173, 2.591082811355591, 2.5997774600982666, 2.6021568775177, 2.589236259460449, 2.5866219997406006, 2.604215145111084, 2.6065871715545654, 2.6158816814422607, 2.6081013679504395, 2.6036250591278076, 2.61877703666687, 2.6385252475738525, 2.6422109603881836, 2.6373658180236816, 2.659156084060669, 2.6417009830474854, 2.6684582233428955, 2.68131685256958, 2.6936302185058594, 2.720613718032837, 2.710441827774048, 2.7447094917297363, 2.7606310844421387, 2.778169870376587, 2.8062937259674072, 2.831597328186035, 2.8566389083862305, inf, inf, inf, inf, inf, inf, inf, inf, inf, inf, inf, inf, inf, 3.381117105484009, 3.3354294300079346, 3.39833927154541, 3.4561967849731445, 3.4989123344421387, inf, inf, inf, inf, inf, inf, inf, inf, inf, inf, inf, inf, inf, inf, inf, inf, inf, inf, inf, inf, inf, inf, inf, inf, inf, inf, inf, inf, inf, inf, inf, inf, inf, inf, inf, inf, inf, inf, inf, inf, inf, inf, inf, inf, inf, inf, inf, inf, inf, inf, inf, inf, inf, inf, inf, inf, inf, inf, inf, inf, inf, inf, inf, inf, inf, inf, inf, inf, inf, inf, inf, inf, inf, inf, inf, inf, inf, inf, inf, inf, inf, inf, inf, inf, inf, inf, inf, inf, inf, inf, inf, inf, inf, inf, inf, inf, inf, inf, inf, inf, inf, inf, inf, inf, inf, inf, inf, inf, inf, inf, inf, inf, inf, inf, inf, inf, inf, inf, inf, inf, inf, inf, inf, inf, inf, inf, inf, inf, inf, inf, inf, inf, inf, inf, inf, inf, inf, inf, inf, inf, inf, inf, inf, inf, inf, inf, inf, inf, inf, inf, inf, inf, inf, inf, inf, inf, inf, inf, inf, inf, inf, inf, inf, inf, inf, inf, inf, inf, inf, inf, inf, inf, inf, inf, inf, inf, inf, 3.2170042991638184, 3.139091730117798, 3.063062906265259, 3.0195152759552, 2.963010549545288, 2.909975051879883, 2.848647117614746, 2.8300318717956543, 2.764538288116455, 2.743511915206909, 2.700186252593994, 2.6722943782806396, 2.637655019760132, 2.584777355194092, 2.5548062324523926, 2.5100364685058594, 2.5050079822540283, 2.469916820526123, 2.4472455978393555, 2.41861891746521, 2.3951234817504883, 2.3671700954437256, 2.3301684856414795, 2.3213798999786377, 2.298147678375244, 2.2868595123291016, 2.266785144805908, 2.2495784759521484, 2.2258074283599854, 2.219825029373169, 2.2203736305236816, 2.182561159133911, 2.1840248107910156, 2.163163423538208, 2.1690750122070312, 2.1471986770629883, 2.1317310333251953, 2.128654718399048, 2.127761125564575, 2.1077072620391846, 2.1263961791992188, 2.1069371700286865, 2.084505796432495, 2.0834686756134033, 2.0840835571289062, 2.084845542907715, 2.089660882949829, 2.0769121646881104, 2.056426763534546, 2.1012017726898193, 2.081455707550049, 2.078329563140869, 2.0855727195739746, 2.0973031520843506, 2.0827903747558594, 2.082528829574585, 2.100327491760254, 2.0762548446655273, 2.12191104888916, 2.1164567470550537, 2.119009256362915, 2.127359628677368, 2.102159261703491, 2.1436030864715576, 2.1650049686431885, 2.1502795219421387, 2.1617376804351807, 2.1920111179351807, 2.1842126846313477, 2.206111431121826, 2.2007968425750732, 2.241685152053833, 2.2372477054595947, 2.2653965950012207, 2.2769367694854736, 2.301483631134033, 2.316494941711426, 2.321324348449707, 2.385669708251953, 2.3872475624084473, 2.4213876724243164, 2.4532015323638916, 2.462921380996704, 2.4914026260375977, 2.5124800205230713, 2.575780153274536, 2.589317798614502, 2.6388120651245117, 2.6502439975738525, 2.7057242393493652, 2.74727463722229]),0.01749303564429283,3390591000000,
array('f', [2.7980525493621826, 2.854339122772217, 2.8816094398498535, 2.9413645267486572, 3.0206339359283447, 3.0463666915893555, 3.1287989616394043, 3.1883482933044434, 3.26943039894104, 3.2527754306793213, 3.223896026611328, 3.1775283813476562, 3.1257212162017822, 3.100973606109619, 3.073418378829956, 3.0160138607025146, 2.981717109680176, 2.974513053894043, 2.929072141647339, 2.905954599380493, 2.8754749298095703, 2.8695805072784424, 2.8318135738372803, 2.8175551891326904, 2.8033952713012695, 2.757878541946411, 2.7625906467437744, 2.719217300415039, 2.7229747772216797, 2.700277805328369, 2.6874523162841797, 2.6751418113708496, 2.667004108428955, 2.643970012664795, 2.6197452545166016, 2.6303844451904297, 2.6281278133392334, 2.6087453365325928, 2.5909996032714844, 2.588465690612793, 2.5908241271972656, 2.5932183265686035, 2.5850846767425537, 2.5630061626434326, 2.575899600982666, 2.562089681625366, 2.5781209468841553, 2.5819106101989746, 2.567780017852783, 2.5637693405151367, 2.5719308853149414, 2.5866355895996094, 2.5873525142669678, 2.5875768661499023, 2.582963466644287, 2.5890040397644043, 2.597611904144287, 2.6056957244873047, 2.6121230125427246, 2.632450819015503, 2.63521409034729, 2.6470179557800293, 2.6424496173858643, 2.6735873222351074, 2.686944007873535, 2.7050719261169434, 2.718942165374756, 2.731597661972046, 2.752183437347412, 2.771435022354126, 2.7784926891326904, 2.8176183700561523, 2.846705198287964, inf, inf, inf, inf, inf, inf, inf, inf, inf, inf, inf, inf, 3.4086246490478516, 3.3474652767181396, 3.3844430446624756, 3.4248626232147217, 3.4579272270202637, inf, inf, inf, inf, inf, inf, inf, inf, inf, inf, inf, inf, inf, inf, inf, inf, inf, inf, inf, inf, inf, inf, inf, inf, inf, inf, inf, inf, inf, inf, inf, inf, inf, inf, inf, inf, inf, inf, inf, inf, inf, inf, inf, inf, inf, inf, inf, inf, inf, inf, inf, inf, inf, inf, inf, inf, inf, inf, inf, inf, inf, inf, inf, inf, inf, inf, inf, inf, inf, inf, inf, inf, inf, inf, inf, inf, inf, inf, inf, inf, inf, inf, inf, inf, inf, inf, inf, inf, inf, inf, inf, inf, inf, inf, inf, inf, inf, inf, inf, inf, inf, inf, inf, inf, inf, inf, inf, inf, inf, inf, inf, inf, inf, inf, inf, inf, inf, inf, inf, inf, inf, inf, inf, inf, inf, inf, inf, inf, inf, inf, inf, inf, inf, inf, inf, inf, inf, inf, inf, inf, inf, inf, inf, inf, inf, inf, inf, inf, inf, inf, inf, inf, inf, inf, inf, inf, inf, inf, inf, inf, inf, inf, inf, inf, inf, inf, inf, inf, inf, inf, inf, inf, inf, inf, inf, inf, 3.205994129180908, 3.128293752670288, 3.0830397605895996, 2.9996554851531982, 2.955327033996582, 2.9017961025238037, 2.8434629440307617, 2.8104522228240967, 2.7625744342803955, 2.729449510574341, 2.6962473392486572, 2.652066707611084, 2.5936195850372314, 2.56598162651062, 2.5461418628692627, 2.5122454166412354, 2.454850912094116, 2.452694892883301, 2.4326112270355225, 2.396038293838501, 2.375440835952759, 2.3405063152313232, 2.324225664138794, 2.28403639793396, 2.2746200561523438, 2.2512731552124023, 2.2404892444610596, 2.2253527641296387, 2.214301586151123, 2.1993978023529053, 2.1965084075927734, 2.167477607727051, 2.1783313751220703, 2.141422748565674, 2.125201940536499, 2.1142406463623047, 2.119032144546509, 2.106311798095703, 2.070168972015381, 2.0759854316711426, 2.063866138458252, 2.0564568042755127, 2.0688693523406982, 2.067729949951172, 2.0545308589935303, 2.071162462234497, 2.046658754348755, 2.051394462585449, 2.037639617919922, 2.04414963722229, 2.0337321758270264, 2.0604257583618164, 2.0703046321868896, 2.0289759635925293, 2.039794445037842, 2.04660701751709, 2.06169056892395, 2.067277431488037, 2.0518901348114014, 2.064826726913452, 2.073431968688965, 2.091881513595581, 2.0891788005828857, 2.0999879837036133, 2.1021904945373535, 2.1065218448638916, 2.1356115341186523, 2.141321897506714, 2.1535916328430176, 2.16212797164917, 2.1856422424316406, 2.1864688396453857, 2.2124977111816406, 2.233771562576294, 2.2481143474578857, 2.2634801864624023, 2.28348708152771, 2.2819876670837402, 2.2934749126434326, 2.3401951789855957, 2.357053518295288, 2.3872299194335938, 2.4067108631134033, 2.439173698425293, 2.4780831336975098, 2.511340379714966, 2.512953281402588, 2.5592823028564453, 2.606186866760254, 2.627770185470581, 2.6791276931762695, 2.6981735229492188, 2.755202054977417, 2.8003807067871094]),0.01749303564429283,3390791000000,
array('f', [2.8760697841644287, 2.887193202972412, 2.9781062602996826, 3.038990020751953, 3.1058151721954346, 3.1664376258850098, 3.2263197898864746, 3.2068710327148438, 3.17736554145813, 3.131833553314209, 3.0975873470306396, 3.0383872985839844, 3.0078604221343994, 2.987966299057007, 2.958676815032959, 2.9129371643066406, 2.890611171722412, 2.859438180923462, 2.833390951156616, 2.8138628005981445, 2.821002721786499, 2.7897276878356934, 2.7451131343841553, 2.7429327964782715, 2.6890103816986084, 2.6798794269561768, 2.6866469383239746, 2.6649363040924072, 2.660698175430298, 2.642540454864502, 2.6319754123687744, 2.6187939643859863, 2.6118319034576416, 2.5803771018981934, 2.6057558059692383, 2.5794639587402344, 2.5748655796051025, 2.5684733390808105, 2.5689280033111572, 2.5536012649536133, 2.536587953567505, 2.552320957183838, 2.5293636322021484, 2.536219596862793, 2.5354092121124268, 2.537721872329712, 2.53037428855896, 2.560554265975952, 2.5492892265319824, 2.539236068725586, 2.570435047149658, 2.5379104614257812, 2.5745668411254883, 2.5657410621643066, 2.5670104026794434, 2.587247848510742, 2.5956289768218994, 2.5745139122009277, 2.6245455741882324, 2.635258197784424, 2.6392295360565186, 2.655266046524048, 2.666592597961426, 2.674057960510254, 2.7111399173736572, 2.698951482772827, 2.7179110050201416, 2.7653698921203613, 2.7684662342071533, 2.782045841217041, 2.8278648853302, inf, inf, inf, inf, inf, inf, inf, inf, inf, inf, inf, inf, inf, 3.3776652812957764, 3.3639304637908936, 3.398869037628174, 3.451228380203247, inf, inf, inf, inf, inf, inf, inf, inf, inf, inf, inf, inf, inf, inf, inf, inf, inf, inf, inf, inf, inf, inf, inf, inf, inf, inf, inf, inf, inf, inf, inf, inf, inf, inf, inf, inf, inf, inf, inf, inf, inf, inf, inf, inf, inf, inf, inf, inf, inf, inf, inf, inf, inf, inf, inf, inf, inf, inf, inf, inf, inf, inf, inf, inf, inf, inf, inf, inf, inf, inf, inf, inf, inf, inf, inf, inf, inf, inf, inf, inf, inf, inf, inf, inf, inf, inf, inf, inf, inf, inf, inf, inf, inf, inf, inf, inf, inf, inf, inf, inf, inf, inf, inf, inf, inf, inf, inf, inf, inf, inf, inf, inf, inf, inf, inf, inf, inf, inf, inf, inf, inf, inf, inf, inf, inf, inf, inf, inf, inf, inf, inf, inf, inf, inf, inf, inf, inf, inf, inf, inf, inf, inf, inf, inf, inf, inf, inf, inf, inf, inf, inf, inf, inf, inf, inf, inf, inf, inf, inf, inf, inf, inf, inf, inf, inf, inf, inf, inf, inf, inf, inf, inf, inf, inf, inf, 3.199648141860962, 3.1353671550750732, 3.074899673461914, 3.0149407386779785, 2.9497945308685303, 2.893761157989502, 2.8453409671783447, 2.8155884742736816, 2.7448794841766357, 2.7163805961608887, 2.6460258960723877, 2.6398274898529053, 2.6046197414398193, 2.5524942874908447, 2.5021891593933105, 2.4730823040008545, 2.4616053104400635, 2.4146742820739746, 2.382582187652588, 2.373690366744995, 2.3412623405456543, 2.3276546001434326, 2.307918071746826, 2.2873947620391846, 2.259227991104126, 2.24802303314209, 2.2352774143218994, 2.2076404094696045, 2.1885898113250732, 2.1639420986175537, 2.1572184562683105, 2.1476821899414062, 2.142940044403076, 2.1198041439056396, 2.114556074142456, 2.0998306274414062, 2.089850425720215, 2.080944776535034, 2.0894415378570557, 2.0303738117218018, 2.052095413208008, 2.019554376602173, 2.0307672023773193, 2.0166969299316406, 2.0313527584075928, 2.0362508296966553, 2.0139880180358887, 2.0042717456817627, 2.0192174911499023, 2.0217063426971436, 2.017148971557617, 2.00886869430542, 2.020859718322754, 2.009310007095337, 2.003185749053955, 2.0330374240875244, 2.0102181434631348, 2.0304324626922607, 2.0254781246185303, 2.0436604022979736, 2.0382883548736572, 2.0606892108917236, 2.049091100692749, 2.056466579437256, 2.070906162261963, 2.106318473815918, 2.0837132930755615, 2.087608575820923, 2.11523175239563, 2.1121022701263428, 2.1327693462371826, 2.1580121517181396, 2.141639471054077, 2.178407907485962, 2.1778507232666016, 2.1929099559783936, 2.227560043334961, 2.2335994243621826, 2.2743642330169678, 2.2922112941741943, 2.3129754066467285, 2.3393542766571045, 2.379823923110962, 2.4016199111938477, 2.4133834838867188, 2.4359288215637207, 2.458897352218628, 2.4832310676574707, 2.532622814178467, 2.565525770187378, 2.6016530990600586, 2.6397929191589355, 2.678849935531616, 2.726675510406494, 2.7738113403320312, 2.820807695388794, 2.874483585357666]),0.01749303564429283,3390991000000,
array('f', [2.9361352920532227, 3.007685422897339, 3.056711196899414, 3.1505894660949707, 3.1991219520568848, 3.1465044021606445, 3.1267805099487305, 3.0833027362823486, 3.0492982864379883, 3.004686117172241, 2.9606401920318604, 2.9138476848602295, 2.90439772605896, 2.877671957015991, 2.840341806411743, 2.827813148498535, 2.792809247970581, 2.755932569503784, 2.747586965560913, 2.723655939102173, 2.705549955368042, 2.6783766746520996, 2.6736624240875244, 2.6426217555999756, 2.6395554542541504, 2.62326979637146, 2.6220407485961914, 2.6183114051818848, 2.5936222076416016, 2.5589869022369385, 2.5753257274627686, 2.560605764389038, 2.5458903312683105, 2.549456834793091, 2.5335612297058105, 2.5209832191467285, 2.5183892250061035, 2.526851177215576, 2.5234594345092773, 2.51895809173584, 2.5072178840637207, 2.5080742835998535, 2.512652635574341, 2.5087785720825195, 2.506836175918579, 2.4997870922088623, 2.515463352203369, 2.502403974533081, 2.525656223297119, 2.5237109661102295, 2.5402207374572754, 2.532456874847412, 2.5303938388824463, 2.5455145835876465, 2.5736098289489746, 2.557684898376465, 2.5976455211639404, 2.577946186065674, 2.622352361679077, 2.625645160675049, 2.6231415271759033, 2.633727550506592, 2.6784424781799316, 2.6872401237487793, 2.6850292682647705, 2.716284990310669, 2.731478214263916, 2.781606912612915, 2.7835328578948975, 2.8170719146728516, inf, inf, inf, inf, inf, inf, inf, inf, inf, inf, inf, inf, 3.404672145843506, 3.331717014312744, 3.362675428390503, 3.4347305297851562, 3.473653793334961, inf, inf, inf, inf, inf, inf, inf, inf, inf, inf, inf, inf, inf, inf, inf, inf, inf, inf, inf, inf, inf, inf, inf, inf, inf, inf, inf, inf, inf, inf, inf, inf, inf, inf, inf, inf, inf, inf, inf, inf, inf, inf, inf, inf, inf, inf, inf, inf, inf, inf, inf, inf, inf, inf, inf, inf, inf, inf, inf, inf, inf, inf, inf, inf, inf, inf, inf, inf, inf, inf, inf, inf, inf, inf, inf, inf, inf, inf, inf, inf, inf, inf, inf, inf, inf, inf, inf, inf, inf, inf, inf, inf, inf, inf, inf, inf, inf, inf, inf, inf, inf, inf, inf, inf, inf, inf, inf, inf, inf, inf, inf, inf, inf, inf, inf, inf, inf, inf, inf, inf, inf, inf, inf, inf, inf, inf, inf, inf, inf, inf, inf, inf, inf, inf, inf, inf, inf, inf, inf, inf, inf, inf, inf, inf, inf, inf, inf, inf, inf, inf, inf, inf, inf, inf, inf, inf, inf, inf, inf, inf, inf, inf, inf, inf, inf, inf, inf, inf, inf, inf, inf, inf, inf, 3.2042396068573, 3.130638599395752, 3.0728883743286133, 3.020031213760376, 2.93184757232666, 2.912813186645508, 2.8509926795959473, 2.7988414764404297, 2.750868082046509, 2.6950833797454834, 2.6786224842071533, 2.620584726333618, 2.582470417022705, 2.5344347953796387, 2.511410713195801, 2.4760935306549072, 2.462675094604492, 2.417442560195923, 2.3712077140808105, 2.3401732444763184, 2.320417881011963, 2.305713176727295, 2.3001160621643066, 2.262831926345825, 2.232281446456909, 2.2204339504241943, 2.1914680004119873, 2.165597677230835, 2.1491663455963135, 2.1484079360961914, 2.128319025039673, 2.1179232597351074, 2.124206066131592, 2.1106674671173096, 2.0866880416870117, 2.065981864929199, 2.0661652088165283, 2.0431406497955322, 2.047424077987671, 2.0161571502685547, 2.0340681076049805, 1.999691367149353, 2.005733013153076, 2.0183844566345215, 2.0027048587799072, 1.99335515499115, 1.9992268085479736, 1.9858956336975098, 1.998824119567871, 1.9710527658462524, 1.9868792295455933, 1.9801565408706665, 1.9672974348068237, 1.9957237243652344, 1.983578085899353, 1.977872371673584, 1.9933329820632935, 1.9942080974578857, 2.0144827365875244, 2.003965377807617, 2.022439479827881, 2.0074620246887207, 2.0073981285095215, 2.042555570602417, 2.033428907394409, 2.042278289794922, 2.0517687797546387, 2.049046516418457, 2.056305408477783, 2.102220058441162, 2.08418607711792, 2.112893581390381, 2.1266086101531982, 2.129426956176758, 2.1483428478240967, 2.1712567806243896, 2.1880931854248047, 2.1930394172668457, 2.2077531814575195, 2.2391648292541504, 2.2671048641204834, 2.2766573429107666, 2.3114705085754395, 2.311683177947998, 2.3552913665771484, 2.3733198642730713, 2.407467842102051, 2.4355127811431885, 2.456827402114868, 2.519551992416382, 2.5453553199768066, 2.5723581314086914, 2.6125712394714355, 2.6520068645477295, 2.692847490310669, 2.727522373199463, 2.7838199138641357, 2.8310630321502686, 2.884671449661255, 2.956571340560913]),0.01749303564429283,3391191000000,
array('f', [3.028635263442993, 3.107391834259033, 3.15429425239563, 3.1087646484375, 3.0671169757843018, 3.0313732624053955, 2.9626359939575195, 2.9556374549865723, 2.9247050285339355, 2.8889400959014893, 2.8563055992126465, 2.841817617416382, 2.813676118850708, 2.7881031036376953, 2.7650318145751953, 2.7259578704833984, 2.703406572341919, 2.6916801929473877, 2.6765193939208984, 2.6491990089416504, 2.632207155227661, 2.634450674057007, 2.596296787261963, 2.5968427658081055, 2.5933914184570312, 2.5731306076049805, 2.558448314666748, 2.5394182205200195, 2.5307676792144775, 2.531487464904785, 2.5115416049957275, 2.5133466720581055, 2.500645160675049, 2.476809501647949, 2.485546350479126, 2.475978374481201, 2.4900920391082764, 2.4943549633026123, 2.4772403240203857, 2.476637363433838, 2.467599391937256, 2.490020275115967, 2.4913856983184814, 2.4981095790863037, 2.46927547454834, 2.4855568408966064, 2.4778478145599365, 2.493921995162964, 2.499471664428711, 2.5009119510650635, 2.515960693359375, 2.524975061416626, 2.5351402759552, 2.557568311691284, 2.5523483753204346, 2.5688178539276123, 2.5762338638305664, 2.600910186767578, 2.5938267707824707, 2.6288084983825684, 2.62746000289917, 2.6593616008758545, 2.6685354709625244, 2.6851747035980225, 2.708249092102051, 2.7220585346221924, 2.765664577484131, 2.792310953140259, inf, inf, inf, inf, inf, inf, inf, inf, inf, inf, inf, inf, 3.429969549179077, 3.3648688793182373, 3.339806079864502, 3.4194581508636475, 3.4689600467681885, inf, inf, inf, inf, inf, inf, inf, inf, inf, inf, inf, inf, inf, inf, inf, inf, inf, inf, inf, inf, inf, inf, inf, inf, inf, inf, inf, inf, inf, inf, inf, inf, inf, inf, inf, inf, inf, inf, inf, inf, inf, inf, inf, inf, inf, inf, inf, inf, inf, inf, inf, inf, inf, inf, inf, inf, inf, inf, inf, inf, inf, inf, inf, inf, inf, inf, inf, inf, inf, inf, inf, inf, inf, inf, inf, inf, inf, inf, inf, inf, inf, inf, inf, inf, inf, inf, inf, inf, inf, inf, inf, inf, inf, inf, inf, inf, inf, inf, inf, inf, inf, inf, inf, inf, inf, inf, inf, inf, inf, inf, inf, inf, inf, inf, inf, inf, inf, inf, inf, inf, inf, inf, inf, inf, inf, inf, inf, inf, inf, inf, inf, inf, inf, inf, inf, inf, inf, inf, inf, inf, inf, inf, inf, inf, inf, inf, inf, inf, inf, inf, inf, inf, inf, inf, inf, inf, inf, inf, inf, inf, inf, inf, inf, inf, inf, inf, inf, inf, inf, inf, inf, inf, 3.211890697479248, 3.144430160522461, 3.0488240718841553, 2.993244171142578, 2.9284324645996094, 2.886211633682251, 2.8291373252868652, 2.7836854457855225, 2.732034206390381, 2.6958858966827393, 2.6514060497283936, 2.6147615909576416, 2.5675058364868164, 2.5393447875976562, 2.481102228164673, 2.4660613536834717, 2.445028305053711, 2.3885889053344727, 2.378713607788086, 2.339755058288574, 2.3240747451782227, 2.3011679649353027, 2.25164532661438, 2.25089693069458, 2.23470139503479, 2.1764166355133057, 2.181868076324463, 2.1540567874908447, 2.142540693283081, 2.1068344116210938, 2.1103177070617676, 2.0842652320861816, 2.0926992893218994, 2.0585684776306152, 2.070152521133423, 2.0470876693725586, 2.044111490249634, 2.0222349166870117, 2.018869161605835, 1.9947367906570435, 2.0112006664276123, 2.001758337020874, 1.994429111480713, 1.9884040355682373, 1.9869294166564941, 1.9713468551635742, 1.969022274017334, 1.9661741256713867, 1.9646787643432617, 1.951130986213684, 1.9547455310821533, 1.9457377195358276, 1.9597848653793335, 1.9570581912994385, 1.9536277055740356, 1.9644123315811157, 1.9546867609024048, 1.9752297401428223, 1.9802896976470947, 1.976043701171875, 1.985447645187378, 1.979149341583252, 1.972609519958496, 1.9928107261657715, 1.9897220134735107, 2.003042221069336, 2.0163631439208984, 2.0067708492279053, 2.017162322998047, 2.0300986766815186, 2.043701648712158, 2.0535237789154053, 2.085247039794922, 2.08146595954895, 2.1027369499206543, 2.1143271923065186, 2.143939971923828, 2.15899395942688, 2.1646740436553955, 2.1853578090667725, 2.203646659851074, 2.2247838973999023, 2.2500569820404053, 2.2742199897766113, 2.302389621734619, 2.3019137382507324, 2.347506284713745, 2.375112295150757, 2.4226467609405518, 2.4524285793304443, 2.4635117053985596, 2.4910285472869873, 2.5467536449432373, 2.5921170711517334, 2.6284663677215576, 2.673529624938965, 2.707348346710205, 2.7309348583221436, 2.8235833644866943, 2.84683895111084, 2.9188144207000732, 2.965318202972412, 3.0254790782928467]),0.01749303564429283,3391391000000,
array('f', [3.070596218109131, 3.0494449138641357, 3.0274159908294678, 2.960519552230835, 2.936243772506714, 2.9143381118774414, 2.874251127243042, 2.849738359451294, 2.8227927684783936, 2.785701036453247, 2.7478814125061035, 2.7231223583221436, 2.705826759338379, 2.6881134510040283, 2.667811870574951, 2.663224935531616, 2.62011456489563, 2.60056471824646, 2.589899778366089, 2.5668509006500244, 2.570502281188965, 2.5364537239074707, 2.540400505065918, 2.533172845840454, 2.522376537322998, 2.497969388961792, 2.4868500232696533, 2.486257314682007, 2.482110023498535, 2.4753835201263428, 2.466294765472412, 2.480844497680664, 2.463989019393921, 2.4448482990264893, 2.4543471336364746, 2.4581525325775146, 2.4445102214813232, 2.439011335372925, 2.4408750534057617, 2.4273903369903564, 2.4429917335510254, 2.44161057472229, 2.4488918781280518, 2.448143482208252, 2.45621395111084, 2.45815110206604, 2.4670910835266113, 2.4707744121551514, 2.484607696533203, 2.480733633041382, 2.4975357055664062, 2.5140297412872314, 2.5378708839416504, 2.5507898330688477, 2.548840284347534, 2.557338237762451, 2.5619614124298096, 2.5827293395996094, 2.626020908355713, 2.632667064666748, 2.629626989364624, 2.6519947052001953, 2.676478624343872, 2.71178936958313, 2.7316102981567383, 2.7413811683654785, 2.7966082096099854, inf, inf, inf, inf, inf, inf, inf, inf, inf, inf, inf, inf, 3.354689359664917, 3.324915647506714, 3.4072635173797607, 3.4214112758636475, 3.478667974472046, inf, inf, inf, inf, inf, inf, inf, inf, inf, inf, inf, inf, inf, inf, inf, inf, inf, inf, inf, inf, inf, inf, inf, inf, inf, inf, inf, inf, inf, inf, inf, inf, inf, inf, inf, inf, inf, inf, inf, inf, inf, inf, inf, inf, inf, inf, inf, inf, inf, inf, inf, inf, inf, inf, inf, inf, inf, inf, inf, inf, inf, inf, inf, inf, inf, inf, inf, inf, inf, inf, inf, inf, inf, inf, inf, inf, inf, inf, inf, inf, inf, inf, inf, inf, inf, inf, inf, inf, inf, inf, inf, inf, inf, inf, inf, inf, inf, inf, inf, inf, inf, inf, inf, inf, inf, inf, inf, inf, inf, inf, inf, inf, inf, inf, inf, inf, inf, inf, inf, inf, inf, inf, inf, inf, inf, inf, inf, inf, inf, inf, inf, inf, inf, inf, inf, inf, inf, inf, inf, inf, inf, inf, inf, inf, inf, inf, inf, inf, inf, inf, inf, inf, inf, inf, inf, inf, inf, inf, inf, inf, inf, inf, inf, inf, inf, inf, inf, inf, inf, inf, 3.2146942615509033, 3.1359519958496094, 3.0771682262420654, 2.9948503971099854, 2.9360480308532715, 2.8859846591949463, 2.8162546157836914, 2.7864222526550293, 2.7330050468444824, 2.686246633529663, 2.6203973293304443, 2.5977847576141357, 2.554572105407715, 2.510730028152466, 2.4699313640594482, 2.4217116832733154, 2.415843963623047, 2.3795816898345947, 2.35026478767395, 2.3185393810272217, 2.322591543197632, 2.2978501319885254, 2.2380728721618652, 2.226867437362671, 2.207606315612793, 2.190936803817749, 2.1502320766448975, 2.1321234703063965, 2.1284573078155518, 2.1026418209075928, 2.106626272201538, 2.068756580352783, 2.0552544593811035, 2.0517375469207764, 2.0329980850219727, 2.0348455905914307, 2.0178279876708984, 2.001974105834961, 1.987678050994873, 1.9987740516662598, 1.9867253303527832, 1.9916746616363525, 1.9557462930679321, 1.9597269296646118, 1.96165931224823, 1.9300059080123901, 1.9432460069656372, 1.9405471086502075, 1.914345622062683, 1.9210087060928345, 1.920873999595642, 1.9071929454803467, 1.923579454421997, 1.9335505962371826, 1.9292407035827637, 1.9540079832077026, 1.9308174848556519, 1.9331655502319336, 1.9368607997894287, 1.941349983215332, 1.9494032859802246, 1.9314619302749634, 1.950376272201538, 1.9634063243865967, 1.9643187522888184, 1.9791315793991089, 1.9710317850112915, 1.9788179397583008, 1.985533356666565, 2.009423017501831, 2.0290277004241943, 2.0431675910949707, 2.05570912361145, 2.0552446842193604, 2.0655019283294678, 2.0677034854888916, 2.092970609664917, 2.088484764099121, 2.1177139282226562, 2.1635842323303223, 2.1530063152313232, 2.1926841735839844, 2.2042956352233887, 2.2418813705444336, 2.2423648834228516, 2.2891736030578613, 2.2912449836730957, 2.3164737224578857, 2.335739850997925, 2.3800899982452393, 2.4115068912506104, 2.4496583938598633, 2.477834701538086, 2.511392116546631, 2.5563302040100098, 2.5889148712158203, 2.624105215072632, 2.6918418407440186, 2.722223997116089, 2.7901737689971924, 2.8152472972869873, 2.8967437744140625, 2.9354922771453857, 3.0019783973693848, 3.0715816020965576, 3.084043502807617]),0.01749303564429283,3391591000000,
array('f', [2.955333948135376, 2.9286179542541504, 2.885493278503418, 2.8631796836853027, 2.8311893939971924, 2.78600811958313, 2.768242597579956, 2.7375028133392334, 2.722773790359497, 2.6921186447143555, 2.681680679321289, 2.6328728199005127, 2.6191680431365967, 2.5846059322357178, 2.5853090286254883, 2.5733723640441895, 2.5432538986206055, 2.5443058013916016, 2.5295212268829346, 2.495164155960083, 2.4975664615631104, 2.478577136993408, 2.4899885654449463, 2.459700107574463, 2.448896646499634, 2.4365427494049072, 2.4452645778656006, 2.433897018432617, 2.432114601135254, 2.4274489879608154, 2.4199368953704834, 2.4180424213409424, 2.41080379486084, 2.420776605606079, 2.405146837234497, 2.413612127304077, 2.388458251953125, 2.408057689666748, 2.3951172828674316, 2.419694423675537, 2.4196505546569824, 2.42270827293396, 2.420025110244751, 2.4320287704467773, 2.4444727897644043, 2.4306862354278564, 2.4509875774383545, 2.4657015800476074, 2.4606387615203857, 2.474144458770752, 2.485591173171997, 2.489158868789673, 2.5022177696228027, 2.535557746887207, 2.551929235458374, 2.552314281463623, 2.5675716400146484, 2.6043663024902344, 2.59700608253479, 2.6276323795318604, 2.644623279571533, 2.6791458129882812, 2.7192115783691406, 2.7184770107269287, 2.7474400997161865, inf, inf, inf, inf, inf, inf, inf, inf, inf, inf, inf, inf, 3.412742853164673, 3.335888624191284, 3.3370704650878906, 3.3975770473480225, 3.4450340270996094, inf, inf, inf, inf, inf, inf, inf, inf, inf, inf, inf, inf, inf, inf, inf, inf, inf, inf, inf, inf, inf, inf, inf, inf, inf, inf, inf, inf, inf, inf, inf, inf, inf, inf, inf, inf, inf, inf, inf, inf, inf, inf, inf, inf, inf, inf, inf, inf, inf, inf, inf, inf, inf, inf, inf, inf, inf, inf, inf, inf, inf, inf, inf, inf, inf, inf, inf, inf, inf, inf, inf, inf, inf, inf, inf, inf, inf, inf, inf, inf, inf, inf, inf, inf, inf, inf, inf, inf, inf, inf, inf, inf, inf, inf, inf, inf, inf, inf, inf, inf, inf, inf, inf, inf, inf, inf, inf, inf, inf, inf, inf, inf, inf, inf, inf, inf, inf, inf, inf, inf, inf, inf, inf, inf, inf, inf, inf, inf, inf, inf, inf, inf, inf, inf, inf, inf, inf, inf, inf, inf, inf, inf, inf, inf, inf, inf, inf, inf, inf, inf, inf, inf, inf, inf, inf, inf, inf, inf, inf, inf, inf, inf, inf, inf, inf, inf, inf, inf, inf, 3.239565849304199, 3.127640962600708, 3.0736889839172363, 2.9982290267944336, 2.9544730186462402, 2.871748208999634, 2.8191726207733154, 2.7609639167785645, 2.733668327331543, 2.671879768371582, 2.6427102088928223, 2.580386161804199, 2.5603623390197754, 2.500124931335449, 2.458740472793579, 2.44870924949646, 2.409355878829956, 2.355999708175659, 2.323641300201416, 2.3152239322662354, 2.2863054275512695, 2.246922492980957, 2.2392845153808594, 2.2211132049560547, 2.1755406856536865, 2.173675775527954, 2.153521776199341, 2.127504587173462, 2.1124353408813477, 2.089750051498413, 2.076781988143921, 2.0640153884887695, 2.0414743423461914, 2.0339248180389404, 2.036308765411377, 2.002131938934326, 2.0100290775299072, 1.9728537797927856, 1.988699197769165, 1.9884165525436401, 1.9568754434585571, 1.9551072120666504, 1.925270915031433, 1.9355884790420532, 1.9301066398620605, 1.9020682573318481, 1.918967604637146, 1.9046967029571533, 1.9173545837402344, 1.9046034812927246, 1.9035062789916992, 1.8903579711914062, 1.8912711143493652, 1.900038242340088, 1.9103626012802124, 1.8847013711929321, 1.9115839004516602, 1.8936206102371216, 1.8926140069961548, 1.901432752609253, 1.9204200506210327, 1.9039857387542725, 1.915295124053955, 1.9354721307754517, 1.9245351552963257, 1.9393233060836792, 1.9428890943527222, 1.948289394378662, 1.9651470184326172, 1.9712154865264893, 1.976270079612732, 1.992020606994629, 2.0012285709381104, 2.0082316398620605, 2.0077314376831055, 2.0294313430786133, 2.038069486618042, 2.069866418838501, 2.094501256942749, 2.10313081741333, 2.115917205810547, 2.159297466278076, 2.1494839191436768, 2.182882308959961, 2.2012202739715576, 2.231110095977783, 2.256645441055298, 2.263514995574951, 2.3073313236236572, 2.3315415382385254, 2.344759941101074, 2.3807802200317383, 2.4322454929351807, 2.451246738433838, 2.5031864643096924, 2.521768569946289, 2.5740373134613037, 2.5966598987579346, 2.664607524871826, 2.7084734439849854, 2.7362611293792725, 2.801462411880493, 2.877359390258789, 2.9247591495513916, 2.9974100589752197, 3.044558048248291, 3.05633282661438, 3.0052475929260254, 2.953456401824951]),0.01749303564429283,3391791000000,
array('f', [2.846651315689087, 2.796259641647339, 2.777449131011963, 2.7516918182373047, 2.7166383266448975, 2.6776883602142334, 2.6637208461761475, 2.643676280975342, 2.6283624172210693, 2.6105077266693115, 2.5731146335601807, 2.5530014038085938, 2.535583972930908, 2.5162136554718018, 2.5138115882873535, 2.4824764728546143, 2.4728496074676514, 2.483656644821167, 2.46462082862854, 2.4622225761413574, 2.4339394569396973, 2.417492628097534, 2.4036498069763184, 2.420877695083618, 2.4080586433410645, 2.4037303924560547, 2.40519642829895, 2.3801534175872803, 2.3903582096099854, 2.3745408058166504, 2.3760950565338135, 2.3701326847076416, 2.367596387863159, 2.3649017810821533, 2.3745694160461426, 2.35245680809021, 2.363102674484253, 2.3832409381866455, 2.3721354007720947, 2.3683221340179443, 2.387204885482788, 2.39756441116333, 2.4045143127441406, 2.408961057662964, 2.4173905849456787, 2.420013189315796, 2.423137903213501, 2.4594082832336426, 2.459751605987549, 2.4816081523895264, 2.4945414066314697, 2.500515937805176, 2.4900877475738525, 2.537781238555908, 2.5412790775299072, 2.5671677589416504, 2.5694844722747803, 2.6013705730438232, 2.6120104789733887, 2.623265504837036, 2.659249782562256, 2.682098627090454, 2.7049829959869385, 2.741072177886963, inf, inf, inf, inf, inf, inf, inf, inf, inf, inf, inf, inf, 3.3606150150299072, 3.296272039413452, 3.369457721710205, 3.4127063751220703, 3.4736123085021973, inf, inf, inf, inf, inf, inf, inf, inf, inf, inf, inf, inf, inf, inf, inf, inf, inf, inf, inf, inf, inf, inf, inf, inf, inf, inf, inf, inf, inf, inf, inf, inf, inf, inf, inf, inf, inf, inf, inf, inf, inf, inf, inf, inf, inf, inf, inf, inf, inf, inf, inf, inf, inf, inf, inf, inf, inf, inf, inf, inf, inf, inf, inf, inf, inf, inf, inf, inf, inf, inf, inf, inf, inf, inf, inf, inf, inf, inf, inf, inf, inf, inf, inf, inf, inf, inf, inf, inf, inf, inf, inf, inf, inf, inf, inf, inf, inf, inf, inf, inf, inf, inf, inf, inf, inf, inf, inf, inf, inf, inf, inf, inf, inf, inf, inf, inf, inf, inf, inf, inf, inf, inf, inf, inf, inf, inf, inf, inf, inf, inf, inf, inf, inf, inf, inf, inf, inf, inf, inf, inf, inf, inf, inf, inf, inf, inf, inf, inf, inf, inf, inf, inf, inf, inf, inf, inf, inf, inf, inf, inf, inf, inf, inf, inf, inf, inf, inf, 3.2288503646850586, 3.1619064807891846, 3.0786802768707275, 3.00077486038208, 2.9468986988067627, 2.8868136405944824, 2.8033814430236816, 2.7803544998168945, 2.7403571605682373, 2.672790050506592, 2.626744270324707, 2.5687050819396973, 2.5446226596832275, 2.5154435634613037, 2.4596309661865234, 2.4177215099334717, 2.401845693588257, 2.356616973876953, 2.3272156715393066, 2.2960329055786133, 2.2609176635742188, 2.2473092079162598, 2.2052438259124756, 2.19378924369812, 2.166236162185669, 2.145385503768921, 2.1309139728546143, 2.088308572769165, 2.0875141620635986, 2.0734853744506836, 2.052591562271118, 2.030927896499634, 2.032825469970703, 2.022352457046509, 2.0162911415100098, 1.9924952983856201, 1.9739198684692383, 1.9561502933502197, 1.94258451461792, 1.940132737159729, 1.9260739088058472, 1.9140347242355347, 1.9171981811523438, 1.913366675376892, 1.898409366607666, 1.9046506881713867, 1.8949230909347534, 1.889330506324768, 1.8784314393997192, 1.8747782707214355, 1.8806664943695068, 1.85193932056427, 1.8867912292480469, 1.8660974502563477, 1.894773244857788, 1.8756017684936523, 1.867031216621399, 1.876741647720337, 1.8906453847885132, 1.8879108428955078, 1.880583643913269, 1.8987284898757935, 1.8826351165771484, 1.8889693021774292, 1.899238109588623, 1.919975996017456, 1.9081697463989258, 1.9253753423690796, 1.9280678033828735, 1.9400471448898315, 1.9543031454086304, 1.9591255187988281, 1.951687216758728, 1.9816999435424805, 1.9986900091171265, 1.9872068166732788, 2.0324182510375977, 2.034343719482422, 2.0448033809661865, 2.0633108615875244, 2.0765721797943115, 2.0981228351593018, 2.105412483215332, 2.1368610858917236, 2.1490414142608643, 2.1614859104156494, 2.2308192253112793, 2.2228782176971436, 2.25528883934021, 2.286738157272339, 2.2927653789520264, 2.3315727710723877, 2.3572208881378174, 2.3872599601745605, 2.441340923309326, 2.4685206413269043, 2.494407892227173, 2.540759801864624, 2.5944573879241943, 2.640366554260254, 2.667802333831787, 2.722838878631592, 2.784274101257324, 2.8426051139831543, 2.9057631492614746, 2.9561173915863037, 3.0182571411132812, 2.9881484508514404, 2.9496283531188965, 2.9030227661132812, 2.88314151763916, 2.842780113220215]),0.01749303564429283,3391991000000,
array('f', [2.7189223766326904, 2.6885621547698975, 2.6659531593322754, 2.630593776702881, 2.625901222229004, 2.5993101596832275, 2.586392641067505, 2.568612575531006, 2.513545036315918, 2.5132033824920654, 2.51133131980896, 2.4865336418151855, 2.4823014736175537, 2.4442825317382812, 2.440646171569824, 2.4110350608825684, 2.4146556854248047, 2.3938045501708984, 2.394913673400879, 2.388699531555176, 2.3851473331451416, 2.382276773452759, 2.3561902046203613, 2.355971336364746, 2.3641200065612793, 2.3442060947418213, 2.3333237171173096, 2.3297512531280518, 2.3372654914855957, 2.347280502319336, 2.334749698638916, 2.339439630508423, 2.3294553756713867, 2.329611301422119, 2.336637020111084, 2.349654197692871, 2.353311777114868, 2.35420560836792, 2.3492679595947266, 2.3600237369537354, 2.38537859916687, 2.388179063796997, 2.363409996032715, 2.395268201828003, 2.3833210468292236, 2.414250612258911, 2.439058303833008, 2.429455518722534, 2.4573974609375, 2.4412381649017334, 2.471585750579834, 2.4838690757751465, 2.507235527038574, 2.522902250289917, 2.5396523475646973, 2.5607593059539795, 2.569207191467285, 2.6200411319732666, 2.618415594100952, 2.65474009513855, 2.681428909301758, 2.701702117919922, inf, inf, inf, inf, inf, inf, inf, inf, inf, inf, inf, inf, 3.367257595062256, 3.310795783996582, 3.316899061203003, 3.3883047103881836, 3.457709312438965, inf, inf, inf, inf, inf, inf, inf, inf, inf, inf, inf, inf, inf, inf, inf, inf, inf, inf, inf, inf, inf, inf, inf, inf, inf, inf, inf, inf, inf, inf, inf, inf, inf, inf, inf, inf, inf, inf, inf, inf, inf, inf, inf, inf, inf, inf, inf, inf, inf, inf, inf, inf, inf, inf, inf, inf, inf, inf, inf, inf, inf, inf, inf, inf, inf, inf, inf, inf, inf, inf, inf, inf, inf, inf, inf, inf, inf, inf, inf, inf, inf, inf, inf, inf, inf, inf, inf, inf, inf, inf, inf, inf, inf, inf, inf, inf, inf, inf, inf, inf, inf, inf, inf, inf, inf, inf, inf, inf, inf, inf, inf, inf, inf, inf, inf, inf, inf, inf, inf, inf, inf, inf, inf, inf, inf, inf, inf, inf, inf, inf, inf, inf, inf, inf, inf, inf, inf, inf, inf, inf, inf, inf, inf, inf, inf, inf, inf, inf, inf, inf, inf, inf, inf, inf, inf, inf, inf, inf, inf, inf, inf, inf, inf, inf, inf, inf, 3.243612766265869, 3.1565139293670654, 3.096799612045288, 3.0196967124938965, 2.9636011123657227, 2.8885281085968018, 2.8237972259521484, 2.773739814758301, 2.716479778289795, 2.669184684753418, 2.641831398010254, 2.5775277614593506, 2.541663646697998, 2.5039756298065186, 2.4619412422180176, 2.4203402996063232, 2.3889386653900146, 2.33355975151062, 2.323305368423462, 2.2646961212158203, 2.2596232891082764, 2.233767509460449, 2.197521209716797, 2.199794054031372, 2.1660680770874023, 2.1351935863494873, 2.1192479133605957, 2.1170003414154053, 2.063380241394043, 2.042046546936035, 2.0280773639678955, 2.0439882278442383, 1.9923514127731323, 1.9881458282470703, 1.9888752698898315, 1.9573945999145508, 1.9543733596801758, 1.9411057233810425, 1.9603538513183594, 1.919481635093689, 1.9120821952819824, 1.9021414518356323, 1.8982666730880737, 1.906581997871399, 1.8808128833770752, 1.8889681100845337, 1.8767160177230835, 1.8842250108718872, 1.8736274242401123, 1.856752872467041, 1.852548599243164, 1.8572108745574951, 1.8507442474365234, 1.8362808227539062, 1.8527330160140991, 1.8530628681182861, 1.8449712991714478, 1.8567335605621338, 1.8433417081832886, 1.8398385047912598, 1.8492650985717773, 1.8415117263793945, 1.8687033653259277, 1.8677513599395752, 1.8619418144226074, 1.8940975666046143, 1.8680450916290283, 1.8875105381011963, 1.905259370803833, 1.8917449712753296, 1.9043409824371338, 1.9380213022232056, 1.9252393245697021, 1.9190232753753662, 1.965148687362671, 1.9820950031280518, 1.9731850624084473, 2.0080230236053467, 2.0055131912231445, 2.022581100463867, 2.0397722721099854, 2.0613410472869873, 2.0613296031951904, 2.111668825149536, 2.110902786254883, 2.122349739074707, 2.1518325805664062, 2.171621561050415, 2.197453498840332, 2.2149252891540527, 2.233985424041748, 2.2908456325531006, 2.3147683143615723, 2.3420040607452393, 2.3686928749084473, 2.4043400287628174, 2.4549295902252197, 2.4934744834899902, 2.527557373046875, 2.572309732437134, 2.6220569610595703, 2.6377782821655273, 2.7017500400543213, 2.7548704147338867, 2.794635534286499, 2.86000657081604, 2.9224140644073486, 2.965871810913086, 2.9301671981811523, 2.9048306941986084, 2.856471300125122, 2.824883222579956, 2.791192054748535, 2.7657275199890137, 2.7311666011810303]),0.01749303564429283,3392191000000,
array('f', [2.5939671993255615, 2.593264579772949, 2.5732271671295166, 2.5508837699890137, 2.5438640117645264, 2.4988880157470703, 2.4922854900360107, 2.4633400440216064, 2.458526611328125, 2.4316415786743164, 2.428807020187378, 2.417562246322632, 2.4071826934814453, 2.401318311691284, 2.3750131130218506, 2.366010904312134, 2.3655612468719482, 2.360037088394165, 2.3390486240386963, 2.332244634628296, 2.313746213912964, 2.3278870582580566, 2.3143272399902344, 2.307159900665283, 2.297548294067383, 2.2937450408935547, 2.296795129776001, 2.30666446685791, 2.283823251724243, 2.3013663291931152, 2.3165578842163086, 2.316635847091675, 2.3064424991607666, 2.3035573959350586, 2.302713632583618, 2.294938564300537, 2.3158528804779053, 2.328533411026001, 2.3266170024871826, 2.343961477279663, 2.3734099864959717, 2.366523265838623, 2.374102830886841, 2.379248857498169, 2.3810551166534424, 2.378401279449463, 2.416764497756958, 2.4239377975463867, 2.4443812370300293, 2.4608278274536133, 2.473071575164795, 2.4984617233276367, 2.501448631286621, 2.528515338897705, 2.5565335750579834, 2.5804085731506348, 2.6029257774353027, 2.6359200477600098, 2.632175922393799, 2.6658623218536377, 2.7033824920654297, inf, inf, inf, inf, inf, inf, inf, inf, inf, inf, inf, inf, 3.3375396728515625, 3.273071765899658, 3.3417487144470215, 3.4076342582702637, 3.472245693206787, inf, inf, inf, inf, inf, inf, inf, inf, inf, inf, inf, inf, inf, inf, inf, inf, inf, inf, inf, inf, inf, inf, inf, inf, inf, inf, inf, inf, inf, inf, inf, inf, inf, inf, inf, inf, inf, inf, inf, inf, inf, inf, inf, inf, inf, inf, inf, inf, inf, inf, inf, inf, inf, inf, inf, inf, inf, inf, inf, inf, inf, inf, inf, inf, inf, inf, inf, inf, inf, inf, inf, inf, inf, inf, inf, inf, inf, inf, inf, inf, inf, inf, inf, inf, inf, inf, inf, inf, inf, inf, inf, inf, inf, inf, inf, inf, inf, inf, inf, inf, inf, inf, inf, inf, inf, inf, inf, inf, inf, inf, inf, inf, inf, inf, inf, inf, inf, inf, inf, inf, inf, inf, inf, inf, inf, inf, inf, inf, inf, inf, inf, inf, inf, inf, inf, inf, inf, inf, inf, inf, inf, inf, inf, inf, inf, inf, inf, inf, inf, inf, inf, inf, inf, inf, inf, inf, inf, inf, inf, inf, inf, inf, inf, inf, 3.2712290287017822, 3.181809425354004, 3.095961809158325, 3.0242109298706055, 2.963452100753784, 2.898111581802368, 2.8234667778015137, 2.788031578063965, 2.72660231590271, 2.6657187938690186, 2.6342618465423584, 2.581796169281006, 2.5127205848693848, 2.5023481845855713, 2.446488857269287, 2.4117934703826904, 2.373340129852295, 2.3386120796203613, 2.3008551597595215, 2.277935743331909, 2.2196977138519287, 2.2218985557556152, 2.1843135356903076, 2.1669063568115234, 2.155688762664795, 2.117377281188965, 2.0957562923431396, 2.0704259872436523, 2.0652809143066406, 2.0494182109832764, 2.0190610885620117, 2.0129897594451904, 1.9950124025344849, 1.9801642894744873, 1.9561996459960938, 1.957765817642212, 1.9265351295471191, 1.937250018119812, 1.919015645980835, 1.9139997959136963, 1.9221577644348145, 1.884782075881958, 1.8709596395492554, 1.8780361413955688, 1.8916809558868408, 1.855263113975525, 1.8525310754776, 1.8262332677841187, 1.835706353187561, 1.8506215810775757, 1.8395880460739136, 1.8316227197647095, 1.8308775424957275, 1.8354191780090332, 1.8346233367919922, 1.8443236351013184, 1.8330113887786865, 1.8302228450775146, 1.8156230449676514, 1.8325690031051636, 1.8314794301986694, 1.8166122436523438, 1.848811149597168, 1.834672212600708, 1.857406735420227, 1.840885877609253, 1.8302489519119263, 1.8531428575515747, 1.8765789270401, 1.8662110567092896, 1.8753564357757568, 1.872031331062317, 1.8816273212432861, 1.9041978120803833, 1.9166420698165894, 1.920795202255249, 1.9431571960449219, 1.9539926052093506, 1.9949167966842651, 1.97230064868927, 2.006631851196289, 2.0219218730926514, 2.0221478939056396, 2.0544893741607666, 2.0597827434539795, 2.082944869995117, 2.0945732593536377, 2.135248899459839, 2.1511945724487305, 2.1683614253997803, 2.2063612937927246, 2.2141129970550537, 2.2560925483703613, 2.280694007873535, 2.3243472576141357, 2.3709044456481934, 2.386103630065918, 2.4358394145965576, 2.449270725250244, 2.51823353767395, 2.533332347869873, 2.5896782875061035, 2.643285036087036, 2.692883014678955, 2.7395424842834473, 2.805283784866333, 2.8613662719726562, 2.9113893508911133, 2.9114527702331543, 2.8785057067871094, 2.828845739364624, 2.7978668212890625, 2.7491490840911865, 2.724299907684326, 2.6956067085266113, 2.6603362560272217, 2.6506688594818115, 2.608067512512207]),0.01749303564429283,3392391000000,
array('f', [2.519000768661499, 2.489410638809204, 2.4638359546661377, 2.4541895389556885, 2.448636293411255, 2.4271583557128906, 2.4046595096588135, 2.389125108718872, 2.3598480224609375, 2.3854589462280273, 2.343698024749756, 2.354071855545044, 2.3293724060058594, 2.3219869136810303, 2.2994320392608643, 2.30523943901062, 2.2795958518981934, 2.276278018951416, 2.293294668197632, 2.271172285079956, 2.2776098251342773, 2.2578768730163574, 2.2612686157226562, 2.257525682449341, 2.2714602947235107, 2.2444510459899902, 2.263347864151001, 2.2518484592437744, 2.2569751739501953, 2.274237632751465, 2.256993532180786, 2.26132869720459, 2.2693254947662354, 2.2893266677856445, 2.275501012802124, 2.2945497035980225, 2.289479970932007, 2.297233819961548, 2.300651788711548, 2.313973903656006, 2.3165652751922607, 2.3397676944732666, 2.3578455448150635, 2.3652310371398926, 2.362239122390747, 2.390683889389038, 2.388352155685425, 2.423576593399048, 2.4162065982818604, 2.451427459716797, 2.4755234718322754, 2.4839415550231934, 2.5109434127807617, 2.5298259258270264, 2.5528695583343506, 2.5880136489868164, 2.605410099029541, 2.6329610347747803, 2.668877601623535, 2.6745076179504395, inf, inf, inf, inf, inf, inf, inf, inf, inf, inf, inf, 3.3551602363586426, 3.2939252853393555, 3.291033983230591, 3.391599655151367, 3.429771661758423, inf, inf, inf, inf, inf, inf, inf, inf, inf, inf, inf, inf, inf, inf, inf, inf, inf, inf, inf, inf, inf, inf, inf, inf, inf, inf, inf, inf, inf, inf, inf, inf, inf, inf, inf, inf, inf, inf, inf, inf, inf, inf, inf, inf, inf, inf, inf, inf, inf, inf, inf, inf, inf, inf, inf, inf, inf, inf, inf, inf, inf, inf, inf, inf, inf, inf, inf, inf, inf, inf, inf, inf, inf, inf, inf, inf, inf, inf, inf, inf, inf, inf, inf, inf, inf, inf, inf, inf, inf, inf, inf, inf, inf, inf, inf, inf, inf, inf, inf, inf, inf, inf, inf, inf, inf, inf, inf, inf, inf, inf, inf, inf, inf, inf, inf, inf, inf, inf, inf, inf, inf, inf, inf, inf, inf, inf, inf, inf, inf, inf, inf, inf, inf, inf, inf, inf, inf, inf, inf, inf, inf, inf, inf, inf, inf, inf, inf, inf, inf, inf, inf, inf, inf, inf, inf, inf, inf, inf, inf, inf, inf, inf, inf, 3.2842233180999756, 3.1872177124023438, 3.107250690460205, 3.0612542629241943, 2.9818923473358154, 2.9092023372650146, 2.85194993019104, 2.78293514251709, 2.725456714630127, 2.6750733852386475, 2.636953115463257, 2.574448585510254, 2.526634931564331, 2.4903335571289062, 2.4532623291015625, 2.402977466583252, 2.3908286094665527, 2.3440356254577637, 2.3207948207855225, 2.29171085357666, 2.235250473022461, 2.212160110473633, 2.180677890777588, 2.1564133167266846, 2.13934588432312, 2.1186416149139404, 2.085773229598999, 2.083531379699707, 2.0513322353363037, 2.0334858894348145, 2.028174877166748, 1.9958178997039795, 1.997778296470642, 1.9631690979003906, 1.9521162509918213, 1.9447884559631348, 1.910369634628296, 1.922119140625, 1.9027609825134277, 1.8657761812210083, 1.8974491357803345, 1.8847445249557495, 1.8630731105804443, 1.8530447483062744, 1.8534212112426758, 1.8309588432312012, 1.832833170890808, 1.8268828392028809, 1.8386764526367188, 1.8109101057052612, 1.8246188163757324, 1.8204491138458252, 1.8013496398925781, 1.795781135559082, 1.7959572076797485, 1.8007819652557373, 1.8040719032287598, 1.7994643449783325, 1.8098971843719482, 1.8141021728515625, 1.8028885126113892, 1.8053337335586548, 1.8198338747024536, 1.8167012929916382, 1.8251429796218872, 1.8264039754867554, 1.8362983465194702, 1.8230599164962769, 1.832885503768921, 1.8659911155700684, 1.8260875940322876, 1.8591411113739014, 1.886006236076355, 1.8648483753204346, 1.9063081741333008, 1.8977001905441284, 1.8932305574417114, 1.932324767112732, 1.9447100162506104, 1.95097017288208, 1.9704517126083374, 1.9640289545059204, 1.983888864517212, 2.0103108882904053, 2.0413668155670166, 2.070816993713379, 2.0648040771484375, 2.103386640548706, 2.1055572032928467, 2.1393485069274902, 2.1587588787078857, 2.180203676223755, 2.1981441974639893, 2.2383792400360107, 2.272333860397339, 2.308183193206787, 2.3335800170898438, 2.3627536296844482, 2.3886616230010986, 2.4362311363220215, 2.489337682723999, 2.5374155044555664, 2.5496037006378174, 2.61576247215271, 2.679856777191162, 2.70377516746521, 2.779827356338501, 2.8536837100982666, 2.8791708946228027, 2.8430233001708984, 2.8147408962249756, 2.766676187515259, 2.7373743057250977, 2.7017574310302734, 2.6747727394104004, 2.6500303745269775, 2.622661828994751, 2.595463991165161, 2.575171947479248, 2.5452685356140137, 2.5227885246276855]),0.01749303564429283,3392591000000,
array('f', [2.4293439388275146, 2.4196391105651855, 2.3889381885528564, 2.3713796138763428, 2.3542909622192383, 2.335688591003418, 2.32474946975708, 2.3173885345458984, 2.3201379776000977, 2.3181424140930176, 2.297962188720703, 2.2821152210235596, 2.268343925476074, 2.2539467811584473, 2.242637872695923, 2.2332990169525146, 2.2427573204040527, 2.233959913253784, 2.226759195327759, 2.2105331420898438, 2.214162588119507, 2.2108685970306396, 2.211925506591797, 2.22863507270813, 2.221623659133911, 2.2176473140716553, 2.204218864440918, 2.2192270755767822, 2.2285847663879395, 2.2322030067443848, 2.2338130474090576, 2.2309775352478027, 2.2474560737609863, 2.2540652751922607, 2.250262498855591, 2.2537424564361572, 2.2651185989379883, 2.268977165222168, 2.273230791091919, 2.2819175720214844, 2.30147385597229, 2.306234836578369, 2.3446638584136963, 2.3454067707061768, 2.353740930557251, 2.377873182296753, 2.3811817169189453, 2.4189817905426025, 2.413261890411377, 2.444171667098999, 2.4784998893737793, 2.4912567138671875, 2.519331693649292, 2.5454931259155273, 2.5490431785583496, 2.5952417850494385, 2.627249240875244, 2.643507719039917, inf, inf, inf, inf, inf, inf, inf, inf, inf, inf, inf, inf, 3.3027520179748535, 3.2760062217712402, 3.325474977493286, 3.385305643081665, 3.4832711219787598, inf, inf, inf, inf, inf, inf, inf, inf, inf, inf, inf, inf, inf, inf, inf, inf, inf, inf, inf, inf, inf, inf, inf, inf, inf, inf, inf, inf, inf, inf, inf, inf, inf, inf, inf, inf, inf, inf, inf, inf, inf, inf, inf, inf, inf, inf, inf, inf, inf, inf, inf, inf, inf, inf, inf, inf, inf, inf, inf, inf, inf, inf, inf, inf, inf, inf, inf, inf, inf, inf, inf, inf, inf, inf, inf, inf, inf, inf, inf, inf, inf, inf, inf, inf, inf, inf, inf, inf, inf, inf, inf, inf, inf, inf, inf, inf, inf, inf, inf, inf, inf, inf, inf, inf, inf, inf, inf, inf, inf, inf, inf, inf, inf, inf, inf, inf, inf, inf, inf, inf, inf, inf, inf, inf, inf, inf, inf, inf, inf, inf, inf, inf, inf, inf, inf, inf, inf, inf, inf, inf, inf, inf, inf, inf, inf, inf, inf, inf, inf, inf, inf, inf, inf, inf, inf, inf, inf, inf, inf, inf, inf, 3.301098108291626, 3.228705406188965, 3.12263822555542, 3.056197166442871, 2.9786996841430664, 2.9251909255981445, 2.872992515563965, 2.799912929534912, 2.7383830547332764, 2.6835052967071533, 2.6288504600524902, 2.5785510540008545, 2.5164668560028076, 2.4939379692077637, 2.462658643722534, 2.426046133041382, 2.383256673812866, 2.338592290878296, 2.3190717697143555, 2.272874116897583, 2.2402446269989014, 2.205925941467285, 2.197880268096924, 2.1707890033721924, 2.1294240951538086, 2.112907886505127, 2.089505672454834, 2.0767688751220703, 2.028014898300171, 2.0337696075439453, 2.01135516166687, 1.9912997484207153, 1.977001428604126, 1.9413951635360718, 1.9315674304962158, 1.917166829109192, 1.9021881818771362, 1.913925290107727, 1.8923877477645874, 1.8838931322097778, 1.8761141300201416, 1.8507819175720215, 1.8527946472167969, 1.8390607833862305, 1.8193236589431763, 1.8322980403900146, 1.8210065364837646, 1.814000129699707, 1.8040186166763306, 1.8015925884246826, 1.8023680448532104, 1.7804704904556274, 1.7734531164169312, 1.7886745929718018, 1.7837785482406616, 1.7877793312072754, 1.7805131673812866, 1.780638337135315, 1.7720032930374146, 1.7738865613937378, 1.7867887020111084, 1.7877233028411865, 1.8043464422225952, 1.775625228881836, 1.7867273092269897, 1.8023394346237183, 1.7992080450057983, 1.8020482063293457, 1.7964056730270386, 1.8326435089111328, 1.8267171382904053, 1.8313885927200317, 1.8358386754989624, 1.8282948732376099, 1.8592873811721802, 1.8678961992263794, 1.8779927492141724, 1.8884526491165161, 1.9011350870132446, 1.9167124032974243, 1.9413927793502808, 1.9600166082382202, 1.9441455602645874, 1.9808138608932495, 2.010683059692383, 2.0011210441589355, 2.0230824947357178, 2.0207529067993164, 2.0674736499786377, 2.0928242206573486, 2.1045432090759277, 2.136157989501953, 2.181203603744507, 2.198469638824463, 2.216106653213501, 2.2574479579925537, 2.2757654190063477, 2.31174373626709, 2.3378381729125977, 2.3797171115875244, 2.430584669113159, 2.4552674293518066, 2.511035203933716, 2.550063133239746, 2.6265947818756104, 2.6585731506347656, 2.71649432182312, 2.791731357574463, 2.8276610374450684, 2.817504405975342, 2.760639190673828, 2.7416419982910156, 2.7042787075042725, 2.6760361194610596, 2.6649692058563232, 2.6221113204956055, 2.6049327850341797, 2.5723578929901123, 2.533787965774536, 2.515378713607788, 2.5019760131835938, 2.478938579559326, 2.452141523361206, 2.420531988143921]),0.01749303564429283,3392791000000,
array('f', [2.348454475402832, 2.3154397010803223, 2.3000330924987793, 2.307366132736206, 2.26452374458313, 2.2576584815979004, 2.278818130493164, 2.255157232284546, 2.2214136123657227, 2.2271361351013184, 2.2124295234680176, 2.209667205810547, 2.2001020908355713, 2.1737611293792725, 2.2084109783172607, 2.1920976638793945, 2.189588785171509, 2.181492805480957, 2.193112373352051, 2.163499355316162, 2.172880172729492, 2.1760637760162354, 2.1634020805358887, 2.174530029296875, 2.180989980697632, 2.17447829246521, 2.180358648300171, 2.2003042697906494, 2.1954469680786133, 2.1963582038879395, 2.2047064304351807, 2.1852293014526367, 2.202232599258423, 2.2236742973327637, 2.2084410190582275, 2.2283709049224854, 2.2297983169555664, 2.2632243633270264, 2.256059408187866, 2.281182050704956, 2.2976536750793457, 2.290544033050537, 2.320793390274048, 2.329693078994751, 2.3507866859436035, 2.357865571975708, 2.3857340812683105, 2.4010698795318604, 2.4396541118621826, 2.4450197219848633, 2.488337278366089, 2.5006444454193115, 2.518866777420044, 2.5628085136413574, 2.5682852268218994, 2.594792127609253, 2.6524276733398438, inf, inf, inf, inf, inf, inf, inf, inf, inf, inf, inf, 3.328274965286255, 3.263012170791626, 3.2903385162353516, 3.341538429260254, 3.3951351642608643, 3.5, inf, inf, inf, inf, inf, inf, inf, inf, inf, inf, inf, inf, inf, inf, inf, inf, inf, inf, inf, inf, inf, inf, inf, inf, inf, inf, inf, inf, inf, inf, inf, inf, inf, inf, inf, inf, inf, inf, inf, inf, inf, inf, inf, inf, inf, inf, inf, inf, inf, inf, inf, inf, inf, inf, inf, inf, inf, inf, inf, inf, inf, inf, inf, inf, inf, inf, inf, inf, inf, inf, inf, inf, inf, inf, inf, inf, inf, inf, inf, inf, inf, inf, inf, inf, inf, inf, inf, inf, inf, inf, inf, inf, inf, inf, inf, inf, inf, inf, inf, inf, inf, inf, inf, inf, inf, inf, inf, inf, inf, inf, inf, inf, inf, inf, inf, inf, inf, inf, inf, inf, inf, inf, inf, inf, inf, inf, inf, inf, inf, inf, inf, inf, inf, inf, inf, inf, inf, inf, inf, inf, inf, inf, inf, inf, inf, inf, inf, inf, inf, inf, inf, inf, inf, inf, inf, inf, inf, inf, inf, 3.3289966583251953, 3.246046543121338, 3.140437364578247, 3.087470531463623, 3.0127782821655273, 2.929358720779419, 2.8774542808532715, 2.8064522743225098, 2.742112159729004, 2.70064115524292, 2.6242306232452393, 2.5796844959259033, 2.5526540279388428, 2.5087826251983643, 2.4603841304779053, 2.3935906887054443, 2.3723466396331787, 2.342059373855591, 2.2868101596832275, 2.2669520378112793, 2.2416977882385254, 2.211622476577759, 2.1825387477874756, 2.157308578491211, 2.129168748855591, 2.101330280303955, 2.0757524967193604, 2.0516774654388428, 2.038098096847534, 2.0119924545288086, 1.9911643266677856, 2.0110514163970947, 1.9715129137039185, 1.9441109895706177, 1.9364678859710693, 1.908366322517395, 1.8824164867401123, 1.893573522567749, 1.867008090019226, 1.867844581604004, 1.8476521968841553, 1.8385053873062134, 1.8124550580978394, 1.8315027952194214, 1.830104947090149, 1.8138929605484009, 1.7983009815216064, 1.7838083505630493, 1.8050533533096313, 1.791736125946045, 1.7828184366226196, 1.7757331132888794, 1.7622692584991455, 1.7727086544036865, 1.7769052982330322, 1.7717403173446655, 1.7686183452606201, 1.7828598022460938, 1.7618727684020996, 1.744192361831665, 1.7708247900009155, 1.7682180404663086, 1.7602663040161133, 1.7717374563217163, 1.7666370868682861, 1.7658298015594482, 1.7707509994506836, 1.787682294845581, 1.7865146398544312, 1.8005595207214355, 1.8011680841445923, 1.8144391775131226, 1.8056327104568481, 1.8284310102462769, 1.858246088027954, 1.8467559814453125, 1.862983226776123, 1.8682702779769897, 1.848720908164978, 1.8700377941131592, 1.9157397747039795, 1.9130791425704956, 1.9395105838775635, 1.9433811902999878, 1.9609328508377075, 1.9784011840820312, 1.9945756196975708, 2.008669137954712, 2.0225555896759033, 2.0638723373413086, 2.0813915729522705, 2.0958170890808105, 2.139031171798706, 2.156336545944214, 2.1746599674224854, 2.1989386081695557, 2.237823963165283, 2.265169143676758, 2.289381742477417, 2.318763256072998, 2.3753113746643066, 2.427938222885132, 2.4519543647766113, 2.4978370666503906, 2.540710210800171, 2.597937822341919, 2.6301462650299072, 2.6748440265655518, 2.764683961868286, 2.8157992362976074, 2.7318060398101807, 2.7014641761779785, 2.670018434524536, 2.661311626434326, 2.6248209476470947, 2.5838656425476074, 2.5569558143615723, 2.543180227279663, 2.5158133506774902, 2.487391471862793, 2.46093487739563, 2.4290192127227783, 2.4195964336395264, 2.407919406890869, 2.3716440200805664, 2.361679792404175, 2.332777261734009]),0.01749303564429283,3392991000000,
array('f', [2.2448179721832275, 2.2365005016326904, 2.228292465209961, 2.209472417831421, 2.2153685092926025, 2.1970279216766357, 2.1814024448394775, 2.1731269359588623, 2.193411111831665, 2.162785291671753, 2.175001621246338, 2.1479854583740234, 2.1600542068481445, 2.149259328842163, 2.134737730026245, 2.1375231742858887, 2.1341729164123535, 2.1272590160369873, 2.1618692874908447, 2.1339304447174072, 2.126286268234253, 2.135120153427124, 2.1373202800750732, 2.1342828273773193, 2.128296375274658, 2.1531383991241455, 2.150909423828125, 2.1462061405181885, 2.1430065631866455, 2.1616222858428955, 2.1640450954437256, 2.167811155319214, 2.1838107109069824, 2.185319662094116, 2.2185091972351074, 2.182583808898926, 2.230098009109497, 2.2485756874084473, 2.2500927448272705, 2.266875982284546, 2.2693440914154053, 2.2964940071105957, 2.311833381652832, 2.317894220352173, 2.3447153568267822, 2.3660757541656494, 2.391268014907837, 2.4024136066436768, 2.4398159980773926, 2.4688785076141357, 2.4746692180633545, 2.510684013366699, 2.5292205810546875, 2.5731377601623535, 2.5958147048950195, inf, inf, inf, inf, inf, inf, inf, inf, inf, inf, inf, 3.291066884994507, 3.2716317176818848, 3.235238552093506, 3.3025920391082764, 3.3531179428100586, 3.448037624359131, inf, inf, inf, inf, inf, inf, inf, inf, inf, inf, inf, inf, inf, inf, inf, inf, inf, inf, inf, inf, inf, inf, inf, inf, inf, inf, inf, inf, inf, inf, inf, inf, inf, inf, inf, inf, inf, inf, inf, inf, inf, inf, inf, inf, inf, inf, inf, inf, inf, inf, inf, inf, inf, inf, inf, inf, inf, inf, inf, inf, inf, inf, inf, inf, inf, inf, inf, inf, inf, inf, inf, inf, inf, inf, inf, inf, inf, inf, inf, inf, inf, inf, inf, inf, inf, inf, inf, inf, inf, inf, inf, inf, inf, inf, inf, inf, inf, inf, inf, inf, inf, inf, inf, inf, inf, inf, inf, inf, inf, inf, inf, inf, inf, inf, inf, inf, inf, inf, inf, inf, inf, inf, inf, inf, inf, inf, inf, inf, inf, inf, inf, inf, inf, inf, inf, inf, inf, inf, inf, inf, inf, inf, inf, inf, inf, inf, inf, inf, inf, inf, inf, inf, inf, inf, inf, inf, inf, inf, 3.3792381286621094, 3.2885372638702393, 3.1857340335845947, 3.115846633911133, 3.016589879989624, 2.971468925476074, 2.8975577354431152, 2.820882558822632, 2.7807414531707764, 2.705451011657715, 2.653160810470581, 2.6104533672332764, 2.552333354949951, 2.5191471576690674, 2.465385675430298, 2.424219846725464, 2.3835763931274414, 2.3434810638427734, 2.304103136062622, 2.2655868530273438, 2.220160961151123, 2.20501446723938, 2.19128155708313, 2.1519358158111572, 2.1272733211517334, 2.098315954208374, 2.0722920894622803, 2.0498664379119873, 2.0400612354278564, 2.0007143020629883, 1.9930754899978638, 1.9874577522277832, 1.9423459768295288, 1.9400732517242432, 1.9335718154907227, 1.9036320447921753, 1.890075922012329, 1.8824315071105957, 1.8776441812515259, 1.8565300703048706, 1.8341666460037231, 1.8420636653900146, 1.8190141916275024, 1.7985990047454834, 1.8069099187850952, 1.787140130996704, 1.7938553094863892, 1.7830896377563477, 1.7756142616271973, 1.7658206224441528, 1.783950686454773, 1.7586734294891357, 1.7430115938186646, 1.754503607749939, 1.7474292516708374, 1.7587854862213135, 1.7355908155441284, 1.749943494796753, 1.7686831951141357, 1.741481065750122, 1.7476836442947388, 1.7515130043029785, 1.7448606491088867, 1.7439241409301758, 1.7541687488555908, 1.7709307670593262, 1.7533855438232422, 1.7556803226470947, 1.7566999197006226, 1.785399317741394, 1.7780030965805054, 1.7897931337356567, 1.813333511352539, 1.7912883758544922, 1.8152647018432617, 1.8040587902069092, 1.8438526391983032, 1.8361728191375732, 1.8288363218307495, 1.8626149892807007, 1.860034704208374, 1.885233998298645, 1.89973783493042, 1.9058887958526611, 1.9250025749206543, 1.9479800462722778, 1.9586442708969116, 1.9751594066619873, 2.0046730041503906, 2.0160858631134033, 2.0378172397613525, 2.0462141036987305, 2.09574031829834, 2.099057197570801, 2.1468448638916016, 2.15855073928833, 2.1970677375793457, 2.232954978942871, 2.266143798828125, 2.2814857959747314, 2.333425521850586, 2.3584556579589844, 2.4061031341552734, 2.4216432571411133, 2.4819514751434326, 2.5271334648132324, 2.5731289386749268, 2.6315176486968994, 2.6714866161346436, 2.734609842300415, 2.7303032875061035, 2.694997787475586, 2.6449286937713623, 2.628704071044922, 2.590076208114624, 2.557105541229248, 2.516336441040039, 2.511955499649048, 2.478886127471924, 2.4634556770324707, 2.424450635910034, 2.398151159286499, 2.3894033432006836, 2.3626251220703125, 2.357694149017334, 2.324056625366211, 2.3032493591308594, 2.274230480194092, 2.281289577484131, 2.2760560512542725]),0.01749303564429283,3393191000000,
array('f', [2.1822104454040527, 2.181636095046997, 2.1656858921051025, 2.1491875648498535, 2.145258665084839, 2.1310248374938965, 2.1284117698669434, 2.1090104579925537, 2.1064295768737793, 2.1090586185455322, 2.1091630458831787, 2.107221841812134, 2.0884127616882324, 2.093296527862549, 2.0652759075164795, 2.0995664596557617, 2.0948898792266846, 2.1037657260894775, 2.0725388526916504, 2.0935513973236084, 2.07873797416687, 2.0908827781677246, 2.1037988662719727, 2.0786426067352295, 2.104729652404785, 2.1000821590423584, 2.1246321201324463, 2.1080148220062256, 2.124354600906372, 2.1373131275177, 2.1394197940826416, 2.1565489768981934, 2.1597096920013428, 2.189588785171509, 2.190969705581665, 2.2057156562805176, 2.2124714851379395, 2.219261646270752, 2.2453460693359375, 2.2445714473724365, 2.2624502182006836, 2.2841081619262695, 2.2918102741241455, 2.3131768703460693, 2.345302104949951, 2.350756883621216, 2.3782670497894287, 2.39310622215271, 2.427562713623047, 2.4661734104156494, 2.4797475337982178, 2.517620325088501, 2.52925443649292, 2.5900018215179443, inf, inf, inf, inf, inf, inf, inf, inf, inf, inf, inf, 3.274221420288086, 3.204641342163086, 3.2624831199645996, 3.3164403438568115, 3.3979170322418213, 3.470329761505127, inf, inf, inf, inf, inf, inf, inf, inf, inf, inf, inf, inf, inf, inf, inf, inf, inf, inf, inf, inf, inf, inf, inf, inf, inf, inf, inf, inf, inf, inf, inf, inf, inf, inf, inf, inf, inf, inf, inf, inf, inf, inf, inf, inf, inf, inf, inf, inf, inf, inf, inf, inf, inf, inf, inf, inf, inf, inf, inf, inf, inf, inf, inf, inf, inf, inf, inf, inf, inf, inf, inf, inf, inf, inf, inf, inf, inf, inf, inf, inf, inf, inf, inf, inf, inf, inf, inf, inf, inf, inf, inf, inf, inf, inf, inf, inf, inf, inf, inf, inf, inf, inf, inf, inf, inf, inf, inf, inf, inf, inf, inf, inf, inf, inf, inf, inf, inf, inf, inf, inf, inf, inf, inf, inf, inf, inf, inf, inf, inf, inf, inf, inf, inf, inf, inf, inf, inf, inf, inf, inf, inf, inf, inf, inf, inf, inf, inf, inf, inf, inf, inf, inf, inf, inf, inf, inf, 3.4165494441986084, 3.3140347003936768, 3.221947193145752, 3.131514310836792, 3.0697107315063477, 2.9887595176696777, 2.906972646713257, 2.8502049446105957, 2.7603402137756348, 2.720578908920288, 2.6633503437042236, 2.632324457168579, 2.5503034591674805, 2.49576997756958, 2.4790258407592773, 2.426300048828125, 2.362833261489868, 2.3518054485321045, 2.299701452255249, 2.2821900844573975, 2.244290590286255, 2.221423387527466, 2.1747374534606934, 2.1404483318328857, 2.1309919357299805, 2.0832672119140625, 2.072448968887329, 2.058669328689575, 2.035240888595581, 2.006194591522217, 1.9862223863601685, 1.9714833498001099, 1.9458369016647339, 1.9271836280822754, 1.924769639968872, 1.906720757484436, 1.8758363723754883, 1.8735650777816772, 1.8615880012512207, 1.871843695640564, 1.8329181671142578, 1.8292884826660156, 1.825936198234558, 1.7936354875564575, 1.8048009872436523, 1.7814420461654663, 1.7823454141616821, 1.7677719593048096, 1.7680491209030151, 1.7780375480651855, 1.7438684701919556, 1.7463207244873047, 1.7321385145187378, 1.7416348457336426, 1.7433719635009766, 1.74738609790802, 1.7208828926086426, 1.7128369808197021, 1.7447277307510376, 1.7262723445892334, 1.71207857131958, 1.725345492362976, 1.7242960929870605, 1.7322546243667603, 1.740552306175232, 1.722432017326355, 1.724184513092041, 1.7364262342453003, 1.7486525774002075, 1.7467845678329468, 1.775233268737793, 1.7562509775161743, 1.768085241317749, 1.7685215473175049, 1.792188286781311, 1.7924168109893799, 1.8094418048858643, 1.7865813970565796, 1.828310489654541, 1.8489097356796265, 1.8464996814727783, 1.8744454383850098, 1.8753207921981812, 1.8886340856552124, 1.898323655128479, 1.9114367961883545, 1.9505152702331543, 1.9336117506027222, 1.9621667861938477, 1.9814485311508179, 2.0027613639831543, 2.0279948711395264, 2.0379271507263184, 2.0568392276763916, 2.103092908859253, 2.1266753673553467, 2.160013198852539, 2.1719141006469727, 2.2113702297210693, 2.244622230529785, 2.2856922149658203, 2.2925350666046143, 2.366354465484619, 2.3871841430664062, 2.429349660873413, 2.472510576248169, 2.5165181159973145, 2.569643497467041, 2.637786626815796, 2.6634562015533447, 2.6972708702087402, 2.651958465576172, 2.627821922302246, 2.605001211166382, 2.5631589889526367, 2.5206239223480225, 2.505021095275879, 2.4664995670318604, 2.4403719902038574, 2.4153389930725098, 2.4066576957702637, 2.3816611766815186, 2.35524845123291, 2.329498529434204, 2.313547372817993, 2.2744250297546387, 2.253859519958496, 2.233076810836792, 2.2323994636535645, 2.218085527420044, 2.1978354454040527, 2.199429988861084, 2.1850736141204834]),0.01749303564429283,3393391000000,
array('f', [2.101820468902588, 2.1179137229919434, 2.075246810913086, 2.0798180103302, 2.096726655960083, 2.0559346675872803, 2.055464029312134, 2.0576932430267334, 2.0608835220336914, 2.0415663719177246, 2.0626792907714844, 2.0359857082366943, 2.068143129348755, 2.0235629081726074, 2.0335047245025635, 2.051466941833496, 2.0370662212371826, 2.032012462615967, 2.0486044883728027, 2.033721923828125, 2.063429355621338, 2.0457613468170166, 2.0795650482177734, 2.062920570373535, 2.0756237506866455, 2.086609125137329, 2.1006717681884766, 2.092957019805908, 2.0997962951660156, 2.106424570083618, 2.120781421661377, 2.1309120655059814, 2.134645462036133, 2.128441095352173, 2.1640985012054443, 2.1728386878967285, 2.1851489543914795, 2.2085795402526855, 2.2229666709899902, 2.2436506748199463, 2.238037347793579, 2.2841219902038574, 2.2982356548309326, 2.3031420707702637, 2.329981565475464, 2.3714826107025146, 2.399951696395874, 2.409557342529297, 2.4543890953063965, 2.4708027839660645, 2.4896864891052246, 2.516146659851074, inf, inf, inf, inf, inf, inf, inf, inf, inf, inf, inf, 3.2884862422943115, 3.238119125366211, 3.213252544403076, 3.2607128620147705, 3.3452746868133545, 3.4083425998687744, inf, inf, inf, inf, inf, inf, inf, inf, inf, inf, inf, inf, inf, inf, inf, inf, inf, inf, inf, inf, inf, inf, inf, inf, inf, inf, inf, inf, inf, inf, inf, inf, inf, inf, inf, inf, inf, inf, inf, inf, inf, inf, inf, inf, inf, inf, inf, inf, inf, inf, inf, inf, inf, inf, inf, inf, inf, inf, inf, inf, inf, inf, inf, inf, inf, inf, inf, inf, inf, inf, inf, inf, inf, inf, inf, inf, inf, inf, inf, inf, inf, inf, inf, inf, inf, inf, inf, inf, inf, inf, inf, inf, inf, inf, inf, inf, inf, inf, inf, inf, inf, inf, inf, inf, inf, inf, inf, inf, inf, inf, inf, inf, inf, inf, inf, inf, inf, inf, inf, inf, inf, inf, inf, inf, inf, inf, inf, inf, inf, inf, inf, inf, inf, inf, inf, inf, inf, inf, inf, inf, inf, inf, inf, inf, inf, inf, inf, inf, inf, inf, inf, inf, inf, inf, inf, 3.468229055404663, 3.3478915691375732, 3.2641139030456543, 3.1708719730377197, 3.0869557857513428, 3.0144453048706055, 2.9362967014312744, 2.8669650554656982, 2.8050596714019775, 2.7493157386779785, 2.6682839393615723, 2.6335458755493164, 2.5718472003936768, 2.5236661434173584, 2.4826998710632324, 2.4245364665985107, 2.38456130027771, 2.3483664989471436, 2.307990550994873, 2.2711071968078613, 2.245162010192871, 2.1990809440612793, 2.185610771179199, 2.1541531085968018, 2.133145332336426, 2.099113702774048, 2.084592819213867, 2.0337324142456055, 2.033015489578247, 2.006235122680664, 1.9791247844696045, 1.9491682052612305, 1.945542573928833, 1.9256689548492432, 1.9154573678970337, 1.8985936641693115, 1.8724404573440552, 1.8597346544265747, 1.8309357166290283, 1.8424509763717651, 1.8410669565200806, 1.8219155073165894, 1.801103949546814, 1.8068881034851074, 1.7818354368209839, 1.758251667022705, 1.7609308958053589, 1.7555818557739258, 1.745991587638855, 1.749394178390503, 1.740552544593811, 1.7440400123596191, 1.7497427463531494, 1.7300496101379395, 1.7269712686538696, 1.7224019765853882, 1.7301679849624634, 1.7330907583236694, 1.7085113525390625, 1.7174700498580933, 1.7285704612731934, 1.7122949361801147, 1.7146351337432861, 1.7170794010162354, 1.7312467098236084, 1.708429217338562, 1.7353243827819824, 1.723873257637024, 1.7260806560516357, 1.74239981174469, 1.7480863332748413, 1.7482609748840332, 1.7499364614486694, 1.7730330228805542, 1.7685234546661377, 1.7915823459625244, 1.7776447534561157, 1.7812609672546387, 1.80427885055542, 1.8053513765335083, 1.8393126726150513, 1.840474009513855, 1.8557870388031006, 1.858922004699707, 1.8627707958221436, 1.9053938388824463, 1.920825481414795, 1.90361487865448, 1.9320918321609497, 1.9648973941802979, 1.9812729358673096, 2.0127248764038086, 2.0035645961761475, 2.0521063804626465, 2.066708564758301, 2.090318441390991, 2.1285438537597656, 2.133563995361328, 2.1794004440307617, 2.211146593093872, 2.2343719005584717, 2.2635207176208496, 2.3026108741760254, 2.3461854457855225, 2.389305591583252, 2.4285004138946533, 2.466670036315918, 2.5086376667022705, 2.5724380016326904, 2.609152317047119, 2.6718666553497314, 2.6330676078796387, 2.6051340103149414, 2.5469837188720703, 2.5120997428894043, 2.503345012664795, 2.4724838733673096, 2.4421374797821045, 2.414172410964966, 2.381490468978882, 2.363236427307129, 2.327921152114868, 2.2876031398773193, 2.284851551055908, 2.260065793991089, 2.2428572177886963, 2.2345590591430664, 2.207014322280884, 2.201573371887207, 2.1935226917266846, 2.1671411991119385, 2.152601718902588, 2.160545587539673, 2.1344172954559326, 2.1287412643432617, 2.117098569869995]),0.01749303564429283,3393591000000,
array('f', [2.0362179279327393, 2.0224602222442627, 2.0358071327209473, 2.029564142227173, 2.015807628631592, 2.019622564315796, 2.009713649749756, 2.0177218914031982, 2.0003020763397217, 1.9844497442245483, 2.0160868167877197, 1.9783415794372559, 1.9858815670013428, 1.9918732643127441, 1.9913129806518555, 1.9904024600982666, 1.9974156618118286, 1.9898459911346436, 1.9963746070861816, 1.9954490661621094, 2.0264933109283447, 2.019798517227173, 2.0234858989715576, 2.0344269275665283, 2.037785291671753, 2.0390775203704834, 2.057469606399536, 2.0817408561706543, 2.059291124343872, 2.0692005157470703, 2.081691026687622, 2.1036272048950195, 2.126220226287842, 2.1286959648132324, 2.1514556407928467, 2.16816782951355, 2.1889402866363525, 2.201968193054199, 2.212643623352051, 2.2378454208374023, 2.2537155151367188, 2.2778964042663574, 2.276472806930542, 2.308615207672119, 2.339083671569824, 2.3732187747955322, 2.390822172164917, 2.4222872257232666, 2.4458999633789062, 2.475553274154663, 2.516066074371338, inf, inf, inf, inf, inf, inf, inf, inf, inf, inf, inf, 3.227821111679077, 3.1835765838623047, 3.2363836765289307, 3.2959065437316895, 3.356478691101074, 3.444833517074585, inf, inf, inf, inf, inf, inf, inf, inf, inf, inf, inf, inf, inf, inf, inf, inf, inf, inf, inf, inf, inf, inf, inf, inf, inf, inf, inf, inf, inf, inf, inf, inf, inf, inf, inf, inf, inf, inf, inf, inf, inf, inf, inf, inf, inf, inf, inf, inf, inf, inf, inf, inf, inf, inf, inf, inf, inf, inf, inf, inf, inf, inf, inf, inf, inf, inf, inf, inf, inf, inf, inf, inf, inf, inf, inf, inf, inf, inf, inf, inf, inf, inf, inf, inf, inf, inf, inf, inf, inf, inf, inf, inf, inf, inf, inf, inf, inf, inf, inf, inf, inf, inf, inf, inf, inf, inf, inf, inf, inf, inf, inf, inf, inf, inf, inf, inf, inf, inf, inf, inf, inf, inf, inf, inf, inf, inf, inf, inf, inf, inf, inf, inf, inf, inf, inf, inf, inf, inf, inf, inf, inf, inf, inf, inf, inf, inf, inf, inf, inf, inf, inf, inf, inf, inf, 3.408381938934326, 3.3264312744140625, 3.202725648880005, 3.118194580078125, 3.0503430366516113, 2.9774434566497803, 2.890504837036133, 2.826741933822632, 2.770066261291504, 2.6951065063476562, 2.649096965789795, 2.5927894115448, 2.547394275665283, 2.4904191493988037, 2.462679147720337, 2.3955726623535156, 2.3719773292541504, 2.3143470287323, 2.2877237796783447, 2.2813661098480225, 2.221914291381836, 2.1771531105041504, 2.1631293296813965, 2.1257317066192627, 2.1024670600891113, 2.0704345703125, 2.0642688274383545, 2.0280895233154297, 2.0033621788024902, 1.9754676818847656, 1.9566608667373657, 1.9607208967208862, 1.9311833381652832, 1.9224827289581299, 1.872719168663025, 1.882111668586731, 1.8659167289733887, 1.8585433959960938, 1.833186388015747, 1.8318781852722168, 1.8004693984985352, 1.8024852275848389, 1.795578956604004, 1.7745463848114014, 1.7629749774932861, 1.7670354843139648, 1.747430443763733, 1.7387632131576538, 1.7349711656570435, 1.7166026830673218, 1.7037638425827026, 1.717280626296997, 1.7175008058547974, 1.7158035039901733, 1.7084441184997559, 1.688177227973938, 1.6900008916854858, 1.7101203203201294, 1.6961190700531006, 1.7110787630081177, 1.700613021850586, 1.7073167562484741, 1.7032209634780884, 1.7035109996795654, 1.7043884992599487, 1.7010087966918945, 1.7208287715911865, 1.723569393157959, 1.7104291915893555, 1.7157882452011108, 1.7323960065841675, 1.7326297760009766, 1.7417312860488892, 1.745336890220642, 1.7644850015640259, 1.763716220855713, 1.7843047380447388, 1.7908445596694946, 1.7881989479064941, 1.7979762554168701, 1.81840181350708, 1.8162195682525635, 1.840480089187622, 1.8447074890136719, 1.8711694478988647, 1.879770040512085, 1.902949571609497, 1.9106181859970093, 1.9364550113677979, 1.9547091722488403, 1.9523476362228394, 1.9993935823440552, 2.0075528621673584, 2.0448172092437744, 2.0615615844726562, 2.0839104652404785, 2.1152279376983643, 2.142754316329956, 2.148249387741089, 2.1876280307769775, 2.231215000152588, 2.266167640686035, 2.2994701862335205, 2.3323984146118164, 2.3798635005950928, 2.421222686767578, 2.4555716514587402, 2.518490791320801, 2.554678440093994, 2.618103504180908, 2.5903329849243164, 2.567110538482666, 2.5441324710845947, 2.501760721206665, 2.459146022796631, 2.42435884475708, 2.395533800125122, 2.3683273792266846, 2.3342032432556152, 2.3282628059387207, 2.316408395767212, 2.2719016075134277, 2.2558677196502686, 2.236342430114746, 2.227857828140259, 2.1956076622009277, 2.1768364906311035, 2.1694278717041016, 2.1430768966674805, 2.1164464950561523, 2.111999988555908, 2.114145517349243, 2.082517623901367, 2.0847175121307373, 2.069276809692383, 2.088033676147461, 2.060380458831787, 2.038804531097412]),0.01749303564429283,3393791000000,
array('f', [1.995381236076355, 1.958849310874939, 1.9790244102478027, 1.9880205392837524, 1.953516960144043, 1.9407196044921875, 1.9618290662765503, 1.9491020441055298, 1.9451501369476318, 1.9649335145950317, 1.9436734914779663, 1.9430270195007324, 1.9704254865646362, 1.9583019018173218, 1.9367351531982422, 1.94692063331604, 1.9524484872817993, 1.9671233892440796, 1.985763430595398, 1.9762752056121826, 1.9752472639083862, 1.999260425567627, 1.981642723083496, 2.0081520080566406, 2.003288745880127, 2.0309653282165527, 2.001368999481201, 2.0306055545806885, 2.04862904548645, 2.042797327041626, 2.0823493003845215, 2.083408832550049, 2.0905611515045166, 2.130058765411377, 2.1368255615234375, 2.146752119064331, 2.1615161895751953, 2.180928945541382, 2.2054529190063477, 2.2376625537872314, 2.2452034950256348, 2.271023988723755, 2.2722175121307373, 2.3261518478393555, 2.3531250953674316, 2.3759429454803467, 2.3924808502197266, 2.4320192337036133, 2.4701156616210938, 2.510697841644287, inf, inf, inf, inf, inf, inf, inf, inf, inf, inf, 3.231006145477295, 3.174272298812866, 3.1566214561462402, 3.2086544036865234, 3.318484306335449, 3.3759255409240723, 3.4813969135284424, inf, inf, inf, inf, inf, inf, inf, inf, inf, inf, inf, inf, inf, inf, inf, inf, inf, inf, inf, inf, inf, inf, inf, inf, inf, inf, inf, inf, inf, inf, inf, inf, inf, inf, inf, inf, inf, inf, inf, inf, inf, inf, inf, inf, inf, inf, inf, inf, inf, inf, inf, inf, inf, inf, inf, inf, inf, inf, inf, inf, inf, inf, inf, inf, inf, inf, inf, inf, inf, inf, inf, inf, inf, inf, inf, inf, inf, inf, inf, inf, inf, inf, inf, inf, inf, inf, inf, inf, inf, inf, inf, inf, inf, inf, inf, inf, inf, inf, inf, inf, inf, inf, inf, inf, inf, inf, inf, inf, inf, inf, inf, inf, inf, inf, inf, inf, inf, inf, inf, inf, inf, inf, inf, inf, inf, inf, inf, inf, inf, inf, inf, inf, inf, inf, inf, inf, inf, inf, inf, inf, inf, inf, inf, inf, inf, inf, inf, inf, inf, inf, inf, inf, 3.4842121601104736, 3.345080852508545, 3.25246524810791, 3.175750255584717, 3.076345205307007, 3.013228416442871, 2.9311447143554688, 2.8504152297973633, 2.801532506942749, 2.7183589935302734, 2.6774189472198486, 2.6009521484375, 2.572892189025879, 2.522155523300171, 2.4727964401245117, 2.4262187480926514, 2.3860456943511963, 2.3350443840026855, 2.277428388595581, 2.2653541564941406, 2.238720178604126, 2.1944189071655273, 2.1631476879119873, 2.1350111961364746, 2.1197845935821533, 2.072854995727539, 2.036695718765259, 2.0353217124938965, 2.000664234161377, 1.9810746908187866, 1.9710789918899536, 1.9553803205490112, 1.9371230602264404, 1.9263619184494019, 1.8882585763931274, 1.874239206314087, 1.843829870223999, 1.8447251319885254, 1.8418937921524048, 1.8403105735778809, 1.7967380285263062, 1.7984172105789185, 1.7995986938476562, 1.7702884674072266, 1.7694979906082153, 1.7491198778152466, 1.7484277486801147, 1.729833722114563, 1.7353601455688477, 1.7247073650360107, 1.7387354373931885, 1.7119415998458862, 1.6990224123001099, 1.6906919479370117, 1.6980584859848022, 1.6900725364685059, 1.7027291059494019, 1.6919522285461426, 1.6777406930923462, 1.7016408443450928, 1.6858924627304077, 1.6835830211639404, 1.6869274377822876, 1.6884056329727173, 1.6847373247146606, 1.690064549446106, 1.6974332332611084, 1.7039529085159302, 1.7152069807052612, 1.7112449407577515, 1.7163383960723877, 1.7264341115951538, 1.72142493724823, 1.723225712776184, 1.7405402660369873, 1.7501683235168457, 1.7631430625915527, 1.7593716382980347, 1.779738426208496, 1.7525852918624878, 1.7909234762191772, 1.8075488805770874, 1.8096575736999512, 1.8101519346237183, 1.837382197380066, 1.871191382408142, 1.8746302127838135, 1.8713619709014893, 1.9160223007202148, 1.915615439414978, 1.9475212097167969, 1.9586619138717651, 1.9770113229751587, 2.010028839111328, 2.0218377113342285, 2.0556535720825195, 2.0728037357330322, 2.1148722171783447, 2.1397786140441895, 2.155867099761963, 2.1842641830444336, 2.2181499004364014, 2.2682430744171143, 2.294666051864624, 2.327951669692993, 2.380873441696167, 2.449439764022827, 2.457810878753662, 2.4868876934051514, 2.5601353645324707, 2.5660126209259033, 2.5243215560913086, 2.4857168197631836, 2.4676313400268555, 2.419015407562256, 2.3682608604431152, 2.365402936935425, 2.334848642349243, 2.2973060607910156, 2.276344060897827, 2.241121768951416, 2.210745096206665, 2.207479238510132, 2.1846518516540527, 2.177661418914795, 2.152841806411743, 2.14087176322937, 2.1369402408599854, 2.1043360233306885, 2.094179153442383, 2.087022304534912, 2.0758917331695557, 2.0626819133758545, 2.045407295227051, 2.0355772972106934, 2.0117976665496826, 2.0091731548309326, 1.9934816360473633, 1.9962587356567383, 1.9785065650939941, 1.9849761724472046]),0.01749303564429283,3393991000000,
array('f', [1.9237483739852905, 1.9154939651489258, 1.9147382974624634, 1.8888601064682007, 1.9155073165893555, 1.9220370054244995, 1.899642825126648, 1.8974113464355469, 1.884205937385559, 1.893484354019165, 1.9026793241500854, 1.9193928241729736, 1.9026073217391968, 1.8918590545654297, 1.913652777671814, 1.9050838947296143, 1.9064569473266602, 1.916871190071106, 1.917392611503601, 1.9179502725601196, 1.952337622642517, 1.9444447755813599, 1.9405102729797363, 1.9667797088623047, 1.9783650636672974, 1.9867041110992432, 2.005772113800049, 2.0054104328155518, 2.0095229148864746, 2.0380008220672607, 2.046739339828491, 2.0725300312042236, 2.0779895782470703, 2.0984177589416504, 2.1083984375, 2.1447675228118896, 2.161813735961914, 2.1648693084716797, 2.1945693492889404, 2.2213127613067627, 2.243311882019043, 2.2744486331939697, 2.3135085105895996, 2.3038179874420166, 2.3599586486816406, 2.369833469390869, 2.4151556491851807, 2.450143337249756, inf, inf, inf, inf, inf, inf, inf, inf, inf, inf, inf, 3.176098585128784, 3.1265039443969727, 3.1703197956085205, 3.257612705230713, 3.3396382331848145, 3.4234187602996826, inf, inf, inf, inf, inf, inf, inf, inf, inf, inf, inf, inf, inf, inf, inf, inf, inf, inf, inf, inf, inf, inf, inf, inf, inf, inf, inf, inf, inf, inf, inf, inf, inf, inf, inf, inf, inf, inf, inf, inf, inf, inf, inf, inf, inf, inf, inf, inf, inf, inf, inf, inf, inf, inf, inf, inf, inf, inf, inf, inf, inf, inf, inf, inf, inf, inf, inf, inf, inf, inf, inf, inf, inf, inf, inf, inf, inf, inf, inf, inf, inf, inf, inf, inf, inf, inf, inf, inf, inf, inf, inf, inf, inf, inf, inf, inf, inf, inf, inf, inf, inf, inf, inf, inf, inf, inf, inf, inf, inf, inf, inf, inf, inf, inf, inf, inf, inf, inf, inf, inf, inf, inf, inf, inf, inf, inf, inf, inf, inf, inf, inf, inf, inf, inf, inf, inf, inf, inf, inf, inf, inf, inf, inf, inf, inf, inf, inf, inf, inf, inf, inf, inf, 3.400296688079834, 3.316164016723633, 3.195554256439209, 3.1331865787506104, 3.0412633419036865, 2.9579508304595947, 2.8934741020202637, 2.804616689682007, 2.766979455947876, 2.6938254833221436, 2.636624813079834, 2.583319902420044, 2.516211748123169, 2.472954750061035, 2.4282894134521484, 2.404165506362915, 2.3571202754974365, 2.3165504932403564, 2.2733702659606934, 2.248464345932007, 2.2110726833343506, 2.1688222885131836, 2.1475014686584473, 2.1293938159942627, 2.083989143371582, 2.0779309272766113, 2.0361242294311523, 2.0239694118499756, 1.9866790771484375, 1.9647561311721802, 1.937408447265625, 1.9333280324935913, 1.901924729347229, 1.8909245729446411, 1.862796664237976, 1.8672893047332764, 1.8341193199157715, 1.8378740549087524, 1.8165947198867798, 1.8028557300567627, 1.8037829399108887, 1.7880316972732544, 1.7706336975097656, 1.774878740310669, 1.7527748346328735, 1.7549467086791992, 1.7447984218597412, 1.7249233722686768, 1.695681095123291, 1.724278450012207, 1.7191565036773682, 1.7154302597045898, 1.67782723903656, 1.6972836256027222, 1.7050886154174805, 1.6868141889572144, 1.6914842128753662, 1.669129490852356, 1.7001991271972656, 1.690901517868042, 1.686565637588501, 1.6782339811325073, 1.6615724563598633, 1.6706984043121338, 1.677133321762085, 1.6804721355438232, 1.695082426071167, 1.683289885520935, 1.692092776298523, 1.7081718444824219, 1.71885085105896, 1.698583722114563, 1.7120201587677002, 1.7413077354431152, 1.7418608665466309, 1.7477267980575562, 1.7716556787490845, 1.7637232542037964, 1.7707253694534302, 1.7812161445617676, 1.7887446880340576, 1.7894283533096313, 1.803396463394165, 1.8386080265045166, 1.8329120874404907, 1.8639196157455444, 1.8621355295181274, 1.871814489364624, 1.8978215456008911, 1.908775806427002, 1.9445112943649292, 1.9672073125839233, 1.9846348762512207, 2.0093441009521484, 2.022152900695801, 2.052931308746338, 2.101059913635254, 2.0900888442993164, 2.1296396255493164, 2.1451754570007324, 2.1786136627197266, 2.2178587913513184, 2.2621870040893555, 2.2972917556762695, 2.3377797603607178, 2.3840208053588867, 2.409731149673462, 2.463679552078247, 2.495620012283325, 2.517359495162964, 2.49776554107666, 2.457408905029297, 2.4272897243499756, 2.374499797821045, 2.351378917694092, 2.3181543350219727, 2.301360845565796, 2.277538537979126, 2.2498176097869873, 2.20298433303833, 2.1973750591278076, 2.18546724319458, 2.1595921516418457, 2.1350719928741455, 2.111572027206421, 2.096867084503174, 2.070362091064453, 2.0661509037017822, 2.053593635559082, 2.045180559158325, 2.0011589527130127, 2.0127837657928467, 1.9815974235534668, 1.9938169717788696, 1.961461067199707, 1.969982624053955, 1.9671344757080078, 1.944333553314209, 1.9421859979629517, 1.9300929307937622, 1.939681053161621, 1.924330234527588, 1.9361084699630737]),0.01749303564429283,3394191000000,
array('f', [1.849015474319458, 1.8535380363464355, 1.8615628480911255, 1.8649888038635254, 1.8498055934906006, 1.8525168895721436, 1.8392747640609741, 1.8491859436035156, 1.8180426359176636, 1.855454921722412, 1.846153736114502, 1.8542627096176147, 1.8635692596435547, 1.8583662509918213, 1.855088233947754, 1.8872482776641846, 1.8742202520370483, 1.8792588710784912, 1.8926359415054321, 1.9024455547332764, 1.8970661163330078, 1.9230164289474487, 1.9467461109161377, 1.924174189567566, 1.9496738910675049, 1.9460607767105103, 1.980218529701233, 1.9840182065963745, 1.9997656345367432, 2.010511636734009, 2.032865047454834, 2.040395736694336, 2.0726115703582764, 2.0829989910125732, 2.109009265899658, 2.1307308673858643, 2.136411666870117, 2.1683757305145264, 2.1923866271972656, 2.2327206134796143, 2.262568473815918, 2.269409656524658, 2.3152225017547607, 2.3310582637786865, 2.360004425048828, 2.410484790802002, 2.4441111087799072, inf, inf, inf, inf, inf, inf, inf, inf, inf, inf, 3.176055431365967, 3.149427652359009, 3.1127638816833496, 3.182111978530884, 3.2709381580352783, 3.3643734455108643, 3.432802677154541, inf, inf, inf, inf, inf, inf, inf, inf, inf, inf, inf, inf, inf, inf, inf, inf, inf, inf, inf, inf, inf, inf, inf, inf, inf, inf, inf, inf, inf, inf, inf, inf, inf, inf, inf, inf, inf, inf, inf, inf, inf, inf, inf, inf, inf, inf, inf, inf, inf, inf, inf, inf, inf, inf, inf, inf, inf, inf, inf, inf, inf, inf, inf, inf, inf, inf, inf, inf, inf, inf, inf, inf, inf, inf, inf, inf, inf, inf, inf, inf, inf, inf, inf, inf, inf, inf, inf, inf, inf, inf, inf, inf, inf, inf, inf, inf, inf, inf, inf, inf, inf, inf, inf, inf, inf, inf, inf, inf, inf, inf, inf, inf, inf, inf, inf, inf, inf, inf, inf, inf, inf, inf, inf, inf, inf, inf, inf, inf, inf, inf, inf, inf, inf, inf, inf, inf, inf, inf, inf, inf, inf, inf, inf, inf, inf, inf, inf, inf, inf, inf, 3.4890894889831543, 3.3588781356811523, 3.2655742168426514, 3.1797449588775635, 3.0777816772460938, 2.9985880851745605, 2.9231059551239014, 2.8660824298858643, 2.7653675079345703, 2.7379260063171387, 2.672062397003174, 2.6004841327667236, 2.5720274448394775, 2.5098016262054443, 2.4565107822418213, 2.421501874923706, 2.3904709815979004, 2.343380928039551, 2.293966770172119, 2.265331268310547, 2.221252202987671, 2.1809966564178467, 2.169172763824463, 2.1128060817718506, 2.1127758026123047, 2.0857460498809814, 2.0629637241363525, 2.011317014694214, 1.9925642013549805, 1.9832180738449097, 1.9545080661773682, 1.913691520690918, 1.919520378112793, 1.8881945610046387, 1.8846911191940308, 1.87039315700531, 1.8374570608139038, 1.8530253171920776, 1.8275344371795654, 1.806544542312622, 1.8018304109573364, 1.7892204523086548, 1.761691927909851, 1.750037670135498, 1.7419798374176025, 1.7388089895248413, 1.7488552331924438, 1.7205069065093994, 1.7145531177520752, 1.722756266593933, 1.686087727546692, 1.714310646057129, 1.68296480178833, 1.6791977882385254, 1.6888923645019531, 1.6879245042800903, 1.6832467317581177, 1.677341341972351, 1.687292456626892, 1.6669425964355469, 1.6842375993728638, 1.659221887588501, 1.6600157022476196, 1.6608731746673584, 1.679119348526001, 1.6640353202819824, 1.673888921737671, 1.7014436721801758, 1.705678105354309, 1.703345775604248, 1.6976412534713745, 1.7040292024612427, 1.7012226581573486, 1.7263133525848389, 1.719284176826477, 1.7183748483657837, 1.7346373796463013, 1.7372552156448364, 1.7575680017471313, 1.7613383531570435, 1.7663298845291138, 1.7798409461975098, 1.7910337448120117, 1.8156465291976929, 1.8205314874649048, 1.8449218273162842, 1.8511202335357666, 1.8738312721252441, 1.8815234899520874, 1.9063637256622314, 1.9244972467422485, 1.9306243658065796, 1.9568971395492554, 1.978294014930725, 2.0007619857788086, 2.0074081420898438, 2.0465426445007324, 2.0647382736206055, 2.105069637298584, 2.114919900894165, 2.153130292892456, 2.201723575592041, 2.218200922012329, 2.2684521675109863, 2.3040952682495117, 2.3112776279449463, 2.3655123710632324, 2.436359167098999, 2.4613661766052246, 2.4723005294799805, 2.453977108001709, 2.412095546722412, 2.382417678833008, 2.3389270305633545, 2.313279390335083, 2.292649507522583, 2.268732786178589, 2.2221577167510986, 2.194149971008301, 2.1641759872436523, 2.1633336544036865, 2.135887384414673, 2.1019930839538574, 2.084480047225952, 2.064678430557251, 2.0661959648132324, 2.0456326007843018, 2.027773141860962, 2.012615442276001, 1.9998518228530884, 1.9782847166061401, 1.9741768836975098, 1.9539934396743774, 1.9477837085723877, 1.930660367012024, 1.92055082321167, 1.897731065750122, 1.9224075078964233, 1.9059710502624512, 1.8973716497421265, 1.8994742631912231, 1.8815785646438599, 1.861788034439087, 1.8552064895629883, 1.8705518245697021, 1.8530502319335938]),0.01749303564429283,3394391000000,
array('f', [1.804377555847168, 1.7911587953567505, 1.7959957122802734, 1.7997361421585083, 1.7961757183074951, 1.7920907735824585, 1.8147985935211182, 1.800302267074585, 1.8025116920471191, 1.7945339679718018, 1.823751449584961, 1.8237698078155518, 1.8320688009262085, 1.8042765855789185, 1.82606041431427, 1.835470199584961, 1.8407865762710571, 1.848438024520874, 1.8535343408584595, 1.8673038482666016, 1.8698925971984863, 1.8886977434158325, 1.9146498441696167, 1.9053539037704468, 1.9364771842956543, 1.945752501487732, 1.9445898532867432, 1.952901840209961, 1.974710464477539, 2.0014536380767822, 2.0140538215637207, 2.046804904937744, 2.0509369373321533, 2.0797464847564697, 2.0915160179138184, 2.1188206672668457, 2.1307616233825684, 2.1482021808624268, 2.189166307449341, 2.226445436477661, 2.2525227069854736, 2.2778329849243164, 2.306931734085083, 2.3414297103881836, 2.3748018741607666, inf, inf, inf, inf, inf, inf, inf, inf, inf, inf, inf, 3.1322877407073975, 3.098928928375244, 3.120037317276001, 3.209167718887329, 3.293099880218506, 3.3770358562469482, 3.4775002002716064, inf, inf, inf, inf, inf, inf, inf, inf, inf, inf, inf, inf, inf, inf, inf, inf, inf, inf, inf, inf, inf, inf, inf, inf, inf, inf, inf, inf, inf, inf, inf, inf, inf, inf, inf, inf, inf, inf, inf, inf, inf, inf, inf, inf, inf, inf, inf, inf, inf, inf, inf, inf, inf, inf, inf, inf, inf, inf, inf, inf, inf, inf, inf, inf, inf, inf, inf, inf, inf, inf, inf, inf, inf, inf, inf, inf, inf, inf, inf, inf, inf, inf, inf, inf, inf, inf, inf, inf, inf, inf, inf, inf, inf, inf, inf, inf, inf, inf, inf, inf, inf, inf, inf, inf, inf, inf, inf, inf, inf, inf, inf, inf, inf, inf, inf, inf, inf, inf, inf, inf, inf, inf, inf, inf, inf, inf, inf, inf, inf, inf, inf, inf, inf, inf, inf, inf, inf, inf, inf, inf, inf, inf, inf, inf, inf, inf, inf, inf, inf, 3.4167063236236572, 3.331498622894287, 3.2287349700927734, 3.1338696479797363, 3.070571184158325, 2.9787495136260986, 2.9041130542755127, 2.851832866668701, 2.7600443363189697, 2.697634220123291, 2.63630747795105, 2.5770561695098877, 2.526583433151245, 2.4897701740264893, 2.437222719192505, 2.3744559288024902, 2.3576831817626953, 2.304252862930298, 2.282348871231079, 2.257340669631958, 2.197082281112671, 2.1740050315856934, 2.126169443130493, 2.1063575744628906, 2.0636096000671387, 2.060019016265869, 2.031963348388672, 2.012096405029297, 1.9913383722305298, 1.95658278465271, 1.9536828994750977, 1.8969800472259521, 1.8954663276672363, 1.9043617248535156, 1.8712201118469238, 1.8495092391967773, 1.8321622610092163, 1.8283181190490723, 1.8161885738372803, 1.794568657875061, 1.7912299633026123, 1.7775603532791138, 1.7690895795822144, 1.749411702156067, 1.7429451942443848, 1.7263368368148804, 1.7156332731246948, 1.7236360311508179, 1.7072803974151611, 1.7168631553649902, 1.7002664804458618, 1.6910206079483032, 1.6906228065490723, 1.6832526922225952, 1.6898058652877808, 1.6957919597625732, 1.6887168884277344, 1.6639479398727417, 1.6752642393112183, 1.6554993391036987, 1.6671489477157593, 1.6700212955474854, 1.6669402122497559, 1.6599488258361816, 1.6659963130950928, 1.6780786514282227, 1.6812419891357422, 1.6672707796096802, 1.6817201375961304, 1.6948176622390747, 1.6710189580917358, 1.6915347576141357, 1.7212165594100952, 1.7192368507385254, 1.7213001251220703, 1.734115719795227, 1.7336034774780273, 1.726249098777771, 1.7421294450759888, 1.7719780206680298, 1.7770217657089233, 1.7830088138580322, 1.8252209424972534, 1.779233694076538, 1.8267349004745483, 1.835298776626587, 1.8569990396499634, 1.851746678352356, 1.90264093875885, 1.8858702182769775, 1.9092332124710083, 1.9427480697631836, 1.9425580501556396, 1.9625712633132935, 1.9966914653778076, 2.015336275100708, 2.052640914916992, 2.0834336280822754, 2.1109611988067627, 2.1186065673828125, 2.1703035831451416, 2.1917917728424072, 2.2189669609069824, 2.247062921524048, 2.2981042861938477, 2.335843563079834, 2.3747096061706543, 2.4039032459259033, 2.455441474914551, 2.4189980030059814, 2.3592817783355713, 2.3419926166534424, 2.287614107131958, 2.2690696716308594, 2.2536017894744873, 2.2262754440307617, 2.2034285068511963, 2.1612346172332764, 2.1296517848968506, 2.1244375705718994, 2.07403302192688, 2.0780515670776367, 2.04712176322937, 2.027709722518921, 2.0250682830810547, 2.0013484954833984, 1.9575183391571045, 1.9602378606796265, 1.95950186252594, 1.929649829864502, 1.9272525310516357, 1.8981643915176392, 1.8958466053009033, 1.8795527219772339, 1.8720773458480835, 1.8719111680984497, 1.8402432203292847, 1.8664425611495972, 1.8367807865142822, 1.847084403038025, 1.8204548358917236, 1.820342779159546, 1.8067067861557007, 1.825512409210205, 1.813065767288208, 1.822604775428772, 1.793443202972412, 1.8203808069229126]),0.01749303564429283,3394591000000,
array('f', [1.755868673324585, 1.7399994134902954, 1.75766921043396, 1.7419946193695068, 1.7427499294281006, 1.7707738876342773, 1.7609013319015503, 1.7735004425048828, 1.7715466022491455, 1.765751600265503, 1.7792376279830933, 1.7684650421142578, 1.7828614711761475, 1.7874796390533447, 1.7948567867279053, 1.8028523921966553, 1.8324187994003296, 1.8109534978866577, 1.8213140964508057, 1.8458977937698364, 1.8395814895629883, 1.8582936525344849, 1.8632739782333374, 1.9017666578292847, 1.897810459136963, 1.939434289932251, 1.9381062984466553, 1.9410897493362427, 1.9703636169433594, 1.9820126295089722, 2.004377841949463, 2.0330231189727783, 2.0209851264953613, 2.0567686557769775, 2.068108320236206, 2.1003201007843018, 2.148597002029419, 2.159349203109741, 2.188725471496582, 2.2355751991271973, 2.2578680515289307, 2.2869811058044434, 2.320650577545166, 2.3413188457489014, inf, inf, inf, inf, inf, inf, inf, inf, inf, inf, 3.1387240886688232, 3.0887794494628906, 3.049306631088257, 3.129124402999878, 3.223853826522827, 3.318679094314575, 3.3975229263305664, inf, inf, inf, inf, inf, inf, inf, inf, inf, inf, inf, inf, inf, inf, inf, inf, inf, inf, inf, inf, inf, inf, inf, inf, inf, inf, inf, inf, inf, inf, inf, inf, inf, inf, inf, inf, inf, inf, inf, inf, inf, inf, inf, inf, inf, inf, inf, inf, inf, inf, inf, inf, inf, inf, inf, inf, inf, inf, inf, inf, inf, inf, inf, inf, inf, inf, inf, inf, inf, inf, inf, inf, inf, inf, inf, inf, inf, inf, inf, inf, inf, inf, inf, inf, inf, inf, inf, inf, inf, inf, inf, inf, inf, inf, inf, inf, inf, inf, inf, inf, inf, inf, inf, inf, inf, inf, inf, inf, inf, inf, inf, inf, inf, inf, inf, inf, inf, inf, inf, inf, inf, inf, inf, inf, inf, inf, inf, inf, inf, inf, inf, inf, inf, inf, inf, inf, inf, inf, inf, inf, inf, inf, inf, inf, inf, inf, inf, inf, inf, 3.3960113525390625, 3.3025107383728027, 3.209451675415039, 3.1216557025909424, 3.0352630615234375, 2.9698188304901123, 2.870189666748047, 2.8078861236572266, 2.755641460418701, 2.6922526359558105, 2.636803388595581, 2.576672315597534, 2.517533540725708, 2.478400945663452, 2.4158670902252197, 2.3815948963165283, 2.3250558376312256, 2.316624402999878, 2.2621095180511475, 2.2270865440368652, 2.1840391159057617, 2.1699795722961426, 2.1400954723358154, 2.1126046180725098, 2.08328914642334, 2.0273680686950684, 2.0249831676483154, 1.9889029264450073, 1.9680554866790771, 1.9514449834823608, 1.942667841911316, 1.9059714078903198, 1.894649624824524, 1.8824630975723267, 1.833101511001587, 1.8392891883850098, 1.8324321508407593, 1.8206599950790405, 1.7893832921981812, 1.7862014770507812, 1.768946886062622, 1.7628841400146484, 1.7520033121109009, 1.7477474212646484, 1.7509130239486694, 1.717889666557312, 1.7328858375549316, 1.7034608125686646, 1.7013529539108276, 1.707548975944519, 1.6982165575027466, 1.6878020763397217, 1.6879591941833496, 1.6954255104064941, 1.6631546020507812, 1.6845582723617554, 1.6636801958084106, 1.6679188013076782, 1.6777797937393188, 1.6644618511199951, 1.6765549182891846, 1.660387635231018, 1.675773024559021, 1.6712112426757812, 1.6509034633636475, 1.673308253288269, 1.6742104291915894, 1.6879751682281494, 1.6996062994003296, 1.6980723142623901, 1.6943167448043823, 1.6882052421569824, 1.6969208717346191, 1.722435712814331, 1.7009825706481934, 1.72170090675354, 1.74164879322052, 1.7523778676986694, 1.7581186294555664, 1.7707417011260986, 1.7870986461639404, 1.7760343551635742, 1.7961182594299316, 1.8102585077285767, 1.809208869934082, 1.8247328996658325, 1.857229471206665, 1.83656907081604, 1.8931782245635986, 1.9023464918136597, 1.9111944437026978, 1.9442243576049805, 1.9530819654464722, 1.9925346374511719, 2.008035659790039, 2.0209219455718994, 2.0392391681671143, 2.0793659687042236, 2.1323416233062744, 2.1391983032226562, 2.1528830528259277, 2.1979947090148926, 2.2231853008270264, 2.261319160461426, 2.293381690979004, 2.367567539215088, 2.3870809078216553, 2.3901479244232178, 2.3805742263793945, 2.3248183727264404, 2.3000550270080566, 2.260859966278076, 2.2337286472320557, 2.19232177734375, 2.1655893325805664, 2.1442463397979736, 2.109050750732422, 2.100860595703125, 2.0565078258514404, 2.0271058082580566, 2.0089733600616455, 2.0276553630828857, 2.0128931999206543, 1.9803507328033447, 1.9728004932403564, 1.9404020309448242, 1.9105969667434692, 1.9123343229293823, 1.9117742776870728, 1.862945795059204, 1.8550944328308105, 1.8664690256118774, 1.8679285049438477, 1.8217507600784302, 1.8066956996917725, 1.8141629695892334, 1.7974165678024292, 1.7888022661209106, 1.8083726167678833, 1.8000943660736084, 1.7747303247451782, 1.780786395072937, 1.784462332725525, 1.7704789638519287, 1.766873836517334, 1.7447260618209839, 1.7726407051086426, 1.7443550825119019, 1.7449320554733276, 1.7532460689544678]),0.01749303564429283,3394791000000,
array('f', [1.7049496173858643, 1.7082760334014893, 1.7161407470703125, 1.6895973682403564, 1.7139606475830078, 1.7186096906661987, 1.7065341472625732, 1.7298028469085693, 1.696572184562683, 1.7325841188430786, 1.73313570022583, 1.7453678846359253, 1.7427924871444702, 1.7543164491653442, 1.76187264919281, 1.7765401601791382, 1.7824835777282715, 1.7960400581359863, 1.78987717628479, 1.8046928644180298, 1.7992143630981445, 1.834200382232666, 1.8585995435714722, 1.8675849437713623, 1.8771682977676392, 1.8950291872024536, 1.9044520854949951, 1.930594801902771, 1.9316298961639404, 1.9626065492630005, 1.986190915107727, 2.0135908126831055, 2.0372514724731445, 2.07234525680542, 2.074795961380005, 2.104691743850708, 2.1469054222106934, 2.1795473098754883, 2.170010566711426, 2.2341248989105225, 2.2587687969207764, 2.2829575538635254, inf, inf, inf, inf, inf, inf, inf, inf, inf, inf, inf, 3.0772852897644043, 3.035156011581421, 3.0630249977111816, 3.1472043991088867, 3.249851703643799, 3.3174350261688232, 3.4486448764801025, inf, inf, inf, inf, inf, inf, inf, inf, inf, inf, inf, inf, inf, inf, inf, inf, inf, inf, inf, inf, inf, inf, inf, inf, inf, inf, inf, inf, inf, inf, inf, inf, inf, inf, inf, inf, inf, inf, inf, inf, inf, inf, inf, inf, inf, inf, inf, inf, inf, inf, inf, inf, inf, inf, inf, inf, inf, inf, inf, inf, inf, inf, inf, inf, inf, inf, inf, inf, inf, inf, inf, inf, inf, inf, inf, inf, inf, inf, inf, inf, inf, inf, inf, inf, inf, inf, inf, inf, inf, inf, inf, inf, inf, inf, inf, inf, inf, inf, inf, inf, inf, inf, inf, inf, inf, inf, inf, inf, inf, inf, inf, inf, inf, inf, inf, inf, inf, inf, inf, inf, inf, inf, inf, inf, inf, inf, inf, inf, inf, inf, inf, inf, inf, inf, inf, inf, inf, inf, inf, inf, inf, inf, inf, inf, inf, inf, inf, 3.4557480812072754, 3.3685266971588135, 3.257445812225342, 3.170337677001953, 3.0762500762939453, 2.9997928142547607, 2.9179470539093018, 2.842550039291382, 2.783465623855591, 2.7413058280944824, 2.659210205078125, 2.6042263507843018, 2.558558464050293, 2.50311017036438, 2.458075761795044, 2.432835817337036, 2.3635611534118652, 2.3253135681152344, 2.293992042541504, 2.2370266914367676, 2.230198621749878, 2.193347930908203, 2.1526665687561035, 2.1072804927825928, 2.091068744659424, 2.0563783645629883, 2.0498945713043213, 2.0099880695343018, 2.005432367324829, 1.9617573022842407, 1.951748251914978, 1.9093127250671387, 1.918473720550537, 1.8870208263397217, 1.88899564743042, 1.879301905632019, 1.8323965072631836, 1.817065954208374, 1.8153499364852905, 1.8120073080062866, 1.7830219268798828, 1.7851849794387817, 1.7631640434265137, 1.7476149797439575, 1.7667162418365479, 1.7356318235397339, 1.72149658203125, 1.7211973667144775, 1.7046234607696533, 1.6967878341674805, 1.6961506605148315, 1.692470669746399, 1.692620038986206, 1.6897088289260864, 1.6802804470062256, 1.6794646978378296, 1.6739321947097778, 1.6871044635772705, 1.6697660684585571, 1.6778687238693237, 1.674819827079773, 1.656224012374878, 1.6838902235031128, 1.6578693389892578, 1.6538021564483643, 1.6572552919387817, 1.6812138557434082, 1.6766256093978882, 1.6804343461990356, 1.6695959568023682, 1.6926774978637695, 1.7016956806182861, 1.6993533372879028, 1.705096960067749, 1.7112023830413818, 1.7088887691497803, 1.72367525100708, 1.7365714311599731, 1.7283782958984375, 1.7549011707305908, 1.7703453302383423, 1.770224928855896, 1.7752476930618286, 1.795695185661316, 1.80675208568573, 1.8265422582626343, 1.8443058729171753, 1.8452143669128418, 1.8575236797332764, 1.8775116205215454, 1.9047001600265503, 1.9346778392791748, 1.9447976350784302, 1.9811807870864868, 1.9897549152374268, 2.01440691947937, 2.032031536102295, 2.0438709259033203, 2.0905699729919434, 2.104566812515259, 2.1446049213409424, 2.183938503265381, 2.215688943862915, 2.2323689460754395, 2.291205883026123, 2.319683074951172, 2.338052272796631, 2.3683383464813232, 2.341364860534668, 2.276301383972168, 2.267862558364868, 2.2165822982788086, 2.177645444869995, 2.154201030731201, 2.1381702423095703, 2.1113381385803223, 2.0792038440704346, 2.0505073070526123, 2.0273897647857666, 2.007878541946411, 1.9768812656402588, 1.9623624086380005, 1.9343374967575073, 1.9305375814437866, 1.8882167339324951, 1.876964807510376, 1.8737435340881348, 1.8433514833450317, 1.8289458751678467, 1.8184493780136108, 1.8440845012664795, 1.8051000833511353, 1.7999091148376465, 1.7969930171966553, 1.7845275402069092, 1.7613331079483032, 1.7520415782928467, 1.757810354232788, 1.7385555505752563, 1.737297534942627, 1.7331455945968628, 1.7345590591430664, 1.721337914466858, 1.7122560739517212, 1.7177786827087402, 1.7122724056243896, 1.710561752319336, 1.6886214017868042, 1.708800196647644, 1.7167243957519531, 1.6947578191757202, 1.710692048072815, 1.6979330778121948]),0.01749303564429283,3394991000000,
array('f', [1.6519867181777954, 1.6523653268814087, 1.663097858428955, 1.6631507873535156, 1.676669716835022, 1.6556668281555176, 1.6652895212173462, 1.6732360124588013, 1.6928887367248535, 1.6888025999069214, 1.6911733150482178, 1.7032822370529175, 1.7185736894607544, 1.7151801586151123, 1.74640953540802, 1.7332919836044312, 1.7520685195922852, 1.7642289400100708, 1.746248722076416, 1.7995165586471558, 1.8061422109603882, 1.8177706003189087, 1.8186564445495605, 1.839501976966858, 1.8677866458892822, 1.8822537660598755, 1.8931772708892822, 1.9111934900283813, 1.9499125480651855, 1.9532550573349, 1.988221526145935, 2.0095841884613037, 2.011298179626465, 2.033003568649292, 2.0968434810638428, 2.109825372695923, 2.1194889545440674, 2.1688578128814697, 2.2051894664764404, 2.2523088455200195, 2.2855911254882812, inf, inf, inf, inf, inf, inf, inf, inf, inf, inf, 3.052563190460205, 3.0192360877990723, 3.001180648803711, 3.0831844806671143, 3.1545374393463135, 3.2623186111450195, 3.3638768196105957, 3.474609136581421, inf, inf, inf, inf, inf, inf, inf, inf, inf, inf, inf, inf, inf, inf, inf, inf, inf, inf, inf, inf, inf, inf, inf, inf, inf, inf, inf, inf, inf, inf, inf, inf, inf, inf, inf, inf, inf, inf, inf, inf, inf, inf, inf, inf, inf, inf, inf, inf, inf, inf, inf, inf, inf, inf, inf, inf, inf, inf, inf, inf, inf, inf, inf, inf, inf, inf, inf, inf, inf, inf, inf, inf, inf, inf, inf, inf, inf, inf, inf, inf, inf, inf, inf, inf, inf, inf, inf, inf, inf, inf, inf, inf, inf, inf, inf, inf, inf, inf, inf, inf, inf, inf, inf, inf, inf, inf, inf, inf, inf, inf, inf, inf, inf, inf, inf, inf, inf, inf, inf, inf, inf, inf, inf, inf, inf, inf, inf, inf, inf, inf, inf, inf, inf, inf, inf, inf, inf, inf, inf, inf, inf, inf, inf, inf, inf, inf, 3.428558588027954, 3.3434131145477295, 3.2520360946655273, 3.1441805362701416, 3.0697052478790283, 2.979407787322998, 2.904470682144165, 2.8353030681610107, 2.7658512592315674, 2.7173783779144287, 2.6364986896514893, 2.576594591140747, 2.536954641342163, 2.492097854614258, 2.4331603050231934, 2.3948779106140137, 2.3586771488189697, 2.317863941192627, 2.2918970584869385, 2.232361078262329, 2.194199323654175, 2.1717967987060547, 2.157731056213379, 2.110480546951294, 2.0919556617736816, 2.0446267127990723, 2.0349085330963135, 1.996229887008667, 1.9911291599273682, 1.9768190383911133, 1.946082592010498, 1.9285948276519775, 1.9260591268539429, 1.8879209756851196, 1.8690361976623535, 1.8529222011566162, 1.841179609298706, 1.8183666467666626, 1.8031916618347168, 1.7873395681381226, 1.7904645204544067, 1.7586851119995117, 1.7644227743148804, 1.7610547542572021, 1.7528080940246582, 1.7260960340499878, 1.725732684135437, 1.7273441553115845, 1.7188042402267456, 1.7016551494598389, 1.6915102005004883, 1.691789150238037, 1.6919320821762085, 1.6739815473556519, 1.6814252138137817, 1.6678019762039185, 1.6723154783248901, 1.6633920669555664, 1.6687058210372925, 1.6522178649902344, 1.6561859846115112, 1.6721522808074951, 1.6738053560256958, 1.6638778448104858, 1.6755350828170776, 1.6668694019317627, 1.683780312538147, 1.6846505403518677, 1.6812461614608765, 1.6857798099517822, 1.6817516088485718, 1.6889960765838623, 1.6935559511184692, 1.7254009246826172, 1.714994192123413, 1.7229951620101929, 1.7255178689956665, 1.7355902194976807, 1.7413654327392578, 1.75594162940979, 1.7450690269470215, 1.7677743434906006, 1.7744550704956055, 1.7988300323486328, 1.8265272378921509, 1.8202625513076782, 1.8257206678390503, 1.8445510864257812, 1.8744499683380127, 1.9010180234909058, 1.9098434448242188, 1.924702763557434, 1.9438307285308838, 1.9510000944137573, 1.9880523681640625, 2.0134871006011963, 2.054091691970825, 2.0532302856445312, 2.086677074432373, 2.1086373329162598, 2.1519041061401367, 2.1931025981903076, 2.2094333171844482, 2.258678913116455, 2.2801098823547363, 2.323113203048706, 2.3128437995910645, 2.2627389430999756, 2.245396375656128, 2.2010257244110107, 2.18180513381958, 2.127500295639038, 2.1141459941864014, 2.098532199859619, 2.051860809326172, 2.0336246490478516, 1.9955629110336304, 1.9704302549362183, 1.980913758277893, 1.9283148050308228, 1.922386884689331, 1.8855417966842651, 1.880267858505249, 1.8597160577774048, 1.8707544803619385, 1.828182578086853, 1.8043118715286255, 1.7968833446502686, 1.7948194742202759, 1.7554051876068115, 1.7736458778381348, 1.7636984586715698, 1.7295546531677246, 1.7230637073516846, 1.7222837209701538, 1.7162909507751465, 1.7105450630187988, 1.7038483619689941, 1.6824878454208374, 1.68091881275177, 1.6683740615844727, 1.6644643545150757, 1.6651886701583862, 1.6652185916900635, 1.6505420207977295, 1.6428654193878174, 1.6614418029785156, 1.6582872867584229, 1.6549516916275024, 1.6387830972671509, 1.6631019115447998, 1.6479988098144531, 1.6323333978652954, 1.6388381719589233, 1.6664286851882935]),0.01749303564429283,3395191000000,
array('f', [1.6141277551651, 1.6185352802276611, 1.6003248691558838, 1.6181272268295288, 1.6307719945907593, 1.6204845905303955, 1.6259090900421143, 1.6394526958465576, 1.6514605283737183, 1.6392505168914795, 1.6549899578094482, 1.6775174140930176, 1.6710147857666016, 1.6910736560821533, 1.7134007215499878, 1.7038917541503906, 1.7246986627578735, 1.728514552116394, 1.7324061393737793, 1.7630006074905396, 1.7723209857940674, 1.7858223915100098, 1.803166151046753, 1.8213385343551636, 1.846184253692627, 1.8635590076446533, 1.8587636947631836, 1.8854399919509888, 1.9167908430099487, 1.959683895111084, 1.9843474626541138, 2.0207700729370117, 2.0271494388580322, 2.0721614360809326, 2.074065923690796, 2.121589183807373, 2.1459503173828125, 2.1996116638183594, 2.2178828716278076, 2.2519776821136475, inf, inf, inf, inf, inf, inf, inf, inf, inf, inf, 3.0120227336883545, 2.9773411750793457, 3.001697540283203, 3.0898568630218506, 3.19014573097229, 3.2870142459869385, 3.3921127319335938, inf, inf, inf, inf, inf, inf, inf, inf, inf, inf, inf, inf, inf, inf, inf, inf, inf, inf, inf, inf, inf, inf, inf, inf, inf, inf, inf, inf, inf, inf, inf, inf, inf, inf, inf, inf, inf, inf, inf, inf, inf, inf, inf, inf, inf, inf, inf, inf, inf, inf, inf, inf, inf, inf, inf, inf, inf, inf, inf, inf, inf, inf, inf, inf, inf, inf, inf, inf, inf, inf, inf, inf, inf, inf, inf, inf, inf, inf, inf, inf, inf, inf, inf, inf, inf, inf, inf, inf, inf, inf, inf, inf, inf, inf, inf, inf, inf, inf, inf, inf, inf, inf, inf, inf, inf, inf, inf, inf, inf, inf, inf, inf, inf, inf, inf, inf, inf, inf, inf, inf, inf, inf, inf, inf, inf, inf, inf, inf, inf, inf, inf, inf, inf, inf, inf, inf, inf, inf, inf, inf, inf, inf, inf, inf, inf, inf, 3.4211506843566895, 3.3172991275787354, 3.2145602703094482, 3.132469654083252, 3.0446298122406006, 2.947136402130127, 2.873547315597534, 2.8246817588806152, 2.769425868988037, 2.682680368423462, 2.633896827697754, 2.5683810710906982, 2.521879196166992, 2.463967800140381, 2.4128384590148926, 2.375105381011963, 2.3416788578033447, 2.3112165927886963, 2.272658109664917, 2.226694345474243, 2.206042766571045, 2.1636927127838135, 2.1321117877960205, 2.122842788696289, 2.084306240081787, 2.0525052547454834, 2.026150941848755, 2.004246234893799, 1.9942134618759155, 1.964480996131897, 1.9389058351516724, 1.9236695766448975, 1.9148659706115723, 1.8793960809707642, 1.8777140378952026, 1.8590675592422485, 1.8226710557937622, 1.8128281831741333, 1.8044337034225464, 1.7984609603881836, 1.7987945079803467, 1.779407262802124, 1.763655662536621, 1.7460806369781494, 1.759131669998169, 1.725104808807373, 1.735656976699829, 1.7040764093399048, 1.716565728187561, 1.7054179906845093, 1.711350917816162, 1.6965515613555908, 1.675789475440979, 1.6812481880187988, 1.664788842201233, 1.683987021446228, 1.6783068180084229, 1.678884506225586, 1.6695173978805542, 1.6689332723617554, 1.6801559925079346, 1.6629631519317627, 1.678084135055542, 1.657418966293335, 1.6642311811447144, 1.6732473373413086, 1.6690640449523926, 1.6858447790145874, 1.6784476041793823, 1.6962751150131226, 1.7023621797561646, 1.7084197998046875, 1.7095564603805542, 1.7093346118927002, 1.7156517505645752, 1.7228825092315674, 1.7312113046646118, 1.7424585819244385, 1.7425205707550049, 1.7606910467147827, 1.782590627670288, 1.786668300628662, 1.807733178138733, 1.7845960855484009, 1.8072513341903687, 1.8390262126922607, 1.8498194217681885, 1.8605846166610718, 1.8785529136657715, 1.906026005744934, 1.9371740818023682, 1.9472172260284424, 1.9727379083633423, 1.9793788194656372, 2.0129289627075195, 2.034590482711792, 2.04134202003479, 2.0821406841278076, 2.1036581993103027, 2.1473116874694824, 2.173091173171997, 2.183501720428467, 2.2164995670318604, 2.2432384490966797, 2.2997429370880127, 2.2847371101379395, 2.2369544506073, 2.203432559967041, 2.1515564918518066, 2.119380474090576, 2.10815167427063, 2.0958316326141357, 2.0410139560699463, 2.0318005084991455, 1.9960134029388428, 1.9611481428146362, 1.9323605298995972, 1.8919005393981934, 1.9070748090744019, 1.8683385848999023, 1.8587065935134888, 1.8388687372207642, 1.8324778079986572, 1.794753074645996, 1.7822209596633911, 1.777122974395752, 1.758618950843811, 1.7509230375289917, 1.7304855585098267, 1.7195756435394287, 1.703714370727539, 1.6904785633087158, 1.6697266101837158, 1.6709773540496826, 1.6630146503448486, 1.656554102897644, 1.6429415941238403, 1.6484421491622925, 1.6441144943237305, 1.6292730569839478, 1.639410138130188, 1.6276804208755493, 1.6182923316955566, 1.6043764352798462, 1.603394865989685, 1.6023777723312378, 1.612035870552063, 1.612644076347351, 1.616986870765686, 1.5954285860061646, 1.59650456905365, 1.6032997369766235, 1.595823049545288, 1.5948927402496338, 1.6002930402755737, 1.6032439470291138, 1.6216663122177124]),0.01749303564429283,3395391000000,
array('f', [1.571895956993103, 1.5750948190689087, 1.5588324069976807, 1.5792360305786133, 1.581207513809204, 1.590380072593689, 1.595604658126831, 1.602900505065918, 1.608396053314209, 1.6179468631744385, 1.6273201704025269, 1.6461104154586792, 1.640435814857483, 1.6620912551879883, 1.6729978322982788, 1.6880223751068115, 1.6911263465881348, 1.7394214868545532, 1.711228609085083, 1.7510324716567993, 1.7465317249298096, 1.7509483098983765, 1.7884819507598877, 1.8063468933105469, 1.8392761945724487, 1.8454984426498413, 1.8762210607528687, 1.881308913230896, 1.9195806980133057, 1.9364166259765625, 1.9780993461608887, 2.0013530254364014, 2.021876096725464, 2.0419678688049316, 2.081343412399292, 2.127122640609741, 2.152017116546631, 2.1973376274108887, inf, inf, inf, inf, inf, inf, inf, inf, inf, inf, 2.995701551437378, 2.97898530960083, 2.929995059967041, 3.0390567779541016, 3.1193947792053223, 3.2121779918670654, 3.310392141342163, 3.453340530395508, inf, inf, inf, inf, inf, inf, inf, inf, inf, inf, inf, inf, inf, inf, inf, inf, inf, inf, inf, inf, inf, inf, inf, inf, inf, inf, inf, inf, inf, inf, inf, inf, inf, inf, inf, inf, inf, inf, inf, inf, inf, inf, inf, inf, inf, inf, inf, inf, inf, inf, inf, inf, inf, inf, inf, inf, inf, inf, inf, inf, inf, inf, inf, inf, inf, inf, inf, inf, inf, inf, inf, inf, inf, inf, inf, inf, inf, inf, inf, inf, inf, inf, inf, inf, inf, inf, inf, inf, inf, inf, inf, inf, inf, inf, inf, inf, inf, inf, inf, inf, inf, inf, inf, inf, inf, inf, inf, inf, inf, inf, inf, inf, inf, inf, inf, inf, inf, inf, inf, inf, inf, inf, inf, inf, inf, inf, inf, inf, inf, inf, inf, inf, inf, inf, inf, inf, inf, inf, inf, inf, inf, inf, inf, inf, inf, 3.391977310180664, 3.296347141265869, 3.2231099605560303, 3.1325418949127197, 3.038316488265991, 2.9484751224517822, 2.892463445663452, 2.8085556030273438, 2.7432444095611572, 2.695070505142212, 2.613715410232544, 2.5652856826782227, 2.5401148796081543, 2.4901227951049805, 2.4306788444519043, 2.376472234725952, 2.34454607963562, 2.3103184700012207, 2.260608673095703, 2.221433639526367, 2.1861159801483154, 2.158953905105591, 2.148538827896118, 2.099703788757324, 2.092076539993286, 2.053349494934082, 2.019014358520508, 2.0127017498016357, 1.9595236778259277, 1.9568263292312622, 1.950575590133667, 1.9226497411727905, 1.8940067291259766, 1.8848155736923218, 1.863077163696289, 1.8446745872497559, 1.8560960292816162, 1.815157413482666, 1.8175623416900635, 1.7863037586212158, 1.7824214696884155, 1.774268627166748, 1.7617030143737793, 1.7534486055374146, 1.7415963411331177, 1.719210147857666, 1.727805733680725, 1.7105212211608887, 1.7099993228912354, 1.707098126411438, 1.7090294361114502, 1.6874924898147583, 1.691070318222046, 1.7008562088012695, 1.6964925527572632, 1.6813371181488037, 1.6924206018447876, 1.6753027439117432, 1.6784056425094604, 1.678700566291809, 1.6853423118591309, 1.6689778566360474, 1.690208911895752, 1.690384030342102, 1.6775851249694824, 1.6824166774749756, 1.6769294738769531, 1.6822130680084229, 1.6946508884429932, 1.70939040184021, 1.7151583433151245, 1.7019596099853516, 1.7073882818222046, 1.6978232860565186, 1.7173738479614258, 1.7346644401550293, 1.7423532009124756, 1.7562857866287231, 1.7546381950378418, 1.7698793411254883, 1.774749517440796, 1.7752766609191895, 1.8053092956542969, 1.825981616973877, 1.826911211013794, 1.8328726291656494, 1.8670470714569092, 1.8709222078323364, 1.8961966037750244, 1.9105756282806396, 1.9294053316116333, 1.956869125366211, 1.9585201740264893, 1.9910112619400024, 2.025862216949463, 2.032341718673706, 2.070858955383301, 2.0956223011016846, 2.118260383605957, 2.137458086013794, 2.1807398796081543, 2.22871470451355, 2.2369561195373535, 2.2760705947875977, 2.252487897872925, 2.18782377243042, 2.154426097869873, 2.121673822402954, 2.083099365234375, 2.071909189224243, 2.036254644393921, 1.9977524280548096, 1.965827226638794, 1.9366897344589233, 1.9269036054611206, 1.8978462219238281, 1.8719946146011353, 1.8636847734451294, 1.8287204504013062, 1.800496220588684, 1.783266544342041, 1.7569832801818848, 1.7379688024520874, 1.7238483428955078, 1.725098729133606, 1.7112271785736084, 1.6942996978759766, 1.681513786315918, 1.6746147871017456, 1.6682988405227661, 1.6475449800491333, 1.6479482650756836, 1.6212949752807617, 1.6271311044692993, 1.6054731607437134, 1.6149139404296875, 1.595763087272644, 1.6205624341964722, 1.5806702375411987, 1.5805732011795044, 1.560390830039978, 1.5715866088867188, 1.5480457544326782, 1.5707563161849976, 1.5584782361984253, 1.561177372932434, 1.558233380317688, 1.5385974645614624, 1.5453895330429077, 1.5511255264282227, 1.5678499937057495, 1.5584508180618286, 1.5424586534500122, 1.555292010307312, 1.5653537511825562, 1.5413508415222168, 1.5449767112731934, 1.5561527013778687, 1.5745826959609985]),0.01749303564429283,3395591000000,
array('f', [1.510633945465088, 1.53325355052948, 1.5337351560592651, 1.5612285137176514, 1.5251320600509644, 1.5552805662155151, 1.5771539211273193, 1.5605428218841553, 1.5816975831985474, 1.563760757446289, 1.58511483669281, 1.6074506044387817, 1.6145105361938477, 1.6416828632354736, 1.6500849723815918, 1.6752171516418457, 1.6487480401992798, 1.7079544067382812, 1.7034337520599365, 1.7064670324325562, 1.727813959121704, 1.7628417015075684, 1.7550078630447388, 1.7828198671340942, 1.8179008960723877, 1.8579944372177124, 1.8561978340148926, 1.8703410625457764, 1.9052857160568237, 1.9227334260940552, 1.9623562097549438, 1.9978097677230835, 2.0407609939575195, 2.0610737800598145, 2.0855555534362793, 2.142223358154297, 2.167149066925049, inf, inf, inf, inf, inf, inf, inf, inf, inf, 2.9768049716949463, 2.9579567909240723, 2.903294801712036, 2.9334402084350586, 3.049473285675049, 3.1358444690704346, 3.237227439880371, 3.349940538406372, 3.480336904525757, inf, inf, inf, inf, inf, inf, inf, inf, inf, inf, inf, inf, inf, inf, inf, inf, inf, inf, inf, 3.5, inf, inf, inf, inf, inf, inf, inf, inf, inf, inf, inf, inf, inf, inf, inf, inf, inf, inf, inf, inf, inf, inf, inf, inf, inf, inf, inf, inf, inf, inf, inf, inf, inf, inf, inf, inf, inf, inf, inf, inf, inf, inf, inf, inf, inf, inf, inf, inf, inf, inf, inf, inf, inf, inf, inf, inf, inf, inf, inf, inf, inf, inf, inf, inf, inf, inf, inf, inf, inf, inf, inf, inf, inf, inf, inf, inf, inf, inf, inf, inf, inf, inf, inf, inf, inf, inf, inf, inf, inf, inf, inf, inf, inf, inf, inf, inf, inf, inf, inf, inf, inf, inf, inf, inf, inf, inf, inf, inf, inf, inf, inf, inf, inf, inf, inf, inf, inf, inf, inf, inf, inf, inf, inf, 3.474843978881836, 3.3807051181793213, 3.2907419204711914, 3.1740593910217285, 3.1014552116394043, 3.0088324546813965, 2.94496488571167, 2.8781790733337402, 2.8081324100494385, 2.7510838508605957, 2.7000138759613037, 2.6311469078063965, 2.564800977706909, 2.504547357559204, 2.4631500244140625, 2.4410078525543213, 2.3784008026123047, 2.351867198944092, 2.3035717010498047, 2.2578160762786865, 2.2352781295776367, 2.1960434913635254, 2.174757480621338, 2.1258833408355713, 2.0978972911834717, 2.0704362392425537, 2.0673420429229736, 2.019951343536377, 2.0155646800994873, 1.9789483547210693, 1.9500230550765991, 1.9355661869049072, 1.9248353242874146, 1.8965376615524292, 1.874382734298706, 1.8774197101593018, 1.8509188890457153, 1.8531994819641113, 1.8042138814926147, 1.818039894104004, 1.818203330039978, 1.798139214515686, 1.778040885925293, 1.7666752338409424, 1.756657361984253, 1.7542973756790161, 1.7364459037780762, 1.7361493110656738, 1.7190537452697754, 1.725721836090088, 1.7107534408569336, 1.7077206373214722, 1.7064555883407593, 1.6991535425186157, 1.6967188119888306, 1.6971241235733032, 1.693190097808838, 1.6819392442703247, 1.673064947128296, 1.685945749282837, 1.674080491065979, 1.687271237373352, 1.6719272136688232, 1.6890792846679688, 1.6685280799865723, 1.6877906322479248, 1.7120013236999512, 1.6769256591796875, 1.6732895374298096, 1.6995784044265747, 1.6971179246902466, 1.710121989250183, 1.7303247451782227, 1.7165696620941162, 1.7387269735336304, 1.733320713043213, 1.734919786453247, 1.7389947175979614, 1.749398946762085, 1.7486612796783447, 1.7703733444213867, 1.7997205257415771, 1.7984033823013306, 1.8209136724472046, 1.8349924087524414, 1.8341937065124512, 1.8606289625167847, 1.8647074699401855, 1.8888219594955444, 1.8999353647232056, 1.9356467723846436, 1.9415791034698486, 1.9667655229568481, 1.995522379875183, 2.0191009044647217, 2.0076487064361572, 2.0630314350128174, 2.0839216709136963, 2.1073665618896484, 2.13743257522583, 2.1627309322357178, 2.1974387168884277, 2.2486608028411865, 2.2414801120758057, 2.1982924938201904, 2.1520047187805176, 2.1280219554901123, 2.1013033390045166, 2.0507493019104004, 2.0022878646850586, 1.9944525957107544, 1.9428952932357788, 1.9256306886672974, 1.8956620693206787, 1.8659706115722656, 1.8601293563842773, 1.827487826347351, 1.7961609363555908, 1.769547939300537, 1.7537646293640137, 1.715746521949768, 1.7096177339553833, 1.7097047567367554, 1.7101343870162964, 1.6905966997146606, 1.6531803607940674, 1.642723798751831, 1.6381919384002686, 1.6425093412399292, 1.6136374473571777, 1.6035182476043701, 1.5932811498641968, 1.562102198600769, 1.5851677656173706, 1.5568475723266602, 1.55777108669281, 1.5244930982589722, 1.5495721101760864, 1.5320779085159302, 1.5197705030441284, 1.5391943454742432, 1.5207732915878296, 1.5219075679779053, 1.5018291473388672, 1.5138685703277588, 1.5089285373687744, 1.5059268474578857, 1.4980502128601074, 1.499123215675354, 1.5161490440368652, 1.5008161067962646, 1.498584270477295, 1.499781608581543, 1.4946894645690918, 1.4985002279281616, 1.4794318675994873, 1.5108742713928223, 1.500003695487976, 1.508829951286316, 1.5152009725570679, 1.5368701219558716, 1.5183428525924683]),0.01749303564429283,3395791000000,
array('f', [1.481445074081421, 1.463354229927063, 1.4835726022720337, 1.4841796159744263, 1.5136001110076904, 1.518956184387207, 1.5287103652954102, 1.524334192276001, 1.5522174835205078, 1.5602467060089111, 1.5668294429779053, 1.5894650220870972, 1.5978617668151855, 1.6103475093841553, 1.6054282188415527, 1.6450248956680298, 1.6430461406707764, 1.673078179359436, 1.6866940259933472, 1.7019137144088745, 1.7222851514816284, 1.7190972566604614, 1.7587676048278809, 1.773169994354248, 1.8046925067901611, 1.8116825819015503, 1.850793480873108, 1.9025362730026245, 1.9147632122039795, 1.9398800134658813, 1.9587466716766357, 2.0033369064331055, 2.0368294715881348, 2.07609486579895, 2.1049039363861084, inf, inf, inf, inf, inf, inf, inf, inf, inf, inf, 2.923405647277832, 2.888887643814087, 2.8650999069213867, 2.9465205669403076, 3.0441396236419678, 3.1683900356292725, 3.2633464336395264, 3.406013250350952, inf, inf, inf, inf, inf, inf, inf, inf, inf, inf, inf, inf, inf, inf, inf, inf, inf, inf, inf, 3.4682440757751465, inf, inf, inf, inf, inf, inf, inf, inf, inf, inf, inf, inf, inf, inf, inf, inf, inf, inf, inf, inf, inf, inf, inf, inf, inf, inf, inf, inf, inf, inf, inf, inf, inf, inf, inf, inf, inf, inf, inf, inf, inf, inf, inf, inf, inf, inf, inf, inf, inf, inf, inf, inf, inf, inf, inf, inf, inf, inf, inf, inf, inf, inf, inf, inf, inf, inf, inf, inf, inf, inf, inf, inf, inf, inf, inf, inf, inf, inf, inf, inf, inf, inf, inf, inf, inf, inf, inf, inf, inf, inf, inf, inf, inf, inf, inf, inf, inf, inf, inf, inf, inf, inf, inf, inf, inf, inf, inf, inf, inf, inf, inf, inf, inf, inf, inf, inf, inf, inf, inf, inf, inf, inf, inf, 3.477687120437622, 3.352863311767578, 3.2782301902770996, 3.18605637550354, 3.0872178077697754, 3.014357805252075, 2.9411189556121826, 2.861443281173706, 2.8000400066375732, 2.743624448776245, 2.685802936553955, 2.612400531768799, 2.559934616088867, 2.5211572647094727, 2.464510440826416, 2.4200026988983154, 2.393083095550537, 2.353900909423828, 2.2970049381256104, 2.2725515365600586, 2.258092164993286, 2.1981544494628906, 2.164543628692627, 2.1373538970947266, 2.1196417808532715, 2.0770022869110107, 2.0592758655548096, 2.047597885131836, 1.9936110973358154, 2.0051894187927246, 1.9509961605072021, 1.9648464918136597, 1.9409188032150269, 1.9217207431793213, 1.8954062461853027, 1.8724812269210815, 1.8629119396209717, 1.8569111824035645, 1.8511415719985962, 1.8143810033798218, 1.804911732673645, 1.7997857332229614, 1.792386531829834, 1.7744505405426025, 1.7626198530197144, 1.7564260959625244, 1.7435728311538696, 1.737471342086792, 1.7099264860153198, 1.7278846502304077, 1.724846363067627, 1.7118247747421265, 1.7111566066741943, 1.7076536417007446, 1.6989917755126953, 1.7027300596237183, 1.7009992599487305, 1.6671568155288696, 1.703930139541626, 1.6980035305023193, 1.6776206493377686, 1.6817232370376587, 1.677010416984558, 1.6937530040740967, 1.695217490196228, 1.6958726644515991, 1.6988037824630737, 1.7062287330627441, 1.6932717561721802, 1.7020055055618286, 1.6973068714141846, 1.7286605834960938, 1.7210856676101685, 1.71976637840271, 1.7357968091964722, 1.749556303024292, 1.7613226175308228, 1.7571136951446533, 1.7652517557144165, 1.7841781377792358, 1.7814990282058716, 1.7831536531448364, 1.816506266593933, 1.8314398527145386, 1.840807557106018, 1.8465899229049683, 1.8693922758102417, 1.9011008739471436, 1.8959932327270508, 1.9128930568695068, 1.9441744089126587, 1.9693658351898193, 1.983254313468933, 2.0063774585723877, 2.0325241088867188, 2.0419111251831055, 2.0586371421813965, 2.1054303646087646, 2.118788242340088, 2.1530938148498535, 2.2000925540924072, 2.2356560230255127, 2.186574697494507, 2.135162115097046, 2.0897023677825928, 2.084064483642578, 2.0346405506134033, 1.9986375570297241, 1.9540213346481323, 1.937890648841858, 1.9093886613845825, 1.859254240989685, 1.8631213903427124, 1.8145636320114136, 1.8259854316711426, 1.778950810432434, 1.750575304031372, 1.7552509307861328, 1.6870276927947998, 1.6966476440429688, 1.6801844835281372, 1.648120403289795, 1.6460726261138916, 1.6251956224441528, 1.6053277254104614, 1.5931638479232788, 1.5873520374298096, 1.575900673866272, 1.5602085590362549, 1.5548741817474365, 1.5317530632019043, 1.5301162004470825, 1.5377027988433838, 1.5074841976165771, 1.5181926488876343, 1.5045795440673828, 1.4896174669265747, 1.4785698652267456, 1.4870800971984863, 1.4744853973388672, 1.4670984745025635, 1.4690837860107422, 1.4764559268951416, 1.4526654481887817, 1.4453229904174805, 1.456514835357666, 1.4237608909606934, 1.4643828868865967, 1.448253870010376, 1.4377673864364624, 1.4232615232467651, 1.4378477334976196, 1.4467295408248901, 1.4562686681747437, 1.4511646032333374, 1.4396164417266846, 1.4529955387115479, 1.4588489532470703, 1.4470990896224976, 1.4551149606704712, 1.464931845664978, 1.4686356782913208, 1.4599584341049194, 1.4813436269760132]),0.01749303564429283,3395991000000,
array('f', [1.4279096126556396, 1.4493532180786133, 1.4779465198516846, 1.4766358137130737, 1.4751847982406616, 1.5024358034133911, 1.4860436916351318, 1.5043309926986694, 1.5095586776733398, 1.5211931467056274, 1.5159821510314941, 1.5516289472579956, 1.5546435117721558, 1.5763170719146729, 1.6030710935592651, 1.5973632335662842, 1.6143993139266968, 1.6322414875030518, 1.67842435836792, 1.6797412633895874, 1.6911369562149048, 1.7307807207107544, 1.7473119497299194, 1.7766278982162476, 1.791455626487732, 1.8064231872558594, 1.8505982160568237, 1.887715220451355, 1.9114751815795898, 1.9414228200912476, 1.9539499282836914, 1.9934780597686768, 2.0275866985321045, 2.068711042404175, inf, inf, inf, inf, inf, inf, inf, inf, inf, 2.8969902992248535, 2.867598533630371, 2.845486640930176, 2.856177568435669, 2.980377674102783, 3.1001625061035156, 3.1819138526916504, 3.2932372093200684, 3.4318206310272217, inf, inf, inf, inf, inf, inf, inf, inf, inf, inf, inf, inf, inf, inf, inf, inf, inf, inf, inf, inf, inf, inf, inf, inf, inf, inf, inf, inf, inf, inf, inf, inf, inf, inf, inf, inf, inf, inf, inf, inf, inf, inf, inf, inf, inf, inf, inf, inf, inf, inf, inf, inf, inf, inf, inf, inf, inf, inf, inf, inf, inf, inf, inf, inf, inf, inf, inf, inf, inf, inf, inf, inf, inf, inf, inf, inf, inf, inf, inf, inf, inf, inf, inf, inf, inf, inf, inf, inf, inf, inf, inf, inf, inf, inf, inf, inf, inf, inf, inf, inf, inf, inf, inf, inf, inf, inf, inf, inf, inf, inf, inf, inf, inf, inf, inf, inf, inf, inf, inf, inf, inf, inf, inf, inf, inf, inf, inf, inf, inf, inf, inf, inf, inf, inf, inf, inf, inf, inf, inf, inf, inf, inf, 3.4750325679779053, 3.3642027378082275, 3.272401809692383, 3.1624889373779297, 3.091449499130249, 3.0093576908111572, 2.933028221130371, 2.862565517425537, 2.7897298336029053, 2.7412004470825195, 2.6873652935028076, 2.653949022293091, 2.549412488937378, 2.5140864849090576, 2.4740161895751953, 2.4310898780822754, 2.3971824645996094, 2.359767436981201, 2.3028972148895264, 2.2587225437164307, 2.2442407608032227, 2.201180934906006, 2.179199695587158, 2.157182216644287, 2.124843120574951, 2.091871738433838, 2.0849368572235107, 2.0187857151031494, 2.03220534324646, 2.011057138442993, 1.9643887281417847, 1.9680980443954468, 1.9275999069213867, 1.9065146446228027, 1.9146794080734253, 1.8845287561416626, 1.8720571994781494, 1.871328353881836, 1.8214077949523926, 1.841936707496643, 1.7921489477157593, 1.8031336069107056, 1.7739921808242798, 1.777909517288208, 1.7845815420150757, 1.7663134336471558, 1.7534571886062622, 1.7578518390655518, 1.7441610097885132, 1.7534481287002563, 1.74196457862854, 1.7046723365783691, 1.6974250078201294, 1.7128958702087402, 1.7210692167282104, 1.6923781633377075, 1.7041751146316528, 1.6971421241760254, 1.6813771724700928, 1.7009243965148926, 1.7112369537353516, 1.670494794845581, 1.6993391513824463, 1.692139744758606, 1.7013564109802246, 1.700434684753418, 1.7180821895599365, 1.7140997648239136, 1.7310115098953247, 1.7102570533752441, 1.7307075262069702, 1.7266294956207275, 1.7322622537612915, 1.7297812700271606, 1.7371987104415894, 1.7660090923309326, 1.7773287296295166, 1.7988479137420654, 1.7979824542999268, 1.8067469596862793, 1.8095422983169556, 1.8345048427581787, 1.825279712677002, 1.8356868028640747, 1.846409559249878, 1.8867239952087402, 1.9041688442230225, 1.8933639526367188, 1.9157440662384033, 1.939307451248169, 1.9719356298446655, 1.9691340923309326, 1.9970279932022095, 2.0075950622558594, 2.0465073585510254, 2.057264804840088, 2.093141555786133, 2.1255598068237305, 2.135667324066162, 2.190124988555908, 2.1819374561309814, 2.1420743465423584, 2.0760374069213867, 2.061873435974121, 2.01346755027771, 1.9844818115234375, 1.9471259117126465, 1.9143882989883423, 1.8683158159255981, 1.849928855895996, 1.8201427459716797, 1.8100504875183105, 1.7676681280136108, 1.7463346719741821, 1.7307779788970947, 1.7066246271133423, 1.6696462631225586, 1.6741204261779785, 1.649006724357605, 1.6283479928970337, 1.6183459758758545, 1.5934587717056274, 1.5888140201568604, 1.5720205307006836, 1.5486233234405518, 1.5491950511932373, 1.5120030641555786, 1.5003485679626465, 1.504757046699524, 1.4983106851577759, 1.508953332901001, 1.4611542224884033, 1.4600666761398315, 1.467525601387024, 1.4485268592834473, 1.4558264017105103, 1.4285649061203003, 1.429945707321167, 1.414281964302063, 1.4315236806869507, 1.4079833030700684, 1.41958487033844, 1.397387146949768, 1.4047383069992065, 1.3933730125427246, 1.3941904306411743, 1.4006457328796387, 1.377318024635315, 1.3893406391143799, 1.3852925300598145, 1.4050195217132568, 1.3987704515457153, 1.3817881345748901, 1.3672434091567993, 1.3845490217208862, 1.3844717741012573, 1.390454888343811, 1.384566068649292, 1.3984864950180054, 1.4218343496322632, 1.423113226890564, 1.416865348815918, 1.4376338720321655, 1.4386392831802368, 1.4545049667358398, 1.4508382081985474]),0.01749303564429283,3396191000000,
array('f', [1.4114789962768555, 1.4182631969451904, 1.4130586385726929, 1.4238603115081787, 1.4272722005844116, 1.4549049139022827, 1.4529117345809937, 1.461757779121399, 1.4694143533706665, 1.4941538572311401, 1.5135250091552734, 1.5119471549987793, 1.5314106941223145, 1.5453760623931885, 1.5697108507156372, 1.5856658220291138, 1.5969756841659546, 1.638073205947876, 1.6469573974609375, 1.6774687767028809, 1.7000097036361694, 1.7171151638031006, 1.7326509952545166, 1.7607314586639404, 1.7830334901809692, 1.8247041702270508, 1.8477821350097656, 1.8783330917358398, 1.8891669511795044, 1.9440886974334717, 1.9786559343338013, 2.013442277908325, inf, inf, inf, inf, inf, inf, inf, inf, inf, inf, 2.8329925537109375, 2.8159289360046387, 2.7933247089385986, 2.891376256942749, 3.0124080181121826, 3.0835487842559814, 3.230569839477539, 3.328972339630127, 3.4956865310668945, inf, inf, inf, inf, inf, inf, inf, inf, inf, inf, inf, inf, inf, inf, inf, inf, inf, inf, 3.378225088119507, inf, inf, inf, inf, inf, inf, inf, inf, inf, inf, inf, inf, inf, inf, inf, inf, inf, inf, inf, inf, inf, inf, inf, inf, inf, inf, inf, inf, inf, inf, inf, inf, inf, inf, inf, inf, inf, inf, inf, inf, inf, inf, inf, inf, inf, inf, inf, inf, inf, inf, inf, inf, inf, inf, inf, inf, inf, inf, inf, inf, inf, inf, inf, inf, inf, inf, inf, inf, inf, inf, inf, inf, inf, inf, inf, inf, inf, inf, inf, inf, inf, inf, inf, inf, inf, inf, inf, inf, inf, inf, inf, inf, inf, inf, inf, inf, inf, inf, inf, inf, inf, inf, inf, inf, inf, inf, inf, inf, inf, inf, inf, inf, inf, inf, inf, inf, inf, inf, inf, inf, inf, inf, 3.462862968444824, 3.365150213241577, 3.250369071960449, 3.183053493499756, 3.103773355484009, 3.021599054336548, 2.938159942626953, 2.85683012008667, 2.798427104949951, 2.72794246673584, 2.682486057281494, 2.6263298988342285, 2.579119920730591, 2.5427255630493164, 2.465853452682495, 2.4393391609191895, 2.3922314643859863, 2.349555492401123, 2.3161115646362305, 2.275848627090454, 2.2395741939544678, 2.2191689014434814, 2.197275400161743, 2.150214672088623, 2.135885715484619, 2.092975616455078, 2.0780439376831055, 2.043196678161621, 2.026508331298828, 2.0160038471221924, 1.9873005151748657, 1.9690520763397217, 1.9310266971588135, 1.929877519607544, 1.920102596282959, 1.896488070487976, 1.8711025714874268, 1.8614122867584229, 1.8534501791000366, 1.8377819061279297, 1.8400319814682007, 1.833290696144104, 1.8048230409622192, 1.822265386581421, 1.7812367677688599, 1.772226333618164, 1.7631877660751343, 1.7490637302398682, 1.758259654045105, 1.7411946058273315, 1.7398329973220825, 1.7389479875564575, 1.7400494813919067, 1.7322169542312622, 1.7122186422348022, 1.715835452079773, 1.721323013305664, 1.713315725326538, 1.7191091775894165, 1.701643705368042, 1.7249023914337158, 1.7217193841934204, 1.7269704341888428, 1.723282814025879, 1.7221382856369019, 1.7082902193069458, 1.7128275632858276, 1.7172331809997559, 1.7308011054992676, 1.730006456375122, 1.7369649410247803, 1.7577680349349976, 1.7609089612960815, 1.7497577667236328, 1.7594774961471558, 1.7900029420852661, 1.7873164415359497, 1.8076214790344238, 1.7901766300201416, 1.815536618232727, 1.8106801509857178, 1.8415648937225342, 1.8523567914962769, 1.867142915725708, 1.8750332593917847, 1.8894597291946411, 1.8905434608459473, 1.9190149307250977, 1.9444917440414429, 1.9623404741287231, 1.9802262783050537, 2.01581072807312, 2.020573854446411, 2.0398623943328857, 2.066946029663086, 2.0968973636627197, 2.1078052520751953, 2.141840696334839, 2.176046133041382, 2.1535632610321045, 2.0677490234375, 2.045872688293457, 1.999250888824463, 1.9798041582107544, 1.9286489486694336, 1.8959821462631226, 1.8588664531707764, 1.8197296857833862, 1.8136237859725952, 1.7828552722930908, 1.755387306213379, 1.728043794631958, 1.7015947103500366, 1.691636323928833, 1.6621981859207153, 1.6310162544250488, 1.6267179250717163, 1.6131885051727295, 1.5858312845230103, 1.5654222965240479, 1.5534369945526123, 1.5322353839874268, 1.5086299180984497, 1.5070250034332275, 1.4933735132217407, 1.472488522529602, 1.4789636135101318, 1.4536652565002441, 1.4423047304153442, 1.4282742738723755, 1.4266527891159058, 1.4144395589828491, 1.4139373302459717, 1.3947616815567017, 1.3915574550628662, 1.3914127349853516, 1.3987146615982056, 1.377646565437317, 1.3677598237991333, 1.358843207359314, 1.3708821535110474, 1.3578540086746216, 1.3446377515792847, 1.3471792936325073, 1.3398152589797974, 1.349795937538147, 1.3571385145187378, 1.3455418348312378, 1.3126662969589233, 1.3446171283721924, 1.336909532546997, 1.3491084575653076, 1.3393903970718384, 1.3445955514907837, 1.3656803369522095, 1.3518580198287964, 1.3660414218902588, 1.3577524423599243, 1.3595629930496216, 1.3578287363052368, 1.363858938217163, 1.3539305925369263, 1.368760347366333, 1.3880641460418701, 1.3687249422073364, 1.3745602369308472, 1.3890372514724731, 1.403343915939331]),0.01749303564429283,3396391000000,
array('f', [1.3734383583068848, 1.3622081279754639, 1.3719450235366821, 1.402424693107605, 1.4053926467895508, 1.4265035390853882, 1.4191498756408691, 1.444331407546997, 1.4508494138717651, 1.4680044651031494, 1.4734792709350586, 1.511199951171875, 1.503348469734192, 1.5501221418380737, 1.5377181768417358, 1.5762746334075928, 1.593981385231018, 1.6005117893218994, 1.6303437948226929, 1.6426726579666138, 1.6741878986358643, 1.7063140869140625, 1.7122232913970947, 1.7519888877868652, 1.7840288877487183, 1.8038114309310913, 1.833341360092163, 1.8752692937850952, 1.9075816869735718, 1.954477071762085, 2.0054891109466553, inf, inf, inf, inf, inf, inf, inf, inf, inf, 2.8247015476226807, 2.78248929977417, 2.769243001937866, 2.809307098388672, 2.9049015045166016, 3.0210232734680176, 3.12961745262146, 3.2818424701690674, 3.385279417037964, inf, inf, inf, inf, inf, inf, inf, inf, inf, inf, inf, inf, inf, inf, inf, inf, inf, inf, 3.3415729999542236, inf, inf, inf, inf, inf, inf, inf, inf, inf, inf, inf, inf, inf, inf, inf, inf, inf, inf, inf, inf, inf, inf, inf, inf, inf, inf, inf, inf, inf, inf, inf, inf, inf, inf, inf, inf, inf, inf, inf, inf, inf, inf, inf, inf, inf, inf, inf, inf, inf, inf, inf, inf, inf, inf, inf, inf, inf, inf, inf, inf, inf, inf, inf, inf, inf, inf, inf, inf, inf, inf, inf, inf, inf, inf, inf, inf, inf, inf, inf, inf, inf, inf, inf, inf, inf, inf, inf, inf, inf, inf, inf, inf, inf, inf, inf, inf, inf, inf, inf, inf, inf, inf, inf, inf, inf, inf, inf, inf, inf, inf, inf, inf, inf, inf, inf, inf, inf, inf, inf, inf, inf, inf, 3.458071708679199, 3.365602731704712, 3.2678189277648926, 3.1803321838378906, 3.096864938735962, 3.000555992126465, 2.9360530376434326, 2.8677585124969482, 2.79811692237854, 2.764129877090454, 2.688542366027832, 2.636051893234253, 2.5946435928344727, 2.5385286808013916, 2.5017731189727783, 2.4400436878204346, 2.402672529220581, 2.3605339527130127, 2.3223319053649902, 2.307051658630371, 2.2758851051330566, 2.233591079711914, 2.202587366104126, 2.1700661182403564, 2.152580738067627, 2.0981101989746094, 2.0702028274536133, 2.0686206817626953, 2.0505707263946533, 2.0076546669006348, 1.9941496849060059, 1.9861927032470703, 1.9546664953231812, 1.9516370296478271, 1.91523015499115, 1.8968372344970703, 1.8922604322433472, 1.8743177652359009, 1.8659127950668335, 1.8547403812408447, 1.8451504707336426, 1.817711353302002, 1.8192691802978516, 1.7962697744369507, 1.798898458480835, 1.8080095052719116, 1.7777742147445679, 1.7691441774368286, 1.7760988473892212, 1.7469043731689453, 1.7497079372406006, 1.7563377618789673, 1.737140417098999, 1.7410987615585327, 1.7378690242767334, 1.7422919273376465, 1.738649845123291, 1.7115988731384277, 1.7471596002578735, 1.7342092990875244, 1.7287434339523315, 1.727691411972046, 1.714490294456482, 1.7294433116912842, 1.719372272491455, 1.7250863313674927, 1.748214840888977, 1.7448667287826538, 1.7429696321487427, 1.75338613986969, 1.7586051225662231, 1.7636088132858276, 1.7727999687194824, 1.776938796043396, 1.7954654693603516, 1.776398777961731, 1.8125652074813843, 1.8142756223678589, 1.7990516424179077, 1.8316344022750854, 1.8497060537338257, 1.8564568758010864, 1.8591763973236084, 1.890724778175354, 1.8852753639221191, 1.9127404689788818, 1.9369769096374512, 1.9524482488632202, 1.9515200853347778, 1.9787561893463135, 2.0015552043914795, 2.026195764541626, 2.053131580352783, 2.0705134868621826, 2.101482629776001, 2.1185808181762695, 2.1373467445373535, 2.1302051544189453, 2.0979230403900146, 2.051952838897705, 1.9896764755249023, 1.962689995765686, 1.903477430343628, 1.8662288188934326, 1.8418066501617432, 1.8176321983337402, 1.774051547050476, 1.7354835271835327, 1.7219234704971313, 1.6833254098892212, 1.6787968873977661, 1.665005087852478, 1.6437023878097534, 1.6168060302734375, 1.5716370344161987, 1.572005033493042, 1.565277338027954, 1.5512224435806274, 1.5029382705688477, 1.4916181564331055, 1.4803537130355835, 1.4548892974853516, 1.465430736541748, 1.4553773403167725, 1.4428911209106445, 1.3976095914840698, 1.4168843030929565, 1.4047025442123413, 1.3805779218673706, 1.3682372570037842, 1.3690904378890991, 1.3611847162246704, 1.3615721464157104, 1.3355987071990967, 1.3328640460968018, 1.3478535413742065, 1.3385018110275269, 1.312164545059204, 1.3191930055618286, 1.3055989742279053, 1.3213139772415161, 1.3085834980010986, 1.2908073663711548, 1.2929974794387817, 1.2850515842437744, 1.282461404800415, 1.2776710987091064, 1.3034307956695557, 1.2952324151992798, 1.282387137413025, 1.2945926189422607, 1.2946295738220215, 1.3043185472488403, 1.2917901277542114, 1.2789427042007446, 1.2905445098876953, 1.2865381240844727, 1.2906290292739868, 1.3051568269729614, 1.2921979427337646, 1.2991063594818115, 1.2944698333740234, 1.3010436296463013, 1.3236294984817505, 1.3388689756393433, 1.3279060125350952, 1.3367609977722168, 1.3530346155166626, 1.361495018005371, 1.3697142601013184]),0.01749303564429283,3396591000000,
array('f', [1.345186471939087, 1.338401198387146, 1.3385963439941406, 1.380569338798523, 1.3781131505966187, 1.3843719959259033, 1.386737585067749, 1.404561996459961, 1.4355818033218384, 1.4507442712783813, 1.4647761583328247, 1.4769175052642822, 1.5109035968780518, 1.5025572776794434, 1.5064713954925537, 1.5515573024749756, 1.569462776184082, 1.596606969833374, 1.6290475130081177, 1.638243556022644, 1.6665152311325073, 1.683986783027649, 1.7020928859710693, 1.7479958534240723, 1.7631723880767822, 1.8138988018035889, 1.850142240524292, 1.887073278427124, 1.9288547039031982, inf, inf, inf, inf, inf, inf, inf, inf, inf, inf, 2.7615206241607666, 2.735184669494629, 2.713078737258911, 2.8209753036499023, 2.918208360671997, 3.0406835079193115, 3.1615588665008545, 3.3066070079803467, 3.4512622356414795, inf, inf, inf, inf, inf, inf, inf, inf, inf, inf, inf, inf, inf, inf, inf, inf, inf, inf, 3.285403251647949, inf, inf, inf, inf, inf, inf, inf, inf, inf, inf, inf, inf, inf, inf, inf, inf, inf, inf, inf, inf, inf, inf, inf, inf, inf, inf, inf, inf, inf, inf, inf, inf, inf, inf, inf, inf, inf, inf, inf, inf, inf, inf, inf, inf, inf, inf, inf, inf, inf, inf, inf, inf, inf, inf, inf, inf, inf, inf, inf, inf, inf, inf, inf, inf, inf, inf, inf, inf, inf, inf, inf, inf, inf, inf, inf, inf, inf, inf, inf, inf, inf, inf, inf, inf, inf, inf, inf, inf, inf, inf, inf, inf, inf, inf, inf, inf, inf, inf, inf, inf, inf, inf, inf, inf, inf, inf, inf, inf, inf, inf, inf, inf, inf, inf, inf, inf, inf, inf, inf, inf, inf, 3.451042890548706, 3.3686885833740234, 3.2726285457611084, 3.1792843341827393, 3.102543592453003, 3.0398712158203125, 2.9727797508239746, 2.9012300968170166, 2.8183658123016357, 2.7696497440338135, 2.709794282913208, 2.6373252868652344, 2.6059768199920654, 2.5549094676971436, 2.4812633991241455, 2.4568915367126465, 2.4298882484436035, 2.388591766357422, 2.365830659866333, 2.297581434249878, 2.256995677947998, 2.243715286254883, 2.2165660858154297, 2.185089349746704, 2.141054391860962, 2.13053035736084, 2.093785285949707, 2.073401927947998, 2.067950487136841, 2.044768810272217, 1.9990837574005127, 2.0040485858917236, 1.975752830505371, 1.9728580713272095, 1.9342067241668701, 1.911975383758545, 1.9190011024475098, 1.8831437826156616, 1.8798860311508179, 1.8566985130310059, 1.8645803928375244, 1.8461467027664185, 1.833235740661621, 1.7957571744918823, 1.829159140586853, 1.784698247909546, 1.800460934638977, 1.788864016532898, 1.804179072380066, 1.790676236152649, 1.7727653980255127, 1.7810105085372925, 1.7845102548599243, 1.7652630805969238, 1.7617685794830322, 1.7530325651168823, 1.73912513256073, 1.7604877948760986, 1.7477220296859741, 1.7617393732070923, 1.7549946308135986, 1.7374693155288696, 1.7472820281982422, 1.7667903900146484, 1.7585704326629639, 1.7498481273651123, 1.770371437072754, 1.7559341192245483, 1.7709075212478638, 1.7622758150100708, 1.7746254205703735, 1.772615671157837, 1.7947322130203247, 1.813634991645813, 1.8166284561157227, 1.8138682842254639, 1.8121697902679443, 1.84141206741333, 1.8556333780288696, 1.8483179807662964, 1.8632311820983887, 1.8702603578567505, 1.8968161344528198, 1.8969310522079468, 1.9278204441070557, 1.950629472732544, 1.964986801147461, 1.9643808603286743, 1.9879893064498901, 2.0289113521575928, 2.037489414215088, 2.0689263343811035, 2.0591938495635986, 2.0897061824798584, 2.0986709594726562, 2.124612808227539, 2.076482057571411, 2.0226149559020996, 1.9829246997833252, 1.9498963356018066, 1.9060460329055786, 1.8745393753051758, 1.8368210792541504, 1.803545594215393, 1.7699317932128906, 1.7332179546356201, 1.7050323486328125, 1.6691588163375854, 1.6542537212371826, 1.6334608793258667, 1.5911954641342163, 1.573403239250183, 1.569819450378418, 1.5305466651916504, 1.514184832572937, 1.481109857559204, 1.483355164527893, 1.472113013267517, 1.462519884109497, 1.4368093013763428, 1.4153189659118652, 1.4333950281143188, 1.3995119333267212, 1.3700562715530396, 1.380373477935791, 1.3665426969528198, 1.3287534713745117, 1.331246018409729, 1.318865180015564, 1.309263825416565, 1.3093321323394775, 1.2831451892852783, 1.30023992061615, 1.297433853149414, 1.2847058773040771, 1.2961546182632446, 1.2770051956176758, 1.276974081993103, 1.2528403997421265, 1.2476921081542969, 1.2699120044708252, 1.234839916229248, 1.257729411125183, 1.2468904256820679, 1.252970814704895, 1.250152826309204, 1.2474039793014526, 1.2452338933944702, 1.2341532707214355, 1.2174699306488037, 1.234169602394104, 1.2349528074264526, 1.2508105039596558, 1.2354979515075684, 1.234245777130127, 1.2370225191116333, 1.2274298667907715, 1.2384554147720337, 1.2659176588058472, 1.261460781097412, 1.2713243961334229, 1.2629802227020264, 1.284088134765625, 1.2694482803344727, 1.280468463897705, 1.2747318744659424, 1.2845396995544434, 1.2830159664154053, 1.3120230436325073, 1.3158321380615234, 1.3268651962280273, 1.344201922416687]),0.01749303564429283,3396791000000,
array('f', [1.297181487083435, 1.3119885921478271, 1.331186294555664, 1.3434768915176392, 1.360152006149292, 1.360750436782837, 1.382647156715393, 1.378372311592102, 1.4056380987167358, 1.419272541999817, 1.424870491027832, 1.4367471933364868, 1.4724053144454956, 1.4958739280700684, 1.5104024410247803, 1.522133708000183, 1.5510118007659912, 1.6068835258483887, 1.5981193780899048, 1.6411532163619995, 1.6688904762268066, 1.6820787191390991, 1.7294461727142334, 1.730881690979004, 1.780178427696228, 1.8298827409744263, 1.853427529335022, 1.8892412185668945, inf, inf, inf, inf, inf, inf, inf, inf, inf, 2.7278103828430176, 2.682746410369873, 2.6787683963775635, 2.7450461387634277, 2.8273186683654785, 2.955717086791992, 3.0503976345062256, 3.19563889503479, 3.3385326862335205, inf, inf, inf, inf, inf, inf, inf, inf, inf, inf, inf, inf, inf, inf, inf, inf, inf, inf, 3.2519638538360596, inf, inf, inf, inf, inf, inf, inf, inf, inf, inf, inf, inf, inf, inf, inf, inf, inf, inf, inf, inf, inf, inf, inf, inf, inf, inf, inf, inf, inf, inf, inf, inf, inf, inf, inf, inf, inf, inf, inf, inf, inf, inf, inf, inf, inf, inf, inf, inf, inf, inf, inf, inf, inf, inf, inf, inf, inf, inf, inf, inf, inf, inf, inf, inf, inf, inf, inf, inf, inf, inf, inf, inf, inf, inf, inf, inf, inf, inf, inf, inf, inf, inf, inf, inf, inf, inf, inf, inf, inf, inf, inf, inf, inf, inf, inf, inf, inf, inf, inf, inf, inf, inf, inf, inf, inf, inf, inf, inf, inf, inf, inf, inf, inf, inf, inf, inf, inf, inf, inf, inf, inf, 3.4855151176452637, 3.384160280227661, 3.3051750659942627, 3.209780216217041, 3.117175340652466, 3.033571481704712, 2.9757494926452637, 2.9024593830108643, 2.8483126163482666, 2.7622597217559814, 2.718756675720215, 2.675053358078003, 2.625117063522339, 2.5564804077148438, 2.524346351623535, 2.4711198806762695, 2.4284558296203613, 2.3760759830474854, 2.35452938079834, 2.30865740776062, 2.2871079444885254, 2.2378413677215576, 2.227996587753296, 2.194679021835327, 2.169640064239502, 2.135080099105835, 2.136813163757324, 2.106071710586548, 2.073399543762207, 2.0669476985931396, 2.0235023498535156, 2.00535249710083, 1.9837344884872437, 1.9762200117111206, 1.941576600074768, 1.9503796100616455, 1.920899510383606, 1.9062014818191528, 1.8993858098983765, 1.8794348239898682, 1.8756470680236816, 1.8687494993209839, 1.8578749895095825, 1.8454278707504272, 1.8354607820510864, 1.8283246755599976, 1.8169243335723877, 1.824983835220337, 1.8057224750518799, 1.7928853034973145, 1.7888078689575195, 1.789438009262085, 1.780624270439148, 1.789847731590271, 1.7823998928070068, 1.7671550512313843, 1.7615946531295776, 1.771496057510376, 1.765625, 1.7599763870239258, 1.7722010612487793, 1.7920345067977905, 1.7567598819732666, 1.7862108945846558, 1.7963693141937256, 1.797429084777832, 1.7866847515106201, 1.788715124130249, 1.7973992824554443, 1.8001587390899658, 1.8079006671905518, 1.8053792715072632, 1.8193355798721313, 1.8074454069137573, 1.8339275121688843, 1.8326311111450195, 1.8528867959976196, 1.8595879077911377, 1.8644044399261475, 1.877658486366272, 1.901030421257019, 1.9037226438522339, 1.9176669120788574, 1.9374885559082031, 1.9545953273773193, 1.9541784524917603, 1.9950655698776245, 1.984385371208191, 2.0375752449035645, 2.0345458984375, 2.04988431930542, 2.0828306674957275, 2.1055262088775635, 2.1491940021514893, 2.0874693393707275, 2.0199155807495117, 1.9696851968765259, 1.9389559030532837, 1.8880892992019653, 1.832349419593811, 1.8186774253845215, 1.7835739850997925, 1.7481769323349, 1.703015923500061, 1.6748151779174805, 1.6660127639770508, 1.6456575393676758, 1.5738195180892944, 1.5685080289840698, 1.5538736581802368, 1.5314279794692993, 1.4951329231262207, 1.4953157901763916, 1.4681814908981323, 1.46502685546875, 1.4113986492156982, 1.4048177003860474, 1.4136509895324707, 1.3950128555297852, 1.3718316555023193, 1.34171462059021, 1.3336830139160156, 1.3461296558380127, 1.3214147090911865, 1.2967572212219238, 1.2897149324417114, 1.2780653238296509, 1.2758591175079346, 1.2898857593536377, 1.2779796123504639, 1.258128046989441, 1.251790165901184, 1.252011775970459, 1.2310292720794678, 1.2212209701538086, 1.2154663801193237, 1.2055984735488892, 1.2165743112564087, 1.204487681388855, 1.2159957885742188, 1.1950689554214478, 1.2092738151550293, 1.1956629753112793, 1.2082746028900146, 1.1957837343215942, 1.182545781135559, 1.1743369102478027, 1.1910948753356934, 1.1893360614776611, 1.1834967136383057, 1.190737009048462, 1.1807987689971924, 1.2144947052001953, 1.1888267993927002, 1.1906126737594604, 1.1922681331634521, 1.1856671571731567, 1.2182477712631226, 1.2107172012329102, 1.2108207941055298, 1.2212918996810913, 1.2113770246505737, 1.220022201538086, 1.234618067741394, 1.2169864177703857, 1.2390663623809814, 1.234572172164917, 1.2547227144241333, 1.2415802478790283, 1.286199927330017, 1.2722183465957642, 1.2822654247283936, 1.3027642965316772, 1.2721562385559082]),0.01749303564429283,3396991000000,
array('f', [1.2630033493041992, 1.292910099029541, 1.2951147556304932, 1.30681574344635, 1.3155714273452759, 1.3307160139083862, 1.3479944467544556, 1.3601455688476562, 1.3799514770507812, 1.392968773841858, 1.4045237302780151, 1.4306962490081787, 1.4694546461105347, 1.462573528289795, 1.5072206258773804, 1.5272923707962036, 1.554490327835083, 1.5550645589828491, 1.5814343690872192, 1.5982271432876587, 1.648650884628296, 1.6824558973312378, 1.7090147733688354, 1.7593077421188354, 1.7684322595596313, 1.8261125087738037, inf, inf, inf, inf, inf, inf, inf, inf, inf, 2.6944005489349365, 2.68302321434021, 2.6473262310028076, 2.6434669494628906, 2.7415637969970703, 2.865135431289673, 2.9652504920959473, 3.1058156490325928, 3.270537853240967, 3.4241647720336914, inf, inf, inf, inf, inf, inf, inf, inf, inf, inf, inf, inf, inf, inf, inf, inf, inf, inf, 3.1923866271972656, inf, inf, inf, inf, inf, inf, inf, inf, inf, inf, inf, inf, inf, inf, inf, inf, inf, inf, inf, inf, inf, inf, inf, inf, inf, inf, inf, inf, inf, inf, inf, inf, inf, inf, inf, inf, inf, inf, inf, inf, inf, inf, inf, inf, inf, inf, inf, inf, inf, inf, inf, inf, inf, inf, inf, inf, inf, inf, inf, inf, inf, inf, inf, inf, inf, inf, inf, inf, inf, inf, inf, inf, inf, inf, inf, inf, inf, inf, inf, inf, inf, inf, inf, inf, inf, inf, inf, inf, inf, inf, inf, inf, inf, inf, inf, inf, inf, inf, inf, inf, inf, inf, inf, inf, inf, inf, inf, inf, inf, inf, inf, inf, inf, inf, inf, inf, inf, inf, inf, inf, 3.5, 3.4089670181274414, 3.3162829875946045, 3.2145824432373047, 3.121885299682617, 3.064037322998047, 2.989483594894409, 2.92154860496521, 2.86159610748291, 2.7870125770568848, 2.730060338973999, 2.683987617492676, 2.6218044757843018, 2.5759482383728027, 2.530449151992798, 2.4972121715545654, 2.4646477699279785, 2.416545867919922, 2.3850715160369873, 2.342024803161621, 2.3294591903686523, 2.2937021255493164, 2.266016721725464, 2.2130374908447266, 2.177250385284424, 2.1691009998321533, 2.1525468826293945, 2.1149022579193115, 2.0912485122680664, 2.0725960731506348, 2.051701068878174, 2.0495355129241943, 2.020998954772949, 1.997436285018921, 1.979864239692688, 1.97325599193573, 1.9594616889953613, 1.9375410079956055, 1.9119410514831543, 1.9076639413833618, 1.8794697523117065, 1.861886739730835, 1.8716577291488647, 1.8700428009033203, 1.8475098609924316, 1.8334358930587769, 1.8431633710861206, 1.8259950876235962, 1.8290992975234985, 1.8210901021957397, 1.8029685020446777, 1.8089767694473267, 1.795994520187378, 1.807166337966919, 1.8130160570144653, 1.7907872200012207, 1.7757149934768677, 1.783660650253296, 1.7978335618972778, 1.7802084684371948, 1.7973737716674805, 1.779941439628601, 1.8032065629959106, 1.796098232269287, 1.812124252319336, 1.800406575202942, 1.7998579740524292, 1.8269908428192139, 1.8125687837600708, 1.8217719793319702, 1.8263471126556396, 1.8266711235046387, 1.8372220993041992, 1.844693660736084, 1.8512866497039795, 1.8572750091552734, 1.859809398651123, 1.875788927078247, 1.8986473083496094, 1.8978468179702759, 1.9244565963745117, 1.936788558959961, 1.9393727779388428, 1.9814773797988892, 1.9929239749908447, 1.982180118560791, 2.000948667526245, 2.027616500854492, 2.0665841102600098, 2.0518014430999756, 2.1060309410095215, 2.1137447357177734, 2.083993434906006, 2.0396218299865723, 1.9894286394119263, 1.924373745918274, 1.8786641359329224, 1.8358514308929443, 1.7972328662872314, 1.7609989643096924, 1.7386574745178223, 1.6946468353271484, 1.651612401008606, 1.6506175994873047, 1.5863909721374512, 1.562209963798523, 1.5370597839355469, 1.526157021522522, 1.5224164724349976, 1.4799370765686035, 1.4470758438110352, 1.4463237524032593, 1.410054326057434, 1.4031569957733154, 1.408347487449646, 1.3792797327041626, 1.3465375900268555, 1.338186502456665, 1.3208832740783691, 1.3261699676513672, 1.2926920652389526, 1.3019142150878906, 1.2741336822509766, 1.2651575803756714, 1.2316875457763672, 1.2361363172531128, 1.2403451204299927, 1.229954719543457, 1.2186670303344727, 1.2006372213363647, 1.200132131576538, 1.1806018352508545, 1.195656657218933, 1.1806505918502808, 1.1751513481140137, 1.1752958297729492, 1.155867338180542, 1.1596347093582153, 1.1632428169250488, 1.1379005908966064, 1.148582100868225, 1.151157021522522, 1.1517375707626343, 1.160421371459961, 1.1424628496170044, 1.153946876525879, 1.1354618072509766, 1.135890245437622, 1.1268641948699951, 1.1365869045257568, 1.1258549690246582, 1.1387591361999512, 1.1450670957565308, 1.1234813928604126, 1.1486819982528687, 1.165042757987976, 1.144974708557129, 1.1570422649383545, 1.1608988046646118, 1.1567554473876953, 1.1672955751419067, 1.1634773015975952, 1.1599138975143433, 1.1657755374908447, 1.1926943063735962, 1.1772655248641968, 1.1889523267745972, 1.1975839138031006, 1.1992175579071045, 1.2239274978637695, 1.2282404899597168, 1.237874984741211, 1.2273966073989868, 1.248842477798462, 1.240581750869751, 1.280129075050354]),0.01749303564429283,3397191000000,
array('f', [1.258479356765747, 1.2358266115188599, 1.278599500656128, 1.2856940031051636, 1.296183466911316, 1.32122802734375, 1.3206440210342407, 1.3441617488861084, 1.3503928184509277, 1.3858168125152588, 1.4203846454620361, 1.4332014322280884, 1.4292126893997192, 1.482633113861084, 1.476871132850647, 1.513947606086731, 1.5168055295944214, 1.5639863014221191, 1.5603744983673096, 1.6239519119262695, 1.634049415588379, 1.6832858324050903, 1.7241073846817017, 1.7614357471466064, 1.7898272275924683, inf, inf, inf, inf, inf, inf, inf, inf, inf, 2.633338451385498, 2.607745409011841, 2.582726001739502, 2.652233839035034, 2.7554879188537598, 2.882373332977295, 3.0222043991088867, 3.136725425720215, 3.302039384841919, 3.481708526611328, inf, inf, inf, inf, inf, inf, inf, inf, inf, inf, inf, inf, inf, inf, inf, inf, inf, 3.1566874980926514, inf, inf, inf, inf, inf, inf, inf, inf, inf, inf, inf, inf, inf, inf, inf, inf, inf, inf, inf, inf, inf, inf, inf, inf, inf, inf, inf, inf, inf, inf, inf, inf, inf, inf, inf, inf, inf, inf, inf, inf, inf, inf, inf, inf, inf, inf, inf, inf, inf, inf, inf, inf, inf, inf, inf, inf, inf, inf, inf, inf, inf, inf, inf, inf, inf, inf, inf, inf, inf, inf, inf, inf, inf, inf, inf, inf, inf, inf, inf, inf, inf, inf, inf, inf, inf, inf, inf, inf, inf, inf, inf, inf, inf, inf, inf, inf, inf, inf, inf, inf, inf, inf, inf, inf, inf, inf, inf, inf, inf, inf, inf, inf, inf, inf, inf, inf, inf, inf, inf, inf, inf, 3.404062032699585, 3.321035861968994, 3.2344765663146973, 3.161158800125122, 3.070270299911499, 2.9999442100524902, 2.9401161670684814, 2.868311643600464, 2.8264129161834717, 2.7585785388946533, 2.7205159664154053, 2.6597607135772705, 2.5980114936828613, 2.5537469387054443, 2.5184097290039062, 2.5014748573303223, 2.4411067962646484, 2.3969032764434814, 2.345761299133301, 2.3284075260162354, 2.3038578033447266, 2.2845942974090576, 2.259002208709717, 2.2203829288482666, 2.186450958251953, 2.1707587242126465, 2.143677234649658, 2.0879008769989014, 2.079167366027832, 2.0710418224334717, 2.04180908203125, 2.0350890159606934, 2.0057425498962402, 1.9913270473480225, 2.0033397674560547, 1.9610776901245117, 1.9540903568267822, 1.9446645975112915, 1.9407317638397217, 1.9230918884277344, 1.9065752029418945, 1.904844045639038, 1.8776137828826904, 1.873674750328064, 1.8825162649154663, 1.8589154481887817, 1.864078164100647, 1.8525919914245605, 1.834433674812317, 1.8195726871490479, 1.821254849433899, 1.8189153671264648, 1.8232980966567993, 1.8325403928756714, 1.8197282552719116, 1.8177545070648193, 1.8115544319152832, 1.8111765384674072, 1.8040988445281982, 1.8094643354415894, 1.8205528259277344, 1.8198051452636719, 1.803322196006775, 1.8379040956497192, 1.836958408355713, 1.8306639194488525, 1.8371492624282837, 1.8357847929000854, 1.8513691425323486, 1.8629710674285889, 1.8738139867782593, 1.8750814199447632, 1.8804985284805298, 1.8821661472320557, 1.8835740089416504, 1.9151638746261597, 1.9103419780731201, 1.903072714805603, 1.960586667060852, 1.9396759271621704, 1.9604061841964722, 1.985929250717163, 1.9806482791900635, 2.0026354789733887, 2.047908306121826, 2.048123598098755, 2.0650737285614014, 2.0763208866119385, 2.0925989151000977, 2.085590362548828, 2.0242161750793457, 2.010021448135376, 1.9290837049484253, 1.8925530910491943, 1.8254989385604858, 1.7716562747955322, 1.7400670051574707, 1.7061262130737305, 1.6808892488479614, 1.6397758722305298, 1.6069262027740479, 1.6035584211349487, 1.5599199533462524, 1.5355886220932007, 1.514793038368225, 1.486155390739441, 1.4457358121871948, 1.40973699092865, 1.4107170104980469, 1.3942837715148926, 1.3789368867874146, 1.368971586227417, 1.3493852615356445, 1.3139170408248901, 1.3151590824127197, 1.3021990060806274, 1.2666243314743042, 1.253777265548706, 1.2498000860214233, 1.2508970499038696, 1.2216275930404663, 1.2104626893997192, 1.186723232269287, 1.2048661708831787, 1.2018390893936157, 1.1743961572647095, 1.16739022731781, 1.1729187965393066, 1.1677112579345703, 1.1471465826034546, 1.1397888660430908, 1.1354516744613647, 1.143372654914856, 1.1280021667480469, 1.1060175895690918, 1.094580054283142, 1.1151208877563477, 1.107099175453186, 1.097425937652588, 1.1023995876312256, 1.1040582656860352, 1.0879544019699097, 1.0890612602233887, 1.0947654247283936, 1.0863261222839355, 1.068509817123413, 1.0808470249176025, 1.0710333585739136, 1.0782771110534668, 1.0916122198104858, 1.0947961807250977, 1.0965639352798462, 1.0902786254882812, 1.079574465751648, 1.0775487422943115, 1.0769108533859253, 1.0950896739959717, 1.1070178747177124, 1.112429141998291, 1.0962878465652466, 1.1172280311584473, 1.1177537441253662, 1.119178295135498, 1.1374602317810059, 1.1327316761016846, 1.1463993787765503, 1.1420488357543945, 1.1559253931045532, 1.1597075462341309, 1.1583772897720337, 1.1665723323822021, 1.1962229013442993, 1.2049087285995483, 1.2072666883468628, 1.201149344444275, 1.2338155508041382, 1.2268571853637695]),0.01749303564429283,3397391000000,
array('f', [1.21233069896698, 1.222022294998169, 1.2236734628677368, 1.2607535123825073, 1.2633095979690552, 1.2731642723083496, 1.3040833473205566, 1.3219925165176392, 1.3368746042251587, 1.364428162574768, 1.3653472661972046, 1.405028223991394, 1.4262033700942993, 1.4301913976669312, 1.4631386995315552, 1.4879021644592285, 1.5186493396759033, 1.5650604963302612, 1.5834382772445679, 1.6246209144592285, 1.6526232957839966, 1.6957080364227295, 1.7383110523223877, inf, inf, inf, inf, inf, inf, inf, inf, inf, 2.595518112182617, 2.5917537212371826, 2.5639703273773193, 2.5446345806121826, 2.660059928894043, 2.7911717891693115, 2.925935745239258, 3.0493979454040527, 3.213054656982422, 3.377389430999756, inf, inf, inf, inf, inf, inf, inf, inf, inf, inf, inf, inf, inf, inf, inf, inf, inf, inf, 3.09602952003479, inf, inf, inf, inf, inf, inf, inf, inf, inf, inf, inf, inf, inf, inf, inf, inf, inf, inf, inf, inf, inf, inf, inf, inf, inf, inf, inf, inf, inf, inf, inf, inf, inf, inf, inf, inf, inf, inf, inf, inf, inf, inf, inf, inf, inf, inf, inf, inf, inf, inf, inf, inf, inf, inf, inf, inf, inf, inf, inf, inf, inf, inf, inf, inf, inf, inf, inf, inf, inf, inf, inf, inf, inf, inf, inf, inf, inf, inf, inf, inf, inf, inf, inf, inf, inf, inf, inf, inf, inf, inf, inf, inf, inf, inf, inf, inf, inf, inf, inf, inf, inf, inf, inf, inf, inf, inf, inf, inf, inf, inf, inf, inf, inf, inf, inf, inf, inf, inf, inf, inf, 3.4376473426818848, 3.3651201725006104, 3.2630293369293213, 3.1711368560791016, 3.0870726108551025, 3.0421769618988037, 2.959550380706787, 2.8930764198303223, 2.8426718711853027, 2.7572367191314697, 2.7159416675567627, 2.6987476348876953, 2.623809814453125, 2.579505681991577, 2.5458414554595947, 2.505042791366577, 2.456136465072632, 2.412132501602173, 2.3901374340057373, 2.350705146789551, 2.311225414276123, 2.2927956581115723, 2.2454402446746826, 2.237335443496704, 2.2093448638916016, 2.2012369632720947, 2.160959005355835, 2.1247477531433105, 2.1141440868377686, 2.1021838188171387, 2.076686382293701, 2.0665183067321777, 2.045489549636841, 2.0146734714508057, 2.0094332695007324, 1.9751739501953125, 1.9765722751617432, 1.9693609476089478, 1.94948148727417, 1.9390619993209839, 1.925507664680481, 1.9023977518081665, 1.9184682369232178, 1.903867483139038, 1.9049996137619019, 1.8679996728897095, 1.8870844841003418, 1.871259093284607, 1.8768786191940308, 1.872073769569397, 1.865477204322815, 1.8486518859863281, 1.8644577264785767, 1.8523776531219482, 1.8458659648895264, 1.8132869005203247, 1.8590408563613892, 1.8468174934387207, 1.836151361465454, 1.8294169902801514, 1.829445242881775, 1.8360967636108398, 1.8299176692962646, 1.8665733337402344, 1.8639957904815674, 1.8615343570709229, 1.8716729879379272, 1.8722379207611084, 1.8878865242004395, 1.8819032907485962, 1.897817611694336, 1.9009448289871216, 1.8905253410339355, 1.896762728691101, 1.9205875396728516, 1.9281461238861084, 1.938064694404602, 1.9497674703598022, 1.974791169166565, 1.9737770557403564, 1.9822015762329102, 2.0083978176116943, 2.0353586673736572, 2.051326036453247, 2.0665926933288574, 2.0854978561401367, 2.109157085418701, 2.1192095279693604, 2.0334224700927734, 1.989139199256897, 1.917059063911438, 1.8893980979919434, 1.820561170578003, 1.7682406902313232, 1.76205313205719, 1.692115068435669, 1.65791916847229, 1.6456986665725708, 1.595812201499939, 1.5728321075439453, 1.514634370803833, 1.5176582336425781, 1.4936511516571045, 1.4677623510360718, 1.436094045639038, 1.3888390064239502, 1.3752591609954834, 1.3742693662643433, 1.348084568977356, 1.3305528163909912, 1.3081499338150024, 1.2958650588989258, 1.2663403749465942, 1.2512996196746826, 1.2435111999511719, 1.2287604808807373, 1.2093875408172607, 1.2018357515335083, 1.1715903282165527, 1.1750630140304565, 1.1711395978927612, 1.1546920537948608, 1.1455612182617188, 1.132596492767334, 1.1231452226638794, 1.1320792436599731, 1.120630145072937, 1.1199123859405518, 1.0996360778808594, 1.089888334274292, 1.105730652809143, 1.076850414276123, 1.084074854850769, 1.088310718536377, 1.0659565925598145, 1.0660762786865234, 1.0579431056976318, 1.0466639995574951, 1.0346571207046509, 1.0618380308151245, 1.0497233867645264, 1.0407644510269165, 1.0383776426315308, 1.0383622646331787, 1.0373265743255615, 1.0271672010421753, 1.0393658876419067, 1.045521855354309, 1.036521553993225, 1.0430537462234497, 1.0526498556137085, 1.0388213396072388, 1.0506775379180908, 1.0389063358306885, 1.0401341915130615, 1.036105990409851, 1.0512889623641968, 1.0337051153182983, 1.0788490772247314, 1.0633336305618286, 1.0494413375854492, 1.0900557041168213, 1.0792030096054077, 1.0902745723724365, 1.0807703733444214, 1.078789472579956, 1.0984257459640503, 1.1023974418640137, 1.1140636205673218, 1.106693983078003, 1.1116048097610474, 1.1349141597747803, 1.1418710947036743, 1.1673245429992676, 1.1567782163619995, 1.1764107942581177, 1.1775394678115845, 1.1897621154785156, 1.2018473148345947]),0.01749303564429283,3397591000000,
array('f', [1.1819654703140259, 1.1847357749938965, 1.225833535194397, 1.2317606210708618, 1.2555292844772339, 1.24187433719635, 1.2884974479675293, 1.295027256011963, 1.337049126625061, 1.3166964054107666, 1.3610007762908936, 1.388818383216858, 1.402014136314392, 1.4475897550582886, 1.4638073444366455, 1.4885666370391846, 1.5200716257095337, 1.5496819019317627, 1.5713142156600952, 1.6047632694244385, 1.660244345664978, 1.7016441822052002, inf, inf, inf, inf, inf, inf, inf, inf, inf, 2.5603158473968506, 2.5064868927001953, 2.502304792404175, 2.5757710933685303, 2.695380687713623, 2.800314426422119, 2.940402030944824, 3.10374116897583, 3.2692244052886963, 3.4759016036987305, inf, inf, inf, inf, inf, inf, inf, inf, inf, inf, inf, inf, inf, inf, inf, inf, inf, inf, inf, inf, inf, inf, inf, inf, inf, inf, inf, inf, inf, inf, inf, inf, inf, inf, inf, inf, inf, inf, inf, inf, inf, inf, inf, inf, inf, inf, inf, inf, inf, inf, inf, inf, inf, inf, inf, inf, inf, inf, inf, inf, inf, inf, inf, inf, inf, inf, inf, inf, inf, inf, inf, inf, inf, inf, inf, inf, inf, inf, inf, inf, inf, inf, inf, inf, inf, inf, inf, inf, inf, inf, inf, inf, inf, inf, inf, inf, inf, inf, inf, inf, inf, inf, inf, inf, inf, inf, inf, inf, inf, inf, inf, inf, inf, inf, inf, inf, inf, inf, inf, inf, inf, inf, inf, inf, inf, inf, inf, inf, inf, inf, inf, inf, inf, inf, inf, inf, inf, inf, 3.442617416381836, 3.3714334964752197, 3.2809808254241943, 3.1994965076446533, 3.1293184757232666, 3.052459716796875, 2.999180793762207, 2.93066143989563, 2.8602294921875, 2.7988405227661133, 2.7608180046081543, 2.6838111877441406, 2.650815725326538, 2.609178304672241, 2.575514316558838, 2.528607130050659, 2.482710838317871, 2.44771671295166, 2.3981800079345703, 2.3735923767089844, 2.3439857959747314, 2.3224360942840576, 2.274110794067383, 2.266754150390625, 2.2189226150512695, 2.2200918197631836, 2.2073302268981934, 2.157447338104248, 2.157236099243164, 2.131985664367676, 2.12199068069458, 2.088852882385254, 2.0761804580688477, 2.055891752243042, 2.034588575363159, 2.029493570327759, 2.018498182296753, 1.9978835582733154, 1.9949557781219482, 1.9627386331558228, 1.9452927112579346, 1.9463832378387451, 1.9232220649719238, 1.9378907680511475, 1.9161254167556763, 1.9148904085159302, 1.8965497016906738, 1.8934260606765747, 1.8937612771987915, 1.8841707706451416, 1.8960200548171997, 1.8592414855957031, 1.8654358386993408, 1.8585666418075562, 1.875946283340454, 1.8534830808639526, 1.897347092628479, 1.9016337394714355, 1.8937580585479736, 1.8733649253845215, 1.8826764822006226, 1.8572875261306763, 1.8761041164398193, 1.8651083707809448, 1.886352777481079, 1.8662887811660767, 1.8874057531356812, 1.8967633247375488, 1.897027611732483, 1.8964554071426392, 1.94880211353302, 1.9134187698364258, 1.9337736368179321, 1.9332408905029297, 1.9578378200531006, 1.9664031267166138, 1.9884830713272095, 2.016627311706543, 2.023013114929199, 2.034120798110962, 2.0392158031463623, 2.0459604263305664, 2.0620105266571045, 2.0822913646698, 2.1087353229522705, 2.1154606342315674, 2.0435047149658203, 1.9839900732040405, 1.9401625394821167, 1.8802324533462524, 1.8206754922866821, 1.7568708658218384, 1.7275547981262207, 1.6888107061386108, 1.6624326705932617, 1.6307464838027954, 1.5690836906433105, 1.5456668138504028, 1.5001918077468872, 1.4796913862228394, 1.4582700729370117, 1.4261600971221924, 1.4011034965515137, 1.3797097206115723, 1.3399999141693115, 1.338647723197937, 1.306235909461975, 1.2884674072265625, 1.2814254760742188, 1.2601467370986938, 1.2357851266860962, 1.2404016256332397, 1.1862455606460571, 1.1850541830062866, 1.1879545450210571, 1.1634442806243896, 1.147487759590149, 1.130075216293335, 1.1264183521270752, 1.114235520362854, 1.1208187341690063, 1.108199119567871, 1.0824966430664062, 1.0935492515563965, 1.0717922449111938, 1.0830202102661133, 1.064587950706482, 1.0528079271316528, 1.0690797567367554, 1.041218638420105, 1.0355063676834106, 1.0394606590270996, 1.0189872980117798, 1.0256495475769043, 1.0200235843658447, 1.0214117765426636, 1.0081984996795654, 1.0079573392868042, 1.0090174674987793, 1.0026861429214478, 0.994615912437439, 0.9966608285903931, 0.9708157181739807, 0.9884787797927856, 0.9782251715660095, 1.0011500120162964, 0.9901838302612305, 1.0096614360809326, 0.996511697769165, 0.9902380704879761, 0.9942528009414673, 0.9999264478683472, 0.9814391732215881, 0.9815629720687866, 0.981770932674408, 0.9950729012489319, 0.9974860548973083, 1.0010592937469482, 1.0296480655670166, 1.0067834854125977, 1.010384202003479, 1.0277639627456665, 1.0433226823806763, 1.0288217067718506, 1.056715488433838, 1.0419201850891113, 1.0437830686569214, 1.0479955673217773, 1.0484150648117065, 1.0663251876831055, 1.0759867429733276, 1.0798755884170532, 1.1057406663894653, 1.1029149293899536, 1.1189953088760376, 1.1150058507919312, 1.1165745258331299, 1.162456750869751, 1.1711057424545288, 1.1621613502502441, 1.1798162460327148]),0.01749303564429283,3397791000000,
array('f', [1.1675587892532349, 1.1785322427749634, 1.2066081762313843, 1.2020801305770874, 1.2336010932922363, 1.2365185022354126, 1.2605043649673462, 1.295815110206604, 1.3162201642990112, 1.3373651504516602, 1.3613502979278564, 1.3750592470169067, 1.3867360353469849, 1.4498584270477295, 1.449375867843628, 1.484231948852539, 1.50937020778656, 1.5429282188415527, 1.5796551704406738, 1.6209957599639893, inf, inf, inf, inf, inf, inf, inf, inf, inf, 2.5134458541870117, 2.48494815826416, 2.46675443649292, 2.4810760021209717, 2.605684757232666, 2.7087807655334473, 2.8628909587860107, 3.0017025470733643, 3.1601479053497314, 3.343785285949707, inf, inf, inf, inf, inf, inf, inf, inf, inf, inf, inf, inf, inf, inf, inf, inf, inf, inf, 2.991410255432129, inf, inf, inf, inf, inf, inf, inf, inf, inf, inf, inf, inf, inf, inf, inf, inf, inf, inf, inf, inf, inf, inf, inf, inf, inf, inf, inf, inf, inf, inf, inf, inf, inf, inf, inf, inf, inf, inf, inf, inf, inf, inf, inf, inf, inf, inf, inf, inf, inf, inf, inf, inf, inf, inf, inf, inf, inf, inf, inf, inf, inf, inf, inf, inf, inf, inf, inf, inf, inf, inf, inf, inf, inf, inf, inf, inf, inf, inf, inf, inf, inf, inf, inf, inf, inf, inf, inf, inf, inf, inf, inf, inf, inf, inf, inf, inf, inf, inf, inf, inf, inf, inf, inf, inf, inf, inf, inf, inf, inf, inf, inf, inf, inf, inf, inf, inf, inf, inf, inf, 3.5, 3.3936171531677246, 3.311936855316162, 3.2252631187438965, 3.1561667919158936, 3.089597463607788, 3.0150468349456787, 2.963998317718506, 2.8938913345336914, 2.847858190536499, 2.7889044284820557, 2.737398862838745, 2.6663100719451904, 2.645005464553833, 2.604343891143799, 2.5590052604675293, 2.5255892276763916, 2.4727566242218018, 2.445528507232666, 2.411073684692383, 2.3881592750549316, 2.3552188873291016, 2.3249216079711914, 2.2982280254364014, 2.245375633239746, 2.22249174118042, 2.2119827270507812, 2.1966915130615234, 2.17090106010437, 2.1487374305725098, 2.132338047027588, 2.1273350715637207, 2.089683771133423, 2.058546543121338, 2.0830156803131104, 2.0588972568511963, 2.0287272930145264, 2.0041539669036865, 2.025238275527954, 2.0095927715301514, 1.991930365562439, 1.9749747514724731, 1.9745367765426636, 1.9519798755645752, 1.9322797060012817, 1.9271693229675293, 1.9521392583847046, 1.931286096572876, 1.9302436113357544, 1.9199053049087524, 1.9132416248321533, 1.9076589345932007, 1.903731346130371, 1.9147372245788574, 1.9121506214141846, 1.8989136219024658, 1.8772639036178589, 1.898362636566162, 1.8917399644851685, 1.9256426095962524, 1.9072043895721436, 1.9053676128387451, 1.9104920625686646, 1.9172039031982422, 1.9343229532241821, 1.9157975912094116, 1.9149324893951416, 1.9342435598373413, 1.9344565868377686, 1.9383326768875122, 1.975021481513977, 1.9599897861480713, 1.9562932252883911, 1.9851620197296143, 1.98540198802948, 2.0203213691711426, 2.0325558185577393, 2.033538818359375, 2.0442216396331787, 2.041931390762329, 2.058145523071289, 2.0819358825683594, 2.1189234256744385, 2.1347336769104004, 2.0749645233154297, 1.9957339763641357, 1.9197461605072021, 1.8852037191390991, 1.8131076097488403, 1.7734884023666382, 1.7216004133224487, 1.6797940731048584, 1.6327093839645386, 1.594326138496399, 1.5601296424865723, 1.539960503578186, 1.5097302198410034, 1.452141523361206, 1.434280514717102, 1.4185014963150024, 1.3875203132629395, 1.3679312467575073, 1.3141852617263794, 1.294337272644043, 1.2773725986480713, 1.263522982597351, 1.242780327796936, 1.227526307106018, 1.1988496780395508, 1.1868836879730225, 1.1628307104110718, 1.1790417432785034, 1.143857479095459, 1.1387766599655151, 1.12903892993927, 1.1126738786697388, 1.111608624458313, 1.0792765617370605, 1.0842883586883545, 1.0735677480697632, 1.0649073123931885, 1.0475764274597168, 1.0364888906478882, 1.0259811878204346, 1.0135085582733154, 1.0176141262054443, 1.0129733085632324, 0.9882829189300537, 0.9902730584144592, 0.9818965196609497, 0.9876783490180969, 0.9908518195152283, 0.9770805239677429, 0.9646546244621277, 0.9740946292877197, 0.952564537525177, 0.9733198285102844, 0.9512203335762024, 0.9644815325737, 0.9486374855041504, 0.9416916370391846, 0.962840735912323, 0.9494996666908264, 0.9369713068008423, 0.9311959147453308, 0.9491361975669861, 0.942889392375946, 0.943192183971405, 0.9434956908226013, 0.9371767044067383, 0.9324558973312378, 0.9528160691261292, 0.9559091329574585, 0.9455606937408447, 0.9742443561553955, 0.9534060955047607, 0.972082257270813, 0.966048538684845, 0.9641126394271851, 0.958694577217102, 0.9649022817611694, 0.9657443761825562, 0.9791600704193115, 0.9773317575454712, 0.9817575812339783, 1.0230474472045898, 1.0095884799957275, 0.994631290435791, 1.0059380531311035, 1.0319709777832031, 1.0263121128082275, 1.0488903522491455, 1.0270037651062012, 1.0419002771377563, 1.0368279218673706, 1.0668070316314697, 1.060972809791565, 1.0950918197631836, 1.1079232692718506, 1.111579179763794, 1.1299052238464355, 1.1628865003585815, 1.1549829244613647]),0.01749303564429283,3397991000000,
array('f', [1.1416224241256714, 1.1698272228240967, 1.170855164527893, 1.1717056035995483, 1.2249534130096436, 1.1990219354629517, 1.2298933267593384, 1.2655832767486572, 1.2914716005325317, 1.3098410367965698, 1.349409818649292, 1.3720510005950928, 1.3985588550567627, 1.42034113407135, 1.4427019357681274, 1.4720512628555298, 1.5316905975341797, 1.5409148931503296, inf, inf, inf, inf, inf, inf, inf, inf, inf, 2.489340305328369, 2.431556463241577, 2.4207329750061035, 2.4249427318573, 2.5039737224578857, 2.616132974624634, 2.7484147548675537, 2.905836343765259, 3.0521979331970215, 3.2445242404937744, 3.4608983993530273, inf, inf, inf, inf, inf, inf, inf, inf, inf, inf, inf, inf, inf, inf, inf, inf, inf, inf, 2.93123197555542, inf, inf, inf, inf, inf, inf, inf, inf, inf, inf, inf, inf, inf, inf, inf, inf, inf, inf, inf, inf, inf, inf, inf, inf, inf, inf, inf, inf, inf, inf, inf, inf, inf, inf, inf, inf, inf, inf, inf, inf, inf, inf, inf, inf, inf, inf, inf, inf, inf, inf, inf, inf, inf, inf, inf, inf, inf, inf, inf, inf, inf, inf, inf, inf, inf, inf, inf, inf, inf, inf, inf, inf, inf, inf, inf, inf, inf, inf, inf, inf, inf, inf, inf, inf, inf, inf, inf, inf, inf, inf, inf, inf, inf, inf, inf, inf, inf, inf, inf, inf, inf, inf, inf, inf, inf, inf, inf, inf, inf, inf, inf, inf, inf, inf, inf, inf, inf, inf, inf, 3.4351963996887207, 3.3593361377716064, 3.279676914215088, 3.209800958633423, 3.1391117572784424, 3.045517683029175, 2.9739885330200195, 2.9311165809631348, 2.8673927783966064, 2.8161966800689697, 2.7830190658569336, 2.716153860092163, 2.6831161975860596, 2.6366777420043945, 2.5924179553985596, 2.5524606704711914, 2.5212056636810303, 2.506441831588745, 2.455644369125366, 2.4159209728240967, 2.406447649002075, 2.3505475521087646, 2.321420192718506, 2.320096492767334, 2.2662336826324463, 2.2341020107269287, 2.2214653491973877, 2.2124781608581543, 2.1714048385620117, 2.1798160076141357, 2.1374001502990723, 2.1496400833129883, 2.132148265838623, 2.1021790504455566, 2.078730821609497, 2.061563491821289, 2.0659584999084473, 2.039376735687256, 2.0482571125030518, 2.0226328372955322, 2.0013372898101807, 1.994555115699768, 1.9963189363479614, 1.9821324348449707, 1.9793726205825806, 1.960718035697937, 1.9725803136825562, 1.965415596961975, 1.9598689079284668, 1.9403163194656372, 1.924593210220337, 1.9324253797531128, 1.9381190538406372, 1.9351798295974731, 1.9220705032348633, 1.9454457759857178, 1.928017258644104, 1.9518189430236816, 1.9370163679122925, 1.9510853290557861, 1.9267933368682861, 1.9465724229812622, 1.9281656742095947, 1.9402536153793335, 1.9496476650238037, 1.9757548570632935, 1.9433040618896484, 1.9785443544387817, 1.9807496070861816, 2.0036659240722656, 1.9979143142700195, 2.0079269409179688, 2.017164945602417, 2.0388591289520264, 2.0358777046203613, 2.054152727127075, 2.076345443725586, 2.0700302124023438, 2.091557502746582, 2.0960309505462646, 2.1333374977111816, 2.094003915786743, 1.9997957944869995, 1.9320166110992432, 1.8700331449508667, 1.8249517679214478, 1.776734471321106, 1.7323548793792725, 1.6560817956924438, 1.6120165586471558, 1.5966311693191528, 1.556010127067566, 1.5075054168701172, 1.481919288635254, 1.4468635320663452, 1.424912452697754, 1.3719338178634644, 1.3561735153198242, 1.3222376108169556, 1.2967793941497803, 1.283453106880188, 1.244475245475769, 1.2490949630737305, 1.2304083108901978, 1.2088954448699951, 1.166979193687439, 1.1636722087860107, 1.1296697854995728, 1.1134676933288574, 1.1109468936920166, 1.0968159437179565, 1.086026906967163, 1.082027554512024, 1.054455041885376, 1.0467270612716675, 1.0483014583587646, 1.0486021041870117, 1.0044310092926025, 1.0127147436141968, 0.9985111951828003, 1.0127967596054077, 0.968398928642273, 0.962166428565979, 0.9593765139579773, 0.9616118669509888, 0.9538924098014832, 0.9706263542175293, 0.9311712384223938, 0.9528017640113831, 0.9260658621788025, 0.9488691091537476, 0.9227249622344971, 0.9267856478691101, 0.9223874807357788, 0.9211142063140869, 0.90548175573349, 0.910404622554779, 0.9144471287727356, 0.9147366285324097, 0.9195966720581055, 0.9020821452140808, 0.909065842628479, 0.8995206356048584, 0.9122163653373718, 0.9240720868110657, 0.8829696178436279, 0.9061058163642883, 0.9053648710250854, 0.9011395573616028, 0.9016121625900269, 0.8880273103713989, 0.8896293044090271, 0.902060329914093, 0.9217197299003601, 0.903623104095459, 0.9029110074043274, 0.9050748348236084, 0.9166685938835144, 0.9093257784843445, 0.9061821699142456, 0.9229463338851929, 0.9396151900291443, 0.9424045085906982, 0.9371134042739868, 0.9363566637039185, 0.9521066546440125, 0.9584680795669556, 0.961475133895874, 0.9682578444480896, 0.9846982359886169, 0.993157148361206, 0.9984637498855591, 1.0025852918624878, 1.0160428285598755, 1.028459906578064, 1.0219851732254028, 1.0559273958206177, 1.0508784055709839, 1.0628405809402466, 1.0772910118103027, 1.0824929475784302, 1.0961483716964722, 1.1101142168045044, 1.1508679389953613]),0.01749303564429283,3398191000000,
array('f', [1.12203848361969, 1.1390663385391235, 1.1493492126464844, 1.1554030179977417, 1.1953681707382202, 1.2143992185592651, 1.2570436000823975, 1.2476238012313843, 1.283147931098938, 1.2855381965637207, 1.3457227945327759, 1.356716275215149, 1.4014006853103638, 1.4071568250656128, 1.4589226245880127, 1.5067951679229736, 1.5392154455184937, inf, inf, inf, inf, inf, inf, inf, inf, inf, 2.39512300491333, 2.3691062927246094, 2.3585848808288574, 2.394714117050171, 2.522313117980957, 2.6640734672546387, 2.773883581161499, 2.9530303478240967, 3.1554667949676514, 3.3592751026153564, inf, inf, inf, inf, inf, inf, inf, inf, inf, inf, inf, inf, inf, inf, inf, inf, inf, inf, inf, 2.8587820529937744, inf, inf, inf, inf, inf, inf, inf, inf, inf, inf, inf, inf, inf, inf, inf, inf, inf, inf, inf, inf, inf, inf, inf, inf, inf, inf, inf, inf, inf, inf, inf, inf, inf, inf, inf, inf, inf, inf, inf, inf, inf, inf, inf, inf, inf, inf, inf, inf, inf, inf, inf, inf, inf, inf, inf, inf, inf, inf, inf, inf, inf, inf, inf, inf, inf, inf, inf, inf, inf, inf, inf, inf, inf, inf, inf, inf, inf, inf, inf, inf, inf, inf, inf, inf, inf, inf, inf, inf, inf, inf, inf, inf, inf, inf, inf, inf, inf, inf, inf, inf, inf, inf, inf, inf, inf, inf, inf, inf, inf, inf, inf, inf, inf, inf, inf, inf, inf, inf, 3.462526798248291, 3.3900020122528076, 3.290609121322632, 3.22287654876709, 3.1651902198791504, 3.0741875171661377, 3.0193121433258057, 2.9684739112854004, 2.905020236968994, 2.8601152896881104, 2.82072377204895, 2.759188652038574, 2.7177159786224365, 2.688926935195923, 2.619213104248047, 2.574223518371582, 2.547473430633545, 2.527733087539673, 2.454125165939331, 2.4413726329803467, 2.4184329509735107, 2.391129493713379, 2.3682539463043213, 2.32883882522583, 2.30902361869812, 2.2883758544921875, 2.2613327503204346, 2.2442495822906494, 2.216240882873535, 2.1774306297302246, 2.184114933013916, 2.156196355819702, 2.1390838623046875, 2.1328608989715576, 2.114506721496582, 2.110255479812622, 2.0866456031799316, 2.065661668777466, 2.055711269378662, 2.050894260406494, 2.0385425090789795, 2.0362136363983154, 2.0279252529144287, 2.022256851196289, 2.0173099040985107, 2.0023300647735596, 1.994760513305664, 1.9831106662750244, 1.956326961517334, 1.994585633277893, 1.9780186414718628, 1.9746267795562744, 1.9596813917160034, 1.96210777759552, 1.9824912548065186, 1.9613724946975708, 1.9664775133132935, 1.9621816873550415, 1.9769275188446045, 1.9773730039596558, 1.9733127355575562, 1.9797425270080566, 1.9711040258407593, 1.986525535583496, 1.9825955629348755, 1.9872952699661255, 1.9966394901275635, 2.0061399936676025, 2.03491473197937, 2.03645920753479, 2.039402484893799, 2.0448873043060303, 2.0471444129943848, 2.0726847648620605, 2.0661983489990234, 2.0805294513702393, 2.0960006713867188, 2.1286866664886475, 2.139563798904419, 2.1240813732147217, 2.0284500122070312, 1.939682126045227, 1.9022506475448608, 1.8292299509048462, 1.7709072828292847, 1.7271099090576172, 1.6601446866989136, 1.6155813932418823, 1.5696858167648315, 1.5380390882492065, 1.4864940643310547, 1.444589376449585, 1.4272615909576416, 1.4038022756576538, 1.349738597869873, 1.3324543237686157, 1.2789812088012695, 1.2767558097839355, 1.248806118965149, 1.2416943311691284, 1.188856601715088, 1.1731797456741333, 1.1598567962646484, 1.1487095355987549, 1.1221717596054077, 1.1071617603302002, 1.1014875173568726, 1.0670703649520874, 1.0565003156661987, 1.0580780506134033, 1.0509148836135864, 1.044443130493164, 1.0210998058319092, 1.0068604946136475, 0.9718735218048096, 0.9987341165542603, 0.9806350469589233, 0.9594008326530457, 0.9530208110809326, 0.9315590262413025, 0.9303750991821289, 0.9296962022781372, 0.9276970028877258, 0.9242159128189087, 0.9007472991943359, 0.915123462677002, 0.9117221236228943, 0.8941972851753235, 0.8795267939567566, 0.8853186368942261, 0.8886128664016724, 0.8867745399475098, 0.8817110657691956, 0.8725413680076599, 0.872499406337738, 0.8647844791412354, 0.8653305172920227, 0.8585279583930969, 0.8622666597366333, 0.8732521533966064, 0.854428231716156, 0.8697778582572937, 0.8491016030311584, 0.8535669445991516, 0.8535903096199036, 0.8386799693107605, 0.8415010571479797, 0.8654220104217529, 0.8451154828071594, 0.8499725461006165, 0.8505633473396301, 0.852658748626709, 0.8497369885444641, 0.8598964810371399, 0.8555769324302673, 0.8561447262763977, 0.8682551980018616, 0.8713801503181458, 0.887540876865387, 0.8733402490615845, 0.909412682056427, 0.8834711313247681, 0.8987587094306946, 0.891100287437439, 0.904700517654419, 0.9249441027641296, 0.930018424987793, 0.9277613759040833, 0.929334819316864, 0.9390206933021545, 0.941524863243103, 0.9384263753890991, 0.9361634850502014, 0.9647113680839539, 0.9801921248435974, 0.9850479364395142, 0.986117422580719, 1.015054702758789, 1.0238674879074097, 1.028385877609253, 1.0335038900375366, 1.0633424520492554, 1.0677506923675537, 1.0866234302520752, 1.0899035930633545, 1.1085150241851807]),0.01749303564429283,3398391000000,
array('f', [1.1010063886642456, 1.0974621772766113, 1.1449483633041382, 1.162973403930664, 1.1760705709457397, 1.1956323385238647, 1.2273973226547241, 1.240659236907959, 1.2707204818725586, 1.2992788553237915, 1.3167181015014648, 1.3485134840011597, 1.3878867626190186, 1.4171433448791504, 1.4485623836517334, inf, inf, inf, inf, inf, inf, inf, inf, inf, 2.3397254943847656, 2.3213462829589844, 2.308457136154175, 2.314105272293091, 2.4188947677612305, 2.548771619796753, 2.701305627822876, 2.8440163135528564, 3.034858226776123, 3.2471578121185303, 3.471923589706421, inf, inf, inf, inf, inf, inf, inf, inf, inf, inf, inf, inf, inf, inf, inf, inf, inf, inf, 2.433239459991455, 2.438138484954834, 2.4453701972961426, inf, inf, inf, inf, inf, inf, inf, inf, inf, inf, inf, inf, inf, inf, inf, inf, inf, inf, inf, inf, inf, inf, inf, inf, inf, inf, inf, inf, inf, inf, inf, inf, inf, inf, inf, inf, inf, inf, inf, inf, inf, inf, inf, inf, inf, inf, inf, inf, inf, inf, inf, inf, inf, inf, inf, inf, inf, inf, inf, inf, inf, inf, inf, inf, inf, inf, inf, inf, inf, inf, inf, inf, inf, inf, inf, inf, inf, inf, inf, inf, inf, inf, inf, inf, inf, inf, inf, inf, inf, inf, inf, inf, inf, inf, inf, inf, inf, inf, inf, inf, inf, inf, inf, inf, inf, inf, inf, inf, inf, inf, inf, inf, inf, inf, inf, inf, inf, 3.4310688972473145, 3.326669454574585, 3.261674642562866, 3.195563793182373, 3.1335842609405518, 3.061235189437866, 3.0040597915649414, 2.951616048812866, 2.9012675285339355, 2.852290153503418, 2.811363935470581, 2.7524561882019043, 2.7095043659210205, 2.6765787601470947, 2.616328716278076, 2.6029348373413086, 2.537484645843506, 2.509874105453491, 2.4876976013183594, 2.4394478797912598, 2.4130208492279053, 2.3891777992248535, 2.354388475418091, 2.3395979404449463, 2.3143556118011475, 2.308736562728882, 2.2767975330352783, 2.261911153793335, 2.253429889678955, 2.206975221633911, 2.1945114135742188, 2.188990592956543, 2.155792474746704, 2.155592203140259, 2.1373860836029053, 2.1297972202301025, 2.112051010131836, 2.0963988304138184, 2.077705144882202, 2.0933613777160645, 2.0823140144348145, 2.0629873275756836, 2.0467140674591064, 2.0495402812957764, 2.0560355186462402, 2.030407667160034, 2.0221686363220215, 2.012143135070801, 2.0181591510772705, 2.021868944168091, 2.0259201526641846, 2.009739875793457, 2.0037031173706055, 2.004852771759033, 2.012070655822754, 2.0117228031158447, 2.0141406059265137, 2.011209011077881, 1.9988024234771729, 1.995599389076233, 2.0174813270568848, 2.0257480144500732, 2.004499673843384, 2.03910756111145, 2.030348062515259, 2.0405523777008057, 2.057107925415039, 2.047837018966675, 2.068124771118164, 2.0712430477142334, 2.0880706310272217, 2.0829122066497803, 2.1088662147521973, 2.132181406021118, 2.1506834030151367, 2.1400139331817627, 2.162529468536377, 2.071669101715088, 1.9770512580871582, 1.910454273223877, 1.8410710096359253, 1.774008870124817, 1.7310973405838013, 1.667897343635559, 1.6179673671722412, 1.5626825094223022, 1.5131410360336304, 1.4710142612457275, 1.4354126453399658, 1.4009158611297607, 1.3710763454437256, 1.3086695671081543, 1.3100053071975708, 1.2800803184509277, 1.2447333335876465, 1.2341591119766235, 1.2116782665252686, 1.1813572645187378, 1.1457797288894653, 1.1408462524414062, 1.136405110359192, 1.095317006111145, 1.0914758443832397, 1.0695726871490479, 1.0478585958480835, 1.0678317546844482, 1.037282943725586, 1.0081053972244263, 1.0027554035186768, 0.9842281341552734, 0.9706851243972778, 0.9651060700416565, 0.9490492939949036, 0.9231283664703369, 0.925987184047699, 0.9114255309104919, 0.9223943948745728, 0.8960682153701782, 0.8901166319847107, 0.8830162882804871, 0.8943440318107605, 0.8734863996505737, 0.8640782237052917, 0.8465057015419006, 0.8614588975906372, 0.8286995887756348, 0.845777153968811, 0.8515016436576843, 0.850676953792572, 0.836602509021759, 0.8378072381019592, 0.8262997269630432, 0.8248016238212585, 0.8366994857788086, 0.8229167461395264, 0.8115720748901367, 0.8148193955421448, 0.8266071677207947, 0.8087289929389954, 0.8068394660949707, 0.804301381111145, 0.8192427158355713, 0.8167158365249634, 0.8101665377616882, 0.7965021729469299, 0.8245005011558533, 0.8137937784194946, 0.8093013167381287, 0.8056218028068542, 0.7965718507766724, 0.8061578869819641, 0.8099293112754822, 0.8187052607536316, 0.8145174980163574, 0.8140690922737122, 0.8074355721473694, 0.8211391568183899, 0.8139165043830872, 0.8343076109886169, 0.8471720218658447, 0.8430392146110535, 0.8526644706726074, 0.8337987661361694, 0.8548785448074341, 0.8555680513381958, 0.8676187992095947, 0.8749027252197266, 0.8792991042137146, 0.8689729571342468, 0.9056364297866821, 0.8913446664810181, 0.9193376302719116, 0.9198330044746399, 0.9152108430862427, 0.9409034252166748, 0.9406341910362244, 0.9807277321815491, 0.9665279388427734, 0.9850479960441589, 0.9908791184425354, 0.9984504580497742, 1.008326768875122, 1.0350768566131592, 1.0344864130020142, 1.0586884021759033, 1.087875247001648, 1.0989834070205688]),0.01749303564429283,3398591000000,
array('f', [1.0650405883789062, 1.0897082090377808, 1.104802131652832, 1.1468243598937988, 1.157239317893982, 1.1863608360290527, 1.2111570835113525, 1.2374811172485352, 1.2547650337219238, 1.2954518795013428, 1.3250595331192017, 1.3796501159667969, 1.3890342712402344, 1.4342546463012695, inf, inf, inf, inf, inf, inf, inf, inf, 2.298102617263794, 2.275418996810913, 2.2779769897460938, 2.2615010738372803, 2.3310883045196533, 2.459182024002075, 2.6074893474578857, 2.7521605491638184, 2.909958839416504, 3.126502275466919, 3.3668649196624756, inf, inf, inf, inf, inf, inf, inf, inf, inf, inf, inf, inf, inf, inf, inf, inf, inf, inf, inf, 2.367631435394287, 2.340820074081421, 2.3524279594421387, inf, inf, inf, inf, inf, inf, inf, inf, inf, inf, inf, inf, inf, inf, inf, inf, inf, inf, inf, inf, inf, inf, inf, inf, inf, inf, inf, inf, inf, inf, inf, inf, inf, inf, inf, inf, inf, inf, inf, inf, inf, inf, inf, inf, inf, inf, inf, inf, inf, inf, inf, inf, inf, inf, inf, inf, inf, inf, inf, inf, inf, inf, inf, inf, inf, inf, inf, inf, inf, inf, inf, inf, inf, inf, inf, inf, inf, inf, inf, inf, inf, inf, inf, inf, inf, inf, inf, inf, inf, inf, inf, inf, inf, inf, inf, inf, inf, inf, inf, inf, inf, inf, inf, inf, inf, inf, inf, inf, inf, inf, inf, inf, inf, inf, inf, inf, 3.4638049602508545, 3.3918418884277344, 3.3149425983428955, 3.2280592918395996, 3.178750514984131, 3.119485378265381, 3.045804977416992, 2.9948980808258057, 2.9388883113861084, 2.878990888595581, 2.837111711502075, 2.777104616165161, 2.7352476119995117, 2.6991631984710693, 2.661526679992676, 2.6351261138916016, 2.5814836025238037, 2.546576499938965, 2.5236690044403076, 2.49519681930542, 2.462761878967285, 2.4436628818511963, 2.416566848754883, 2.3846027851104736, 2.364285707473755, 2.3415677547454834, 2.3171987533569336, 2.2859418392181396, 2.2649688720703125, 2.2690417766571045, 2.260807752609253, 2.2120978832244873, 2.2128615379333496, 2.2034997940063477, 2.17033314704895, 2.155803680419922, 2.133369207382202, 2.138981819152832, 2.1612205505371094, 2.0938608646392822, 2.1073763370513916, 2.108710527420044, 2.092404842376709, 2.0863144397735596, 2.0950045585632324, 2.073796033859253, 2.0685153007507324, 2.058518171310425, 2.067366361618042, 2.060434579849243, 2.0471787452697754, 2.035754680633545, 2.0469706058502197, 2.0367653369903564, 2.0300545692443848, 2.0529956817626953, 2.0607917308807373, 2.0637123584747314, 2.0558526515960693, 2.0685853958129883, 2.0500693321228027, 2.07450270652771, 2.0810744762420654, 2.0752038955688477, 2.083160638809204, 2.095254421234131, 2.095200300216675, 2.106187105178833, 2.1180129051208496, 2.1259915828704834, 2.12424898147583, 2.1616804599761963, 2.156484603881836, 2.1841049194335938, 2.175344944000244, 2.0912914276123047, 1.9903838634490967, 1.9297147989273071, 1.8455123901367188, 1.7842475175857544, 1.7305318117141724, 1.6785885095596313, 1.6095112562179565, 1.5531848669052124, 1.5250741243362427, 1.4734671115875244, 1.4346331357955933, 1.3776817321777344, 1.355594515800476, 1.32157564163208, 1.2731995582580566, 1.25678551197052, 1.2458364963531494, 1.2026543617248535, 1.182185173034668, 1.1558442115783691, 1.119623064994812, 1.1203086376190186, 1.0872488021850586, 1.075158715248108, 1.065644383430481, 1.0361506938934326, 1.0208241939544678, 1.0258727073669434, 0.9826033711433411, 0.9641322493553162, 0.9704865217208862, 0.9535801410675049, 0.9359725117683411, 0.9375355243682861, 0.9137473106384277, 0.9158990383148193, 0.9037177562713623, 0.90353924036026, 0.883514940738678, 0.875424325466156, 0.8800151944160461, 0.8602373003959656, 0.8337587714195251, 0.8456791043281555, 0.8226768374443054, 0.8411197066307068, 0.8363224864006042, 0.8245081305503845, 0.8096215128898621, 0.7974978089332581, 0.797681450843811, 0.8037932515144348, 0.7762987017631531, 0.7892423272132874, 0.7976659536361694, 0.7713364362716675, 0.7859940528869629, 0.7556878924369812, 0.7721279263496399, 0.7575193643569946, 0.7696532607078552, 0.7712159752845764, 0.7791573405265808, 0.773963212966919, 0.7669985890388489, 0.7649295330047607, 0.7492387294769287, 0.7561281323432922, 0.7599700689315796, 0.7686899304389954, 0.7569687962532043, 0.7734971046447754, 0.7744201421737671, 0.7714845538139343, 0.7671883702278137, 0.7695101499557495, 0.7554030418395996, 0.7718017101287842, 0.7680431604385376, 0.7693773508071899, 0.7957334518432617, 0.7999486327171326, 0.7848596572875977, 0.7969242334365845, 0.8013431429862976, 0.8229175209999084, 0.822750985622406, 0.8157173991203308, 0.8203933238983154, 0.8118303418159485, 0.825939953327179, 0.8338816165924072, 0.8238963484764099, 0.85468590259552, 0.8535110354423523, 0.8728439211845398, 0.8588017225265503, 0.8674229383468628, 0.8997626900672913, 0.9051234722137451, 0.8965966701507568, 0.9207572937011719, 0.9388338923454285, 0.9455127716064453, 0.9456183314323425, 0.9668189883232117, 0.9797042608261108, 0.9877367615699768, 1.005207896232605, 1.02534818649292, 1.0509412288665771, 1.0461738109588623, 1.0738945007324219]),0.01749303564429283,3398791000000,
array('f', [1.0680254697799683, 1.0803265571594238, 1.1070154905319214, 1.1281763315200806, 1.1330835819244385, 1.179866075515747, 1.1942236423492432, 1.2376441955566406, 1.25957190990448, 1.30154550075531, 1.3101747035980225, 1.3865323066711426, inf, inf, inf, inf, inf, inf, inf, inf, inf, 2.2383947372436523, 2.2063939571380615, 2.2382006645202637, 2.2472410202026367, 2.3604583740234375, 2.486013174057007, 2.654231548309326, 2.8149874210357666, 3.0202057361602783, 3.249128580093384, inf, inf, inf, inf, inf, inf, inf, inf, inf, inf, inf, inf, inf, inf, inf, inf, inf, inf, inf, inf, 2.3635189533233643, 2.2544515132904053, 2.2286505699157715, 2.2549378871917725, inf, inf, inf, inf, inf, inf, inf, inf, inf, inf, inf, inf, inf, inf, inf, inf, inf, inf, inf, inf, inf, inf, inf, inf, inf, inf, inf, inf, inf, inf, inf, inf, inf, inf, inf, inf, inf, inf, inf, inf, inf, inf, inf, inf, inf, inf, inf, inf, inf, inf, inf, inf, inf, inf, inf, inf, inf, inf, inf, inf, inf, inf, inf, inf, inf, inf, inf, inf, inf, inf, inf, inf, inf, inf, inf, inf, inf, inf, inf, inf, inf, inf, inf, inf, inf, inf, inf, inf, inf, inf, inf, inf, inf, inf, inf, inf, inf, inf, inf, inf, inf, inf, inf, inf, inf, inf, inf, inf, inf, inf, inf, inf, inf, inf, inf, 3.43589186668396, 3.3408265113830566, 3.2930243015289307, 3.217372417449951, 3.1445062160491943, 3.0978622436523438, 3.0350213050842285, 2.9725611209869385, 2.927901029586792, 2.863828182220459, 2.8439133167266846, 2.7880256175994873, 2.7360124588012695, 2.7093899250030518, 2.673924207687378, 2.623239517211914, 2.588505268096924, 2.5836079120635986, 2.540785789489746, 2.506027936935425, 2.4775710105895996, 2.449816942214966, 2.431802272796631, 2.4021284580230713, 2.3718276023864746, 2.35579514503479, 2.33023738861084, 2.313281536102295, 2.290422201156616, 2.2704522609710693, 2.266721487045288, 2.2465155124664307, 2.23078989982605, 2.2229058742523193, 2.196580171585083, 2.2004201412200928, 2.170969247817993, 2.1642849445343018, 2.15934419631958, 2.132566213607788, 2.132373571395874, 2.129995107650757, 2.111931562423706, 2.1162474155426025, 2.1173665523529053, 2.1097421646118164, 2.097107172012329, 2.0959973335266113, 2.1135878562927246, 2.0920019149780273, 2.104037284851074, 2.068965435028076, 2.0861432552337646, 2.0890793800354004, 2.0856263637542725, 2.1013922691345215, 2.103240728378296, 2.1025590896606445, 2.099313735961914, 2.095893383026123, 2.0880327224731445, 2.1081349849700928, 2.121995210647583, 2.130276918411255, 2.125134229660034, 2.1438276767730713, 2.1534786224365234, 2.1569249629974365, 2.16212797164917, 2.1686131954193115, 2.1578288078308105, 2.1969194412231445, 2.1647636890411377, 2.0559892654418945, 1.970993995666504, 1.8782813549041748, 1.7954767942428589, 1.7493091821670532, 1.6705968379974365, 1.6116279363632202, 1.5601950883865356, 1.5228153467178345, 1.4827409982681274, 1.425930380821228, 1.3760645389556885, 1.3330974578857422, 1.295457363128662, 1.2578405141830444, 1.233376383781433, 1.2237517833709717, 1.1735256910324097, 1.1499022245407104, 1.141466498374939, 1.1074522733688354, 1.078829050064087, 1.0678513050079346, 1.0506070852279663, 1.0208353996276855, 1.0202922821044922, 0.9801111221313477, 0.9955541491508484, 0.9800428152084351, 0.9523480534553528, 0.9129027724266052, 0.915278434753418, 0.9194158315658569, 0.8894094228744507, 0.8849650025367737, 0.8724846243858337, 0.8536956906318665, 0.8688226342201233, 0.8428099155426025, 0.8320643305778503, 0.8319246172904968, 0.8162294030189514, 0.8197596073150635, 0.8008851408958435, 0.7895113229751587, 0.7859438061714172, 0.7811251282691956, 0.7811333537101746, 0.7836027145385742, 0.7842031121253967, 0.7717614769935608, 0.7614179849624634, 0.7491015195846558, 0.7574443221092224, 0.7392580509185791, 0.7466427087783813, 0.7242945432662964, 0.7336307764053345, 0.7314175963401794, 0.7427551746368408, 0.735438346862793, 0.7481468915939331, 0.742365837097168, 0.7330304384231567, 0.7166492938995361, 0.7329205870628357, 0.7334522604942322, 0.7308598756790161, 0.7299033999443054, 0.725756824016571, 0.7099895477294922, 0.7126460075378418, 0.727341890335083, 0.7063985466957092, 0.7279672026634216, 0.7351484298706055, 0.7317492961883545, 0.7267879247665405, 0.7298288941383362, 0.729386031627655, 0.731946587562561, 0.7610797882080078, 0.7492513060569763, 0.7529767155647278, 0.7580118179321289, 0.7504978775978088, 0.7564380764961243, 0.7611116766929626, 0.7654528617858887, 0.7771880030632019, 0.7728611826896667, 0.7750426530838013, 0.8145135641098022, 0.7888832092285156, 0.8056958913803101, 0.8122255206108093, 0.8094791173934937, 0.8047105669975281, 0.8277504444122314, 0.8327563405036926, 0.8425180315971375, 0.8423380255699158, 0.8773252367973328, 0.869377613067627, 0.9050162434577942, 0.9004381895065308, 0.9092143177986145, 0.9171515107154846, 0.9331199526786804, 0.9522026181221008, 0.9607930183410645, 0.9814907312393188, 0.988558828830719, 1.0197112560272217, 1.0221470594406128, 1.0405313968658447, 1.0621646642684937]),0.01749303564429283,3398991000000,
array('f', [1.0541253089904785, 1.0841739177703857, 1.0727094411849976, 1.1160763502120972, 1.1134254932403564, 1.166674017906189, 1.208720326423645, 1.23882257938385, 1.2639051675796509, 1.3081668615341187, inf, inf, inf, inf, inf, inf, inf, inf, inf, 2.1865456104278564, 2.1679186820983887, 2.1743364334106445, 2.1504099369049072, 2.2775468826293945, 2.3951199054718018, 2.5477094650268555, 2.7147507667541504, 2.8973798751831055, 3.1343231201171875, 3.399632453918457, inf, inf, inf, inf, inf, inf, inf, inf, inf, inf, inf, inf, inf, inf, inf, inf, inf, inf, inf, inf, 2.597301959991455, 2.1561264991760254, 2.1562273502349854, 2.1671242713928223, inf, inf, inf, inf, inf, inf, inf, inf, inf, inf, inf, inf, inf, inf, inf, inf, inf, inf, inf, inf, inf, inf, inf, inf, inf, inf, inf, inf, inf, inf, inf, inf, inf, inf, inf, inf, inf, inf, inf, inf, inf, inf, inf, inf, inf, inf, inf, inf, inf, inf, inf, inf, inf, inf, inf, inf, inf, inf, inf, inf, inf, inf, inf, inf, inf, inf, inf, inf, inf, inf, inf, inf, inf, inf, inf, inf, inf, inf, inf, inf, inf, inf, inf, inf, inf, inf, inf, inf, inf, inf, inf, inf, inf, inf, inf, inf, inf, inf, inf, inf, inf, inf, inf, inf, inf, inf, inf, inf, inf, inf, inf, inf, inf, inf, 3.468020439147949, 3.40360951423645, 3.333510637283325, 3.268491506576538, 3.2021987438201904, 3.1259918212890625, 3.0837416648864746, 3.0318236351013184, 2.96565580368042, 2.9183530807495117, 2.867840051651001, 2.8340513706207275, 2.7964563369750977, 2.7492175102233887, 2.715148687362671, 2.6863911151885986, 2.639758825302124, 2.6239449977874756, 2.565049409866333, 2.556708812713623, 2.514209032058716, 2.4843521118164062, 2.466704845428467, 2.4512932300567627, 2.431541919708252, 2.3922834396362305, 2.3734545707702637, 2.3568270206451416, 2.315889835357666, 2.3229315280914307, 2.292651414871216, 2.304929494857788, 2.2814083099365234, 2.2678990364074707, 2.243126630783081, 2.226799488067627, 2.2134833335876465, 2.197132110595703, 2.205420732498169, 2.1964917182922363, 2.182183265686035, 2.1812338829040527, 2.1517174243927, 2.151491403579712, 2.159048318862915, 2.129849672317505, 2.1515719890594482, 2.143965482711792, 2.1269445419311523, 2.1410298347473145, 2.1415135860443115, 2.1255574226379395, 2.1108224391937256, 2.1446540355682373, 2.128200054168701, 2.1461517810821533, 2.1310222148895264, 2.151878595352173, 2.134181022644043, 2.147817373275757, 2.146815776824951, 2.1509132385253906, 2.140740394592285, 2.1709249019622803, 2.173650026321411, 2.194183588027954, 2.189650535583496, 2.193019151687622, 2.2142248153686523, 2.2382612228393555, 2.223095417022705, 2.117283344268799, 2.004028797149658, 1.919266939163208, 1.8170698881149292, 1.746690034866333, 1.7006595134735107, 1.6062010526657104, 1.585031270980835, 1.516227126121521, 1.4554128646850586, 1.4024001359939575, 1.3424594402313232, 1.3347934484481812, 1.3039462566375732, 1.2668495178222656, 1.233521819114685, 1.196893572807312, 1.1722569465637207, 1.1435749530792236, 1.1109306812286377, 1.0831446647644043, 1.0541183948516846, 1.0330675840377808, 1.0255855321884155, 0.9904627799987793, 0.9732866287231445, 0.9567198753356934, 0.9518459439277649, 0.9439947605133057, 0.9227095246315002, 0.9003235697746277, 0.8830819725990295, 0.8765628337860107, 0.8622157573699951, 0.86301589012146, 0.850200355052948, 0.8398836255073547, 0.8182694911956787, 0.8014011383056641, 0.8121436834335327, 0.7928522825241089, 0.7854456901550293, 0.7734983563423157, 0.7826181054115295, 0.772419810295105, 0.7611836791038513, 0.7589244246482849, 0.7348423600196838, 0.7464783191680908, 0.7487666010856628, 0.7369439005851746, 0.708002507686615, 0.7288570404052734, 0.7147247195243835, 0.719832718372345, 0.7097640633583069, 0.688512921333313, 0.69730544090271, 0.6968640089035034, 0.6999489665031433, 0.7073050141334534, 0.6965717077255249, 0.6830520033836365, 0.6950225234031677, 0.7008929252624512, 0.6934501528739929, 0.698610246181488, 0.702143132686615, 0.6720395088195801, 0.6602203845977783, 0.6856362223625183, 0.6808605194091797, 0.6665212512016296, 0.6929550170898438, 0.6882253885269165, 0.6843650937080383, 0.6658543348312378, 0.6973273158073425, 0.6769278049468994, 0.6770853996276855, 0.6785237193107605, 0.6927183270454407, 0.688554048538208, 0.6883479356765747, 0.6857835650444031, 0.6999824047088623, 0.7103971838951111, 0.713303804397583, 0.7218425273895264, 0.7024555206298828, 0.7339575886726379, 0.7347031831741333, 0.7132908701896667, 0.7309107184410095, 0.743716835975647, 0.7512288689613342, 0.7504695653915405, 0.7602227330207825, 0.7903951406478882, 0.7734453678131104, 0.7655968070030212, 0.7768445611000061, 0.807536780834198, 0.8096194267272949, 0.8204955458641052, 0.8259626030921936, 0.8410453796386719, 0.8470321893692017, 0.8510860204696655, 0.8748593926429749, 0.8917022943496704, 0.9006087183952332, 0.9084360003471375, 0.9201759696006775, 0.9332175850868225, 0.9454194903373718, 0.9736093878746033, 0.9916530847549438, 1.0140528678894043, 1.0171047449111938, 1.032397985458374]),0.01749303564429283,3399191000000,
array('f', [1.018239974975586, 1.0661125183105469, 1.0859588384628296, 1.107587218284607, 1.1437084674835205, 1.1620351076126099, 1.2157691717147827, 1.2432634830474854, inf, inf, inf, inf, inf, inf, inf, inf, inf, 2.141247034072876, 2.101048469543457, 2.0865120887756348, 2.0827436447143555, 2.1581954956054688, 2.288184642791748, 2.4274721145629883, 2.6296823024749756, 2.7796292304992676, 3.0254385471343994, 3.295175790786743, inf, inf, inf, inf, inf, inf, inf, inf, inf, inf, inf, inf, inf, inf, inf, inf, inf, inf, inf, inf, inf, 2.5305681228637695, 2.1523704528808594, 2.1178600788116455, 2.1225762367248535, inf, inf, inf, inf, inf, inf, inf, inf, inf, inf, inf, inf, inf, inf, inf, inf, inf, inf, inf, inf, inf, inf, inf, inf, inf, inf, inf, inf, inf, inf, inf, inf, inf, inf, inf, inf, inf, inf, inf, inf, inf, inf, inf, inf, inf, inf, inf, inf, inf, inf, inf, inf, inf, inf, inf, inf, inf, inf, inf, inf, inf, inf, inf, inf, inf, inf, inf, inf, inf, inf, inf, inf, inf, inf, inf, inf, inf, inf, inf, inf, inf, inf, inf, inf, inf, inf, inf, inf, inf, inf, inf, inf, inf, inf, inf, inf, inf, inf, inf, inf, inf, inf, inf, inf, inf, inf, inf, inf, inf, inf, inf, inf, inf, inf, 3.447640895843506, 3.3913261890411377, 3.302419662475586, 3.2546348571777344, 3.1713714599609375, 3.1377620697021484, 3.074226140975952, 3.0069642066955566, 2.9678122997283936, 2.9285261631011963, 2.8849518299102783, 2.85569429397583, 2.8092005252838135, 2.7668697834014893, 2.714362859725952, 2.6886682510375977, 2.6512904167175293, 2.6301722526550293, 2.59502911567688, 2.5736145973205566, 2.540264129638672, 2.514575719833374, 2.4864962100982666, 2.4563350677490234, 2.4222753047943115, 2.4220352172851562, 2.41833758354187, 2.385253429412842, 2.3542377948760986, 2.3644802570343018, 2.3437116146087646, 2.3227713108062744, 2.2800707817077637, 2.2864906787872314, 2.2751917839050293, 2.269258975982666, 2.2451322078704834, 2.2349159717559814, 2.2396891117095947, 2.2285876274108887, 2.1983702182769775, 2.2098095417022705, 2.205976963043213, 2.1929352283477783, 2.1915345191955566, 2.192143440246582, 2.174440383911133, 2.187199354171753, 2.1856679916381836, 2.171884536743164, 2.1873772144317627, 2.1808319091796875, 2.188302516937256, 2.1854350566864014, 2.1689727306365967, 2.1878340244293213, 2.18123722076416, 2.2128965854644775, 2.1879284381866455, 2.2013535499572754, 2.205517053604126, 2.19316029548645, 2.2209079265594482, 2.235807418823242, 2.2308266162872314, 2.2387194633483887, 2.2462987899780273, 2.271648406982422, 2.202744483947754, 2.0487332344055176, 1.9467164278030396, 1.8824576139450073, 1.7927237749099731, 1.6795220375061035, 1.6522635221481323, 1.5659046173095703, 1.5193229913711548, 1.4633318185806274, 1.4102054834365845, 1.3779650926589966, 1.3299944400787354, 1.2748421430587769, 1.246100902557373, 1.2150685787200928, 1.1575963497161865, 1.1505212783813477, 1.1002044677734375, 1.0944887399673462, 1.0688624382019043, 1.0607064962387085, 0.9984044432640076, 0.9924912452697754, 0.9759647250175476, 0.9425780177116394, 0.9491579532623291, 0.9338322281837463, 0.9024251103401184, 0.89955735206604, 0.8712960481643677, 0.8506682515144348, 0.8605771064758301, 0.8217400312423706, 0.8282948136329651, 0.827748715877533, 0.788995087146759, 0.8055171966552734, 0.7687617540359497, 0.7582802772521973, 0.761330783367157, 0.7754987478256226, 0.7430159449577332, 0.7450777888298035, 0.7306410074234009, 0.711652934551239, 0.7116125226020813, 0.706613302230835, 0.7322496175765991, 0.7098789811134338, 0.6807294487953186, 0.688409149646759, 0.6903277635574341, 0.6786093711853027, 0.6808773875236511, 0.6622819304466248, 0.6900891661643982, 0.6601511836051941, 0.6515291929244995, 0.6647064685821533, 0.6576590538024902, 0.6541799306869507, 0.648501455783844, 0.6398335695266724, 0.6410143375396729, 0.6459252834320068, 0.6489705443382263, 0.6383331418037415, 0.6380364894866943, 0.6641973853111267, 0.6352043151855469, 0.6474201679229736, 0.6214190721511841, 0.658902108669281, 0.6528168320655823, 0.6582587957382202, 0.6571726202964783, 0.6448234915733337, 0.6432710289955139, 0.6414100527763367, 0.6575108766555786, 0.6605979204177856, 0.6542636752128601, 0.6506567001342773, 0.6660724878311157, 0.6434255838394165, 0.6548342108726501, 0.6692216396331787, 0.6923099160194397, 0.6903982162475586, 0.6952922344207764, 0.6874115467071533, 0.6929571628570557, 0.6842950582504272, 0.6773494482040405, 0.7015853524208069, 0.6929628849029541, 0.7175490856170654, 0.7041608095169067, 0.7203455567359924, 0.7086122632026672, 0.7314372062683105, 0.7394177317619324, 0.7586333155632019, 0.7583042979240417, 0.7719323039054871, 0.7949545383453369, 0.7747175097465515, 0.7837413549423218, 0.8201921582221985, 0.811529815196991, 0.8248013854026794, 0.8448705673217773, 0.8470884561538696, 0.8820098042488098, 0.8716908693313599, 0.8836728930473328, 0.8979490399360657, 0.9227352738380432, 0.9253747463226318, 0.9331665635108948, 0.9676735997200012, 0.976225733757019, 1.0241230726242065, 1.0290495157241821]),0.01749303564429283,3399391000000,
array('f', [1.0157963037490845, 1.0621464252471924, 1.078342080116272, 1.1076830625534058, 1.1463170051574707, 1.161726951599121, inf, inf, inf, inf, inf, inf, inf, inf, inf, 2.0646133422851562, 2.0638856887817383, 2.060215950012207, 2.0335886478424072, 2.0843441486358643, 2.197829484939575, 2.3552541732788086, 2.511277914047241, 2.6914708614349365, 2.927180051803589, 3.1844561100006104, 3.5, inf, inf, inf, inf, inf, inf, inf, inf, inf, inf, inf, inf, inf, inf, inf, inf, inf, inf, inf, inf, inf, 2.4736618995666504, 2.11474609375, 2.11743426322937, 2.1084606647491455, inf, inf, inf, inf, inf, inf, inf, inf, inf, inf, inf, inf, inf, inf, inf, inf, inf, inf, inf, inf, inf, inf, inf, inf, inf, inf, inf, inf, inf, inf, inf, inf, inf, inf, inf, inf, inf, inf, inf, inf, inf, inf, inf, inf, inf, inf, inf, inf, inf, inf, inf, inf, inf, inf, inf, inf, inf, inf, inf, inf, inf, inf, inf, inf, inf, inf, inf, inf, inf, inf, inf, inf, inf, inf, inf, inf, inf, inf, inf, inf, inf, inf, inf, inf, inf, inf, inf, inf, inf, inf, inf, inf, inf, inf, inf, inf, inf, inf, inf, inf, inf, inf, inf, inf, inf, inf, inf, inf, inf, inf, inf, inf, inf, inf, 3.441530227661133, 3.3702001571655273, 3.3110146522521973, 3.2515110969543457, 3.1792800426483154, 3.151385545730591, 3.075178384780884, 3.033686876296997, 2.9654433727264404, 2.9383647441864014, 2.887725830078125, 2.8346004486083984, 2.7872793674468994, 2.761608839035034, 2.7451517581939697, 2.6926016807556152, 2.686354398727417, 2.642143964767456, 2.6108853816986084, 2.5773255825042725, 2.554542064666748, 2.530540943145752, 2.5126755237579346, 2.4955873489379883, 2.4682705402374268, 2.438082695007324, 2.4367642402648926, 2.41501522064209, 2.3928472995758057, 2.366075038909912, 2.3683221340179443, 2.3481218814849854, 2.3337631225585938, 2.3150875568389893, 2.2984347343444824, 2.291896343231201, 2.2830841541290283, 2.2881431579589844, 2.282172679901123, 2.25911283493042, 2.2556118965148926, 2.254951000213623, 2.244903087615967, 2.2331864833831787, 2.2257320880889893, 2.241415023803711, 2.240760564804077, 2.2301864624023438, 2.20686674118042, 2.2354190349578857, 2.2293126583099365, 2.229283094406128, 2.2303996086120605, 2.2257745265960693, 2.229269504547119, 2.2363104820251465, 2.2445905208587646, 2.255580186843872, 2.2533464431762695, 2.2406582832336426, 2.2534141540527344, 2.2830798625946045, 2.2689907550811768, 2.2866852283477783, 2.295236110687256, 2.2836878299713135, 2.1309356689453125, 2.0251874923706055, 1.9095999002456665, 1.8290221691131592, 1.7273788452148438, 1.6668810844421387, 1.5873591899871826, 1.5270905494689941, 1.4584150314331055, 1.3985377550125122, 1.3558194637298584, 1.323788046836853, 1.2834762334823608, 1.2344647645950317, 1.1872481107711792, 1.1671332120895386, 1.1417016983032227, 1.1132440567016602, 1.071982741355896, 1.0590457916259766, 1.0243213176727295, 0.9843385219573975, 0.9642887115478516, 0.954473078250885, 0.9208348989486694, 0.8966677784919739, 0.900023341178894, 0.8726363182067871, 0.8706192374229431, 0.8485018014907837, 0.8363279700279236, 0.8212059736251831, 0.8136451840400696, 0.8065580725669861, 0.7771653532981873, 0.8001331686973572, 0.7681459188461304, 0.7586091160774231, 0.73625648021698, 0.7495586276054382, 0.7301391363143921, 0.7186476588249207, 0.7056923508644104, 0.7065314650535583, 0.7015224695205688, 0.6948530673980713, 0.6830532550811768, 0.6679241061210632, 0.6810741424560547, 0.6702982187271118, 0.6562470197677612, 0.6596307754516602, 0.648172914981842, 0.6361455917358398, 0.6519578695297241, 0.6485258936882019, 0.6410481929779053, 0.6405676603317261, 0.6274232864379883, 0.6009167432785034, 0.6325843334197998, 0.6247723698616028, 0.6007859110832214, 0.6106271147727966, 0.6035585999488831, 0.6099607944488525, 0.6249613761901855, 0.6114965081214905, 0.6055710315704346, 0.5994969010353088, 0.6188270449638367, 0.6047907471656799, 0.6108245849609375, 0.599892795085907, 0.6013950109481812, 0.607605516910553, 0.6223419904708862, 0.6154893040657043, 0.6105356216430664, 0.6005198359489441, 0.6204906702041626, 0.6112059354782104, 0.6157093048095703, 0.6087832450866699, 0.6181005835533142, 0.6238025426864624, 0.6126553416252136, 0.620911180973053, 0.6299103498458862, 0.6274292469024658, 0.6368281841278076, 0.6502870321273804, 0.6257089376449585, 0.6125677824020386, 0.6660276651382446, 0.6363034248352051, 0.6550696492195129, 0.6753789186477661, 0.657963752746582, 0.6561989784240723, 0.6814925074577332, 0.6782912611961365, 0.7023831009864807, 0.7092527151107788, 0.7081520557403564, 0.7183870077133179, 0.726601779460907, 0.7177531719207764, 0.7216273546218872, 0.7281218767166138, 0.7616890072822571, 0.7594137191772461, 0.784390926361084, 0.7929061651229858, 0.8039153814315796, 0.8007650971412659, 0.8236615061759949, 0.8289222121238708, 0.8705514073371887, 0.8588470220565796, 0.8840550780296326, 0.8950077891349792, 0.9167970418930054, 0.9397681355476379, 0.9532235860824585, 0.9738076329231262, 1.027476191520691, 1.022163987159729]),0.01749303564429283,3399591000000,
array('f', [1.0194494724273682, 1.0613594055175781, 1.0834156274795532, 1.1364432573318481, inf, inf, inf, inf, inf, inf, inf, inf, inf, 2.0287859439849854, 2.0165457725524902, 1.9787938594818115, 2.0032413005828857, 1.986600637435913, 2.10058856010437, 2.259286880493164, 2.422515869140625, 2.5862698554992676, 2.8298346996307373, 3.078781843185425, 3.411856174468994, inf, inf, inf, inf, inf, inf, inf, inf, inf, inf, inf, inf, inf, inf, inf, inf, inf, inf, inf, inf, inf, inf, 2.4241178035736084, 2.084416151046753, 2.0622541904449463, 2.0546727180480957, 2.1063392162323, inf, inf, inf, inf, inf, inf, inf, inf, inf, inf, inf, inf, inf, inf, inf, inf, inf, inf, inf, inf, inf, inf, inf, inf, inf, inf, inf, inf, inf, inf, inf, inf, inf, inf, inf, inf, inf, inf, inf, inf, inf, inf, inf, inf, inf, inf, inf, inf, inf, inf, inf, inf, inf, inf, inf, inf, inf, inf, inf, inf, inf, inf, inf, inf, inf, inf, inf, inf, inf, inf, inf, inf, inf, inf, inf, inf, inf, inf, inf, inf, inf, inf, inf, inf, inf, inf, inf, inf, inf, inf, inf, inf, inf, inf, inf, inf, inf, inf, inf, inf, inf, inf, inf, inf, inf, inf, inf, inf, inf, inf, inf, inf, 3.4817540645599365, 3.4225995540618896, 3.350600481033325, 3.2711782455444336, 3.235086679458618, 3.1774561405181885, 3.1319894790649414, 3.0751938819885254, 3.017892837524414, 2.974442958831787, 2.9476797580718994, 2.9041428565979004, 2.850088119506836, 2.8330488204956055, 2.796598196029663, 2.7548203468322754, 2.730084180831909, 2.6949260234832764, 2.6447582244873047, 2.62640380859375, 2.622492551803589, 2.5737242698669434, 2.5675442218780518, 2.5343756675720215, 2.50288724899292, 2.494210958480835, 2.4746546745300293, 2.45793080329895, 2.446035385131836, 2.4159626960754395, 2.4034717082977295, 2.393665075302124, 2.3935036659240723, 2.357234239578247, 2.3557777404785156, 2.34230375289917, 2.315805196762085, 2.319681167602539, 2.2920351028442383, 2.296450614929199, 2.308195114135742, 2.293170690536499, 2.300799608230591, 2.278958797454834, 2.2817516326904297, 2.2683122158050537, 2.2583141326904297, 2.2768256664276123, 2.275104522705078, 2.2517387866973877, 2.2911925315856934, 2.2609801292419434, 2.2712414264678955, 2.281921863555908, 2.262556791305542, 2.295640707015991, 2.3056962490081787, 2.2957231998443604, 2.2875418663024902, 2.2828586101531982, 2.3065097332000732, 2.325756788253784, 2.331814765930176, 2.332789897918701, 2.2324037551879883, 2.1114418506622314, 1.993117332458496, 1.846110463142395, 1.777967929840088, 1.6865195035934448, 1.6285492181777954, 1.5332865715026855, 1.4769010543823242, 1.4199786186218262, 1.3507726192474365, 1.3280014991760254, 1.2756723165512085, 1.2130805253982544, 1.185569167137146, 1.1590455770492554, 1.1060831546783447, 1.086629033088684, 1.059122085571289, 1.0375295877456665, 1.0128008127212524, 0.9726831316947937, 0.9589406847953796, 0.9484045505523682, 0.9185936450958252, 0.8872103095054626, 0.8819652199745178, 0.8521003723144531, 0.836105227470398, 0.8270819187164307, 0.829867959022522, 0.7835766077041626, 0.766465961933136, 0.7815573811531067, 0.7678965926170349, 0.7403438091278076, 0.7446702718734741, 0.728912353515625, 0.7184180021286011, 0.7235812544822693, 0.7099024057388306, 0.6797442436218262, 0.6725069284439087, 0.6712093353271484, 0.6696376204490662, 0.6667437553405762, 0.6542066931724548, 0.6710630059242249, 0.6376721858978271, 0.6338249444961548, 0.639609158039093, 0.6242400407791138, 0.6202402114868164, 0.6084571480751038, 0.607140302658081, 0.6165406703948975, 0.5994653105735779, 0.6132562160491943, 0.5867774486541748, 0.5883257389068604, 0.6056295037269592, 0.5945340394973755, 0.5760316848754883, 0.5775665640830994, 0.5934817790985107, 0.5756912231445312, 0.5850759148597717, 0.5885598063468933, 0.5884774327278137, 0.5688636302947998, 0.5799969434738159, 0.5703521370887756, 0.581366777420044, 0.5757309794425964, 0.5870013236999512, 0.600825309753418, 0.5644330978393555, 0.5819015502929688, 0.562486469745636, 0.5890995860099792, 0.584927499294281, 0.5673343539237976, 0.5696452856063843, 0.5791267156600952, 0.5820766091346741, 0.5958021879196167, 0.5764110684394836, 0.5804927945137024, 0.5843524932861328, 0.5759410262107849, 0.5992884039878845, 0.6027113199234009, 0.5938771963119507, 0.5857391953468323, 0.592645525932312, 0.6178445816040039, 0.6413241624832153, 0.6280993223190308, 0.614328145980835, 0.6236557364463806, 0.6333296895027161, 0.6236079931259155, 0.644607424736023, 0.6463090181350708, 0.6572450995445251, 0.6596223711967468, 0.6797047257423401, 0.6535584330558777, 0.6894964575767517, 0.6809387803077698, 0.6964641809463501, 0.7009231448173523, 0.7197079658508301, 0.7337104678153992, 0.7524009943008423, 0.7334295511245728, 0.7559555172920227, 0.7674843668937683, 0.7952570915222168, 0.7785531878471375, 0.8157202005386353, 0.8172247409820557, 0.8518121838569641, 0.8528203368186951, 0.8806821703910828, 0.9015671610832214, 0.9109776020050049, 0.9326390624046326, 0.9752508401870728, 0.9826642870903015, 1.002010703086853, 1.021519660949707]),0.01749303564429283,3399791000000,
array('f', [1.0092618465423584, 1.0767147541046143, inf, inf, inf, inf, inf, inf, inf, inf, inf, 1.9590941667556763, 1.947693943977356, 1.948686122894287, 1.9255777597427368, 1.9179811477661133, 2.039175510406494, 2.170323133468628, 2.316847801208496, 2.513502836227417, 2.7351787090301514, 2.9704017639160156, 3.2929863929748535, inf, inf, inf, inf, inf, inf, inf, inf, inf, inf, inf, inf, inf, inf, inf, inf, inf, inf, inf, inf, inf, inf, inf, 2.3422160148620605, 2.0508065223693848, 2.0218935012817383, 2.012267589569092, 2.0444374084472656, inf, inf, inf, inf, inf, inf, inf, inf, inf, inf, inf, inf, inf, inf, inf, inf, inf, inf, inf, inf, inf, inf, inf, inf, inf, inf, inf, inf, inf, inf, inf, inf, inf, inf, inf, inf, inf, inf, inf, inf, inf, inf, inf, inf, inf, inf, inf, inf, inf, inf, inf, inf, inf, inf, inf, inf, inf, inf, inf, inf, inf, inf, inf, inf, inf, inf, inf, inf, inf, inf, inf, inf, inf, inf, inf, inf, inf, inf, inf, inf, inf, inf, inf, inf, inf, inf, inf, inf, inf, inf, inf, inf, inf, inf, inf, inf, inf, inf, inf, inf, inf, inf, inf, inf, inf, inf, inf, inf, inf, inf, inf, inf, 3.4765684604644775, 3.401625156402588, 3.3539204597473145, 3.2923004627227783, 3.2268102169036865, 3.2059121131896973, 3.1204843521118164, 3.0846738815307617, 3.05106782913208, 2.9841511249542236, 2.9553029537200928, 2.9183266162872314, 2.861515760421753, 2.852266311645508, 2.79246187210083, 2.7979812622070312, 2.730964183807373, 2.710817575454712, 2.69337797164917, 2.6645255088806152, 2.612788438796997, 2.620954990386963, 2.5783588886260986, 2.5613269805908203, 2.5519800186157227, 2.5069570541381836, 2.5110442638397217, 2.4847733974456787, 2.4757399559020996, 2.4749693870544434, 2.4491891860961914, 2.412890672683716, 2.419961452484131, 2.386504650115967, 2.3771629333496094, 2.368980646133423, 2.3861372470855713, 2.3718984127044678, 2.3644227981567383, 2.3666040897369385, 2.3574416637420654, 2.327465295791626, 2.323091506958008, 2.331240177154541, 2.3313727378845215, 2.319941997528076, 2.3180437088012695, 2.334312915802002, 2.324068069458008, 2.3381707668304443, 2.3094358444213867, 2.328143835067749, 2.3294241428375244, 2.3249804973602295, 2.322925090789795, 2.3333077430725098, 2.342942714691162, 2.3360602855682373, 2.3644487857818604, 2.367419481277466, 2.3830337524414062, 2.377368927001953, 2.201220750808716, 2.0797362327575684, 1.9581835269927979, 1.8397719860076904, 1.7419078350067139, 1.6582143306732178, 1.568822979927063, 1.4973416328430176, 1.4235165119171143, 1.3897244930267334, 1.3234479427337646, 1.2832447290420532, 1.2324273586273193, 1.1953237056732178, 1.1248962879180908, 1.089052677154541, 1.076098918914795, 1.0395187139511108, 1.023985743522644, 0.9908201098442078, 0.9663280248641968, 0.9416921138763428, 0.9117168188095093, 0.8877874612808228, 0.8532842993736267, 0.84749436378479, 0.8398518562316895, 0.8098220229148865, 0.8060787916183472, 0.7933764457702637, 0.7749766707420349, 0.7446237206459045, 0.7761712074279785, 0.7336428761482239, 0.720159649848938, 0.7072718143463135, 0.7166461944580078, 0.6905744075775146, 0.6969566941261292, 0.664230227470398, 0.6519542932510376, 0.6620489358901978, 0.6672681570053101, 0.6343895196914673, 0.6474442481994629, 0.6220207810401917, 0.623146653175354, 0.613237738609314, 0.6118309497833252, 0.6105028986930847, 0.6110498309135437, 0.5873355269432068, 0.5700996518135071, 0.5822473168373108, 0.5714012384414673, 0.5841586589813232, 0.5851227045059204, 0.5866459608078003, 0.584211528301239, 0.5606642961502075, 0.5731979012489319, 0.5517097115516663, 0.5474522709846497, 0.5629448890686035, 0.5362063646316528, 0.531559407711029, 0.5563611388206482, 0.5279675722122192, 0.5339833498001099, 0.5442733764648438, 0.530522346496582, 0.5371110439300537, 0.5410761833190918, 0.5432053804397583, 0.5557501912117004, 0.5348626375198364, 0.5433973670005798, 0.5212187767028809, 0.5409552454948425, 0.5402424931526184, 0.5405597686767578, 0.5366931557655334, 0.5429840683937073, 0.5327499508857727, 0.5731449723243713, 0.5456446409225464, 0.5485067367553711, 0.5571463108062744, 0.5429134964942932, 0.5699498057365417, 0.5685229897499084, 0.5720658898353577, 0.5573695302009583, 0.573337197303772, 0.5595923662185669, 0.5632224678993225, 0.5606406331062317, 0.5720884203910828, 0.585228443145752, 0.5772016644477844, 0.5891656875610352, 0.6007537841796875, 0.6071163415908813, 0.6040696501731873, 0.619079053401947, 0.6222689151763916, 0.5992122292518616, 0.6380748748779297, 0.6418752670288086, 0.6519205570220947, 0.6692680716514587, 0.6634905934333801, 0.6646530628204346, 0.6816065311431885, 0.6913910508155823, 0.6864717602729797, 0.7000722885131836, 0.7073907256126404, 0.7364617586135864, 0.7393156290054321, 0.7646572589874268, 0.7600576281547546, 0.7809069156646729, 0.8118718266487122, 0.807365357875824, 0.8339858055114746, 0.8529303669929504, 0.861964225769043, 0.8800448775291443, 0.9032567739486694, 0.9297912120819092, 0.9532785415649414, 0.9612116813659668, 0.9990700483322144, 1.0255612134933472]),0.01749303564429283,3399991000000,
array('f', [inf, inf, inf, inf, inf, inf, inf, inf, inf, inf, 1.9017952680587769, 1.8884719610214233, 1.8837743997573853, 1.876552700996399, 1.9211143255233765, 2.0759644508361816, 2.2236363887786865, 2.4097743034362793, 2.634270191192627, 2.8692665100097656, 3.2060165405273438, inf, inf, inf, inf, inf, inf, inf, inf, inf, inf, inf, inf, inf, inf, inf, inf, inf, inf, inf, inf, inf, inf, inf, inf, 2.2753348350524902, 2.0133440494537354, 1.9951286315917969, 1.9953832626342773, 1.9784550666809082, inf, inf, inf, inf, inf, inf, inf, inf, inf, inf, inf, inf, inf, inf, inf, inf, inf, inf, inf, inf, inf, inf, inf, inf, inf, inf, inf, inf, inf, inf, inf, inf, inf, inf, inf, inf, inf, inf, inf, inf, inf, inf, inf, inf, inf, inf, inf, inf, inf, inf, inf, inf, inf, inf, inf, inf, inf, inf, inf, inf, inf, inf, inf, inf, inf, inf, inf, inf, inf, inf, inf, inf, inf, inf, inf, inf, inf, inf, inf, inf, inf, inf, inf, inf, inf, inf, inf, inf, inf, inf, inf, inf, inf, inf, inf, inf, inf, inf, inf, inf, inf, inf, inf, inf, inf, inf, inf, inf, inf, inf, inf, inf, 3.481127977371216, 3.387885808944702, 3.3457465171813965, 3.284121513366699, 3.2316877841949463, 3.1747395992279053, 3.1315736770629883, 3.0914664268493652, 3.050238847732544, 2.9897358417510986, 2.982875347137451, 2.90889573097229, 2.8834540843963623, 2.8385791778564453, 2.840391159057617, 2.793867349624634, 2.7571849822998047, 2.734975576400757, 2.7090463638305664, 2.685288667678833, 2.6481146812438965, 2.628533363342285, 2.6331043243408203, 2.5916783809661865, 2.589212656021118, 2.5497090816497803, 2.5520410537719727, 2.525020122528076, 2.522416830062866, 2.4921281337738037, 2.482966899871826, 2.449495792388916, 2.452044725418091, 2.456862449645996, 2.4258148670196533, 2.4078619480133057, 2.4262874126434326, 2.395836114883423, 2.3928089141845703, 2.390441656112671, 2.392353057861328, 2.3763420581817627, 2.4001951217651367, 2.3717706203460693, 2.352105140686035, 2.394947052001953, 2.370643377304077, 2.389728546142578, 2.3858234882354736, 2.395463466644287, 2.365267753601074, 2.3851966857910156, 2.3655405044555664, 2.381070375442505, 2.389192819595337, 2.384300708770752, 2.3986594676971436, 2.4092187881469727, 2.4140210151672363, 2.3700568675994873, 2.1898059844970703, 2.0562305450439453, 1.9179744720458984, 1.787001609802246, 1.686775803565979, 1.6069939136505127, 1.5256941318511963, 1.4462863206863403, 1.3853514194488525, 1.3194612264633179, 1.3017030954360962, 1.21956467628479, 1.2147315740585327, 1.1388648748397827, 1.0998773574829102, 1.0672013759613037, 1.0290170907974243, 1.009650468826294, 0.9605623483657837, 0.9505468606948853, 0.9133324027061462, 0.8864129185676575, 0.8745363354682922, 0.8468616008758545, 0.8295547962188721, 0.8108134865760803, 0.8031865954399109, 0.7874081134796143, 0.7764039039611816, 0.7567903995513916, 0.7317767143249512, 0.6977319121360779, 0.730682909488678, 0.7117195725440979, 0.686978816986084, 0.6808179616928101, 0.6558025479316711, 0.6500503420829773, 0.6411750316619873, 0.6477185487747192, 0.6222390532493591, 0.6262416839599609, 0.6207221746444702, 0.6076816320419312, 0.60938960313797, 0.6157582402229309, 0.5744556188583374, 0.5712485313415527, 0.5833413004875183, 0.5886862874031067, 0.5592802166938782, 0.5452777743339539, 0.5509520173072815, 0.5468841195106506, 0.5536606311798096, 0.5462701916694641, 0.5504429936408997, 0.5369244813919067, 0.5383371114730835, 0.5461589097976685, 0.5398117899894714, 0.5295160412788391, 0.5435441732406616, 0.5160305500030518, 0.5193189978599548, 0.5141955018043518, 0.5095372200012207, 0.5054879188537598, 0.5203438997268677, 0.5215665698051453, 0.5129213333129883, 0.5060604810714722, 0.5113921165466309, 0.4885024428367615, 0.4913485646247864, 0.5034937858581543, 0.5087839961051941, 0.5070497393608093, 0.5065098404884338, 0.5222354531288147, 0.5012242197990417, 0.5059247016906738, 0.49776211380958557, 0.5073010921478271, 0.5106668472290039, 0.5081940293312073, 0.5044687390327454, 0.5226845741271973, 0.50979083776474, 0.5322041511535645, 0.5306970477104187, 0.5292452573776245, 0.525537371635437, 0.5114483833312988, 0.5286002159118652, 0.5341356992721558, 0.5374225974082947, 0.533126950263977, 0.5518423318862915, 0.5564402937889099, 0.537013053894043, 0.5597140789031982, 0.5564267635345459, 0.5773937106132507, 0.578113853931427, 0.5854849219322205, 0.5835262537002563, 0.5918667912483215, 0.5888587832450867, 0.5930231809616089, 0.6099796295166016, 0.6127504706382751, 0.613244891166687, 0.6332836747169495, 0.6447535753250122, 0.6395900845527649, 0.6350362300872803, 0.6692980527877808, 0.6749053001403809, 0.6959628462791443, 0.7065186500549316, 0.7163906693458557, 0.7273905277252197, 0.7484025359153748, 0.7598906755447388, 0.7656320333480835, 0.7774167060852051, 0.7987561821937561, 0.8160706162452698, 0.8608676791191101, 0.8591716885566711, 0.8835787177085876, 0.903274416923523, 0.9137837886810303, 0.9527866840362549, 0.9773895740509033, 1.0117015838623047, inf]),0.01749303564429283,3400191000000,
array('f', [inf, inf, inf, inf, inf, inf, inf, 1.8442661762237549, 1.8473398685455322, 1.8281821012496948, 1.7996243238449097, 1.7877447605133057, 1.857001543045044, 1.9931215047836304, 2.1160237789154053, 2.315892219543457, 2.518078327178955, 2.7949507236480713, 3.129335641860962, inf, inf, inf, inf, inf, inf, inf, inf, inf, inf, inf, inf, inf, inf, inf, inf, inf, inf, inf, inf, inf, inf, inf, inf, inf, 2.1086699962615967, 1.9808183908462524, 1.9529048204421997, 1.9480605125427246, 1.9616233110427856, inf, inf, inf, inf, inf, inf, inf, inf, inf, inf, inf, inf, inf, inf, inf, inf, inf, inf, inf, inf, inf, inf, inf, inf, inf, inf, inf, inf, inf, inf, inf, inf, inf, inf, inf, inf, inf, inf, inf, inf, inf, inf, inf, inf, inf, inf, inf, inf, inf, inf, inf, inf, inf, inf, inf, inf, inf, inf, inf, inf, inf, inf, inf, inf, inf, inf, inf, inf, inf, inf, inf, inf, inf, inf, inf, inf, inf, inf, inf, inf, inf, inf, inf, inf, inf, inf, inf, inf, inf, inf, inf, inf, inf, inf, inf, inf, inf, inf, inf, inf, inf, inf, inf, inf, inf, inf, inf, inf, inf, inf, inf, inf, 3.4535486698150635, 3.422748327255249, 3.352583646774292, 3.278364896774292, 3.2356696128845215, 3.1908607482910156, 3.1487643718719482, 3.1021761894226074, 3.060936212539673, 3.0262951850891113, 2.9708755016326904, 2.9432878494262695, 2.9070749282836914, 2.8802947998046875, 2.8587076663970947, 2.822045087814331, 2.800820827484131, 2.7648162841796875, 2.738274574279785, 2.7234439849853516, 2.680403470993042, 2.6698954105377197, 2.6349563598632812, 2.617908477783203, 2.6187098026275635, 2.5874462127685547, 2.566598415374756, 2.547868013381958, 2.540092706680298, 2.5278587341308594, 2.498537302017212, 2.4969139099121094, 2.496630907058716, 2.4873814582824707, 2.4819698333740234, 2.4705710411071777, 2.456881284713745, 2.467573404312134, 2.4416356086730957, 2.431276798248291, 2.4392683506011963, 2.426083564758301, 2.4349427223205566, 2.432227611541748, 2.413344144821167, 2.4237749576568604, 2.408534288406372, 2.400377035140991, 2.4403634071350098, 2.4343090057373047, 2.4497013092041016, 2.4250147342681885, 2.4460554122924805, 2.4513392448425293, 2.4612648487091064, 2.4475131034851074, 2.4693801403045654, 2.3498270511627197, 2.1833112239837646, 2.0165061950683594, 1.8770533800125122, 1.7790508270263672, 1.6810181140899658, 1.5660444498062134, 1.4812575578689575, 1.4193415641784668, 1.3521795272827148, 1.3123970031738281, 1.2302783727645874, 1.2029125690460205, 1.1190260648727417, 1.0928126573562622, 1.0369799137115479, 1.0370686054229736, 0.973127543926239, 0.9705445170402527, 0.9299948215484619, 0.9031227827072144, 0.8913846611976624, 0.8480761647224426, 0.8497340083122253, 0.8101991415023804, 0.7966042757034302, 0.7748683094978333, 0.7625216841697693, 0.763249933719635, 0.7300309538841248, 0.701765775680542, 0.6831697225570679, 0.6944800615310669, 0.6862819194793701, 0.6748793721199036, 0.6436071395874023, 0.6403241157531738, 0.6413426995277405, 0.5985892415046692, 0.6142846941947937, 0.6018198728561401, 0.596574068069458, 0.5893130302429199, 0.5694703459739685, 0.5806273221969604, 0.5747312307357788, 0.570489764213562, 0.5381189584732056, 0.5421026945114136, 0.5443329215049744, 0.5551343560218811, 0.5285558104515076, 0.5344185829162598, 0.5257007479667664, 0.519815981388092, 0.5116275548934937, 0.5267210602760315, 0.48627769947052, 0.5112692713737488, 0.5206614136695862, 0.49677222967147827, 0.49862444400787354, 0.48336872458457947, 0.4788832664489746, 0.4821137487888336, 0.47183260321617126, 0.49360978603363037, 0.5003517270088196, 0.48555788397789, 0.48201999068260193, 0.47688135504722595, 0.47728151082992554, 0.47935953736305237, 0.48234909772872925, 0.47669124603271484, 0.4681873321533203, 0.4654916226863861, 0.46137693524360657, 0.46594110131263733, 0.4584219455718994, 0.49178534746170044, 0.4738813638687134, 0.47090235352516174, 0.4826018810272217, 0.4577406346797943, 0.4840472936630249, 0.49361470341682434, 0.478507399559021, 0.48501279950141907, 0.48527535796165466, 0.49960654973983765, 0.5011826753616333, 0.5019749999046326, 0.4909255802631378, 0.5151024460792542, 0.4999324679374695, 0.5064470171928406, 0.48818784952163696, 0.5137031674385071, 0.5101267099380493, 0.5144768953323364, 0.5339645743370056, 0.5180396437644958, 0.5334117412567139, 0.5336630344390869, 0.5223602652549744, 0.544292688369751, 0.5374349355697632, 0.5463541746139526, 0.55839604139328, 0.5659405589103699, 0.5617907643318176, 0.5657763481140137, 0.5716679692268372, 0.5898539423942566, 0.58545982837677, 0.5969960689544678, 0.598506510257721, 0.6293087005615234, 0.6313114166259766, 0.6319988369941711, 0.6719614267349243, 0.6744480133056641, 0.6702123880386353, 0.6964607238769531, 0.6922490000724792, 0.7173397541046143, 0.7416500449180603, 0.7362200617790222, 0.7629783153533936, 0.7797936201095581, 0.7905998826026917, 0.8182764649391174, 0.8219730854034424, 0.8566354513168335, 0.8664411902427673, 0.9100208282470703, 0.9182789325714111, 0.9522665143013, inf, inf, inf]),0.01749303564429283,3400392000000,
array('f', [inf, inf, inf, inf, inf, 1.7872755527496338, 1.767407774925232, 1.7652275562286377, 1.7567330598831177, 1.7388484477996826, 1.7890313863754272, 1.9137816429138184, 2.066014051437378, 2.2464258670806885, 2.445844888687134, 2.7062220573425293, 3.031280040740967, 3.4254798889160156, inf, inf, inf, inf, inf, inf, inf, inf, inf, inf, inf, inf, inf, inf, inf, inf, inf, inf, inf, inf, inf, inf, inf, inf, 2.2913591861724854, 2.0527212619781494, 1.9534826278686523, 1.8994756937026978, 1.8905186653137207, 1.9267146587371826, inf, inf, inf, inf, inf, inf, inf, inf, inf, inf, inf, inf, inf, inf, inf, inf, inf, inf, inf, inf, inf, inf, inf, inf, inf, inf, inf, inf, inf, inf, inf, inf, inf, inf, inf, inf, inf, inf, inf, inf, inf, inf, inf, inf, inf, inf, inf, inf, inf, inf, inf, inf, inf, inf, inf, inf, inf, inf, inf, inf, inf, inf, inf, inf, inf, inf, inf, inf, inf, inf, inf, inf, inf, inf, inf, inf, inf, inf, inf, inf, inf, inf, inf, inf, inf, inf, inf, inf, inf, inf, inf, inf, inf, inf, inf, inf, inf, inf, inf, inf, inf, inf, inf, inf, inf, inf, inf, inf, inf, inf, inf, inf, 3.4634792804718018, 3.3982350826263428, 3.3567540645599365, 3.3072316646575928, 3.2394180297851562, 3.2188329696655273, 3.159982204437256, 3.1117098331451416, 3.064185619354248, 3.031390905380249, 3.015735387802124, 2.9712576866149902, 2.925381660461426, 2.8938159942626953, 2.864788770675659, 2.8392374515533447, 2.806800603866577, 2.7858991622924805, 2.7610747814178467, 2.7595040798187256, 2.733099937438965, 2.720580816268921, 2.683920383453369, 2.659749746322632, 2.643796682357788, 2.6211371421813965, 2.618673324584961, 2.602139472961426, 2.5815610885620117, 2.5795044898986816, 2.5621204376220703, 2.5467495918273926, 2.531527280807495, 2.53698992729187, 2.510794162750244, 2.5323917865753174, 2.5158801078796387, 2.5035228729248047, 2.50173282623291, 2.47314453125, 2.4825520515441895, 2.471987009048462, 2.4721901416778564, 2.4731485843658447, 2.4877426624298096, 2.501732587814331, 2.4933462142944336, 2.4648945331573486, 2.498586654663086, 2.4874379634857178, 2.4861133098602295, 2.4920339584350586, 2.5055644512176514, 2.508988857269287, 2.5196921825408936, 2.3708105087280273, 2.1685304641723633, 2.009122610092163, 1.8579853773117065, 1.7260833978652954, 1.6259126663208008, 1.5513267517089844, 1.4337728023529053, 1.3712573051452637, 1.31048583984375, 1.25251042842865, 1.1902981996536255, 1.15180504322052, 1.0873535871505737, 1.054166555404663, 1.036679744720459, 0.9951683282852173, 0.9589295983314514, 0.9204574227333069, 0.9060292840003967, 0.8729036450386047, 0.8443154692649841, 0.823140025138855, 0.7983272671699524, 0.7944729328155518, 0.7641706466674805, 0.7372748851776123, 0.7190345525741577, 0.734017550945282, 0.6924920678138733, 0.680830717086792, 0.672904372215271, 0.6523263454437256, 0.645654022693634, 0.6288158893585205, 0.6257762312889099, 0.603088915348053, 0.5925118327140808, 0.589460015296936, 0.5821934342384338, 0.5765236616134644, 0.5793268084526062, 0.580917477607727, 0.5629498362541199, 0.5617168545722961, 0.5505256652832031, 0.5425246357917786, 0.5230717062950134, 0.5215336084365845, 0.5328779816627502, 0.5150973200798035, 0.5002784132957458, 0.49347367882728577, 0.4904799163341522, 0.49297216534614563, 0.500849723815918, 0.4959509074687958, 0.4904542565345764, 0.4536019265651703, 0.4772477447986603, 0.4606391489505768, 0.46797722578048706, 0.46168142557144165, 0.47569021582603455, 0.46523022651672363, 0.4469691216945648, 0.45210352540016174, 0.4502316415309906, 0.4535923898220062, 0.47252607345581055, 0.447151243686676, 0.4580855667591095, 0.4479215145111084, 0.45318087935447693, 0.4510328471660614, 0.4337799847126007, 0.4607600271701813, 0.44708552956581116, 0.4481142461299896, 0.4477319121360779, 0.46226733922958374, 0.4371415674686432, 0.4469788372516632, 0.4342910647392273, 0.44196033477783203, 0.44304051995277405, 0.45792269706726074, 0.45451071858406067, 0.4590646028518677, 0.44018271565437317, 0.45235902070999146, 0.4568435847759247, 0.4312874972820282, 0.45547643303871155, 0.4701347053050995, 0.4657491147518158, 0.4670940339565277, 0.4701107144355774, 0.47716161608695984, 0.48968932032585144, 0.46654200553894043, 0.48742857575416565, 0.49128878116607666, 0.4870232343673706, 0.4806886613368988, 0.5023517608642578, 0.5098716020584106, 0.495441198348999, 0.5124742388725281, 0.5100342035293579, 0.5413313508033752, 0.5244578123092651, 0.5408719182014465, 0.5426132082939148, 0.538023829460144, 0.56043940782547, 0.5692310333251953, 0.5798948407173157, 0.5945930480957031, 0.5865113735198975, 0.5945218205451965, 0.6262544393539429, 0.5892196297645569, 0.6338539719581604, 0.6384561657905579, 0.6617113351821899, 0.6613451242446899, 0.6812506318092346, 0.6954410672187805, 0.6829473376274109, 0.7021393179893494, 0.7318586707115173, 0.7408572435379028, 0.7655481100082397, 0.7969539761543274, 0.8244961500167847, 0.8120979070663452, 0.8674875497817993, 0.8779169321060181, inf, inf, inf, inf, inf, inf]),0.01749303564429283,3400592000000,
array('f', [inf, inf, inf, 1.718751311302185, 1.7106807231903076, 1.7011363506317139, 1.7036479711532593, 1.676662802696228, 1.713204264640808, 1.8420212268829346, 1.996712565422058, 2.1529669761657715, 2.377074718475342, 2.613912582397461, 2.941342830657959, 3.325482130050659, inf, inf, inf, inf, inf, inf, inf, inf, inf, inf, inf, inf, inf, inf, inf, inf, inf, inf, inf, inf, inf, inf, inf, inf, inf, 2.1895246505737305, 1.996188759803772, 1.8835370540618896, 1.8570594787597656, 1.8626048564910889, 1.8803772926330566, inf, inf, inf, inf, inf, inf, inf, inf, inf, inf, inf, inf, inf, inf, inf, inf, inf, inf, inf, inf, inf, inf, inf, inf, inf, inf, inf, inf, inf, inf, inf, inf, inf, inf, inf, inf, inf, inf, inf, inf, inf, inf, inf, inf, inf, inf, inf, inf, inf, inf, inf, inf, inf, inf, inf, inf, inf, inf, inf, inf, inf, inf, inf, inf, inf, inf, inf, inf, inf, inf, inf, inf, inf, inf, inf, inf, inf, inf, inf, inf, inf, inf, inf, inf, inf, inf, inf, inf, inf, inf, inf, inf, inf, inf, inf, inf, inf, inf, inf, inf, inf, inf, inf, inf, inf, inf, inf, inf, inf, inf, inf, inf, 3.472588539123535, 3.4039695262908936, 3.3760921955108643, 3.309091329574585, 3.2438719272613525, 3.2195303440093994, 3.1870663166046143, 3.14205265045166, 3.0891008377075195, 3.0555107593536377, 3.0299572944641113, 2.99899959564209, 2.966775894165039, 2.9362540245056152, 2.8850457668304443, 2.865053176879883, 2.8304224014282227, 2.818251371383667, 2.795055866241455, 2.771141529083252, 2.7552330493927, 2.735381841659546, 2.724613904953003, 2.719661235809326, 2.6769118309020996, 2.6627554893493652, 2.6375749111175537, 2.65032696723938, 2.618846893310547, 2.619349718093872, 2.602515459060669, 2.6169543266296387, 2.603624105453491, 2.5811398029327393, 2.574824571609497, 2.5519917011260986, 2.5678818225860596, 2.556696653366089, 2.551605701446533, 2.5347156524658203, 2.556011199951172, 2.5335617065429688, 2.533695697784424, 2.5386765003204346, 2.5378246307373047, 2.532691240310669, 2.5284767150878906, 2.548733711242676, 2.552877902984619, 2.543649435043335, 2.563316583633423, 2.5688986778259277, 2.563955783843994, 2.375494956970215, 2.1521735191345215, 1.9955772161483765, 1.852194905281067, 1.7191194295883179, 1.6116927862167358, 1.5110259056091309, 1.4284569025039673, 1.3662092685699463, 1.2810746431350708, 1.2338594198226929, 1.1678048372268677, 1.1256378889083862, 1.073248028755188, 1.0434130430221558, 0.991046130657196, 0.9678099155426025, 0.9296618700027466, 0.8926061391830444, 0.86269611120224, 0.8341760635375977, 0.8192940950393677, 0.7839627265930176, 0.7904766798019409, 0.7559402585029602, 0.7279506921768188, 0.7089036703109741, 0.682199239730835, 0.6814332008361816, 0.6442607641220093, 0.6607919335365295, 0.6318749785423279, 0.6313432455062866, 0.6317053437232971, 0.6028279662132263, 0.5897747278213501, 0.5855571031570435, 0.564181387424469, 0.5598763227462769, 0.5644526481628418, 0.5551952123641968, 0.549583911895752, 0.5286047458648682, 0.523797869682312, 0.5075201988220215, 0.5212401747703552, 0.5235504508018494, 0.5051900148391724, 0.482557475566864, 0.5100932121276855, 0.4808453321456909, 0.4845723807811737, 0.46440261602401733, 0.46050122380256653, 0.4579015076160431, 0.4682817757129669, 0.45733755826950073, 0.44121795892715454, 0.4551318883895874, 0.428754985332489, 0.454917848110199, 0.45660367608070374, 0.43685299158096313, 0.4524928331375122, 0.43697258830070496, 0.44174638390541077, 0.4454949200153351, 0.439322292804718, 0.4374258518218994, 0.4256858825683594, 0.4286532998085022, 0.42619261145591736, 0.43109431862831116, 0.42747652530670166, 0.4201674163341522, 0.41935741901397705, 0.43267491459846497, 0.4264705181121826, 0.4204377830028534, 0.4504915177822113, 0.4326692521572113, 0.42557936906814575, 0.44395318627357483, 0.41959863901138306, 0.4201886057853699, 0.41799619793891907, 0.4206472635269165, 0.4306199252605438, 0.42002367973327637, 0.43810081481933594, 0.4483541250228882, 0.42698147892951965, 0.42481324076652527, 0.42848286032676697, 0.44360852241516113, 0.42408332228660583, 0.4502461850643158, 0.44928646087646484, 0.44502267241477966, 0.45017293095588684, 0.44811680912971497, 0.46654027700424194, 0.4817633032798767, 0.45982638001441956, 0.4632861018180847, 0.46319764852523804, 0.4733049273490906, 0.46947428584098816, 0.47395193576812744, 0.48762980103492737, 0.49132969975471497, 0.5003642439842224, 0.49806439876556396, 0.49583497643470764, 0.5060975551605225, 0.5173616409301758, 0.5298736691474915, 0.5257946848869324, 0.5501970648765564, 0.5383041501045227, 0.5327660441398621, 0.5511444807052612, 0.593199610710144, 0.5728532075881958, 0.5926257967948914, 0.5900470614433289, 0.6146366596221924, 0.6387589573860168, 0.6276824474334717, 0.6484751105308533, 0.6658053398132324, 0.6931188702583313, 0.679364800453186, 0.7084625959396362, 0.7167178988456726, 0.7467982769012451, 0.7773138880729675, 0.7776314616203308, 0.8106077313423157, 0.8289968371391296, inf, inf, inf, inf, inf, inf, inf, inf]),0.01749303564429283,3400792000000,
array('f', [inf, 1.6639094352722168, 1.6500424146652222, 1.636973261833191, 1.6276278495788574, 1.6040393114089966, 1.6227972507476807, 1.7771745920181274, 1.9307034015655518, 2.1012229919433594, 2.3223390579223633, 2.551767587661743, 2.8698570728302, 3.2862708568573, inf, inf, inf, inf, inf, inf, inf, inf, inf, inf, inf, inf, inf, inf, inf, inf, inf, inf, inf, inf, inf, inf, inf, inf, inf, inf, 2.1208598613739014, 1.9192076921463013, 1.8432071208953857, 1.803756833076477, 1.8020344972610474, 1.8308110237121582, inf, inf, inf, inf, inf, inf, inf, inf, inf, inf, inf, inf, inf, inf, inf, inf, inf, inf, inf, inf, inf, inf, inf, inf, inf, inf, inf, inf, inf, inf, inf, inf, inf, inf, inf, inf, inf, inf, inf, inf, inf, inf, inf, inf, inf, inf, inf, inf, inf, inf, inf, inf, inf, inf, inf, inf, inf, inf, inf, inf, inf, inf, inf, inf, inf, inf, inf, inf, inf, inf, inf, inf, inf, inf, inf, inf, inf, inf, inf, inf, inf, inf, inf, inf, inf, inf, inf, inf, inf, inf, inf, inf, inf, inf, inf, inf, inf, inf, inf, inf, inf, inf, inf, inf, inf, inf, inf, inf, inf, inf, inf, inf, 3.461920976638794, 3.413395881652832, 3.376965045928955, 3.333388328552246, 3.29061222076416, 3.228740692138672, 3.197831153869629, 3.1639490127563477, 3.1154754161834717, 3.0744118690490723, 3.042675018310547, 3.025601863861084, 2.9962902069091797, 2.953047037124634, 2.936673641204834, 2.8896124362945557, 2.888550043106079, 2.8396661281585693, 2.8407888412475586, 2.813833236694336, 2.7955193519592285, 2.7790215015411377, 2.736640691757202, 2.7474169731140137, 2.7101893424987793, 2.709198236465454, 2.6992201805114746, 2.6908907890319824, 2.669064998626709, 2.6557188034057617, 2.6546590328216553, 2.6454436779022217, 2.6553430557250977, 2.6308183670043945, 2.613985776901245, 2.6039605140686035, 2.5994091033935547, 2.5938496589660645, 2.5917956829071045, 2.595733165740967, 2.5879311561584473, 2.586854934692383, 2.6051011085510254, 2.584419012069702, 2.591184377670288, 2.5963146686553955, 2.604724884033203, 2.627215623855591, 2.6194252967834473, 2.628386974334717, 2.622288465499878, 2.401721954345703, 2.192509651184082, 2.003571033477783, 1.8508785963058472, 1.69718337059021, 1.6012557744979858, 1.5003325939178467, 1.4025018215179443, 1.3379024267196655, 1.2479068040847778, 1.183756709098816, 1.123952031135559, 1.0740869045257568, 1.0347599983215332, 0.9838879108428955, 0.975718080997467, 0.9350283145904541, 0.8959078788757324, 0.8656010627746582, 0.8256202340126038, 0.7903322577476501, 0.7932546138763428, 0.7560862898826599, 0.743072509765625, 0.728230893611908, 0.7023501992225647, 0.674506425857544, 0.6611652374267578, 0.6483471989631653, 0.6489089727401733, 0.6423245072364807, 0.6177363991737366, 0.6176828145980835, 0.5903871059417725, 0.588718593120575, 0.579839289188385, 0.5449603796005249, 0.548825204372406, 0.5394321084022522, 0.5368832945823669, 0.5260196328163147, 0.49775445461273193, 0.5161145925521851, 0.49156397581100464, 0.511106014251709, 0.4843061864376068, 0.4713177978992462, 0.4622182548046112, 0.48865172266960144, 0.47193190455436707, 0.45687350630760193, 0.45334434509277344, 0.4521690309047699, 0.44803348183631897, 0.45029333233833313, 0.4352911114692688, 0.43732157349586487, 0.4424007534980774, 0.43202415108680725, 0.441437304019928, 0.4216512143611908, 0.42484357953071594, 0.3996029198169708, 0.41163331270217896, 0.4131094217300415, 0.4118013381958008, 0.4058757722377777, 0.40171384811401367, 0.42207783460617065, 0.41091281175613403, 0.4072321355342865, 0.40446192026138306, 0.4069926142692566, 0.40381020307540894, 0.4026999771595001, 0.40085551142692566, 0.3980490267276764, 0.4074995815753937, 0.4155609905719757, 0.4008796513080597, 0.3913177251815796, 0.38652288913726807, 0.39048177003860474, 0.4081007242202759, 0.4058019816875458, 0.38980504870414734, 0.4022492468357086, 0.4021754264831543, 0.4139167070388794, 0.39200499653816223, 0.41469326615333557, 0.4129761755466461, 0.4016435146331787, 0.3922005593776703, 0.4115683436393738, 0.40279921889305115, 0.409903347492218, 0.43475809693336487, 0.4384889006614685, 0.4193187952041626, 0.44329676032066345, 0.4215366244316101, 0.4502873718738556, 0.43053072690963745, 0.4438583552837372, 0.4255349636077881, 0.45702531933784485, 0.45796868205070496, 0.44944220781326294, 0.44804054498672485, 0.448810338973999, 0.4679195284843445, 0.46427401900291443, 0.4869250953197479, 0.48547276854515076, 0.47433990240097046, 0.4905115067958832, 0.5088963508605957, 0.5090848207473755, 0.5145254135131836, 0.5216715335845947, 0.5351658463478088, 0.537213146686554, 0.5329006910324097, 0.5496981739997864, 0.5830567479133606, 0.5801864862442017, 0.5804338455200195, 0.5912520289421082, 0.6152827739715576, 0.6315585970878601, 0.6386892795562744, 0.6605061888694763, 0.6665084362030029, 0.6725072264671326, 0.6890928149223328, 0.7056449055671692, 0.7414955496788025, 0.7583996057510376, 0.7658824324607849, inf, inf, inf, inf, inf, inf, inf, inf, inf, inf, inf]),0.01749303564429283,3400992000000,
array('f', [1.5933297872543335, 1.5771334171295166, 1.5571544170379639, 1.5536340475082397, 1.5883556604385376, 1.7113896608352661, 1.8720842599868774, 2.028026819229126, 2.2282159328460693, 2.490882635116577, 2.821934700012207, 3.250272512435913, inf, inf, inf, inf, inf, inf, inf, inf, inf, inf, inf, inf, inf, inf, inf, inf, inf, inf, inf, inf, inf, inf, inf, inf, inf, inf, inf, 2.034374475479126, 1.8549810647964478, 1.7881730794906616, 1.7705237865447998, 1.76237154006958, 1.7789918184280396, inf, inf, inf, inf, inf, inf, inf, inf, inf, inf, inf, inf, inf, inf, inf, inf, inf, inf, inf, inf, inf, inf, inf, inf, inf, inf, inf, inf, inf, inf, inf, inf, inf, inf, inf, inf, inf, inf, inf, inf, inf, inf, inf, inf, inf, inf, inf, inf, inf, inf, inf, inf, inf, inf, inf, inf, inf, inf, inf, inf, inf, inf, inf, inf, inf, inf, inf, inf, inf, inf, inf, inf, inf, inf, inf, inf, inf, inf, inf, inf, inf, inf, inf, inf, inf, inf, inf, inf, inf, inf, inf, inf, inf, inf, inf, inf, inf, inf, inf, inf, inf, inf, inf, inf, inf, inf, inf, inf, inf, inf, inf, inf, 3.4966139793395996, 3.450453758239746, 3.379329204559326, 3.3360135555267334, 3.2955567836761475, 3.251798629760742, 3.2022628784179688, 3.1778459548950195, 3.1500463485717773, 3.1107940673828125, 3.0719187259674072, 3.040595293045044, 3.0127065181732178, 2.9781501293182373, 2.951992988586426, 2.9142274856567383, 2.899604082107544, 2.8937392234802246, 2.879512071609497, 2.829026222229004, 2.853816509246826, 2.823429822921753, 2.790123462677002, 2.7869904041290283, 2.762615442276001, 2.7403414249420166, 2.73323917388916, 2.7234644889831543, 2.731100082397461, 2.6995627880096436, 2.6886754035949707, 2.687232494354248, 2.6645987033843994, 2.6830875873565674, 2.6667823791503906, 2.6656861305236816, 2.6592354774475098, 2.657630443572998, 2.643737316131592, 2.6548612117767334, 2.655252695083618, 2.6443440914154053, 2.659837484359741, 2.67158579826355, 2.6733314990997314, 2.676852226257324, 2.6658549308776855, 2.6848855018615723, 2.7011468410491943, 2.468604803085327, 2.2373709678649902, 1.9880458116531372, 1.8417680263519287, 1.6929266452789307, 1.5931978225708008, 1.4800598621368408, 1.3920823335647583, 1.3070549964904785, 1.2553584575653076, 1.1922528743743896, 1.0969109535217285, 1.062421202659607, 1.0370385646820068, 0.9778308868408203, 0.9388543963432312, 0.888169527053833, 0.8685802221298218, 0.8436006903648376, 0.8283323049545288, 0.7866048812866211, 0.7673891186714172, 0.7533350586891174, 0.7103948593139648, 0.7054505348205566, 0.6897785663604736, 0.6633973121643066, 0.6492944359779358, 0.6343068480491638, 0.6043040752410889, 0.6103410124778748, 0.5945183038711548, 0.5761036276817322, 0.5545582175254822, 0.5439215302467346, 0.5499337315559387, 0.5340197682380676, 0.5339154601097107, 0.5084207057952881, 0.5175363421440125, 0.477824866771698, 0.49321240186691284, 0.48954322934150696, 0.49441584944725037, 0.46864068508148193, 0.4748799800872803, 0.4539851248264313, 0.4572088420391083, 0.4609183669090271, 0.45320770144462585, 0.44534221291542053, 0.44122764468193054, 0.43692195415496826, 0.42186757922172546, 0.42543020844459534, 0.41633734107017517, 0.4121881127357483, 0.40811687707901, 0.4162428379058838, 0.4063907563686371, 0.4036233127117157, 0.40563932061195374, 0.4010060131549835, 0.3928225338459015, 0.3824978768825531, 0.37873879075050354, 0.37634438276290894, 0.3838673532009125, 0.3867189884185791, 0.4039857089519501, 0.40040215849876404, 0.3886879086494446, 0.37393030524253845, 0.3723655939102173, 0.3768434524536133, 0.36256664991378784, 0.37663036584854126, 0.3827717900276184, 0.3903142511844635, 0.37061601877212524, 0.39520615339279175, 0.36271440982818604, 0.37957045435905457, 0.3774893879890442, 0.37881699204444885, 0.3839486241340637, 0.3649396300315857, 0.3642280101776123, 0.3969177305698395, 0.37946388125419617, 0.3778212368488312, 0.38349470496177673, 0.3954598009586334, 0.38862934708595276, 0.3999779224395752, 0.38997530937194824, 0.38674941658973694, 0.38467317819595337, 0.37946057319641113, 0.4076804518699646, 0.4085858464241028, 0.39770543575286865, 0.41650357842445374, 0.39956849813461304, 0.419025719165802, 0.39876899123191833, 0.4209213852882385, 0.4361673891544342, 0.43176937103271484, 0.43712639808654785, 0.4400411546230316, 0.4200744032859802, 0.43812084197998047, 0.44962257146835327, 0.465899258852005, 0.4675099849700928, 0.4531753957271576, 0.4829655885696411, 0.4764110743999481, 0.4827682077884674, 0.48825204372406006, 0.48407021164894104, 0.500178337097168, 0.49962684512138367, 0.540395200252533, 0.5179200172424316, 0.5238083004951477, 0.5442065000534058, 0.5571468472480774, 0.5696221590042114, 0.5682888627052307, 0.5718680620193481, 0.5938979983329773, 0.6131670475006104, 0.6241752505302429, 0.6425237655639648, 0.6532099843025208, 0.6730267405509949, 0.7051324248313904, 0.7197425365447998, inf, inf, inf, inf, inf, inf, inf, inf, inf, inf, inf, inf, 1.5906342267990112, 1.581406593322754]),0.01749303564429283,3401192000000,
array('f', [1.4930275678634644, 1.4851924180984497, 1.5461302995681763, 1.6852740049362183, 1.813287377357483, 1.9948946237564087, 2.2010154724121094, 2.4634854793548584, 2.7988123893737793, 3.2360336780548096, inf, inf, inf, inf, inf, inf, inf, inf, inf, inf, inf, inf, inf, inf, inf, inf, inf, inf, inf, inf, inf, inf, inf, inf, inf, inf, inf, 2.0390710830688477, 1.974482774734497, 1.7886614799499512, 1.740412712097168, 1.716799020767212, 1.7213692665100098, 1.7384960651397705, inf, inf, inf, inf, inf, inf, inf, inf, inf, inf, inf, inf, inf, inf, inf, inf, inf, inf, inf, inf, inf, inf, inf, inf, inf, inf, inf, inf, inf, inf, inf, inf, inf, inf, inf, inf, inf, inf, inf, inf, inf, inf, inf, inf, inf, inf, inf, inf, inf, inf, inf, inf, inf, inf, inf, inf, inf, inf, inf, inf, inf, inf, inf, inf, inf, inf, inf, inf, inf, inf, inf, inf, inf, inf, inf, inf, inf, inf, inf, inf, inf, inf, inf, inf, inf, inf, inf, inf, inf, inf, inf, inf, inf, inf, inf, inf, inf, inf, inf, inf, inf, inf, inf, inf, inf, inf, inf, inf, inf, inf, inf, inf, 3.481008529663086, 3.4554078578948975, 3.4118289947509766, 3.364856004714966, 3.3141160011291504, 3.2828733921051025, 3.2324464321136475, 3.205811023712158, 3.162268877029419, 3.1132233142852783, 3.097381114959717, 3.0762312412261963, 3.040682792663574, 3.0312013626098633, 2.9931700229644775, 2.977417469024658, 2.9525656700134277, 2.9189579486846924, 2.9107136726379395, 2.8923659324645996, 2.866612434387207, 2.8397021293640137, 2.8440873622894287, 2.830293893814087, 2.804915189743042, 2.807410717010498, 2.7880656719207764, 2.781754732131958, 2.7743775844573975, 2.7710351943969727, 2.7389049530029297, 2.7376084327697754, 2.722020387649536, 2.7374520301818848, 2.7127108573913574, 2.7254998683929443, 2.7203879356384277, 2.7147302627563477, 2.7325286865234375, 2.71681809425354, 2.7265422344207764, 2.7078492641448975, 2.7405154705047607, 2.706993818283081, 2.7268199920654297, 2.7517988681793213, 2.7324981689453125, 2.558501958847046, 2.26166033744812, 2.0379724502563477, 1.8539353609085083, 1.7120980024337769, 1.5835760831832886, 1.4767197370529175, 1.3671174049377441, 1.2959177494049072, 1.2063359022140503, 1.1549029350280762, 1.100440502166748, 1.0281071662902832, 1.0237466096878052, 0.9551690220832825, 0.9113015532493591, 0.8845104575157166, 0.8378487825393677, 0.8038224577903748, 0.7818511128425598, 0.7629450559616089, 0.730816125869751, 0.7155202031135559, 0.7130320072174072, 0.66488116979599, 0.6589491963386536, 0.6235671639442444, 0.6359171271324158, 0.5858332514762878, 0.5945860147476196, 0.5736176371574402, 0.5722716450691223, 0.5549110770225525, 0.5418120622634888, 0.5353668332099915, 0.540586531162262, 0.5131995677947998, 0.5037168264389038, 0.5083979964256287, 0.47639578580856323, 0.48036623001098633, 0.4713989496231079, 0.4714650809764862, 0.4366258680820465, 0.44849303364753723, 0.4360111653804779, 0.4093421995639801, 0.4504203200340271, 0.41417965292930603, 0.41150593757629395, 0.43422818183898926, 0.4166405498981476, 0.4083630442619324, 0.39546993374824524, 0.3993549942970276, 0.4000645577907562, 0.38996419310569763, 0.4002719521522522, 0.3960135579109192, 0.3716728687286377, 0.39160940051078796, 0.3760082721710205, 0.36444801092147827, 0.37630343437194824, 0.36639124155044556, 0.3732711970806122, 0.3838963508605957, 0.37742358446121216, 0.37118422985076904, 0.37846890091896057, 0.3619290888309479, 0.37028464674949646, 0.3607202470302582, 0.3570996820926666, 0.35261061787605286, 0.3582673668861389, 0.36178743839263916, 0.3448384702205658, 0.3579261898994446, 0.3591092824935913, 0.3801816701889038, 0.3544970452785492, 0.3584461808204651, 0.36284714937210083, 0.3567683696746826, 0.36455535888671875, 0.349177747964859, 0.34828540682792664, 0.36492350697517395, 0.3569414019584656, 0.35677826404571533, 0.3411533236503601, 0.33909985423088074, 0.3529859483242035, 0.3630049228668213, 0.34738051891326904, 0.37219002842903137, 0.38269510865211487, 0.3599611222743988, 0.37216871976852417, 0.3857199251651764, 0.3820125162601471, 0.3961246609687805, 0.3777155578136444, 0.37712517380714417, 0.38419318199157715, 0.3887369632720947, 0.3831338584423065, 0.3989601135253906, 0.40828949213027954, 0.41181662678718567, 0.39945217967033386, 0.40953773260116577, 0.4358580410480499, 0.42680230736732483, 0.42685404419898987, 0.43088585138320923, 0.4309810996055603, 0.440374493598938, 0.4509735107421875, 0.44311901926994324, 0.4471708834171295, 0.46806252002716064, 0.49709591269493103, 0.4838326573371887, 0.4928136467933655, 0.5169979333877563, 0.5018619894981384, 0.5276743173599243, 0.5256022214889526, 0.5483865737915039, 0.552788496017456, 0.5688077807426453, 0.566935658454895, 0.5698633193969727, 0.598422646522522, 0.6124836802482605, 0.6315117478370667, 0.6441713571548462, inf, inf, inf, inf, inf, inf, inf, inf, inf, inf, inf, inf, inf, inf, 1.5197561979293823, 1.5250436067581177, 1.516900658607483, 1.5140184164047241]),0.01749303564429283,3401393000000,
array('f', [1.4983822107315063, 1.6324421167373657, 1.7867255210876465, 1.9419424533843994, 2.162069320678711, 2.4173007011413574, 2.7727389335632324, 3.204409122467041, inf, inf, inf, inf, inf, inf, inf, inf, inf, inf, inf, inf, inf, inf, inf, inf, inf, inf, inf, inf, inf, inf, inf, inf, inf, inf, inf, inf, 1.9808021783828735, 1.803823471069336, 1.7496943473815918, 1.7064093351364136, 1.6821612119674683, 1.6615149974822998, 1.6666843891143799, inf, inf, inf, inf, inf, inf, inf, inf, inf, inf, inf, inf, inf, inf, inf, inf, inf, inf, inf, inf, inf, inf, inf, inf, inf, inf, inf, inf, inf, inf, inf, inf, inf, inf, inf, inf, inf, inf, inf, inf, inf, inf, inf, inf, inf, inf, inf, inf, inf, inf, inf, inf, inf, inf, inf, inf, inf, inf, inf, inf, inf, inf, inf, inf, inf, inf, inf, inf, inf, inf, inf, inf, inf, inf, inf, inf, inf, inf, inf, inf, inf, inf, inf, inf, inf, inf, inf, inf, inf, inf, inf, inf, inf, inf, inf, inf, inf, inf, inf, inf, inf, inf, inf, inf, inf, inf, inf, inf, inf, inf, inf, inf, inf, 3.4538657665252686, 3.417290687561035, 3.367316961288452, 3.3519608974456787, 3.2963712215423584, 3.2787978649139404, 3.221165180206299, 3.188607692718506, 3.1698451042175293, 3.1539230346679688, 3.09930682182312, 3.0851378440856934, 3.0645060539245605, 3.0422685146331787, 3.0192041397094727, 3.003950834274292, 2.97222638130188, 2.9654948711395264, 2.9315340518951416, 2.9207067489624023, 2.895752429962158, 2.8833980560302734, 2.879835605621338, 2.842216730117798, 2.8524398803710938, 2.8232033252716064, 2.835284471511841, 2.8306570053100586, 2.821937322616577, 2.8050272464752197, 2.7947003841400146, 2.7894747257232666, 2.789332151412964, 2.8023200035095215, 2.788140296936035, 2.7887461185455322, 2.7758946418762207, 2.7774243354797363, 2.7895867824554443, 2.778712034225464, 2.7766144275665283, 2.7889790534973145, 2.786275863647461, 2.798731803894043, 2.6709024906158447, 2.347668409347534, 2.1050992012023926, 1.9060083627700806, 1.7363967895507812, 1.5844762325286865, 1.455167531967163, 1.3795289993286133, 1.2749004364013672, 1.2131600379943848, 1.1415398120880127, 1.1014236211776733, 1.0427672863006592, 0.9796121120452881, 0.9360694289207458, 0.9082520008087158, 0.8517723083496094, 0.8228501081466675, 0.8072161674499512, 0.7732494473457336, 0.7483104467391968, 0.7158614993095398, 0.6834464073181152, 0.6680009961128235, 0.6647946238517761, 0.6501819491386414, 0.6067560315132141, 0.5865611433982849, 0.5898373126983643, 0.5719324350357056, 0.5740694403648376, 0.5410435199737549, 0.531508207321167, 0.5241321921348572, 0.49149248003959656, 0.49971258640289307, 0.5073829889297485, 0.48723623156547546, 0.47990962862968445, 0.4753551483154297, 0.46570447087287903, 0.47056910395622253, 0.44250738620758057, 0.45199471712112427, 0.4271451532840729, 0.4408892095088959, 0.4261776804924011, 0.4185042381286621, 0.41379398107528687, 0.3999679386615753, 0.41999077796936035, 0.3951197564601898, 0.39353448152542114, 0.405408650636673, 0.39218875765800476, 0.3810240924358368, 0.3862115740776062, 0.3707117438316345, 0.3771913945674896, 0.3649352490901947, 0.3603333830833435, 0.3707466423511505, 0.37767717242240906, 0.35177484154701233, 0.33561769127845764, 0.3752654194831848, 0.3705260157585144, 0.3550860583782196, 0.3607266843318939, 0.3702126443386078, 0.36328065395355225, 0.348772257566452, 0.34874120354652405, 0.3459734618663788, 0.37208956480026245, 0.32506346702575684, 0.3357456624507904, 0.3399510383605957, 0.33949458599090576, 0.3466153144836426, 0.3495199382305145, 0.3308371603488922, 0.33737650513648987, 0.3556840419769287, 0.33097177743911743, 0.3545585870742798, 0.342395544052124, 0.3365148901939392, 0.35036084055900574, 0.33336666226387024, 0.34906238317489624, 0.34297043085098267, 0.33291110396385193, 0.3430945873260498, 0.35845786333084106, 0.362305611371994, 0.36967936158180237, 0.36998507380485535, 0.35804420709609985, 0.3769744038581848, 0.3692743182182312, 0.3628310561180115, 0.37425073981285095, 0.3687995374202728, 0.3741703927516937, 0.36676013469696045, 0.3722473680973053, 0.36393651366233826, 0.37698718905448914, 0.3743482232093811, 0.39549335837364197, 0.3942054212093353, 0.38516852259635925, 0.37948551774024963, 0.3915165066719055, 0.4003487229347229, 0.42291778326034546, 0.4238874018192291, 0.42375698685646057, 0.4242902994155884, 0.42713505029678345, 0.45447996258735657, 0.45249274373054504, 0.4645227789878845, 0.4848228096961975, 0.4560334384441376, 0.47245892882347107, 0.47869575023651123, 0.5083951354026794, 0.5002624988555908, 0.5012359619140625, 0.5235313177108765, 0.5301267504692078, 0.5153475403785706, 0.5466579794883728, 0.5792282223701477, 0.5810606479644775, 0.5815739035606384, 2.542926788330078, inf, inf, inf, inf, inf, inf, inf, inf, inf, inf, inf, inf, inf, inf, 1.47150456905365, 1.457532286643982, 1.45034921169281, 1.4489043951034546, 1.4418630599975586, 1.4229897260665894, 1.4767762422561646]),0.01749303564429283,3401593000000,
array('f', [1.7374458312988281, 1.9023077487945557, 2.1290502548217773, 2.4009358882904053, 2.7611143589019775, 3.226825475692749, inf, inf, inf, inf, inf, inf, inf, inf, inf, inf, inf, inf, inf, inf, inf, inf, inf, inf, inf, inf, inf, inf, inf, inf, inf, inf, inf, inf, 1.974730372428894, 1.8918142318725586, 1.7567790746688843, 1.6939061880111694, 1.6351937055587769, 1.6414923667907715, 1.613726258277893, 1.6369363069534302, inf, inf, inf, inf, inf, inf, inf, inf, inf, inf, inf, inf, inf, inf, inf, inf, inf, inf, inf, inf, inf, inf, inf, inf, inf, inf, inf, inf, inf, inf, inf, inf, inf, inf, inf, inf, inf, inf, inf, inf, inf, inf, inf, inf, inf, inf, inf, inf, inf, inf, inf, inf, inf, inf, inf, inf, inf, inf, inf, inf, inf, inf, inf, inf, inf, inf, inf, inf, inf, inf, inf, inf, inf, inf, inf, inf, inf, inf, inf, inf, inf, inf, inf, inf, inf, inf, inf, inf, inf, inf, inf, inf, inf, inf, inf, inf, inf, inf, inf, inf, inf, inf, inf, inf, inf, inf, inf, inf, inf, inf, inf, inf, inf, 3.4793472290039062, 3.454490900039673, 3.4106857776641846, 3.358941078186035, 3.319725751876831, 3.2969090938568115, 3.2518622875213623, 3.2560384273529053, 3.188276767730713, 3.1685986518859863, 3.147852659225464, 3.121342897415161, 3.09546160697937, 3.0783631801605225, 3.047473669052124, 3.0251142978668213, 3.025362968444824, 2.998253107070923, 2.9706077575683594, 2.98703932762146, 2.9458186626434326, 2.922344446182251, 2.9295427799224854, 2.908794641494751, 2.9017913341522217, 2.8983542919158936, 2.8885691165924072, 2.865251302719116, 2.8699517250061035, 2.8742127418518066, 2.8564000129699707, 2.844838857650757, 2.8474931716918945, 2.8613054752349854, 2.8516998291015625, 2.8421905040740967, 2.8402273654937744, 2.831033706665039, 2.855435609817505, 2.847461462020874, 2.853322982788086, 2.8613975048065186, 2.8308463096618652, 2.468355894088745, 2.162236452102661, 1.9489567279815674, 1.76517915725708, 1.6075345277786255, 1.4795936346054077, 1.3785051107406616, 1.2881405353546143, 1.2269405126571655, 1.1461453437805176, 1.0674697160720825, 1.0102094411849976, 0.9683014750480652, 0.9372116327285767, 0.8738058805465698, 0.8472276329994202, 0.8210510611534119, 0.7958012223243713, 0.7672447562217712, 0.7393842935562134, 0.6881387233734131, 0.6822746992111206, 0.6661636829376221, 0.6452416181564331, 0.6146224737167358, 0.6104656457901001, 0.6100876331329346, 0.5604934692382812, 0.5669531226158142, 0.5486046075820923, 0.5572129487991333, 0.5279381275177002, 0.5105185508728027, 0.49642398953437805, 0.502026379108429, 0.5004578232765198, 0.4649244546890259, 0.4595075845718384, 0.4641013741493225, 0.45002803206443787, 0.44314923882484436, 0.4308485984802246, 0.4085405766963959, 0.4103372395038605, 0.4123249650001526, 0.3857422471046448, 0.40558135509490967, 0.40598398447036743, 0.392684668302536, 0.3961842656135559, 0.39570677280426025, 0.36237993836402893, 0.3853588402271271, 0.3654816746711731, 0.3802087604999542, 0.3515580892562866, 0.3911391794681549, 0.36211034655570984, 0.36692100763320923, 0.3516504764556885, 0.35977903008461, 0.3301694989204407, 0.34039759635925293, 0.3543456494808197, 0.323611319065094, 0.3403858244419098, 0.32189884781837463, 0.34206631779670715, 0.33501648902893066, 0.3468853831291199, 0.3377586603164673, 0.3455234169960022, 0.32845747470855713, 0.31804338097572327, 0.3447272479534149, 0.33626747131347656, 0.33305516839027405, 0.3217097818851471, 0.3256300389766693, 0.31949469447135925, 0.3196983337402344, 0.32341209053993225, 0.3150961101055145, 0.336628794670105, 0.32228946685791016, 0.3308471143245697, 0.3261660635471344, 0.33560460805892944, 0.3132338523864746, 0.3308331072330475, 0.3267953097820282, 0.3318062424659729, 0.3196943700313568, 0.3344057500362396, 0.34159770607948303, 0.3362954258918762, 0.3444794714450836, 0.3327696919441223, 0.3446122407913208, 0.33198052644729614, 0.34354645013809204, 0.35983607172966003, 0.32584768533706665, 0.35906073451042175, 0.3557249903678894, 0.36803826689720154, 0.3493407368659973, 0.3546907305717468, 0.351946622133255, 0.3541701138019562, 0.3757520914077759, 0.3629227578639984, 0.3774360418319702, 0.3817809820175171, 0.389013409614563, 0.39625340700149536, 0.38104572892189026, 0.4075362980365753, 0.40945965051651, 0.41625702381134033, 0.38885197043418884, 0.40518835186958313, 0.424416184425354, 0.421726793050766, 0.4475739896297455, 0.44452571868896484, 0.4544796645641327, 0.4483588933944702, 0.470102459192276, 0.4683552384376526, 0.4951065182685852, 0.4856730103492737, 0.5199118256568909, 0.5123813152313232, 0.5260487794876099, 2.3536717891693115, 2.4356443881988525, 2.4879891872406006, inf, inf, inf, inf, inf, inf, inf, inf, inf, inf, inf, inf, inf, inf, inf, 1.4035048484802246, 1.3855819702148438, 1.3769828081130981, 1.3867992162704468, 1.3653379678726196, 1.3814823627471924, 1.4703948497772217, 1.5741840600967407, 1.7076269388198853]),0.01749303564429283,3401793000000,
array('f', [2.135838747024536, 2.398766040802002, 2.7636125087738037, 3.2709553241729736, inf, inf, inf, inf, inf, inf, inf, inf, inf, inf, inf, inf, inf, inf, inf, inf, inf, inf, inf, inf, inf, inf, inf, inf, inf, inf, inf, inf, inf, 1.894431710243225, 1.8352153301239014, 1.703755497932434, 1.6312142610549927, 1.5778775215148926, 1.5818300247192383, 1.5598173141479492, 1.578850269317627, inf, inf, inf, inf, inf, inf, inf, inf, inf, inf, inf, inf, inf, inf, inf, inf, inf, inf, inf, inf, inf, inf, inf, inf, inf, inf, inf, inf, inf, inf, inf, inf, inf, inf, inf, inf, inf, inf, inf, inf, inf, inf, inf, inf, inf, inf, inf, inf, inf, inf, inf, inf, inf, inf, inf, inf, inf, inf, inf, inf, inf, inf, inf, inf, inf, inf, inf, inf, inf, inf, inf, inf, inf, inf, inf, inf, inf, inf, inf, inf, inf, inf, inf, inf, inf, inf, inf, inf, inf, inf, inf, inf, inf, inf, inf, inf, inf, inf, inf, inf, inf, inf, inf, inf, inf, inf, inf, inf, inf, inf, inf, inf, inf, inf, 3.4638450145721436, 3.444293975830078, 3.385625123977661, 3.3548500537872314, 3.32519268989563, 3.294940710067749, 3.2572948932647705, 3.23992919921875, 3.219649076461792, 3.179415464401245, 3.1723110675811768, 3.126732349395752, 3.102182149887085, 3.085238456726074, 3.0898494720458984, 3.0618529319763184, 3.034780263900757, 3.021620035171509, 3.009564161300659, 2.9831793308258057, 2.9970970153808594, 2.9777565002441406, 2.980353832244873, 2.9592621326446533, 2.962871551513672, 2.953636646270752, 2.917206287384033, 2.923887014389038, 2.9030709266662598, 2.908609628677368, 2.8991549015045166, 2.89860200881958, 2.916684627532959, 2.900878429412842, 2.9164295196533203, 2.912768840789795, 2.9255530834198, 2.922410726547241, 2.9241106510162354, 2.910677909851074, 2.60408616065979, 2.277980327606201, 2.0243337154388428, 1.8143577575683594, 1.6558257341384888, 1.524694800376892, 1.4005379676818848, 1.2945225238800049, 1.214337706565857, 1.1450382471084595, 1.0955837965011597, 1.0164916515350342, 0.9772584438323975, 0.9061194062232971, 0.8815604448318481, 0.8336062431335449, 0.8112568855285645, 0.7787724733352661, 0.7359252572059631, 0.7375059723854065, 0.6874926090240479, 0.6590691208839417, 0.6398734450340271, 0.63801509141922, 0.6084871888160706, 0.5944564342498779, 0.584831714630127, 0.5739274621009827, 0.5314346551895142, 0.5332251787185669, 0.5157216787338257, 0.5009939670562744, 0.5076656937599182, 0.49668559432029724, 0.4683499038219452, 0.4507138133049011, 0.4711839258670807, 0.45222172141075134, 0.44179823994636536, 0.44261834025382996, 0.425576388835907, 0.4222414791584015, 0.40591195225715637, 0.40293189883232117, 0.4199838638305664, 0.393070787191391, 0.4006357192993164, 0.3891010284423828, 0.3757610321044922, 0.3887186646461487, 0.3712197244167328, 0.3708552122116089, 0.3771700859069824, 0.36609843373298645, 0.3645382821559906, 0.3555091917514801, 0.34305140376091003, 0.363410085439682, 0.3499746322631836, 0.3307572305202484, 0.3315863013267517, 0.34288832545280457, 0.3449421226978302, 0.31992578506469727, 0.33225467801094055, 0.3164865970611572, 0.32324931025505066, 0.3287796080112457, 0.33723342418670654, 0.3242506682872772, 0.3244856595993042, 0.3195499777793884, 0.31193482875823975, 0.3179236352443695, 0.3213074207305908, 0.3115750551223755, 0.33739542961120605, 0.3289068639278412, 0.31973668932914734, 0.32449448108673096, 0.3281611502170563, 0.31699445843696594, 0.3331037759780884, 0.3244868814945221, 0.31596341729164124, 0.3138715326786041, 0.3095448613166809, 0.30775317549705505, 0.2981603443622589, 0.3106001317501068, 0.32718390226364136, 0.31309226155281067, 0.3033899664878845, 0.303077757358551, 0.3220589756965637, 0.32723885774612427, 0.3344219923019409, 0.336246132850647, 0.33801206946372986, 0.3208291232585907, 0.32816094160079956, 0.3339383602142334, 0.3179064691066742, 0.3325122892856598, 0.34576913714408875, 0.3248767554759979, 0.3291397988796234, 0.34753748774528503, 0.3505081832408905, 0.3520790636539459, 0.34668785333633423, 0.35710734128952026, 0.34818628430366516, 0.36292558908462524, 0.3588119149208069, 0.3715780973434448, 0.3717567026615143, 0.39034536480903625, 0.37496691942214966, 0.3834250271320343, 0.39797738194465637, 0.402432918548584, 0.4043468236923218, 0.43806177377700806, 0.40939760208129883, 0.44230011105537415, 0.42228662967681885, 0.44718417525291443, 0.4443545341491699, 0.44239532947540283, 0.4518786370754242, 0.48843955993652344, 2.166651725769043, 2.218034029006958, 2.269542932510376, 2.307264566421509, 2.380275249481201, 2.4421300888061523, 2.484013080596924, inf, inf, inf, inf, inf, inf, inf, inf, inf, inf, inf, inf, inf, inf, 1.337472915649414, 1.3391528129577637, 1.3239370584487915, 1.3127714395523071, 1.305337905883789, 1.2790253162384033, 1.3310308456420898, 1.4155844449996948, 1.525320291519165, 1.6867121458053589, 1.8571439981460571, 2.071038007736206]),0.01749303564429283,3401993000000,
array('f', [2.8063995838165283, 3.340505361557007, inf, inf, inf, inf, inf, inf, inf, inf, inf, inf, inf, inf, inf, inf, inf, inf, inf, inf, inf, inf, inf, inf, inf, inf, inf, inf, inf, inf, inf, 1.8902199268341064, 1.83077073097229, 1.7829865217208862, 1.6365718841552734, 1.5883454084396362, 1.5719213485717773, 1.5333642959594727, 1.5238085985183716, 1.5189050436019897, 1.538053274154663, inf, inf, inf, inf, inf, inf, inf, inf, inf, inf, inf, inf, inf, inf, inf, inf, inf, inf, inf, inf, inf, inf, inf, inf, inf, inf, inf, inf, inf, inf, inf, inf, inf, inf, inf, inf, inf, inf, inf, inf, inf, inf, inf, inf, inf, inf, inf, inf, inf, inf, inf, inf, inf, inf, inf, inf, inf, inf, inf, inf, inf, inf, inf, inf, inf, inf, inf, inf, inf, inf, inf, inf, inf, inf, inf, inf, inf, inf, inf, inf, inf, inf, inf, inf, inf, inf, inf, inf, inf, inf, inf, inf, inf, inf, inf, inf, inf, inf, inf, inf, inf, inf, inf, inf, inf, inf, inf, inf, inf, inf, inf, inf, inf, 3.4851202964782715, 3.4557712078094482, 3.4202373027801514, 3.3914945125579834, 3.3674445152282715, 3.3288941383361816, 3.289807081222534, 3.2792787551879883, 3.241055488586426, 3.239051580429077, 3.2045915126800537, 3.1723687648773193, 3.136324644088745, 3.145350456237793, 3.1140706539154053, 3.1129751205444336, 3.074232816696167, 3.065927743911743, 3.065561056137085, 3.0541393756866455, 3.037260055541992, 3.035182237625122, 3.0206546783447266, 2.998018741607666, 2.9865198135375977, 2.989623785018921, 2.983731508255005, 2.967052936553955, 2.9710440635681152, 2.9856154918670654, 2.979431629180908, 2.954258441925049, 2.973979949951172, 2.979879856109619, 3.000502586364746, 2.9928224086761475, 2.981851816177368, 2.988485336303711, 2.823565721511841, 2.4388492107391357, 2.13682222366333, 1.8966995477676392, 1.7130314111709595, 1.5640357732772827, 1.4515525102615356, 1.3347711563110352, 1.2322698831558228, 1.161400556564331, 1.0919922590255737, 1.0327918529510498, 0.980864942073822, 0.9200267791748047, 0.8738335371017456, 0.8536853790283203, 0.805793046951294, 0.7832145690917969, 0.7593751549720764, 0.7187096476554871, 0.7090742588043213, 0.6437283158302307, 0.65167635679245, 0.6195827126502991, 0.6045446991920471, 0.5901899337768555, 0.5812305212020874, 0.5430480241775513, 0.5354105830192566, 0.5291977524757385, 0.5127645134925842, 0.4893083870410919, 0.48499372601509094, 0.47877931594848633, 0.46939513087272644, 0.4758169651031494, 0.46689486503601074, 0.4554606080055237, 0.4371424615383148, 0.4436015784740448, 0.4335850775241852, 0.42442020773887634, 0.41787266731262207, 0.39529868960380554, 0.38962727785110474, 0.41627854108810425, 0.3824869990348816, 0.3835059702396393, 0.39570552110671997, 0.35986483097076416, 0.3716438412666321, 0.36778974533081055, 0.3559879958629608, 0.3579518795013428, 0.362240731716156, 0.3564262390136719, 0.34485429525375366, 0.3219195008277893, 0.35791075229644775, 0.34492939710617065, 0.32090774178504944, 0.3477831482887268, 0.31787601113319397, 0.3115156590938568, 0.31891846656799316, 0.3168438673019409, 0.33143675327301025, 0.3188776969909668, 0.32157963514328003, 0.31345611810684204, 0.33362871408462524, 0.30333212018013, 0.3099752962589264, 0.3192945122718811, 0.3126390278339386, 0.29944726824760437, 0.305838018655777, 0.3008666932582855, 0.29166632890701294, 0.3120417594909668, 0.3004322052001953, 0.31134963035583496, 0.3294511139392853, 0.30164265632629395, 0.31683212518692017, 0.29927632212638855, 0.316557914018631, 0.3115589916706085, 0.29769155383110046, 0.2996956408023834, 0.2989627718925476, 0.3033631145954132, 0.31083232164382935, 0.30423474311828613, 0.3198406398296356, 0.31495511531829834, 0.3146760165691376, 0.3134074807167053, 0.3180069327354431, 0.3107163608074188, 0.3260130286216736, 0.32872140407562256, 0.32860779762268066, 0.3310999572277069, 0.33845460414886475, 0.32906314730644226, 0.32218658924102783, 0.33980661630630493, 0.3435361087322235, 0.34432893991470337, 0.34690767526626587, 0.329178124666214, 0.331518292427063, 0.3586203157901764, 0.34556707739830017, 0.3635755479335785, 0.35510361194610596, 0.35162803530693054, 0.3622681796550751, 0.3923535943031311, 0.38563039898872375, 0.3896292746067047, 0.3950619697570801, 0.3851640224456787, 0.4047548472881317, 0.406446248292923, 0.4073094427585602, 0.41165491938591003, 1.9859895706176758, 2.0138869285583496, 2.0446367263793945, 2.077343225479126, 2.109837532043457, 2.164821147918701, 2.209676742553711, 2.2661218643188477, 2.3174898624420166, 2.359351873397827, 2.4048376083374023, inf, inf, inf, inf, inf, inf, inf, inf, inf, inf, inf, inf, inf, inf, 1.2544742822647095, 1.258798599243164, 1.2700291872024536, 1.2323726415634155, 1.2447361946105957, 1.2339613437652588, 1.2388640642166138, 1.3071540594100952, 1.4161311388015747, 1.5663964748382568, 1.6915487051010132, 1.8608283996582031, 2.097968339920044, 2.352546215057373, 2.7263197898864746]),0.01749303564429283,3402193000000,
array('f', [inf, inf, inf, inf, inf, inf, inf, inf, inf, inf, inf, inf, inf, inf, inf, inf, inf, inf, inf, inf, inf, inf, inf, inf, inf, inf, inf, inf, inf, inf, 1.8199025392532349, 1.795998215675354, 1.741923451423645, 1.607675313949585, 1.5553333759307861, 1.5186494588851929, 1.5050125122070312, 1.4755892753601074, 1.4683067798614502, 1.4842990636825562, inf, inf, inf, inf, inf, inf, inf, inf, inf, inf, inf, inf, inf, inf, inf, inf, inf, inf, inf, inf, inf, inf, inf, inf, inf, inf, inf, inf, inf, inf, inf, inf, inf, inf, inf, inf, inf, inf, inf, inf, inf, inf, inf, inf, inf, inf, inf, inf, inf, inf, inf, inf, inf, inf, inf, inf, inf, inf, inf, inf, inf, inf, inf, inf, inf, inf, inf, inf, inf, inf, inf, inf, inf, inf, inf, inf, inf, inf, inf, inf, inf, inf, inf, inf, inf, inf, inf, inf, inf, inf, inf, inf, inf, inf, inf, inf, inf, inf, inf, inf, inf, inf, inf, inf, inf, inf, inf, inf, inf, inf, inf, inf, inf, inf, 3.487222194671631, 3.4520578384399414, 3.4186031818389893, 3.402177572250366, 3.3625192642211914, 3.342280149459839, 3.307706117630005, 3.283266067504883, 3.2690954208374023, 3.255253791809082, 3.2125110626220703, 3.2163069248199463, 3.1759400367736816, 3.132829427719116, 3.1462302207946777, 3.1422460079193115, 3.117424249649048, 3.0973141193389893, 3.1015443801879883, 3.077162981033325, 3.0798847675323486, 3.0637638568878174, 3.055704116821289, 3.0543129444122314, 3.0559237003326416, 3.0477025508880615, 3.0265979766845703, 3.040635585784912, 3.0534229278564453, 3.036287784576416, 3.0516443252563477, 3.0213654041290283, 3.0492589473724365, 3.0369436740875244, 3.021270990371704, 3.0502710342407227, 2.636007308959961, 2.2714192867279053, 2.0086705684661865, 1.7917615175247192, 1.6313056945800781, 1.495285153388977, 1.3622075319290161, 1.2920231819152832, 1.173842191696167, 1.1153093576431274, 1.05009126663208, 0.9927660226821899, 0.938702404499054, 0.8853470683097839, 0.8437462449073792, 0.7992939949035645, 0.7700274586677551, 0.748500406742096, 0.7219075560569763, 0.7022793292999268, 0.6694397926330566, 0.6388423442840576, 0.6369965076446533, 0.6021461486816406, 0.5897098183631897, 0.5742621421813965, 0.5587456822395325, 0.5259174704551697, 0.5210301280021667, 0.5100711584091187, 0.49334290623664856, 0.4889447093009949, 0.47957614064216614, 0.48027119040489197, 0.45946574211120605, 0.45810285210609436, 0.42731285095214844, 0.4281904399394989, 0.41304242610931396, 0.40972477197647095, 0.4259691834449768, 0.416033536195755, 0.3773260712623596, 0.382281094789505, 0.38206303119659424, 0.37159910798072815, 0.37860140204429626, 0.36863061785697937, 0.36496156454086304, 0.3790762722492218, 0.34280434250831604, 0.3392857313156128, 0.35278791189193726, 0.35115668177604675, 0.34586289525032043, 0.327985554933548, 0.32678574323654175, 0.33553799986839294, 0.334212064743042, 0.31408727169036865, 0.31604263186454773, 0.3066183924674988, 0.32099997997283936, 0.3072986602783203, 0.31033003330230713, 0.306460976600647, 0.30760589241981506, 0.306248277425766, 0.32645148038864136, 0.3000607490539551, 0.31067225337028503, 0.2999008297920227, 0.2967369556427002, 0.3082354962825775, 0.2968218922615051, 0.2966436445713043, 0.28586965799331665, 0.3070588707923889, 0.28729888796806335, 0.3012780249118805, 0.29690295457839966, 0.29718124866485596, 0.3019891679286957, 0.2839593291282654, 0.2794205844402313, 0.2881108820438385, 0.3060775101184845, 0.3009119927883148, 0.2931922674179077, 0.3082036077976227, 0.2945765256881714, 0.27547022700309753, 0.3096520006656647, 0.3002329468727112, 0.302216500043869, 0.3154754936695099, 0.3139304220676422, 0.2990041673183441, 0.3037061095237732, 0.30830565094947815, 0.27332350611686707, 0.32782092690467834, 0.3135570287704468, 0.323788583278656, 0.3176564574241638, 0.2968892455101013, 0.32551831007003784, 0.3462463915348053, 0.3470027446746826, 0.3264506757259369, 0.3293173313140869, 0.3375709354877472, 0.3331338167190552, 0.3267571032047272, 0.3405422568321228, 0.3512958884239197, 0.3606414496898651, 0.36646631360054016, 0.3561890423297882, 0.36780816316604614, 0.3759166896343231, 1.780328631401062, 1.7883821725845337, 1.8367509841918945, 1.8434808254241943, 1.8840185403823853, 1.8940573930740356, 1.9333796501159668, 1.9717795848846436, 2.0027382373809814, 2.0468924045562744, 2.0754554271698, 2.1198172569274902, 2.1683571338653564, 2.220813035964966, 2.2581546306610107, 2.31817889213562, 2.370861768722534, inf, inf, inf, inf, inf, inf, inf, inf, inf, inf, inf, inf, inf, inf, 1.2051692008972168, 1.2018754482269287, 1.1978509426116943, 1.1945956945419312, 1.1993203163146973, 1.1734579801559448, 1.1686592102050781, 1.228937029838562, 1.2981736660003662, 1.4176338911056519, 1.5606615543365479, 1.6918452978134155, 1.8754581212997437, 2.1051459312438965, 2.400620698928833, 2.8015732765197754, 3.3435089588165283, inf]),0.01749303564429283,3402393000000,
array('f', [inf, inf, inf, inf, inf, inf, inf, inf, inf, inf, inf, inf, inf, inf, inf, inf, inf, inf, inf, inf, inf, inf, inf, inf, inf, inf, inf, inf, 1.8351167440414429, 1.7611602544784546, 1.7191821336746216, 1.736830472946167, inf, 1.5114532709121704, 1.4707034826278687, 1.4301189184188843, 1.4212918281555176, 1.4443564414978027, 1.4237366914749146, 1.4523314237594604, inf, inf, inf, inf, inf, inf, inf, inf, inf, inf, inf, inf, inf, inf, inf, inf, inf, inf, inf, inf, inf, inf, inf, inf, inf, inf, inf, inf, inf, inf, inf, inf, inf, inf, inf, inf, inf, inf, inf, inf, inf, inf, inf, inf, inf, inf, inf, inf, inf, inf, inf, inf, inf, inf, inf, inf, inf, inf, inf, inf, inf, inf, inf, inf, inf, inf, inf, inf, inf, inf, inf, inf, inf, inf, inf, inf, inf, inf, inf, inf, inf, inf, inf, inf, inf, inf, inf, inf, inf, inf, inf, inf, inf, inf, inf, inf, inf, inf, inf, inf, inf, inf, inf, inf, inf, inf, inf, inf, inf, inf, inf, inf, inf, inf, 3.486846923828125, 3.474874496459961, 3.4289987087249756, 3.392270088195801, 3.3729610443115234, 3.3454699516296387, 3.303387403488159, 3.3251500129699707, 3.274341583251953, 3.2627241611480713, 3.228440761566162, 3.224236488342285, 3.2150332927703857, 3.2008063793182373, 3.169325351715088, 3.175410509109497, 3.150590181350708, 3.142179250717163, 3.1394736766815186, 3.134885311126709, 3.1321778297424316, 3.098212718963623, 3.1059916019439697, 3.1215686798095703, 3.104881525039673, 3.09108304977417, 3.106738567352295, 3.111363172531128, 3.095021963119507, 3.0959982872009277, 3.078986644744873, 3.091026782989502, 3.1153268814086914, 2.909975051879883, 2.471060037612915, 2.1623167991638184, 1.9197487831115723, 1.7170000076293945, 1.5613492727279663, 1.4276026487350464, 1.3169126510620117, 1.2232623100280762, 1.1399015188217163, 1.0711886882781982, 1.023444652557373, 0.9452501535415649, 0.9154662489891052, 0.8627746105194092, 0.807379424571991, 0.7959256172180176, 0.7402220368385315, 0.7095087170600891, 0.7023782730102539, 0.6741282343864441, 0.6435579061508179, 0.6304497718811035, 0.5968002080917358, 0.5966759920120239, 0.5784902572631836, 0.552225649356842, 0.53510582447052, 0.5286704301834106, 0.5167401432991028, 0.5025520920753479, 0.48954856395721436, 0.48159098625183105, 0.45411860942840576, 0.4653109014034271, 0.45580241084098816, 0.45114630460739136, 0.42211824655532837, 0.423821359872818, 0.3948872685432434, 0.40708833932876587, 0.426744669675827, 0.4108017086982727, 0.38595640659332275, 0.37363627552986145, 0.3819015622138977, 0.3683576285839081, 0.35185113549232483, 0.36506494879722595, 0.368740051984787, 0.3530074954032898, 0.3399759829044342, 0.32550370693206787, 0.3304305672645569, 0.34258437156677246, 0.3473047912120819, 0.34411126375198364, 0.3222591280937195, 0.3310213088989258, 0.32782861590385437, 0.3199705183506012, 0.3144819438457489, 0.30596739053726196, 0.3142020106315613, 0.30993905663490295, 0.3079841136932373, 0.3125159740447998, 0.30302733182907104, 0.32221531867980957, 0.298190176486969, 0.28579768538475037, 0.29785361886024475, 0.3001151978969574, 0.3077434003353119, 0.28226438164711, 0.29021891951560974, 0.28211677074432373, 0.29460495710372925, 0.2915327847003937, 0.29100602865219116, 0.28136730194091797, 0.2975957691669464, 0.29365527629852295, 0.29511985182762146, 0.29867053031921387, 0.2951582372188568, 0.30191153287887573, 0.2948596775531769, 0.30128777027130127, 0.27595338225364685, 0.27189669013023376, 0.2934204339981079, 0.29649338126182556, 0.30667611956596375, 0.3006184995174408, 0.3076364994049072, 0.3160916864871979, 0.2915833294391632, 0.31106051802635193, 0.3154732286930084, 0.2984659969806671, 0.3058253824710846, 0.29509496688842773, 0.3107130229473114, 0.32090598344802856, 0.3182067573070526, 0.3103877604007721, 0.30622273683547974, 0.3278796970844269, 0.3082316517829895, 0.3374722898006439, 0.3193708658218384, 0.3458837568759918, 0.33054119348526, 1.5953214168548584, 1.6177111864089966, 1.6491715908050537, 1.6514930725097656, 1.67949378490448, 1.7000727653503418, 1.7199594974517822, 1.738510251045227, 1.7548829317092896, 1.7791451215744019, 1.8211731910705566, 1.8495302200317383, 1.881177544593811, 1.9117144346237183, 1.935013771057129, 1.9765158891677856, 2.003453493118286, 2.049009323120117, 2.073241710662842, 2.110711097717285, 2.163654327392578, 2.195608139038086, 2.2561962604522705, inf, inf, inf, inf, inf, inf, inf, inf, inf, inf, inf, inf, inf, inf, inf, 1.1465375423431396, 1.1299303770065308, 1.125606656074524, 1.1318833827972412, 1.1247522830963135, 1.135209321975708, 1.1096566915512085, 1.1491657495498657, 1.2365827560424805, 1.3162143230438232, 1.4450352191925049, 1.5683695077896118, 1.7310295104980469, 1.9090924263000488, 2.1732404232025146, 2.4687092304229736, 2.8863770961761475, 3.4919207096099854, inf, inf, inf]),0.01749303564429283,3402593000000,
array('f', [inf, inf, inf, inf, inf, inf, inf, inf, inf, inf, inf, inf, inf, inf, inf, inf, inf, inf, inf, inf, inf, inf, inf, inf, inf, inf, 1.8044325113296509, 1.758786678314209, 1.7216312885284424, 1.7297478914260864, inf, inf, 1.472731590270996, 1.4294607639312744, 1.4045875072479248, 1.3873183727264404, 1.372117042541504, 1.361330509185791, 1.3632323741912842, inf, inf, inf, inf, inf, inf, inf, inf, inf, inf, inf, inf, inf, inf, inf, inf, inf, inf, inf, inf, inf, inf, inf, inf, inf, inf, inf, inf, inf, inf, inf, inf, inf, inf, inf, inf, inf, inf, inf, inf, inf, inf, inf, inf, inf, inf, inf, inf, inf, inf, inf, inf, inf, inf, inf, inf, inf, inf, inf, inf, inf, inf, inf, inf, inf, inf, inf, inf, inf, inf, inf, inf, inf, inf, inf, inf, inf, inf, inf, inf, inf, inf, inf, inf, inf, inf, inf, inf, inf, inf, inf, inf, inf, inf, inf, inf, inf, inf, inf, inf, inf, inf, inf, inf, inf, inf, inf, inf, inf, inf, inf, inf, inf, inf, inf, 3.4889581203460693, 3.460085153579712, 3.453148126602173, 3.410309076309204, 3.3873112201690674, 3.3609180450439453, 3.3382833003997803, 3.3059258460998535, 3.314962863922119, 3.295372247695923, 3.2795209884643555, 3.2573468685150146, 3.246506690979004, 3.2296931743621826, 3.2257282733917236, 3.232478141784668, 3.220339775085449, 3.188328266143799, 3.1767663955688477, 3.173095941543579, 3.180734872817993, 3.149902820587158, 3.1689200401306152, 3.1781136989593506, 3.1503450870513916, 3.182924747467041, 3.167510986328125, 3.17035174369812, 3.149245023727417, 3.1637842655181885, 3.1981029510498047, 2.769791603088379, 2.3784806728363037, 2.069683790206909, 1.8553270101547241, 1.6677131652832031, 1.5304936170578003, 1.3908172845840454, 1.2872055768966675, 1.180765151977539, 1.119634985923767, 1.049131155014038, 1.0013808012008667, 0.9429921507835388, 0.9052178263664246, 0.8577439785003662, 0.8000731468200684, 0.7772276401519775, 0.741780161857605, 0.7173994779586792, 0.6981467008590698, 0.6603754758834839, 0.6249244809150696, 0.615289032459259, 0.5903952717781067, 0.5915215611457825, 0.5575466156005859, 0.5600618124008179, 0.5238567590713501, 0.5237984657287598, 0.49459823966026306, 0.5098480582237244, 0.47189050912857056, 0.4758366644382477, 0.4725091755390167, 0.45602747797966003, 0.4356508255004883, 0.43106910586357117, 0.42662152647972107, 0.41354531049728394, 0.42812272906303406, 0.40646451711654663, 0.3981017768383026, 0.3945266604423523, 0.39228537678718567, 0.38590508699417114, 0.3834121525287628, 0.38048455119132996, 0.36244621872901917, 0.35657167434692383, 0.3643335700035095, 0.3628963828086853, 0.3592003285884857, 0.35241764783859253, 0.35136762261390686, 0.34134572744369507, 0.3184657096862793, 0.3214642107486725, 0.3088584244251251, 0.30547595024108887, 0.31958308815956116, 0.32452893257141113, 0.3150416910648346, 0.32624581456184387, 0.3204551041126251, 0.3009432852268219, 0.3217207193374634, 0.3002086579799652, 0.3135334551334381, 0.3027340769767761, 0.2874256670475006, 0.29589197039604187, 0.2992066740989685, 0.29230546951293945, 0.2971469759941101, 0.2919844388961792, 0.29807889461517334, 0.2974987030029297, 0.2865770161151886, 0.30410176515579224, 0.28889477252960205, 0.2853580117225647, 0.29189229011535645, 0.3014369010925293, 0.28556087613105774, 0.28997236490249634, 0.28806817531585693, 0.29041367769241333, 0.2940855324268341, 0.2863496243953705, 0.3011258542537689, 0.3100432753562927, 0.31010761857032776, 0.305775910615921, 0.2889823317527771, 0.29734882712364197, 0.3130384087562561, 0.3088492751121521, 0.312189519405365, 0.2988256812095642, 0.31350648403167725, 0.3185077905654907, 0.30137336254119873, 0.30377355217933655, 1.4798392057418823, 1.4941940307617188, 1.4952985048294067, 1.517440915107727, 1.5200201272964478, 1.5265988111495972, 1.5550798177719116, 1.553009033203125, 1.5838533639907837, 1.5758024454116821, 1.5944643020629883, 1.6206554174423218, 1.6342295408248901, 1.6393293142318726, 1.6619654893875122, 1.6929376125335693, 1.707924723625183, 1.730838418006897, 1.733627200126648, 1.7698131799697876, 1.7963188886642456, 1.8370141983032227, 1.8347365856170654, 1.8918489217758179, 1.9053703546524048, 1.9348257780075073, 2.0048305988311768, 2.0264499187469482, 2.0646207332611084, 2.0783464908599854, 2.143932819366455, 2.182710647583008, 2.2295050621032715, inf, inf, inf, inf, inf, inf, inf, inf, inf, inf, inf, inf, inf, inf, 1.099240779876709, 1.0875763893127441, 1.0581824779510498, 1.0578279495239258, 1.0483834743499756, 1.0411535501480103, 1.0471535921096802, 1.0500247478485107, 1.1106743812561035, 1.1629008054733276, 1.2337568998336792, 1.3471897840499878, 1.4639384746551514, 1.6032741069793701, 1.7624067068099976, 1.974347472190857, 2.2256581783294678, 2.5431015491485596, 3.028301239013672, inf, inf, inf, inf, inf, inf]),0.01749303564429283,3402793000000,
array('f', [inf, inf, inf, inf, inf, inf, inf, inf, inf, inf, inf, inf, inf, inf, inf, inf, inf, inf, inf, inf, inf, inf, inf, inf, inf, 1.750434160232544, 1.6992336511611938, 1.6742193698883057, inf, inf, inf, 1.4430632591247559, 1.3974710702896118, 1.374887228012085, 1.3593422174453735, 1.3158501386642456, 1.3135820627212524, 1.3117607831954956, 1.338503122329712, inf, inf, inf, inf, inf, inf, inf, inf, inf, inf, inf, inf, inf, inf, inf, inf, inf, inf, inf, inf, inf, inf, inf, inf, inf, inf, inf, inf, inf, inf, inf, inf, inf, inf, inf, inf, inf, inf, inf, inf, inf, inf, inf, inf, inf, inf, inf, inf, inf, inf, inf, inf, inf, inf, inf, inf, inf, inf, inf, inf, inf, inf, inf, inf, inf, inf, inf, inf, inf, inf, inf, inf, inf, inf, inf, inf, inf, inf, inf, inf, inf, inf, inf, inf, inf, inf, inf, inf, inf, inf, inf, inf, inf, inf, inf, inf, inf, inf, inf, inf, inf, inf, inf, inf, inf, inf, inf, inf, inf, inf, inf, inf, inf, inf, inf, inf, 3.458354949951172, 3.4575130939483643, 3.430298089981079, 3.423611640930176, 3.4005672931671143, 3.3685901165008545, 3.3389627933502197, 3.330488681793213, 3.3201239109039307, 3.3262667655944824, 3.3064253330230713, 3.2932538986206055, 3.266090154647827, 3.2631263732910156, 3.2692530155181885, 3.246807813644409, 3.243583917617798, 3.236905336380005, 3.240776777267456, 3.2394726276397705, 3.228681802749634, 3.2401111125946045, 3.2197909355163574, 3.23370623588562, 3.231248617172241, 3.2320749759674072, 3.2483623027801514, 3.1479945182800293, 2.6437931060791016, 2.275317907333374, 2.0206782817840576, 1.8019353151321411, 1.6289602518081665, 1.4649884700775146, 1.3732284307479858, 1.2719351053237915, 1.1805952787399292, 1.1040866374969482, 1.0263457298278809, 0.9823329448699951, 0.9211216568946838, 0.8858442902565002, 0.8630381226539612, 0.7974250912666321, 0.7727661728858948, 0.7557676434516907, 0.7045186758041382, 0.6696228384971619, 0.6664159893989563, 0.6549290418624878, 0.6079778075218201, 0.5867350697517395, 0.5772902965545654, 0.5716431736946106, 0.5527524352073669, 0.5283952951431274, 0.5119144320487976, 0.49962785840034485, 0.48494958877563477, 0.4734395146369934, 0.4565582275390625, 0.46977782249450684, 0.4413091242313385, 0.4509645700454712, 0.42840778827667236, 0.42931118607521057, 0.39808598160743713, 0.40792322158813477, 0.39736658334732056, 0.39870449900627136, 0.4062788486480713, 0.3882558047771454, 0.3832763135433197, 0.3823242783546448, 0.35519808530807495, 0.3551652729511261, 0.35752126574516296, 0.3558463156223297, 0.3377765417098999, 0.3530314564704895, 0.321390300989151, 0.3360806703567505, 0.33459213376045227, 0.3391917645931244, 0.3221266567707062, 0.34021204710006714, 0.30187931656837463, 0.33086755871772766, 0.3155922293663025, 0.3127439618110657, 0.3159675896167755, 0.31523367762565613, 0.32571184635162354, 0.3012639880180359, 0.30917420983314514, 0.2837468981742859, 0.2979145646095276, 0.29637858271598816, 0.28742098808288574, 0.3093717098236084, 0.29538485407829285, 0.29393553733825684, 0.29088789224624634, 0.28552907705307007, 0.29988905787467957, 0.29467567801475525, 0.30280542373657227, 0.2873012125492096, 0.29018592834472656, 0.30600279569625854, 0.3120361566543579, 0.2946460545063019, 0.3035941421985626, 0.28615161776542664, 0.2800021171569824, 0.2801027297973633, 0.30436185002326965, 0.30094605684280396, 1.3932502269744873, 1.3936349153518677, 1.3884197473526, 1.4006792306900024, 1.4244087934494019, 1.4028677940368652, 1.4263492822647095, 1.4223005771636963, 1.4293556213378906, 1.4594144821166992, 1.4364471435546875, 1.462534785270691, 1.466540813446045, 1.4914840459823608, 1.4906877279281616, 1.497934103012085, 1.499664545059204, 1.4947468042373657, 1.5309786796569824, 1.539292573928833, 1.5666193962097168, 1.5797491073608398, 1.5797536373138428, 1.5905818939208984, 1.612867832183838, 1.6423358917236328, 1.6487526893615723, 1.6743004322052002, 1.6918123960494995, 1.7020657062530518, 1.7416199445724487, 1.76717209815979, 1.7948927879333496, 1.8151813745498657, 1.8354249000549316, 1.8575270175933838, 1.9044653177261353, 1.930057168006897, 1.9465945959091187, 1.992466926574707, 2.0184366703033447, 2.0660290718078613, 2.1078109741210938, 2.164752244949341, 2.19980525970459, inf, inf, inf, inf, inf, inf, inf, inf, inf, inf, inf, inf, inf, 1.0275623798370361, 1.0200170278549194, 1.0139433145523071, 1.0036882162094116, 1.0066319704055786, 0.9926899671554565, 0.9952428936958313, 0.9873313307762146, 0.982548713684082, 1.0358468294143677, 1.1086982488632202, 1.1839711666107178, 1.2617311477661133, 1.3763134479522705, 1.4891119003295898, 1.6418367624282837, 1.8298121690750122, 2.0378801822662354, 2.326155662536621, 2.685547113418579, 3.217446804046631, inf, inf, inf, inf, inf, inf, inf, inf]),0.01749303564429283,3402993000000,
array('f', [inf, inf, inf, inf, inf, inf, inf, inf, inf, inf, inf, inf, inf, inf, inf, inf, inf, inf, inf, inf, inf, inf, inf, 1.7363752126693726, 1.6791667938232422, 1.6505825519561768, 1.665168285369873, inf, inf, inf, inf, 1.3742908239364624, 1.3396328687667847, 1.3105664253234863, 1.2740854024887085, 1.3081072568893433, 1.357107162475586, 1.3779346942901611, inf, inf, inf, inf, inf, inf, inf, inf, inf, inf, inf, inf, inf, inf, inf, inf, inf, inf, inf, inf, inf, inf, inf, inf, inf, inf, inf, inf, inf, inf, inf, inf, inf, inf, inf, inf, inf, inf, inf, inf, inf, inf, inf, inf, inf, inf, inf, inf, inf, inf, inf, inf, inf, inf, inf, inf, inf, inf, inf, inf, inf, inf, inf, inf, inf, inf, inf, inf, inf, inf, inf, inf, inf, inf, inf, inf, inf, inf, inf, inf, inf, inf, inf, inf, inf, inf, inf, inf, inf, inf, inf, inf, inf, inf, inf, inf, inf, inf, inf, inf, inf, inf, inf, inf, inf, inf, inf, inf, inf, inf, inf, inf, inf, inf, inf, inf, inf, 3.5, 3.4859561920166016, 3.452192544937134, 3.428588628768921, 3.431307554244995, 3.3993873596191406, 3.40702223777771, 3.3790323734283447, 3.3554677963256836, 3.3915328979492188, 3.345705270767212, 3.3498237133026123, 3.326805591583252, 3.3216066360473633, 3.3296215534210205, 3.3152995109558105, 3.3170242309570312, 3.2962229251861572, 3.296351432800293, 3.3076460361480713, 3.2967538833618164, 3.2845239639282227, 3.307805299758911, 3.298567056655884, 3.3118014335632324, 3.002965211868286, 2.5586013793945312, 2.2210006713867188, 1.9501298666000366, 1.7588415145874023, 1.6050745248794556, 1.4562020301818848, 1.348024845123291, 1.2512874603271484, 1.167346477508545, 1.089644432067871, 1.0262184143066406, 0.9826803803443909, 0.9391947984695435, 0.8722746968269348, 0.8283499479293823, 0.8122782707214355, 0.7634758353233337, 0.7360507845878601, 0.7278802394866943, 0.6734224557876587, 0.6580133438110352, 0.6340391039848328, 0.6172357797622681, 0.5979980230331421, 0.5889390707015991, 0.5820469260215759, 0.5327249765396118, 0.5283291339874268, 0.5196518301963806, 0.4977514445781708, 0.49609628319740295, 0.4760317802429199, 0.46357232332229614, 0.44921931624412537, 0.4416969120502472, 0.43865394592285156, 0.43611714243888855, 0.4406135380268097, 0.4277305006980896, 0.40621811151504517, 0.4137711822986603, 0.39831551909446716, 0.3845140337944031, 0.37701889872550964, 0.37323975563049316, 0.3711667060852051, 0.3713347911834717, 0.3472207188606262, 0.3747256100177765, 0.3518083691596985, 0.3517206013202667, 0.3599622845649719, 0.32948893308639526, 0.3383374810218811, 0.3429732620716095, 0.3233536183834076, 0.35529258847236633, 0.32694339752197266, 0.33730465173721313, 0.32540956139564514, 0.33618494868278503, 0.31628936529159546, 0.30743998289108276, 0.3000689148902893, 0.31092944741249084, 0.3007733225822449, 0.30452924966812134, 0.3098587095737457, 0.29867756366729736, 0.3121824562549591, 0.310785174369812, 0.3048208951950073, 0.29784414172172546, 0.31152960658073425, 0.30875828862190247, 0.28145724534988403, 0.29980650544166565, 0.32162681221961975, 0.40720194578170776, 1.393595814704895, 1.3815317153930664, 1.400572657585144, 1.3939344882965088, 1.392826795578003, 1.3962628841400146, 1.4088197946548462, 1.3941264152526855, 1.398581624031067, 1.4027132987976074, 1.3958144187927246, 1.4031577110290527, 1.4054722785949707, 1.401991844177246, 1.4179563522338867, 1.417505145072937, 1.4264856576919556, 1.421301007270813, 1.4381816387176514, 1.469003677368164, 1.4435904026031494, 1.4604957103729248, 1.4819127321243286, 1.4755419492721558, 1.4753618240356445, 1.484683632850647, 1.5148824453353882, 1.5089432001113892, 1.51664400100708, 1.5431486368179321, 1.577974796295166, 1.5727434158325195, 1.5745959281921387, 1.5897892713546753, 1.6096090078353882, 1.6307445764541626, 1.6318989992141724, 1.663591980934143, 1.6747602224349976, 1.7167023420333862, 1.7296422719955444, 1.7447768449783325, 1.7893327474594116, 1.7945737838745117, 1.817617416381836, 1.8364254236221313, 1.875434398651123, 1.8921135663986206, 1.949416995048523, 1.959608793258667, 1.9970847368240356, 2.0387134552001953, 2.08555269241333, 2.1042304039001465, inf, inf, inf, inf, inf, inf, inf, inf, inf, inf, inf, inf, inf, 0.9673231840133667, 0.9410374760627747, 0.9439669847488403, 0.9285882711410522, 0.9626376032829285, 0.9450432658195496, 0.9046552181243896, 0.9060057997703552, 0.9142045378684998, 0.9670642614364624, 0.9989730715751648, 1.0933524370193481, 1.1475979089736938, 1.2278753519058228, 1.3254295587539673, 1.4218249320983887, 1.5608917474746704, 1.7115107774734497, 1.890628695487976, 2.155701160430908, 2.435429334640503, 2.845020294189453, 3.4138500690460205, inf, inf, inf, inf, inf, inf, inf, inf, inf, inf]),0.01749303564429283,3403193000000,
array('f', [inf, inf, inf, inf, inf, inf, inf, inf, inf, inf, inf, inf, inf, inf, inf, inf, inf, inf, inf, inf, inf, 1.699522852897644, 1.6727817058563232, 1.6343739032745361, 1.6318587064743042, inf, inf, inf, inf, inf, 1.3281893730163574, 1.3017107248306274, 1.2697737216949463, 1.297457218170166, 1.3287487030029297, 1.3679932355880737, inf, inf, inf, inf, inf, inf, inf, inf, inf, inf, inf, inf, inf, inf, inf, inf, inf, inf, inf, inf, inf, inf, inf, inf, inf, inf, inf, inf, inf, inf, inf, inf, inf, inf, inf, inf, inf, inf, inf, inf, inf, inf, inf, inf, inf, inf, inf, inf, inf, inf, inf, inf, inf, inf, inf, inf, inf, inf, inf, inf, inf, inf, inf, inf, inf, inf, inf, inf, inf, inf, inf, inf, inf, inf, inf, inf, inf, inf, inf, inf, inf, inf, inf, inf, inf, inf, inf, inf, inf, inf, inf, inf, inf, inf, inf, inf, inf, inf, inf, inf, inf, inf, inf, inf, inf, inf, inf, inf, inf, inf, inf, inf, inf, inf, inf, inf, inf, inf, inf, inf, inf, 3.4831204414367676, 3.474156141281128, 3.4560539722442627, 3.439297676086426, 3.4394121170043945, 3.404442310333252, 3.4150354862213135, 3.392979145050049, 3.382636785507202, 3.3779711723327637, 3.3734405040740967, 3.3690218925476074, 3.357877731323242, 3.3562207221984863, 3.343587875366211, 3.381695508956909, 3.3697266578674316, 3.355729579925537, 3.381699323654175, 3.357332229614258, 3.374283790588379, 2.9327964782714844, 2.502089500427246, 2.1806929111480713, 1.9510904550552368, 1.7343865633010864, 1.5950342416763306, 1.4694925546646118, 1.3377742767333984, 1.261387825012207, 1.1807976961135864, 1.1041309833526611, 1.0426979064941406, 0.9703596234321594, 0.9288647174835205, 0.8856308460235596, 0.8535391092300415, 0.8128929734230042, 0.7853333353996277, 0.7433679103851318, 0.7037561535835266, 0.6963512897491455, 0.6824980974197388, 0.6328626871109009, 0.624544084072113, 0.6045051217079163, 0.6029223203659058, 0.5825309753417969, 0.5370022058486938, 0.5513803958892822, 0.5308635234832764, 0.5055190324783325, 0.4973958730697632, 0.4779680073261261, 0.4732949435710907, 0.4533509910106659, 0.4779668152332306, 0.4384939670562744, 0.4333595633506775, 0.44837772846221924, 0.43132033944129944, 0.42442405223846436, 0.3979477882385254, 0.4061190187931061, 0.3979477286338806, 0.3851411044597626, 0.4006537199020386, 0.39419981837272644, 0.3902952969074249, 0.3726121485233307, 0.36740946769714355, 0.36012083292007446, 0.36359140276908875, 0.34857475757598877, 0.35115620493888855, 0.32503339648246765, 0.35321539640426636, 0.34573227167129517, 0.35333749651908875, 0.33692046999931335, 0.3351967930793762, 0.3360562026500702, 0.33258146047592163, 0.3257518410682678, 0.3458590507507324, 0.31835734844207764, 0.3431210517883301, 0.3378942608833313, 0.3536165952682495, 0.3439558744430542, 0.39594247937202454, 0.40788543224334717, 0.46507030725479126, 1.4368306398391724, 1.4226399660110474, 1.434417963027954, 1.4322519302368164, 1.415643572807312, 1.41289484500885, 1.3989238739013672, 1.4093941450119019, 1.4277853965759277, 1.40786612033844, 1.3991233110427856, 1.42579185962677, 1.4146349430084229, 1.3997867107391357, 1.4056203365325928, 1.40757417678833, 1.4275283813476562, 1.4050267934799194, 1.4254283905029297, 1.418900489807129, 1.4002074003219604, 1.4167834520339966, 1.4165207147598267, 1.4457240104675293, 1.4377027750015259, 1.4406328201293945, 1.433470606803894, 1.4432579278945923, 1.465129017829895, 1.4523286819458008, 1.4720532894134521, 1.4681891202926636, 1.5012627840042114, 1.5125075578689575, 1.4994325637817383, 1.540191411972046, 1.537007212638855, 1.5510015487670898, 1.563694715499878, 1.5825573205947876, 1.608052134513855, 1.5940202474594116, 1.6165685653686523, 1.641635537147522, 1.6517894268035889, 1.689673900604248, 1.685678243637085, 1.704181432723999, 1.735172152519226, 1.7609418630599976, 1.7848527431488037, 1.8083609342575073, 1.8314852714538574, 1.8556313514709473, 1.8977888822555542, 1.9224224090576172, 1.9611752033233643, 1.9928624629974365, 2.014655351638794, 2.067399263381958, 2.098748207092285, inf, inf, inf, inf, inf, inf, inf, inf, inf, inf, inf, inf, 0.9340072870254517, 0.8971635699272156, 0.8944072723388672, 0.8737804293632507, 0.8796625137329102, 0.8665250539779663, 0.8740906119346619, 0.8564727306365967, 0.8476154804229736, 0.8714751601219177, 0.9340256452560425, 0.9774305820465088, 1.0498743057250977, 1.1118437051773071, 1.176094651222229, 1.2784912586212158, 1.3819620609283447, 1.5030722618103027, 1.6305406093597412, 1.7950936555862427, 1.9952073097229004, 2.263260841369629, 2.5785584449768066, 3.0353310108184814, inf, inf, inf, inf, inf, inf, inf, inf, inf, inf, inf, inf, inf]),0.01749303564429283,3403393000000,
array('f', [inf, inf, inf, inf, inf, inf, inf, inf, inf, inf, inf, inf, inf, inf, inf, inf, inf, inf, inf, inf, 1.6437909603118896, 1.6052770614624023, 1.6103441715240479, inf, inf, inf, inf, inf, inf, inf, 1.2942277193069458, 1.2969677448272705, 1.3394025564193726, 1.3697102069854736, inf, inf, inf, inf, inf, inf, inf, inf, inf, inf, inf, inf, inf, inf, inf, inf, inf, inf, inf, inf, inf, inf, inf, inf, inf, inf, inf, inf, inf, inf, inf, inf, inf, inf, inf, inf, inf, inf, inf, inf, inf, inf, inf, inf, inf, inf, inf, inf, inf, inf, inf, inf, inf, inf, inf, inf, inf, inf, inf, inf, inf, inf, inf, inf, inf, inf, inf, inf, inf, inf, inf, inf, inf, inf, inf, inf, inf, inf, inf, inf, inf, inf, inf, inf, inf, inf, inf, inf, inf, inf, inf, inf, inf, inf, inf, inf, inf, inf, inf, inf, inf, inf, inf, inf, inf, inf, inf, inf, inf, inf, inf, inf, inf, inf, inf, inf, inf, inf, inf, inf, inf, inf, inf, inf, inf, 3.5, 3.488943576812744, 3.489514112472534, 3.480989456176758, 3.4529218673706055, 3.4287869930267334, 3.451266050338745, 3.4419219493865967, 3.4460692405700684, 3.4459340572357178, 3.4460973739624023, 3.431337594985962, 3.456475019454956, 3.4414992332458496, 3.4294605255126953, 3.4440088272094727, 3.426679849624634, 2.8807156085968018, 2.4735236167907715, 2.173375368118286, 1.9326432943344116, 1.7617443799972534, 1.60480797290802, 1.463714361190796, 1.3702313899993896, 1.2598158121109009, 1.1809155941009521, 1.1116840839385986, 1.0572391748428345, 1.0134717226028442, 0.9577748775482178, 0.9113038778305054, 0.8614421486854553, 0.8190621137619019, 0.7950191497802734, 0.7556188702583313, 0.737768828868866, 0.7138088941574097, 0.6842637658119202, 0.6584341526031494, 0.6194968819618225, 0.6219815015792847, 0.5935075283050537, 0.5826936364173889, 0.5695317387580872, 0.5338553190231323, 0.5224723219871521, 0.5379838943481445, 0.5380911827087402, 0.509404182434082, 0.49916404485702515, 0.47810855507850647, 0.47447943687438965, 0.4710402190685272, 0.45937207341194153, 0.4360375702381134, 0.43645748496055603, 0.42559903860092163, 0.4295596480369568, 0.42021870613098145, 0.41385746002197266, 0.4118870794773102, 0.4097594618797302, 0.4015825092792511, 0.3679230511188507, 0.39413610100746155, 0.4018895626068115, 0.38662075996398926, 0.3798195421695709, 0.3742428719997406, 0.37970247864723206, 0.35372763872146606, 0.3474952280521393, 0.3598782420158386, 0.38741424679756165, 0.38169875741004944, 0.413174033164978, 0.4346628785133362, 0.4468259811401367, 0.4537152647972107, 0.4683186709880829, 1.503179669380188, 1.5061984062194824, 1.4813212156295776, 1.456159234046936, 1.4657740592956543, 1.4592663049697876, 1.4596154689788818, 1.4538732767105103, 1.4507404565811157, 1.4302678108215332, 1.41779363155365, 1.4361324310302734, 1.4173425436019897, 1.406747817993164, 1.4142754077911377, 1.4178504943847656, 1.4111378192901611, 1.4205390214920044, 1.4037630558013916, 1.3934102058410645, 1.4444177150726318, 1.4089866876602173, 1.3903346061706543, 1.416286826133728, 1.423085331916809, 1.404440999031067, 1.438806414604187, 1.4206297397613525, 1.4096649885177612, 1.4213327169418335, 1.4221999645233154, 1.4380537271499634, 1.4305716753005981, 1.4471280574798584, 1.4618628025054932, 1.4440134763717651, 1.4716318845748901, 1.4639641046524048, 1.4957391023635864, 1.5173616409301758, 1.4978963136672974, 1.5340220928192139, 1.5271196365356445, 1.5471526384353638, 1.5472846031188965, 1.5840128660202026, 1.5692511796951294, 1.5963040590286255, 1.595739722251892, 1.6295711994171143, 1.6475368738174438, 1.6560496091842651, 1.6819967031478882, 1.7024275064468384, 1.708510398864746, 1.7389100790023804, 1.756601333618164, 1.7816163301467896, 1.7993680238723755, 1.8156030178070068, 1.8501864671707153, 1.8888709545135498, 1.909690499305725, 1.9556061029434204, 1.979190707206726, 2.0213825702667236, 2.0440871715545654, inf, inf, inf, inf, inf, inf, inf, inf, inf, inf, inf, 0.8526954650878906, 0.8407278060913086, 0.8551984429359436, 0.8374213576316833, 0.8263978362083435, 0.8279376029968262, 0.7971068620681763, 0.7925907373428345, 0.7845080494880676, 0.820152223110199, 0.8495022058486938, 0.9052846431732178, 0.932098388671875, 0.9850033521652222, 1.0272226333618164, 1.0954198837280273, 1.1887965202331543, 1.2476476430892944, 1.3257086277008057, 1.4595580101013184, 1.5807557106018066, 1.7250287532806396, 1.8975974321365356, 2.129800796508789, 2.429131031036377, 2.792515277862549, 3.298719882965088, inf, inf, inf, inf, inf, inf, inf, inf, inf, inf, inf, inf, inf, inf, inf]),0.01749303564429283,3403593000000,
array('f', [inf, inf, inf, inf, inf, inf, inf, inf, inf, inf, inf, inf, inf, inf, inf, inf, inf, inf, 1.618125319480896, 1.5764316320419312, 1.554988980293274, inf, inf, inf, inf, inf, inf, inf, inf, inf, inf, inf, inf, inf, inf, inf, inf, inf, inf, inf, inf, inf, inf, inf, inf, inf, inf, inf, inf, inf, inf, inf, inf, inf, inf, inf, inf, inf, inf, inf, inf, inf, inf, inf, inf, inf, inf, inf, inf, inf, inf, inf, inf, inf, inf, inf, inf, inf, inf, inf, inf, inf, inf, inf, inf, inf, inf, inf, inf, inf, inf, inf, inf, inf, inf, inf, inf, inf, inf, inf, inf, inf, inf, inf, inf, inf, inf, inf, inf, inf, inf, inf, inf, inf, inf, inf, inf, inf, inf, inf, inf, inf, inf, inf, inf, inf, inf, inf, inf, inf, inf, inf, inf, inf, inf, inf, inf, inf, inf, inf, inf, inf, inf, inf, inf, inf, inf, inf, inf, inf, inf, inf, inf, inf, inf, inf, inf, inf, inf, inf, inf, inf, inf, inf, inf, inf, inf, 3.4887478351593018, 3.4927897453308105, inf, inf, inf, inf, 3.3663957118988037, 2.8551857471466064, 2.463242530822754, 2.1726088523864746, 1.934171438217163, 1.775475025177002, 1.620206594467163, 1.5057049989700317, 1.380387783050537, 1.2830828428268433, 1.205856204032898, 1.1291053295135498, 1.0587096214294434, 1.026997447013855, 0.9807749390602112, 0.9200119376182556, 0.8909696340560913, 0.8457704782485962, 0.8274063467979431, 0.7928579449653625, 0.7395925521850586, 0.7353936433792114, 0.6955646872520447, 0.6701593399047852, 0.670596718788147, 0.6333070993423462, 0.5969820618629456, 0.5947651267051697, 0.5991406440734863, 0.5584835410118103, 0.5600311160087585, 0.5395466089248657, 0.546759843826294, 0.5099060535430908, 0.5212400555610657, 0.49941810965538025, 0.48622775077819824, 0.4623006284236908, 0.47429731488227844, 0.4505150616168976, 0.4481680989265442, 0.4445616900920868, 0.44329458475112915, 0.42508697509765625, 0.4384072721004486, 0.41274818778038025, 0.4243236184120178, 0.41895943880081177, 0.4034886062145233, 0.4070480167865753, 0.43002045154571533, 0.44026780128479004, 0.4553051292896271, 0.4599989950656891, 0.484413206577301, 0.479831725358963, 0.5066081881523132, 0.5175306797027588, 1.568291187286377, 1.5643028020858765, 1.562185525894165, 1.5534946918487549, 1.5293177366256714, 1.536349892616272, 1.5184352397918701, 1.507110357284546, 1.4875568151474, 1.4847443103790283, 1.477687120437622, 1.4716002941131592, 1.474674105644226, 1.4548349380493164, 1.4397497177124023, 1.4538309574127197, 1.4438616037368774, 1.441903829574585, 1.4293781518936157, 1.436468482017517, 1.4097325801849365, 1.4286048412322998, 1.4415619373321533, 1.4236235618591309, 1.4221385717391968, 1.414543628692627, 1.4060723781585693, 1.4118425846099854, 1.44776451587677, 1.4331598281860352, 1.427664875984192, 1.4216384887695312, 1.4410269260406494, 1.4310204982757568, 1.4255858659744263, 1.4326282739639282, 1.443340539932251, 1.451577067375183, 1.4281470775604248, 1.4559439420700073, 1.4739099740982056, 1.4650719165802002, 1.466712236404419, 1.4718080759048462, 1.4985677003860474, 1.4866995811462402, 1.501098394393921, 1.5171597003936768, 1.5212814807891846, 1.5371220111846924, 1.5494920015335083, 1.5619826316833496, 1.5568243265151978, 1.5966707468032837, 1.599600911140442, 1.6207962036132812, 1.6364070177078247, 1.654937744140625, 1.6719164848327637, 1.6802209615707397, 1.7199164628982544, 1.7329154014587402, 1.7652530670166016, 1.7685925960540771, 1.803571343421936, 1.817206621170044, 1.8456270694732666, 1.8914471864700317, 1.895544409751892, 1.9360668659210205, 1.971057415008545, 1.9958208799362183, inf, inf, inf, inf, inf, inf, inf, inf, inf, 0.8220680356025696, 0.8106180429458618, 0.7763143181800842, 0.7782609462738037, 0.7673557996749878, 0.7745980620384216, 0.7522720694541931, 0.7537867426872253, 0.7528731822967529, 0.7237921357154846, 0.7744187712669373, 0.7662985324859619, 0.8280586004257202, 0.8574715256690979, 0.9021982550621033, 0.9301223754882812, 0.9878270626068115, 1.0573822259902954, 1.080565333366394, 1.1671948432922363, 1.2402822971343994, 1.3061796426773071, 1.4124068021774292, 1.5376598834991455, 1.6731503009796143, 1.8517714738845825, 2.060555934906006, 2.298309803009033, 2.606400489807129, 3.0318899154663086, inf, inf, inf, inf, inf, inf, inf, inf, inf, inf, inf, inf, inf, inf, inf, inf, inf, inf]),0.01749303564429283,3403793000000,
array('f', [inf, inf, inf, inf, inf, inf, inf, inf, inf, inf, inf, inf, inf, inf, inf, inf, 1.5804009437561035, 1.5304759740829468, 1.5317931175231934, inf, inf, inf, inf, inf, inf, inf, inf, inf, inf, inf, inf, inf, inf, inf, inf, inf, inf, inf, inf, inf, inf, inf, inf, inf, inf, inf, inf, inf, inf, inf, inf, inf, inf, inf, inf, inf, inf, inf, inf, inf, inf, inf, inf, inf, inf, inf, inf, inf, inf, inf, inf, inf, inf, inf, inf, inf, inf, inf, inf, inf, inf, inf, inf, inf, inf, inf, inf, inf, inf, inf, inf, inf, inf, inf, inf, inf, inf, inf, inf, inf, inf, inf, inf, inf, inf, inf, inf, inf, inf, inf, inf, inf, inf, inf, inf, inf, inf, inf, inf, inf, inf, inf, inf, inf, inf, inf, inf, inf, inf, inf, inf, inf, inf, inf, inf, inf, inf, inf, inf, inf, inf, inf, inf, inf, inf, inf, inf, inf, inf, inf, inf, inf, inf, inf, inf, inf, inf, inf, inf, inf, inf, inf, inf, inf, inf, inf, inf, inf, inf, inf, inf, 3.352346658706665, 2.835099935531616, 2.484039545059204, 2.206404447555542, 1.9936094284057617, 1.8243626356124878, 1.6662628650665283, 1.525351643562317, 1.4114859104156494, 1.3156095743179321, 1.224786639213562, 1.167047142982483, 1.0985779762268066, 1.0357862710952759, 0.9956678748130798, 0.9480047821998596, 0.8968538641929626, 0.8811518549919128, 0.8071928024291992, 0.7987297773361206, 0.7786654829978943, 0.7433843016624451, 0.7188868522644043, 0.6841484308242798, 0.6811562180519104, 0.6596512198448181, 0.6412019729614258, 0.6270209550857544, 0.6116068363189697, 0.5902199745178223, 0.5846889615058899, 0.5597139596939087, 0.5465019345283508, 0.5316349267959595, 0.5267214775085449, 0.5235167145729065, 0.5338331460952759, 0.49921542406082153, 0.49118995666503906, 0.49150270223617554, 0.4458570182323456, 0.4647553563117981, 0.45160388946533203, 0.44360220432281494, 0.4767267107963562, 0.4905703365802765, 0.5076850056648254, 0.5011613965034485, 0.4939107596874237, 0.5236920714378357, 0.5332764387130737, 0.5652838349342346, 0.5907858610153198, 1.6872650384902954, 1.654038906097412, 1.6420410871505737, 1.6074577569961548, 1.6287225484848022, 1.6001930236816406, 1.5808242559432983, 1.5689421892166138, 1.5651214122772217, 1.5611724853515625, 1.547345757484436, 1.5215742588043213, 1.5174397230148315, 1.5199880599975586, 1.4953378438949585, 1.5119632482528687, 1.4661961793899536, 1.4914007186889648, 1.4733554124832153, 1.473275899887085, 1.466416597366333, 1.4641443490982056, 1.44962739944458, 1.4405757188796997, 1.4475457668304443, 1.4382935762405396, 1.4745250940322876, 1.4468116760253906, 1.444611668586731, 1.4510209560394287, 1.4316396713256836, 1.45433509349823, 1.4371283054351807, 1.4365617036819458, 1.4444451332092285, 1.4404547214508057, 1.4274049997329712, 1.4428280591964722, 1.4453359842300415, 1.4668885469436646, 1.458338975906372, 1.4515949487686157, 1.4704372882843018, 1.4748262166976929, 1.4730390310287476, 1.4814525842666626, 1.5064407587051392, 1.496411919593811, 1.5107355117797852, 1.5344904661178589, 1.5368132591247559, 1.5317147970199585, 1.5477639436721802, 1.5587377548217773, 1.5856313705444336, 1.5923720598220825, 1.589438796043396, 1.597736120223999, 1.610666036605835, 1.6168341636657715, 1.6385737657546997, 1.65012788772583, 1.6624042987823486, 1.6973685026168823, 1.7116690874099731, 1.7462533712387085, 1.7509028911590576, 1.7892075777053833, 1.8045557737350464, 1.8194808959960938, 1.8697072267532349, 1.8669084310531616, 1.9118973016738892, 1.9274616241455078, 1.9716216325759888, inf, inf, inf, inf, inf, inf, inf, 0.7662168741226196, 0.7498403191566467, 0.7456173896789551, 0.7273194789886475, 0.7287998795509338, 0.7132928371429443, 0.7188665866851807, 0.7050235867500305, 0.6871525049209595, 0.6829051375389099, 0.6958469748497009, 0.7312803864479065, 0.7358946800231934, 0.760409414768219, 0.8062461614608765, 0.8276228904724121, 0.8655343055725098, 0.9054098129272461, 0.9594884514808655, 0.9947656393051147, 1.0517469644546509, 1.0992505550384521, 1.1530314683914185, 1.2150018215179443, 1.3136179447174072, 1.404694676399231, 1.5225114822387695, 1.6393049955368042, 1.8021214008331299, 1.9706838130950928, 2.2063395977020264, 2.4797074794769287, 2.8524038791656494, 3.328819990158081, inf, inf, inf, inf, inf, inf, inf, inf, inf, inf, inf, inf, inf, inf, inf, inf, inf, inf, inf, inf]),0.01749303564429283,3403993000000,
array('f', [inf, inf, inf, inf, inf, inf, inf, inf, inf, inf, inf, inf, inf, inf, 1.532420039176941, 1.493578314781189, 1.5057311058044434, inf, inf, inf, inf, inf, inf, inf, inf, inf, inf, inf, inf, inf, inf, inf, inf, inf, inf, inf, inf, inf, inf, inf, inf, inf, inf, inf, inf, inf, inf, inf, inf, inf, inf, inf, inf, inf, inf, inf, inf, inf, inf, inf, inf, inf, inf, inf, inf, inf, inf, inf, inf, inf, inf, inf, inf, inf, inf, inf, inf, inf, inf, inf, inf, inf, inf, inf, inf, inf, inf, inf, inf, inf, inf, inf, inf, inf, inf, inf, inf, inf, inf, inf, inf, inf, inf, inf, inf, inf, inf, inf, inf, inf, inf, inf, inf, inf, inf, inf, inf, inf, inf, inf, inf, inf, inf, inf, inf, inf, inf, inf, inf, inf, inf, inf, inf, inf, inf, inf, inf, inf, inf, inf, inf, inf, inf, inf, inf, inf, inf, inf, inf, inf, inf, inf, inf, inf, inf, inf, inf, inf, inf, inf, inf, inf, inf, inf, inf, inf, inf, inf, inf, 3.32991623878479, 2.8884117603302, 2.5255532264709473, 2.2388997077941895, 2.0205888748168945, 1.8464409112930298, 1.7014938592910767, 1.554630994796753, 1.4503352642059326, 1.369511604309082, 1.2690786123275757, 1.2076629400253296, 1.140784502029419, 1.075012445449829, 1.012454867362976, 0.9764975905418396, 0.9349366426467896, 0.8936465978622437, 0.8711078763008118, 0.8298854231834412, 0.809106171131134, 0.7789672613143921, 0.7721444964408875, 0.7239473462104797, 0.7091104984283447, 0.679600179195404, 0.6811652183532715, 0.6471427083015442, 0.6371853351593018, 0.6204978227615356, 0.6018842458724976, 0.6022087931632996, 0.5855978727340698, 0.575859785079956, 0.5576655268669128, 0.5349433422088623, 0.5143922567367554, 0.5166923403739929, 0.5220431089401245, 0.5301451086997986, 0.5477103590965271, 0.5467379689216614, 0.5531467199325562, 0.5590928792953491, 0.5642255544662476, 0.577125608921051, 0.6015139222145081, 0.6308565735816956, 1.8164474964141846, 1.756213903427124, 1.7340991497039795, 1.716259241104126, 1.727929711341858, 1.6739331483840942, 1.6841951608657837, 1.6559154987335205, 1.649109959602356, 1.6310566663742065, 1.6045104265213013, 1.6100423336029053, 1.570726990699768, 1.586276650428772, 1.543896198272705, 1.5519862174987793, 1.5350159406661987, 1.5393948554992676, 1.5339083671569824, 1.5434582233428955, 1.5116291046142578, 1.4931036233901978, 1.488690972328186, 1.5052045583724976, 1.4851844310760498, 1.4874742031097412, 1.457671880722046, 1.4791465997695923, 1.4701056480407715, 1.4446288347244263, 1.4505506753921509, 1.4683120250701904, 1.4672863483428955, 1.4362815618515015, 1.4388507604599, 1.453747034072876, 1.4662343263626099, 1.4469060897827148, 1.4618613719940186, 1.4480329751968384, 1.4580367803573608, 1.4621741771697998, 1.4619715213775635, 1.4843502044677734, 1.4829221963882446, 1.4724884033203125, 1.4747337102890015, 1.4775906801223755, 1.5090688467025757, 1.498070478439331, 1.506537914276123, 1.5205637216567993, 1.513051986694336, 1.525665283203125, 1.5285975933074951, 1.5298211574554443, 1.5407439470291138, 1.570198893547058, 1.5731323957443237, 1.5853127241134644, 1.6082780361175537, 1.6015859842300415, 1.6376163959503174, 1.6393914222717285, 1.6476147174835205, 1.6550984382629395, 1.6852085590362549, 1.6966488361358643, 1.7147541046142578, 1.7532131671905518, 1.7660632133483887, 1.7787734270095825, 1.7992781400680542, 1.8413108587265015, 1.8553694486618042, 1.87059485912323, 1.8892685174942017, 1.933763027191162, inf, inf, inf, inf, 0.7382152080535889, 0.737939178943634, 0.7068321704864502, 0.6843478679656982, 0.6795685887336731, 0.6798286437988281, 0.6740439534187317, 0.6728171110153198, 0.6490259170532227, 0.6481419801712036, 0.6322084069252014, 0.6650617122650146, 0.6726264357566833, 0.6843790411949158, 0.7175436019897461, 0.7257339358329773, 0.7712303400039673, 0.7877947092056274, 0.8441805839538574, 0.8734171390533447, 0.8974741101264954, 0.9209732413291931, 0.9752930402755737, 1.0109740495681763, 1.0711549520492554, 1.1153210401535034, 1.1715565919876099, 1.2407435178756714, 1.3318097591400146, 1.4111870527267456, 1.5173321962356567, 1.6339354515075684, 1.7938698530197144, 1.932758092880249, 2.153762102127075, 2.382258653640747, 2.698657274246216, 3.1270368099212646, inf, inf, inf, inf, inf, inf, inf, inf, inf, inf, inf, inf, inf, inf, inf, inf, inf, inf, inf, inf, inf, inf, inf]),0.01749303564429283,3404193000000,
array('f', [inf, inf, inf, inf, inf, inf, inf, inf, inf, inf, inf, inf, 1.4897189140319824, 1.4693608283996582, 1.4594833850860596, inf, inf, inf, inf, inf, inf, inf, inf, inf, inf, inf, inf, inf, inf, inf, inf, inf, inf, inf, inf, inf, inf, inf, inf, inf, inf, inf, inf, inf, inf, inf, inf, inf, inf, inf, inf, inf, inf, inf, inf, inf, inf, inf, inf, inf, inf, inf, inf, inf, inf, inf, inf, inf, inf, inf, inf, inf, inf, inf, inf, inf, inf, inf, inf, inf, inf, inf, inf, inf, inf, inf, inf, inf, inf, inf, inf, inf, inf, inf, inf, inf, inf, inf, inf, inf, inf, inf, inf, inf, inf, inf, inf, inf, inf, inf, inf, inf, inf, inf, inf, inf, inf, inf, inf, inf, inf, inf, inf, inf, inf, inf, inf, inf, inf, inf, inf, inf, inf, inf, inf, inf, inf, inf, inf, inf, inf, inf, inf, inf, inf, inf, inf, inf, inf, inf, inf, inf, inf, inf, inf, inf, inf, inf, inf, inf, inf, inf, inf, inf, inf, inf, inf, 3.3868002891540527, 2.9291820526123047, 2.576144218444824, 2.299072027206421, 2.0874075889587402, 1.8950644731521606, 1.7655775547027588, 1.637520670890808, 1.5035501718521118, 1.4198050498962402, 1.3191618919372559, 1.2503700256347656, 1.2070221900939941, 1.1356626749038696, 1.061642050743103, 1.0243825912475586, 0.973372220993042, 0.9535953998565674, 0.8995409607887268, 0.8588489294052124, 0.8600011467933655, 0.8067524433135986, 0.7772446274757385, 0.7647251486778259, 0.7538834810256958, 0.7079975605010986, 0.693039059638977, 0.677548885345459, 0.6571474075317383, 0.684656023979187, 0.6102571487426758, 0.6238444447517395, 0.5972391963005066, 0.6208005547523499, 0.5759248733520508, 0.5844013690948486, 0.5707299113273621, 0.6093817353248596, 0.613897442817688, 0.6361517906188965, 0.6500376462936401, 0.6220168471336365, 0.6544764041900635, 0.6731680631637573, 1.9102197885513306, 1.8866298198699951, 1.8708983659744263, 1.8371284008026123, 1.8352817296981812, 1.7769111394882202, 1.7724933624267578, 1.7421464920043945, 1.7178468704223633, 1.7300461530685425, 1.6795005798339844, 1.6753292083740234, 1.6665462255477905, 1.6544017791748047, 1.6395320892333984, 1.6380391120910645, 1.5936543941497803, 1.5844179391860962, 1.5654829740524292, 1.569656252861023, 1.554281234741211, 1.5587433576583862, 1.540441870689392, 1.5283290147781372, 1.5196845531463623, 1.5114412307739258, 1.5290693044662476, 1.5126055479049683, 1.512074589729309, 1.498772382736206, 1.5011627674102783, 1.4906947612762451, 1.4853618144989014, 1.4907923936843872, 1.4774396419525146, 1.4917879104614258, 1.4790393114089966, 1.492935299873352, 1.480444312095642, 1.464314341545105, 1.4794148206710815, 1.468442678451538, 1.496734619140625, 1.4670991897583008, 1.455259084701538, 1.484739065170288, 1.5030101537704468, 1.4867358207702637, 1.4781414270401, 1.5001890659332275, 1.503307819366455, 1.4953752756118774, 1.5209243297576904, 1.5112730264663696, 1.5175100564956665, 1.5391592979431152, 1.5450665950775146, 1.5611741542816162, 1.5552490949630737, 1.5533347129821777, 1.5734446048736572, 1.5993629693984985, 1.6137731075286865, 1.6133971214294434, 1.6307604312896729, 1.6403260231018066, 1.6531548500061035, 1.660247802734375, 1.675531268119812, 1.6947027444839478, 1.717303991317749, 1.6988463401794434, 1.7487064599990845, 1.7551993131637573, 1.7951217889785767, 1.8202673196792603, 1.8239047527313232, 1.8529877662658691, 1.8912169933319092, 1.916643500328064, inf, 0.685910165309906, 0.6918057799339294, 0.6634354591369629, 0.665058970451355, 0.656012237071991, 0.6447774171829224, 0.6125292181968689, 0.623755931854248, 0.6267878413200378, 0.6075441241264343, 0.6028743386268616, 0.6311286091804504, 0.6343297362327576, 0.6492587327957153, 0.6577522158622742, 0.6762980818748474, 0.6970574855804443, 0.7116996645927429, 0.7483022809028625, 0.7642607688903809, 0.7892392873764038, 0.8149962425231934, 0.8395445942878723, 0.8804961442947388, 0.8906078338623047, 0.9344569444656372, 0.9860736727714539, 1.0409802198410034, 1.0686814785003662, 1.1335734128952026, 1.1976388692855835, 1.2523152828216553, 1.3420490026474, 1.4290813207626343, 1.5305298566818237, 1.6381933689117432, 1.7647775411605835, 1.9204738140106201, 2.0844249725341797, 2.3368077278137207, 2.6140596866607666, 2.9728734493255615, 3.4454967975616455, inf, inf, inf, inf, inf, inf, inf, inf, inf, inf, inf, inf, inf, inf, inf, inf, inf, inf, inf, inf, inf, inf, inf, inf, inf]),0.01749303564429283,3404393000000,
array('f', [inf, inf, inf, inf, inf, inf, inf, inf, inf, inf, 1.4319899082183838, 1.4181432723999023, 1.4343194961547852, inf, inf, inf, inf, inf, inf, inf, inf, inf, inf, inf, inf, inf, inf, inf, inf, inf, inf, inf, inf, inf, inf, inf, inf, inf, inf, inf, inf, inf, inf, inf, inf, inf, inf, inf, inf, inf, inf, inf, inf, inf, inf, inf, inf, inf, inf, inf, inf, inf, inf, inf, inf, inf, inf, inf, inf, inf, inf, inf, inf, inf, inf, inf, inf, inf, inf, inf, inf, inf, inf, inf, inf, inf, inf, inf, inf, inf, inf, inf, inf, inf, inf, inf, inf, inf, inf, inf, inf, inf, inf, inf, inf, inf, inf, inf, inf, inf, inf, inf, inf, inf, inf, inf, inf, inf, inf, inf, inf, inf, inf, inf, inf, inf, inf, inf, inf, inf, inf, inf, inf, inf, inf, inf, inf, inf, inf, inf, inf, inf, inf, inf, inf, inf, inf, inf, inf, inf, inf, inf, inf, inf, inf, inf, inf, inf, inf, inf, inf, inf, inf, inf, inf, 3.4254114627838135, 2.9709835052490234, 2.6376216411590576, 2.379821300506592, 2.1347477436065674, 1.9431604146957397, 1.8066939115524292, 1.6802148818969727, 1.5576660633087158, 1.4618339538574219, 1.3930251598358154, 1.3216575384140015, 1.2430450916290283, 1.1564234495162964, 1.128307580947876, 1.0657516717910767, 1.0280039310455322, 0.9640973806381226, 0.9320383071899414, 0.9220826625823975, 0.8709677457809448, 0.8532758951187134, 0.8304886221885681, 0.7906382083892822, 0.7574132680892944, 0.7543953061103821, 0.7310187816619873, 0.7059256434440613, 0.6987007260322571, 0.6883831024169922, 0.6699171662330627, 0.6615653038024902, 0.6483166217803955, 0.6461179852485657, 0.6337935924530029, 0.6831952333450317, 0.6879539489746094, 0.6856518983840942, 0.7142932415008545, 0.7385689616203308, 0.7298325896263123, inf, 2.0026767253875732, 1.9587260484695435, 1.9215689897537231, 1.9070854187011719, 1.8817498683929443, 1.8671987056732178, 1.83065927028656, 1.792931318283081, 1.7975281476974487, 1.7716269493103027, 1.751882791519165, 1.730962872505188, 1.7375222444534302, 1.691097617149353, 1.6810444593429565, 1.6775312423706055, 1.657401204109192, 1.6402188539505005, 1.647229552268982, 1.6093063354492188, 1.5999349355697632, 1.6004599332809448, 1.6120095252990723, 1.5855318307876587, 1.552587866783142, 1.577459692955017, 1.5500996112823486, 1.536497950553894, 1.5442630052566528, 1.5331385135650635, 1.528635025024414, 1.5166178941726685, 1.5320264101028442, 1.5111193656921387, 1.5126488208770752, 1.5128281116485596, 1.5087101459503174, 1.5091214179992676, 1.4928964376449585, 1.4933252334594727, 1.4923985004425049, 1.5141056776046753, 1.4782012701034546, 1.5084043741226196, 1.4963783025741577, 1.4863449335098267, 1.4978129863739014, 1.4939069747924805, 1.5108071565628052, 1.507001280784607, 1.5104538202285767, 1.5209003686904907, 1.5307633876800537, 1.5330859422683716, 1.5347877740859985, 1.5465312004089355, 1.5515100955963135, 1.5709140300750732, 1.569551944732666, 1.5692989826202393, 1.579899549484253, 1.5970025062561035, 1.596711277961731, 1.6163864135742188, 1.6252944469451904, 1.6273987293243408, 1.6452959775924683, 1.6535241603851318, 1.6802713871002197, 1.6960448026657104, 1.7096341848373413, 1.7184467315673828, 1.7344526052474976, 1.754734992980957, 1.7905453443527222, 1.7959200143814087, 1.8359001874923706, 1.8486239910125732, 0.6434032320976257, 0.6230306029319763, 0.6339985132217407, 0.619654655456543, 0.6171352863311768, 0.5855786800384521, 0.5905258059501648, 0.575487494468689, 0.5602449178695679, 0.5712844133377075, 0.5695552229881287, 0.5991785526275635, 0.6165575385093689, 0.6257537603378296, 0.6308038234710693, 0.6422816514968872, 0.6506198644638062, 0.6673665046691895, 0.6888811588287354, 0.7036261558532715, 0.7399353384971619, 0.7463964223861694, 0.7737409472465515, 0.7887567281723022, 0.8225652575492859, 0.8565211892127991, 0.8764280676841736, 0.9143835306167603, 0.943257212638855, 0.9913582801818848, 1.033008098602295, 1.07075834274292, 1.1179856061935425, 1.177803635597229, 1.2143018245697021, 1.2944146394729614, 1.3648512363433838, 1.4388163089752197, 1.5497839450836182, 1.652621865272522, 1.780324101448059, 1.9291433095932007, 2.0974769592285156, 2.297463893890381, 2.5397448539733887, 2.8727455139160156, 3.3003499507904053, inf, inf, inf, inf, inf, inf, inf, inf, inf, inf, inf, inf, inf, inf, inf, inf, inf, inf, inf, inf, inf, inf, inf, inf, inf, inf, inf, inf]),0.01749303564429283,3404593000000,
array('f', [inf, inf, inf, inf, inf, inf, inf, 1.4209327697753906, 1.3742684125900269, 1.3562297821044922, 1.37136709690094, inf, inf, inf, inf, inf, inf, inf, inf, inf, inf, inf, inf, inf, inf, inf, inf, inf, inf, inf, inf, inf, inf, inf, inf, inf, inf, inf, inf, inf, inf, inf, inf, inf, inf, inf, inf, inf, inf, inf, inf, inf, inf, inf, inf, inf, inf, inf, inf, inf, inf, inf, inf, inf, inf, inf, inf, inf, inf, inf, inf, inf, inf, inf, inf, inf, inf, inf, inf, inf, inf, inf, inf, inf, inf, inf, inf, inf, inf, inf, inf, inf, inf, inf, inf, inf, inf, inf, inf, inf, inf, inf, inf, inf, inf, inf, inf, inf, inf, inf, inf, inf, inf, inf, inf, inf, inf, inf, inf, inf, inf, inf, inf, inf, inf, inf, inf, inf, inf, inf, inf, inf, inf, inf, inf, inf, inf, inf, inf, inf, inf, inf, inf, inf, inf, inf, inf, inf, inf, inf, inf, inf, inf, inf, inf, inf, inf, inf, inf, inf, inf, inf, inf, 3.4967257976531982, 3.0715341567993164, 2.7157559394836426, 2.4552178382873535, 2.2132863998413086, 2.042471408843994, 1.8846359252929688, 1.740505576133728, 1.6368821859359741, 1.529868245124817, 1.4398746490478516, 1.3679108619689941, 1.3007171154022217, 1.2292051315307617, 1.1942640542984009, 1.1274492740631104, 1.0807877779006958, 1.0489999055862427, 0.9872382283210754, 0.9478089213371277, 0.9425610899925232, 0.9236177206039429, 0.8767608404159546, 0.843153178691864, 0.8245202302932739, 0.7977839708328247, 0.7742881178855896, 0.763127863407135, 0.7400898337364197, 0.7273460626602173, 0.70992511510849, 0.7171191573143005, 0.7227182984352112, 0.7363265752792358, 0.7284896373748779, 0.7745404243469238, 0.7734965085983276, 0.7979422211647034, 0.8020766973495483, inf, inf, 2.0502443313598633, 2.015557289123535, 1.9678101539611816, 1.9807298183441162, 1.9252697229385376, 1.9076730012893677, 1.8710752725601196, 1.8622580766677856, 1.843280553817749, 1.8040404319763184, 1.7875601053237915, 1.7765065431594849, 1.7705885171890259, 1.7604002952575684, 1.7246698141098022, 1.696494698524475, 1.6797913312911987, 1.6889525651931763, 1.6516358852386475, 1.6753065586090088, 1.6413825750350952, 1.619454264640808, 1.620782494544983, 1.604121446609497, 1.6152178049087524, 1.592769742012024, 1.590185284614563, 1.555021047592163, 1.5624295473098755, 1.5818053483963013, 1.5725268125534058, 1.5391957759857178, 1.5465151071548462, 1.5457043647766113, 1.529212236404419, 1.523511290550232, 1.5284823179244995, 1.5178461074829102, 1.5143531560897827, 1.533057689666748, 1.5231564044952393, 1.5068767070770264, 1.5223251581192017, 1.5205371379852295, 1.5294119119644165, 1.533151388168335, 1.5315961837768555, 1.5306651592254639, 1.5272839069366455, 1.524030327796936, 1.5163711309432983, 1.5317059755325317, 1.5620918273925781, 1.5629801750183105, 1.559074878692627, 1.569606900215149, 1.5693607330322266, 1.565807580947876, 1.5800679922103882, 1.5913814306259155, 1.6094300746917725, 1.6168197393417358, 1.6319937705993652, 1.639757752418518, 1.636872410774231, 1.6383875608444214, 1.6548538208007812, 1.6813174486160278, 1.6838091611862183, 1.7185428142547607, 1.7268308401107788, 1.7302294969558716, 0.6532843112945557, 0.6353948712348938, 0.6337400674819946, 0.6049658060073853, 0.5963746309280396, 0.5710904598236084, 0.5807619094848633, 0.5539904832839966, 0.5470594763755798, 0.537569522857666, 0.5458475351333618, 0.5541150569915771, 0.5700830221176147, 0.5891079306602478, 0.5691685080528259, 0.6041741371154785, 0.636073648929596, 0.6214396357536316, 0.654215931892395, 0.6413904428482056, 0.656420886516571, 0.6676594018936157, 0.6831680536270142, 0.6900262832641602, 0.7236636877059937, 0.7376051545143127, 0.7702367305755615, 0.7862808704376221, 0.7990214228630066, 0.8388129472732544, 0.8553736209869385, 0.8713486790657043, 0.9111031293869019, 0.9391976594924927, 0.9723142385482788, 1.0116360187530518, 1.0600254535675049, 1.0928257703781128, 1.1345621347427368, 1.1862139701843262, 1.2683929204940796, 1.327620267868042, 1.392054796218872, 1.4637794494628906, 1.5811856985092163, 1.6673405170440674, 1.7874791622161865, 1.9380756616592407, 2.0843374729156494, 2.278228759765625, 2.506481409072876, 2.802551031112671, 3.1816232204437256, inf, inf, inf, inf, inf, inf, inf, inf, inf, inf, inf, inf, inf, inf, inf, inf, inf, inf, inf, inf, inf, inf, inf, inf, inf, inf, inf, inf, inf, inf, inf]),0.01749303564429283,3404793000000,
array('f', [inf, inf, inf, inf, inf, 1.3492568731307983, 1.3190639019012451, 1.3228451013565063, inf, inf, inf, inf, inf, inf, inf, inf, inf, inf, inf, inf, inf, inf, inf, inf, inf, inf, inf, inf, inf, inf, inf, inf, inf, inf, inf, inf, inf, inf, inf, inf, inf, inf, inf, inf, inf, inf, inf, inf, inf, inf, inf, inf, inf, inf, inf, inf, inf, inf, inf, inf, inf, inf, inf, inf, inf, inf, inf, inf, inf, inf, inf, inf, inf, inf, inf, inf, inf, inf, inf, inf, inf, inf, inf, inf, inf, inf, inf, inf, inf, inf, inf, inf, inf, inf, inf, inf, inf, inf, inf, inf, inf, inf, inf, inf, inf, inf, inf, inf, inf, inf, inf, inf, inf, inf, inf, inf, inf, inf, inf, inf, inf, inf, inf, inf, inf, inf, inf, inf, inf, inf, inf, inf, inf, inf, inf, inf, inf, inf, inf, inf, inf, inf, inf, inf, inf, inf, inf, inf, inf, inf, inf, inf, inf, inf, inf, inf, inf, inf, inf, inf, inf, inf, 3.1647651195526123, 2.805002212524414, 2.524197578430176, 2.3119521141052246, 2.1434555053710938, 1.9776500463485718, 1.8448504209518433, 1.7357490062713623, 1.6000722646713257, 1.5112354755401611, 1.444929599761963, 1.3674222230911255, 1.306072473526001, 1.2331209182739258, 1.1968302726745605, 1.127555251121521, 1.106744408607483, 1.049290418624878, 1.0223315954208374, 1.0081459283828735, 0.9718320369720459, 0.9330595135688782, 0.8930314183235168, 0.86563640832901, 0.8371137976646423, 0.8182639479637146, 0.7936791181564331, 0.7906748652458191, 0.7812773585319519, 0.8035393953323364, 0.8102410435676575, 0.8058350086212158, 0.8270829319953918, 0.8335402011871338, 0.8601157069206238, 0.8731994032859802, inf, inf, inf, 2.1192498207092285, 2.0763821601867676, 2.0370125770568848, 1.9982328414916992, 1.987300157546997, 1.957934856414795, 1.93575119972229, 1.9061002731323242, 1.8924285173416138, 1.8603019714355469, 1.8544420003890991, 1.8202005624771118, 1.8130491971969604, 1.8002378940582275, 1.7747586965560913, 1.7515603303909302, 1.7291858196258545, 1.7203776836395264, 1.6990330219268799, 1.7011860609054565, 1.6856085062026978, 1.6571468114852905, 1.6574010848999023, 1.6506272554397583, 1.640180230140686, 1.6308729648590088, 1.6246215105056763, 1.6189285516738892, 1.607193112373352, 1.613246202468872, 1.5981305837631226, 1.5901789665222168, 1.5721008777618408, 1.5736725330352783, 1.5481185913085938, 1.5798583030700684, 1.5640277862548828, 1.555641770362854, 1.560451626777649, 1.5559296607971191, 1.5732264518737793, 1.5358450412750244, 1.5618573427200317, 1.5596952438354492, 1.547176480293274, 1.5583248138427734, 1.5563656091690063, 1.5666053295135498, 1.5633195638656616, 1.563157320022583, 1.5710591077804565, 1.5633491277694702, 1.5594260692596436, 1.5776809453964233, 1.5661119222640991, 1.5895277261734009, 1.605158805847168, 1.5919018983840942, 1.6017740964889526, 1.6235032081604004, 1.6280412673950195, 1.6429945230484009, 1.6452341079711914, 1.6654270887374878, 1.6628921031951904, 1.6767975091934204, 1.7034449577331543, 0.6415427327156067, 0.6148363351821899, 0.6018483638763428, 0.5767293572425842, 0.569007396697998, 0.553883969783783, 0.5078726410865784, 0.518728494644165, 0.5433531999588013, 0.5529988408088684, 0.547298789024353, 0.5535707473754883, 0.5610204935073853, 0.5734739899635315, 0.5684399008750916, 0.5760929584503174, 0.6038767099380493, 0.5988050699234009, 0.6122620701789856, 0.6291475296020508, 0.6405475735664368, 0.6434249877929688, 0.6413825154304504, 0.6888130903244019, 0.6882272958755493, 0.7119694352149963, 0.7198666334152222, 0.7248067259788513, 0.7479692101478577, 0.7553548812866211, 0.7995430827140808, 0.7887169718742371, 0.8344415426254272, 0.8536262512207031, 0.874872624874115, 0.8970438838005066, 0.9131345748901367, 0.9384358525276184, 0.9924296736717224, 1.0135802030563354, 1.0556769371032715, 1.0924574136734009, 1.134262204170227, 1.1750171184539795, 1.2425553798675537, 1.313477635383606, 1.3615714311599731, 1.4278564453125, 1.5250704288482666, 1.5996114015579224, 1.7012848854064941, 1.8041480779647827, 1.963167667388916, 2.1243228912353516, 2.302414655685425, 2.5081443786621094, 2.7775866985321045, 3.0847866535186768, inf, inf, inf, inf, inf, inf, inf, inf, inf, inf, inf, inf, inf, inf, inf, inf, inf, inf, inf, inf, inf, inf, inf, inf, inf, inf, inf, inf, inf, inf, inf, inf, inf, inf]),0.01749303564429283,3404993000000,
array('f', [inf, inf, 1.3150057792663574, 1.2635935544967651, 1.2552965879440308, 1.2648879289627075, inf, inf, inf, inf, inf, inf, inf, inf, inf, inf, inf, inf, inf, inf, inf, inf, inf, inf, inf, inf, inf, inf, inf, inf, inf, inf, inf, inf, inf, inf, inf, inf, inf, inf, inf, inf, inf, inf, inf, inf, inf, inf, inf, inf, inf, inf, inf, inf, inf, inf, inf, inf, inf, inf, inf, inf, inf, inf, inf, inf, inf, inf, inf, inf, inf, inf, inf, inf, inf, inf, inf, inf, inf, inf, inf, inf, inf, inf, inf, inf, inf, inf, inf, inf, inf, inf, inf, inf, inf, inf, inf, inf, inf, inf, inf, inf, inf, inf, inf, inf, inf, inf, inf, inf, inf, inf, inf, inf, inf, inf, inf, inf, inf, inf, inf, inf, inf, inf, inf, inf, inf, inf, inf, inf, inf, inf, inf, inf, inf, inf, inf, inf, inf, inf, inf, inf, inf, inf, inf, inf, inf, inf, inf, inf, inf, inf, inf, inf, inf, inf, inf, inf, inf, inf, 3.254413604736328, 2.920729637145996, 2.6511776447296143, 2.434788227081299, 2.2176668643951416, 2.0617730617523193, 1.9051847457885742, 1.8012031316757202, 1.6852011680603027, 1.600224256515503, 1.5097546577453613, 1.4434854984283447, 1.3812880516052246, 1.310491681098938, 1.24985671043396, 1.2239344120025635, 1.17326819896698, 1.124979019165039, 1.0758112668991089, 1.0284323692321777, 1.0003117322921753, 0.9712984561920166, 0.9627195596694946, 0.9162318706512451, 0.8909830451011658, 0.8709203600883484, 0.8558809757232666, 0.878946840763092, 0.8918238282203674, 0.8751866221427917, 0.888649046421051, 0.9080308079719543, 0.8929893970489502, 0.9354172348976135, inf, inf, inf, inf, 2.204223871231079, 2.1470513343811035, 2.108276605606079, 2.0832948684692383, 2.0384771823883057, 2.0221776962280273, 1.986021637916565, 1.9715907573699951, 1.9444271326065063, 1.9112945795059204, 1.8939143419265747, 1.8791855573654175, 1.844681978225708, 1.842158317565918, 1.8205057382583618, 1.8021283149719238, 1.7945961952209473, 1.762824296951294, 1.7505930662155151, 1.7617456912994385, 1.7195219993591309, 1.7035913467407227, 1.7043983936309814, 1.6930289268493652, 1.6626267433166504, 1.677059531211853, 1.6925307512283325, 1.6456369161605835, 1.634631872177124, 1.6485275030136108, 1.6291946172714233, 1.604929804801941, 1.6072391271591187, 1.5942481756210327, 1.591705083847046, 1.6083686351776123, 1.5916064977645874, 1.5660617351531982, 1.5950826406478882, 1.5906370878219604, 1.5815112590789795, 1.5753511190414429, 1.5845396518707275, 1.5770812034606934, 1.5889514684677124, 1.5822291374206543, 1.5833030939102173, 1.5796762704849243, 1.5992783308029175, 1.601639986038208, 1.6022449731826782, 1.5869179964065552, 1.6025859117507935, 1.5831331014633179, 1.604194164276123, 1.6201035976409912, 1.622543454170227, 1.6246256828308105, 1.6236417293548584, 1.6504884958267212, 1.6483243703842163, 1.6525423526763916, 0.6482702493667603, 0.6161440014839172, 0.5790771842002869, 0.5502294301986694, 0.5454705357551575, 0.5466597080230713, 0.5295591950416565, 0.5637444853782654, 0.5459636449813843, 0.5230932235717773, 0.5567718744277954, 0.5589562654495239, 0.5562486052513123, 0.5666104555130005, 0.5839220881462097, 0.5967937111854553, 0.5833482146263123, 0.596416175365448, 0.6091950535774231, 0.6055616140365601, 0.6078928112983704, 0.6067106127738953, 0.6461979746818542, 0.6513433456420898, 0.662459135055542, 0.6899232864379883, 0.6958015561103821, 0.6897725462913513, 0.7117273211479187, 0.7213109731674194, 0.7482773065567017, 0.756740391254425, 0.7620623707771301, 0.7845826148986816, 0.7935864925384521, 0.8038992285728455, 0.848061203956604, 0.8720619082450867, 0.8859043717384338, 0.9114358425140381, 0.9309034943580627, 0.9516514539718628, 0.9721249938011169, 1.003076195716858, 1.0470165014266968, 1.082384467124939, 1.1330840587615967, 1.1871862411499023, 1.223366379737854, 1.2886865139007568, 1.330188274383545, 1.4115382432937622, 1.4422088861465454, 1.5549379587173462, 1.6232357025146484, 1.7178975343704224, 1.8517611026763916, 1.9716862440109253, 2.1261847019195557, 2.2808496952056885, 2.50478196144104, 2.7568881511688232, 3.0483431816101074, 3.41566801071167, inf, inf, inf, inf, inf, inf, inf, inf, inf, inf, inf, inf, inf, inf, inf, inf, inf, inf, inf, inf, inf, inf, inf, inf, inf, inf, inf, inf, inf, inf, inf, inf, inf, inf, inf, inf]),0.01749303564429283,3405193000000,
array('f', [1.2206231355667114, 1.2280651330947876, 1.2159054279327393, inf, inf, inf, inf, inf, inf, inf, inf, inf, inf, inf, inf, inf, inf, inf, inf, inf, inf, inf, inf, inf, inf, inf, inf, inf, inf, inf, inf, inf, inf, inf, inf, inf, inf, inf, inf, inf, inf, inf, inf, inf, inf, inf, inf, inf, inf, inf, inf, inf, inf, inf, inf, inf, inf, inf, inf, inf, inf, inf, inf, inf, inf, inf, inf, inf, inf, inf, inf, inf, inf, inf, inf, inf, inf, inf, inf, inf, inf, inf, inf, inf, inf, inf, inf, inf, inf, inf, inf, inf, inf, inf, inf, inf, inf, inf, inf, inf, inf, inf, inf, inf, inf, inf, inf, inf, inf, inf, inf, inf, inf, inf, inf, inf, inf, inf, inf, inf, inf, inf, inf, inf, inf, inf, inf, inf, inf, inf, inf, inf, inf, inf, inf, inf, inf, inf, inf, inf, inf, inf, inf, inf, inf, inf, inf, inf, inf, inf, inf, inf, inf, inf, inf, inf, inf, inf, 3.3594579696655273, 3.0359201431274414, 2.7535202503204346, 2.518084764480591, 2.3320274353027344, 2.1574649810791016, 2.0200555324554443, 1.876485824584961, 1.7837367057800293, 1.698744535446167, 1.5967873334884644, 1.522251844406128, 1.4552627801895142, 1.411488652229309, 1.3145335912704468, 1.2713520526885986, 1.229097604751587, 1.1904796361923218, 1.1511121988296509, 1.1138399839401245, 1.0824788808822632, 1.0362274646759033, 1.005640983581543, 1.001139521598816, 0.9533774852752686, 0.9189540147781372, 0.906071126461029, 0.9274868965148926, 0.9427365064620972, 0.9714341759681702, 0.9884082674980164, 0.9978671669960022, 0.9943299889564514, inf, inf, inf, inf, 2.2383906841278076, 2.21342396736145, 2.1876778602600098, 2.156614303588867, 2.1114394664764404, 2.0811927318573, 2.0492184162139893, 2.036710262298584, 1.9968088865280151, 1.9731225967407227, 1.942150354385376, 1.9228273630142212, 1.893039345741272, 1.8989759683609009, 1.8662209510803223, 1.8235820531845093, 1.843485713005066, 1.7934515476226807, 1.7924084663391113, 1.7794129848480225, 1.7661218643188477, 1.7662866115570068, 1.7380033731460571, 1.7350469827651978, 1.706778645515442, 1.7061538696289062, 1.6991400718688965, 1.6868733167648315, 1.6716793775558472, 1.6680089235305786, 1.6783647537231445, 1.6512142419815063, 1.664665937423706, 1.6440297365188599, 1.6503069400787354, 1.614871859550476, 1.62128484249115, 1.6414153575897217, 1.6500108242034912, 1.6448427438735962, 1.6172254085540771, 1.6232459545135498, 1.6164816617965698, 1.6272486448287964, 1.6197423934936523, 1.6129368543624878, 1.6169345378875732, 1.6341313123703003, 1.6259042024612427, 1.620907187461853, 1.631791353225708, 1.6152836084365845, 1.6319612264633179, 1.6218743324279785, 1.643971562385559, 1.6460644006729126, 0.6879581809043884, 0.6189480423927307, 0.5924453735351562, 0.541467010974884, 0.5387454628944397, 0.5445958971977234, 0.5400027632713318, 0.5516692996025085, 0.568033754825592, 0.5478571057319641, 0.5783203840255737, 0.5477299094200134, 0.5581907033920288, 0.5817857384681702, 0.5963588356971741, 0.5738922953605652, 0.5834145545959473, 0.6042948961257935, 0.5917093753814697, 0.5840890407562256, 0.6168444156646729, 0.6121541261672974, 0.6189762949943542, 0.6291226148605347, 0.6242532730102539, 0.6557849645614624, 0.6609974503517151, 0.6468470096588135, 0.6749069094657898, 0.6894798278808594, 0.7122687101364136, 0.6995852589607239, 0.7228853702545166, 0.7253163456916809, 0.7622429132461548, 0.7544920444488525, 0.7564679980278015, 0.8022049069404602, 0.8009887337684631, 0.8277539610862732, 0.8541527986526489, 0.8661589026451111, 0.8812805414199829, 0.8921343088150024, 0.9244449734687805, 0.9482799768447876, 0.975744903087616, 1.0211619138717651, 1.035208821296692, 1.079842448234558, 1.116748571395874, 1.149052381515503, 1.1945405006408691, 1.2347749471664429, 1.2811981439590454, 1.3366210460662842, 1.3820565938949585, 1.4617844820022583, 1.5167486667633057, 1.6147098541259766, 1.6724478006362915, 1.787258267402649, 1.9147166013717651, 2.0062179565429688, 2.16184663772583, 2.3360414505004883, 2.5244104862213135, 2.741950750350952, 3.0199391841888428, 3.378706932067871, inf, inf, inf, inf, inf, inf, inf, inf, inf, inf, inf, inf, inf, inf, inf, inf, inf, inf, inf, inf, inf, inf, inf, inf, inf, inf, inf, inf, inf, inf, inf, inf, inf, inf, inf, inf, inf, inf, 1.2251447439193726]),0.01749303564429283,3405393000000,
array('f', [inf, inf, inf, inf, inf, inf, inf, inf, inf, inf, inf, inf, inf, inf, inf, inf, inf, inf, inf, inf, inf, inf, inf, inf, inf, inf, inf, inf, inf, inf, inf, inf, inf, inf, inf, inf, inf, inf, inf, inf, inf, inf, inf, inf, inf, inf, inf, inf, inf, inf, inf, inf, inf, inf, inf, inf, inf, inf, inf, inf, inf, inf, inf, inf, inf, inf, inf, inf, inf, inf, inf, inf, inf, inf, inf, inf, inf, inf, inf, inf, inf, inf, inf, inf, inf, inf, inf, inf, inf, inf, inf, inf, inf, inf, inf, inf, inf, inf, inf, inf, inf, inf, inf, inf, inf, inf, inf, inf, inf, inf, inf, inf, inf, inf, inf, inf, inf, inf, inf, inf, inf, inf, inf, inf, inf, inf, inf, inf, inf, inf, inf, inf, inf, inf, inf, inf, inf, inf, inf, inf, inf, inf, inf, inf, inf, inf, inf, inf, inf, inf, inf, inf, inf, inf, inf, inf, 3.5, 3.159574270248413, 2.898073434829712, 2.6421520709991455, 2.431372880935669, 2.267504930496216, 2.107787847518921, 1.987048864364624, 1.8811160326004028, 1.7792986631393433, 1.686068058013916, 1.613707184791565, 1.5248218774795532, 1.4682321548461914, 1.4127594232559204, 1.3539869785308838, 1.3035523891448975, 1.2466474771499634, 1.2065948247909546, 1.1726815700531006, 1.114987850189209, 1.1019997596740723, 1.0734061002731323, 1.0425560474395752, 1.0072391033172607, 1.0024077892303467, 1.0165387392044067, 1.0034809112548828, 1.0303213596343994, 1.0344732999801636, 1.0579955577850342, 1.0842173099517822, inf, inf, inf, inf, inf, 2.297149658203125, 2.2468035221099854, 2.2158095836639404, 2.201514482498169, 2.150921583175659, 2.1116604804992676, 2.0930819511413574, 2.067657947540283, 2.0343947410583496, 2.027404546737671, 1.991499423980713, 1.9710975885391235, 1.9500867128372192, 1.9179552793502808, 1.9063183069229126, 1.8832330703735352, 1.8809679746627808, 1.8617221117019653, 1.8327898979187012, 1.8231098651885986, 1.783535361289978, 1.781367301940918, 1.7695287466049194, 1.7794572114944458, 1.7466360330581665, 1.7509878873825073, 1.7230526208877563, 1.7418029308319092, 1.7203325033187866, 1.7091515064239502, 1.7046699523925781, 1.7037433385849, 1.693976879119873, 1.6691981554031372, 1.6845027208328247, 1.6704944372177124, 1.659962773323059, 1.667898178100586, 1.6530914306640625, 1.673994779586792, 1.6552987098693848, 1.6630163192749023, 1.636218786239624, 1.6256741285324097, 1.667934775352478, 1.6677758693695068, 1.6491727828979492, 1.6458897590637207, 1.638350009918213, 1.6664098501205444, 1.650259256362915, 0.615153431892395, 0.5651093125343323, 0.5717963576316833, 0.5575178265571594, 0.5662956237792969, 0.5641000270843506, 0.5618022084236145, 0.5600805878639221, 0.5596133470535278, 0.5831886529922485, 0.5610383152961731, 0.5855163931846619, 0.5738593935966492, 0.5960607528686523, 0.5982722640037537, 0.5956339836120605, 0.6098974347114563, 0.6205657124519348, 0.5992927551269531, 0.6212645173072815, 0.6134026050567627, 0.6430874466896057, 0.6562957763671875, 0.6379769444465637, 0.6609205007553101, 0.6501025557518005, 0.6562002301216125, 0.6558093428611755, 0.6772401332855225, 0.6775212287902832, 0.7029798030853271, 0.6911541819572449, 0.7015399932861328, 0.7319872379302979, 0.7231804728507996, 0.766869306564331, 0.7556061744689941, 0.7813023328781128, 0.7942352890968323, 0.8076879978179932, 0.810987651348114, 0.815108597278595, 0.8379014730453491, 0.8816162943840027, 0.9019748568534851, 0.8784307837486267, 0.9206402897834778, 0.9571920037269592, 0.9944682717323303, 1.0216023921966553, 1.0190340280532837, 1.0651963949203491, 1.0922002792358398, 1.1290267705917358, 1.1484705209732056, 1.189577341079712, 1.2256540060043335, 1.2609206438064575, 1.325141429901123, 1.4034786224365234, 1.4459415674209595, 1.5051229000091553, 1.5720627307891846, 1.6572279930114746, 1.7278432846069336, 1.8425949811935425, 1.941775918006897, 2.052276134490967, 2.209526538848877, 2.356194257736206, 2.554994821548462, 2.7789289951324463, 3.0289306640625, 3.330425262451172, inf, inf, inf, inf, inf, inf, inf, inf, inf, inf, inf, inf, inf, inf, inf, inf, inf, inf, inf, inf, inf, inf, inf, inf, inf, inf, inf, inf, inf, inf, inf, inf, inf, inf, inf, inf, inf, inf, 1.1718453168869019, 1.1634818315505981, 1.1700292825698853, inf]),0.01749303564429283,3405593000000,
array('f', [inf, inf, inf, inf, inf, inf, inf, inf, inf, inf, inf, inf, inf, inf, inf, inf, inf, inf, inf, inf, inf, inf, inf, inf, inf, inf, inf, inf, inf, inf, inf, inf, inf, inf, inf, inf, inf, inf, inf, inf, inf, inf, inf, inf, inf, inf, inf, inf, inf, inf, inf, inf, inf, inf, inf, inf, inf, inf, inf, inf, inf, inf, inf, inf, inf, inf, inf, inf, inf, inf, inf, inf, inf, inf, inf, inf, inf, inf, inf, inf, inf, inf, inf, inf, inf, inf, inf, inf, inf, inf, inf, inf, inf, inf, inf, inf, inf, inf, inf, inf, inf, inf, inf, inf, inf, inf, inf, inf, inf, inf, inf, inf, inf, inf, inf, inf, inf, inf, inf, inf, inf, inf, inf, inf, inf, inf, inf, inf, inf, inf, inf, inf, inf, inf, inf, inf, inf, inf, inf, inf, inf, inf, inf, inf, inf, inf, inf, inf, inf, inf, inf, inf, inf, inf, inf, 3.275441884994507, 3.017289876937866, 2.7408061027526855, 2.550612688064575, 2.3702621459960938, 2.2253434658050537, 2.1131153106689453, 1.9874324798583984, 1.8793067932128906, 1.781113624572754, 1.6961857080459595, 1.6431164741516113, 1.5613797903060913, 1.5081983804702759, 1.4262511730194092, 1.373525857925415, 1.3539228439331055, 1.2813775539398193, 1.2433370351791382, 1.2042155265808105, 1.172282338142395, 1.1397144794464111, 1.1082452535629272, 1.0632296800613403, 1.071625828742981, 1.0885545015335083, 1.0980613231658936, 1.1005626916885376, 1.1073869466781616, 1.159486174583435, inf, inf, inf, inf, inf, 2.379220485687256, 2.316347599029541, 2.2971365451812744, 2.257769823074341, 2.229530096054077, 2.190476655960083, 2.1482231616973877, 2.1336002349853516, 2.1130363941192627, 2.0827836990356445, 2.0422310829162598, 2.022742748260498, 1.9978474378585815, 1.9857321977615356, 1.9692543745040894, 1.9445722103118896, 1.9176254272460938, 1.9057857990264893, 1.8721225261688232, 1.8867095708847046, 1.8690054416656494, 1.8556065559387207, 1.8323701620101929, 1.8209201097488403, 1.8145158290863037, 1.801354169845581, 1.7854745388031006, 1.7821240425109863, 1.760530948638916, 1.7336328029632568, 1.720514178276062, 1.7276808023452759, 1.7344416379928589, 1.7329559326171875, 1.7330193519592285, 1.7054623365402222, 1.7144925594329834, 1.7074875831604004, 1.707907795906067, 1.6923660039901733, 1.6757378578186035, 1.693825364112854, 1.7034982442855835, 1.6914308071136475, 1.7050167322158813, 1.6984996795654297, 0.6803060173988342, 0.5953229665756226, 0.5986883640289307, 0.5976677536964417, 0.6028167009353638, 0.5988263487815857, 0.5965039730072021, 0.5833253264427185, 0.5972749590873718, 0.6022016406059265, 0.6178556680679321, 0.5938716530799866, 0.6028968095779419, 0.6142419576644897, 0.6011472344398499, 0.6267039775848389, 0.6069167256355286, 0.6366071701049805, 0.6539337635040283, 0.6306363344192505, 0.6337438821792603, 0.6513460874557495, 0.6471021771430969, 0.6638496518135071, 0.6555878520011902, 0.6666479706764221, 0.6984850764274597, 0.67084801197052, 0.6762932538986206, 0.6864631175994873, 0.6996195316314697, 0.7064425945281982, 0.70714271068573, 0.7145708799362183, 0.7355650067329407, 0.7342018485069275, 0.7271883487701416, 0.7664161920547485, 0.7700980305671692, 0.7759324312210083, 0.7801454663276672, 0.8038299679756165, 0.8201697468757629, 0.8307896256446838, 0.8575188517570496, 0.8714402318000793, 0.8924146294593811, 0.8952487111091614, 0.9180790781974792, 0.9216213822364807, 0.9573858976364136, 0.9608530402183533, 0.9900797009468079, 1.0310500860214233, 1.0416295528411865, 1.083517074584961, 1.1126993894577026, 1.1421607732772827, 1.1647586822509766, 1.2003142833709717, 1.2472978830337524, 1.2884925603866577, 1.3422033786773682, 1.3651037216186523, 1.4376986026763916, 1.4991683959960938, 1.5631600618362427, 1.6221119165420532, 1.713361144065857, 1.7879935503005981, 1.9093395471572876, 1.9902702569961548, 2.109517812728882, 2.2461013793945312, 2.4189870357513428, 2.582775592803955, 2.793591260910034, 3.0159707069396973, 3.2912304401397705, inf, inf, inf, inf, inf, inf, inf, inf, inf, inf, inf, inf, inf, inf, inf, inf, inf, inf, inf, inf, inf, inf, inf, inf, inf, inf, inf, inf, inf, inf, inf, inf, inf, inf, inf, inf, inf, 1.1373966932296753, 1.1037324666976929, 1.09994375705719, 1.1239351034164429, inf, inf, inf, inf]),0.01749303564429283,3405793000000,
array('f', [inf, inf, inf, inf, inf, inf, inf, inf, inf, inf, inf, inf, inf, inf, inf, inf, inf, inf, inf, inf, inf, inf, inf, inf, inf, inf, inf, inf, inf, inf, inf, inf, inf, inf, inf, inf, inf, inf, inf, inf, inf, inf, inf, inf, inf, inf, inf, inf, inf, inf, inf, inf, inf, inf, inf, inf, inf, inf, inf, inf, inf, inf, inf, inf, inf, inf, inf, inf, inf, inf, inf, inf, inf, inf, inf, inf, inf, inf, inf, inf, inf, inf, inf, inf, inf, inf, inf, inf, inf, inf, inf, inf, inf, inf, inf, inf, inf, inf, inf, inf, inf, inf, inf, inf, inf, inf, inf, inf, inf, inf, inf, inf, inf, inf, inf, inf, inf, inf, inf, inf, inf, inf, inf, inf, inf, inf, inf, inf, inf, inf, inf, inf, inf, inf, inf, inf, inf, inf, inf, inf, inf, inf, inf, inf, inf, inf, inf, inf, inf, inf, inf, inf, inf, 3.430264711380005, 3.142451047897339, 2.8872110843658447, 2.676182508468628, 2.49814772605896, 2.3493030071258545, 2.204801321029663, 2.0968925952911377, 1.9754700660705566, 1.8841240406036377, 1.8024487495422363, 1.7012534141540527, 1.637413501739502, 1.5888636112213135, 1.5269254446029663, 1.4667837619781494, 1.4066721200942993, 1.3661404848098755, 1.3465169668197632, 1.2931593656539917, 1.2359338998794556, 1.19624662399292, 1.1843583583831787, 1.1485649347305298, 1.139974594116211, 1.1537877321243286, 1.177107334136963, 1.1867332458496094, 1.231178879737854, 1.2346593141555786, inf, inf, inf, inf, 2.447204351425171, 2.4123728275299072, 2.369908571243286, 2.3357675075531006, 2.3079915046691895, 2.2790627479553223, 2.2405595779418945, 2.206759452819824, 2.1709675788879395, 2.155999183654785, 2.1033806800842285, 2.0950546264648438, 2.0684800148010254, 2.0617411136627197, 2.00534725189209, 2.0116612911224365, 1.983742117881775, 1.9806121587753296, 1.9204779863357544, 1.9347877502441406, 1.9131159782409668, 1.915743350982666, 1.8753324747085571, 1.8580002784729004, 1.8715101480484009, 1.8427579402923584, 1.8464990854263306, 1.8273664712905884, 1.82051420211792, 1.8207703828811646, 1.787980556488037, 1.7914254665374756, 1.7684017419815063, 1.7613929510116577, 1.7634891271591187, 1.7599979639053345, 1.7626250982284546, 1.7590992450714111, 1.7558472156524658, 1.7420134544372559, 1.7495263814926147, 1.7250351905822754, 0.6473444700241089, 0.6434416770935059, 0.6426401138305664, 0.6512991189956665, 0.6370280981063843, 0.6519201397895813, 0.6238120794296265, 0.6442568302154541, 0.6446251273155212, 0.6402738094329834, 0.655379056930542, 0.6235062479972839, 0.649032711982727, 0.6340251564979553, 0.6441891193389893, 0.6395965814590454, 0.654565691947937, 0.6512102484703064, 0.6596657633781433, 0.6470146179199219, 0.6608943343162537, 0.6638246178627014, 0.6707436442375183, 0.6718087792396545, 0.677284836769104, 0.6805675029754639, 0.6969378590583801, 0.6836991310119629, 0.7102739810943604, 0.7058209776878357, 0.6935855150222778, 0.7063089609146118, 0.704997181892395, 0.7382043600082397, 0.7425140142440796, 0.75326007604599, 0.760669469833374, 0.7554196715354919, 0.7849413156509399, 0.7673364877700806, 0.7912499308586121, 0.8072738647460938, 0.8312081694602966, 0.8213510513305664, 0.8301892876625061, 0.8510650396347046, 0.8606057167053223, 0.8512073755264282, 0.9010339975357056, 0.9017171263694763, 0.9278002977371216, 0.9514784812927246, 0.9487976431846619, 0.9993533492088318, 1.0178674459457397, 1.0240707397460938, 1.0515844821929932, 1.0737144947052002, 1.0975676774978638, 1.1205291748046875, 1.1633719205856323, 1.2013981342315674, 1.2298307418823242, 1.2923917770385742, 1.3012092113494873, 1.3401029109954834, 1.397879719734192, 1.4440281391143799, 1.504441261291504, 1.5501517057418823, 1.5982779264450073, 1.6845146417617798, 1.7629181146621704, 1.8658010959625244, 1.9547942876815796, 2.0562283992767334, 2.1624832153320312, 2.294318914413452, 2.455409526824951, 2.6499831676483154, 2.828155994415283, 3.0322425365448, 3.3395614624023438, inf, inf, inf, inf, inf, inf, inf, inf, inf, inf, inf, inf, inf, inf, inf, inf, inf, inf, inf, inf, inf, inf, inf, inf, inf, inf, inf, inf, inf, inf, inf, inf, inf, inf, inf, inf, inf, 1.0453542470932007, 1.0332783460617065, 1.0455282926559448, inf, inf, inf, inf, inf, inf, inf, inf]),0.01749303564429283,3405993000000,
array('f', [inf, inf, inf, inf, inf, inf, inf, inf, inf, inf, inf, inf, inf, inf, inf, inf, inf, inf, inf, inf, inf, inf, inf, inf, inf, inf, inf, inf, inf, inf, inf, inf, inf, inf, inf, inf, inf, inf, inf, inf, inf, inf, inf, inf, inf, inf, inf, inf, inf, inf, inf, inf, inf, inf, inf, inf, inf, inf, inf, inf, inf, inf, inf, inf, inf, inf, inf, inf, inf, inf, inf, inf, inf, inf, inf, inf, inf, inf, inf, inf, inf, inf, inf, inf, inf, inf, inf, inf, inf, inf, inf, inf, inf, inf, inf, inf, inf, inf, inf, inf, inf, inf, inf, inf, inf, inf, inf, inf, inf, inf, inf, inf, inf, inf, inf, inf, inf, inf, inf, inf, inf, inf, inf, inf, inf, inf, inf, inf, inf, inf, inf, inf, inf, inf, inf, inf, inf, inf, inf, inf, inf, inf, inf, inf, inf, inf, inf, inf, inf, inf, inf, inf, 3.274038791656494, 3.018207311630249, 2.7989509105682373, 2.635322093963623, 2.4645962715148926, 2.322519540786743, 2.2032487392425537, 2.0714268684387207, 1.9953662157058716, 1.8967351913452148, 1.8109065294265747, 1.731837511062622, 1.6584358215332031, 1.6197069883346558, 1.5448797941207886, 1.482291579246521, 1.4291417598724365, 1.3879412412643433, 1.3617488145828247, 1.302307367324829, 1.2844418287277222, 1.256992220878601, 1.2062422037124634, 1.1917976140975952, 1.2244699001312256, 1.2602601051330566, 1.2646775245666504, 1.2927006483078003, inf, inf, inf, inf, inf, 2.5225484371185303, 2.45735239982605, 2.4442052841186523, 2.3758981227874756, 2.3602375984191895, 2.312700033187866, 2.282405138015747, 2.2382524013519287, 2.225106716156006, 2.1911940574645996, 2.169926643371582, 2.1485936641693115, 2.117490291595459, 2.1037681102752686, 2.065783739089966, 2.0488193035125732, 2.0260703563690186, 1.991786003112793, 2.0133426189422607, 1.9769953489303589, 1.949435830116272, 1.9425561428070068, 1.940034031867981, 1.9422162771224976, 1.9131134748458862, 1.911555290222168, 1.8929362297058105, 1.867080569267273, 1.8702021837234497, 1.8690723180770874, 1.8374965190887451, 1.8241996765136719, 1.8310550451278687, 1.8236299753189087, 1.7937707901000977, 1.8247320652008057, 1.8143560886383057, 0.6816343069076538, 0.6809895038604736, 0.6848160028457642, 0.6861473321914673, 0.6936776041984558, 0.6728202700614929, 0.6831198334693909, 0.6779058575630188, 0.6882771253585815, 0.6928796768188477, 0.667243242263794, 0.6791486144065857, 0.6776863932609558, 0.6868813633918762, 0.687788724899292, 0.683555543422699, 0.6894877552986145, 0.7107303142547607, 0.6926243305206299, 0.6965972781181335, 0.690207839012146, 0.7134559154510498, 0.7037009000778198, 0.7100184559822083, 0.7180829048156738, 0.7015285491943359, 0.703848659992218, 0.7018294334411621, 0.7331187725067139, 0.716493546962738, 0.7379955053329468, 0.744435727596283, 0.7572759985923767, 0.7507071495056152, 0.7588402628898621, 0.7444431185722351, 0.7738803625106812, 0.7734865546226501, 0.7838225364685059, 0.7922094464302063, 0.8169150948524475, 0.8031120896339417, 0.8137151002883911, 0.8319092988967896, 0.8487697243690491, 0.8563621044158936, 0.8500001430511475, 0.8738409280776978, 0.8787182569503784, 0.8970168232917786, 0.9297225475311279, 0.9438861608505249, 0.9421387314796448, 0.950430154800415, 0.967603862285614, 1.0135082006454468, 1.0265076160430908, 1.036220908164978, 1.0503606796264648, 1.0948597192764282, 1.1156426668167114, 1.1297037601470947, 1.1680015325546265, 1.1846808195114136, 1.21373450756073, 1.2486172914505005, 1.2844700813293457, 1.3365360498428345, 1.3583680391311646, 1.4146103858947754, 1.4608759880065918, 1.491611123085022, 1.5572254657745361, 1.630459189414978, 1.676454782485962, 1.754807710647583, 1.8284754753112793, 1.929776668548584, 2.0201337337493896, 2.114731550216675, 2.2312324047088623, 2.3582637310028076, 2.508467197418213, 2.689596176147461, 2.869770050048828, 3.1001193523406982, 3.3548245429992676, inf, inf, inf, inf, inf, inf, inf, inf, inf, inf, inf, inf, inf, inf, inf, inf, inf, inf, inf, inf, inf, inf, inf, inf, inf, inf, inf, inf, inf, inf, inf, inf, inf, inf, inf, inf, 0.9920145273208618, 0.9863929152488708, 0.9829615354537964, inf, inf, inf, inf, inf, inf, inf, inf, inf, inf, inf, inf]),0.01749303564429283,3406193000000,
array('f', [inf, inf, inf, inf, inf, inf, inf, inf, inf, inf, inf, inf, inf, inf, inf, inf, inf, inf, inf, inf, inf, inf, inf, inf, inf, inf, inf, inf, inf, inf, inf, inf, inf, inf, inf, inf, inf, inf, inf, inf, inf, inf, inf, inf, inf, inf, inf, inf, inf, inf, inf, inf, inf, inf, inf, inf, inf, inf, inf, inf, inf, inf, inf, inf, inf, inf, inf, inf, inf, inf, inf, inf, inf, inf, inf, inf, inf, inf, inf, inf, inf, inf, inf, inf, inf, inf, inf, inf, inf, inf, inf, inf, inf, inf, inf, inf, inf, inf, inf, inf, inf, inf, inf, inf, inf, inf, inf, inf, inf, inf, inf, inf, inf, inf, inf, inf, inf, inf, inf, inf, inf, inf, inf, inf, inf, inf, inf, inf, inf, inf, inf, inf, inf, inf, inf, inf, inf, inf, inf, inf, inf, inf, inf, inf, inf, inf, inf, inf, inf, inf, 3.4364712238311768, 3.152822256088257, 2.964595079421997, 2.7357280254364014, 2.5911753177642822, 2.4478538036346436, 2.3217239379882812, 2.1926493644714355, 2.091811418533325, 2.0222978591918945, 1.9106799364089966, 1.839752435684204, 1.7616217136383057, 1.7123651504516602, 1.6417969465255737, 1.5890063047409058, 1.546437382698059, 1.5005767345428467, 1.4394181966781616, 1.3981086015701294, 1.3476672172546387, 1.320494532585144, 1.2877122163772583, 1.2825658321380615, 1.3008873462677002, 1.3187047243118286, 1.3411742448806763, 1.35984206199646, inf, inf, inf, inf, inf, 2.5649731159210205, 2.5247485637664795, 2.497798204421997, 2.4345829486846924, 2.39928936958313, 2.3876991271972656, 2.3366169929504395, 2.3125576972961426, 2.2802786827087402, 2.2371108531951904, 2.224881410598755, 2.1907224655151367, 2.169454336166382, 2.167759895324707, 2.1142754554748535, 2.109510660171509, 2.0735363960266113, 2.0516834259033203, 2.0579452514648438, 2.0172119140625, 2.006438970565796, 1.9892692565917969, 1.9799838066101074, 1.9729843139648438, 1.9486345052719116, 1.9397895336151123, 1.921370506286621, 1.9005950689315796, 1.874493956565857, 1.889386773109436, 1.90088951587677, 1.863540530204773, 1.8568872213363647, 0.736587405204773, 0.7285065054893494, 0.7411560416221619, 0.7406340837478638, 0.7449256181716919, 0.7230051755905151, 0.7259264588356018, 0.7270736694335938, 0.7224881649017334, 0.7209898233413696, 0.7266205549240112, 0.725226879119873, 0.7197480201721191, 0.7219744324684143, 0.7252511382102966, 0.7153708934783936, 0.7171936631202698, 0.7301502823829651, 0.7356436848640442, 0.7420802116394043, 0.7285277247428894, 0.7189285755157471, 0.7386528253555298, 0.752792239189148, 0.721282958984375, 0.7534655928611755, 0.7708052396774292, 0.7375386953353882, 0.7539151310920715, 0.7498264312744141, 0.745438277721405, 0.7737199664115906, 0.7773643732070923, 0.7761192917823792, 0.783458948135376, 0.8007056713104248, 0.8111845850944519, 0.7941259741783142, 0.8103010058403015, 0.785075843334198, 0.8202171921730042, 0.834881067276001, 0.8379649519920349, 0.8568902611732483, 0.8509840965270996, 0.8556414842605591, 0.8545836210250854, 0.8893904089927673, 0.9037719368934631, 0.912554919719696, 0.9212555289268494, 0.9268852472305298, 0.9756195545196533, 0.9604233503341675, 0.9913750290870667, 0.9912556409835815, 1.0098904371261597, 1.0228265523910522, 1.070271372795105, 1.0842318534851074, 1.1132806539535522, 1.1063913106918335, 1.1411641836166382, 1.1525720357894897, 1.188968300819397, 1.218291163444519, 1.2427400350570679, 1.2814613580703735, 1.310836911201477, 1.3531054258346558, 1.3886675834655762, 1.428163766860962, 1.4730587005615234, 1.510849952697754, 1.5784039497375488, 1.6342498064041138, 1.6887441873550415, 1.764614462852478, 1.836620569229126, 1.895920991897583, 2.011220693588257, 2.0820465087890625, 2.1890220642089844, 2.2936086654663086, 2.4294300079345703, 2.562270402908325, 2.7351691722869873, 2.9193804264068604, 3.1351125240325928, 3.378200054168701, inf, inf, inf, inf, inf, inf, inf, inf, inf, inf, inf, inf, inf, inf, inf, inf, inf, inf, inf, inf, inf, inf, inf, inf, inf, inf, inf, inf, inf, inf, inf, inf, inf, inf, inf, 0.9267287254333496, 0.9348398447036743, 0.9327739477157593, inf, inf, inf, inf, inf, inf, inf, inf, inf, inf, inf, inf, inf, inf, inf, inf]),0.01749303564429283,3406393000000,
array('f', [inf, inf, inf, inf, inf, inf, inf, inf, inf, inf, inf, inf, inf, inf, inf, inf, inf, inf, inf, inf, inf, inf, inf, inf, inf, inf, inf, inf, inf, inf, inf, inf, inf, inf, inf, inf, inf, inf, inf, inf, inf, inf, inf, inf, inf, inf, inf, inf, inf, inf, inf, inf, inf, inf, inf, inf, inf, inf, inf, inf, inf, inf, inf, inf, inf, inf, inf, inf, inf, inf, inf, inf, inf, inf, inf, inf, inf, inf, inf, inf, inf, inf, inf, inf, inf, inf, inf, inf, inf, inf, inf, inf, inf, inf, inf, inf, inf, inf, inf, inf, inf, inf, inf, inf, inf, inf, inf, inf, inf, inf, inf, inf, inf, inf, inf, inf, inf, inf, inf, inf, inf, inf, inf, inf, inf, inf, inf, inf, inf, inf, inf, inf, inf, inf, inf, inf, inf, inf, inf, inf, inf, inf, inf, inf, inf, inf, inf, inf, inf, 3.312767505645752, 3.0795111656188965, 2.886500597000122, 2.707477569580078, 2.555391550064087, 2.4316699504852295, 2.3122713565826416, 2.2116827964782715, 2.104135036468506, 2.0044524669647217, 1.9438555240631104, 1.8616317510604858, 1.8005399703979492, 1.721087098121643, 1.6787344217300415, 1.6273523569107056, 1.565150499343872, 1.5403361320495605, 1.482494592666626, 1.43673574924469, 1.392699122428894, 1.3796563148498535, 1.3732320070266724, 1.3900176286697388, 1.3930350542068481, 1.4270871877670288, 1.4402743577957153, inf, inf, inf, inf, 2.6662814617156982, 2.632472276687622, 2.5923426151275635, 2.553262233734131, 2.4936397075653076, 2.465747594833374, 2.4392948150634766, 2.3725693225860596, 2.3404908180236816, 2.3309226036071777, 2.2879436016082764, 2.277442216873169, 2.2377212047576904, 2.237867593765259, 2.1892144680023193, 2.181727647781372, 2.169050455093384, 2.133456230163574, 2.1284079551696777, 2.0926284790039062, 2.0823943614959717, 2.050183057785034, 2.0540401935577393, 2.018862724304199, 1.9997540712356567, 1.9928224086761475, 1.9945203065872192, 1.9788157939910889, 1.9815657138824463, 1.9567291736602783, 1.9299887418746948, 0.7868801355361938, 0.7854499816894531, 0.8038963675498962, 0.7966843843460083, 0.7850027084350586, 0.7920756936073303, 0.7924529910087585, 0.7831301689147949, 0.7809876203536987, 0.7863014936447144, 0.7836753726005554, 0.7887783050537109, 0.7874376177787781, 0.7778196930885315, 0.7774972915649414, 0.7885420918464661, 0.7710555791854858, 0.7721925973892212, 0.7689309120178223, 0.7803531885147095, 0.7763593792915344, 0.7715440988540649, 0.7910588383674622, 0.7797831892967224, 0.7905393838882446, 0.8003771901130676, 0.79399174451828, 0.7925643920898438, 0.8070276379585266, 0.7924519181251526, 0.8193767070770264, 0.8202509880065918, 0.8289953470230103, 0.8322325944900513, 0.8267155289649963, 0.8206799626350403, 0.8429211974143982, 0.8529070615768433, 0.8514354228973389, 0.8492509126663208, 0.8798771500587463, 0.8534466624259949, 0.8880411982536316, 0.8980405330657959, 0.8998523354530334, 0.9033103585243225, 0.9107018709182739, 0.9192914366722107, 0.9264513850212097, 0.970866858959198, 0.9694669246673584, 0.9739851951599121, 0.9771174192428589, 0.9909353852272034, 1.009604573249817, 1.000333547592163, 1.0385838747024536, 1.0705002546310425, 1.0777530670166016, 1.1070244312286377, 1.1132888793945312, 1.1174789667129517, 1.1611360311508179, 1.1732836961746216, 1.1973344087600708, 1.2323579788208008, 1.2635269165039062, 1.2966043949127197, 1.320102572441101, 1.3353605270385742, 1.3752201795578003, 1.4061030149459839, 1.4590359926223755, 1.5074855089187622, 1.5374988317489624, 1.5880672931671143, 1.6377336978912354, 1.6828261613845825, 1.7610492706298828, 1.8130815029144287, 1.892769455909729, 1.9690221548080444, 2.045602321624756, 2.140174150466919, 2.2482969760894775, 2.359260320663452, 2.491464376449585, 2.621230363845825, 2.799058675765991, 2.954637050628662, 3.158874273300171, 3.4208168983459473, inf, inf, inf, inf, inf, inf, inf, inf, inf, inf, inf, inf, inf, inf, inf, inf, inf, inf, inf, inf, inf, inf, inf, inf, inf, inf, inf, inf, inf, inf, inf, inf, inf, 0.8943800330162048, 0.8671919703483582, 0.8801401853561401, 0.8870417475700378, inf, inf, inf, inf, inf, inf, inf, inf, inf, inf, inf, inf, inf, inf, inf, inf, inf, inf, inf, inf]),0.01749303564429283,3406593000000,
array('f', [inf, inf, inf, inf, inf, inf, inf, inf, inf, inf, inf, inf, inf, inf, inf, inf, inf, inf, inf, inf, inf, inf, inf, inf, inf, inf, inf, inf, inf, inf, inf, inf, inf, inf, inf, inf, inf, inf, inf, inf, inf, inf, inf, inf, inf, inf, inf, inf, inf, inf, inf, inf, inf, inf, inf, inf, inf, inf, inf, inf, inf, inf, inf, inf, inf, inf, inf, inf, inf, inf, inf, inf, inf, inf, inf, inf, inf, inf, inf, inf, inf, inf, inf, inf, inf, inf, inf, inf, inf, inf, inf, inf, inf, inf, inf, inf, inf, inf, inf, inf, inf, inf, inf, inf, inf, inf, inf, inf, inf, inf, inf, inf, inf, inf, inf, inf, inf, inf, inf, inf, inf, inf, inf, inf, inf, inf, inf, inf, inf, inf, inf, inf, inf, inf, inf, inf, inf, inf, inf, inf, inf, inf, inf, inf, inf, inf, inf, 3.4540796279907227, 3.236884117126465, 3.0190017223358154, 2.8603973388671875, 2.6966683864593506, 2.5625264644622803, 2.4234485626220703, 2.3401150703430176, 2.2070229053497314, 2.146641492843628, 2.053757905960083, 1.969246506690979, 1.9046838283538818, 1.8310177326202393, 1.7726689577102661, 1.7088476419448853, 1.6427522897720337, 1.6165063381195068, 1.5555773973464966, 1.5317010879516602, 1.4798033237457275, 1.4469480514526367, 1.4565843343734741, 1.4569602012634277, 1.4578814506530762, 1.490135908126831, 1.5074704885482788, inf, inf, inf, inf, 2.727853298187256, 2.6968884468078613, 2.6361284255981445, 2.590116024017334, 2.5641326904296875, 2.5463783740997314, 2.482431650161743, 2.4417877197265625, 2.4130616188049316, 2.3916985988616943, 2.333645820617676, 2.3219995498657227, 2.261249303817749, 2.2676429748535156, 2.249476432800293, 2.2170610427856445, 2.2073171138763428, 2.187819719314575, 2.157911539077759, 2.1500163078308105, 2.1358633041381836, 2.119011402130127, 2.093433380126953, 2.059675693511963, 2.069082260131836, 2.0459542274475098, 2.034237861633301, 2.0145156383514404, 0.8602076172828674, 0.8612884283065796, 0.8461979031562805, 0.8444691300392151, 0.8355768918991089, 0.8397279977798462, 0.841306209564209, 0.8532482981681824, 0.8353291749954224, 0.8351531028747559, 0.8455172777175903, 0.8350160717964172, 0.8316179513931274, 0.8453459739685059, 0.8094380497932434, 0.8428072929382324, 0.8130922317504883, 0.8215369582176208, 0.8147977590560913, 0.8138576745986938, 0.8225964903831482, 0.8136367797851562, 0.8290542960166931, 0.8185900449752808, 0.8518319129943848, 0.833154022693634, 0.8386660218238831, 0.844179093837738, 0.8330124020576477, 0.8533428907394409, 0.8500885367393494, 0.8438258767127991, 0.8585050106048584, 0.8768784403800964, 0.8787063956260681, 0.8715369701385498, 0.8732079863548279, 0.8718448281288147, 0.8991467952728271, 0.8887135982513428, 0.8992379307746887, 0.908423662185669, 0.9349116683006287, 0.9273528456687927, 0.9206210374832153, 0.9484120607376099, 0.9621157646179199, 0.960690438747406, 0.9589487910270691, 0.9545283317565918, 0.9848881363868713, 0.9839109182357788, 1.0074316263198853, 1.0256749391555786, 1.0223559141159058, 1.0494472980499268, 1.0555744171142578, 1.08136785030365, 1.1134964227676392, 1.1198337078094482, 1.130420446395874, 1.1433684825897217, 1.1841543912887573, 1.2141193151474, 1.2209798097610474, 1.2429238557815552, 1.249474048614502, 1.2952756881713867, 1.3235242366790771, 1.341726303100586, 1.3883339166641235, 1.421811819076538, 1.455680012702942, 1.4908859729766846, 1.5188096761703491, 1.5808743238449097, 1.6157803535461426, 1.6371285915374756, 1.7129099369049072, 1.7799689769744873, 1.8205974102020264, 1.8997987508773804, 1.9582301378250122, 2.0338566303253174, 2.14050555229187, 2.221468925476074, 2.3249480724334717, 2.429795980453491, 2.56960129737854, 2.7016890048980713, 2.836994171142578, 3.0351521968841553, 3.2389235496520996, 3.4595677852630615, inf, inf, inf, inf, inf, inf, inf, inf, inf, inf, inf, inf, inf, inf, inf, inf, inf, inf, inf, inf, inf, inf, inf, inf, inf, inf, inf, inf, inf, inf, inf, 0.8288295269012451, 0.8161942362785339, 0.8124359846115112, 0.8266971707344055, inf, inf, inf, inf, inf, inf, inf, inf, inf, inf, inf, inf, inf, inf, inf, inf, inf, inf, inf, inf, inf, inf, inf, inf, inf]),0.01749303564429283,3406793000000,
array('f', [inf, inf, inf, inf, inf, inf, inf, inf, inf, inf, inf, inf, inf, inf, inf, inf, inf, inf, inf, inf, inf, inf, inf, inf, inf, inf, inf, inf, inf, inf, inf, inf, inf, inf, inf, inf, inf, inf, inf, inf, inf, inf, inf, inf, inf, inf, inf, inf, inf, inf, inf, inf, inf, inf, inf, inf, inf, inf, inf, inf, inf, inf, inf, inf, inf, inf, inf, inf, inf, inf, inf, inf, inf, inf, inf, inf, inf, inf, inf, inf, inf, inf, inf, inf, inf, inf, inf, inf, inf, inf, inf, inf, inf, inf, inf, inf, inf, inf, inf, inf, inf, inf, inf, inf, inf, inf, inf, inf, inf, inf, inf, inf, inf, inf, inf, inf, inf, inf, inf, inf, inf, inf, inf, inf, inf, inf, inf, inf, inf, inf, inf, inf, inf, inf, inf, inf, inf, inf, inf, inf, inf, inf, inf, inf, inf, inf, 3.3709824085235596, 3.172607898712158, 2.9953510761260986, 2.8486804962158203, 2.6829888820648193, 2.5669944286346436, 2.4383785724639893, 2.35103440284729, 2.2439796924591064, 2.1531007289886475, 2.0614123344421387, 1.9944868087768555, 1.9367823600769043, 1.8674615621566772, 1.7999166250228882, 1.7372244596481323, 1.7112438678741455, 1.6609376668930054, 1.6205617189407349, 1.574592113494873, 1.5227792263031006, 1.5018904209136963, 1.5330381393432617, 1.5460927486419678, 1.5710946321487427, 1.5988545417785645, inf, inf, inf, inf, 2.7928855419158936, 2.7689530849456787, 2.705324172973633, 2.6728694438934326, 2.6182138919830322, 2.576056957244873, 2.5520806312561035, 2.5097222328186035, 2.4828128814697266, 2.4544641971588135, 2.4164607524871826, 2.3885040283203125, 2.3574576377868652, 2.31683349609375, 2.308326244354248, 2.2975995540618896, 2.2633683681488037, 2.23459529876709, 2.233106851577759, 2.181730031967163, 2.2042243480682373, 2.1577351093292236, 2.1407384872436523, 2.1576130390167236, 2.1194682121276855, 2.1128854751586914, 0.8983803987503052, 0.9184213876724243, 0.9188489317893982, 0.8949585556983948, 0.9230694770812988, 0.9001937508583069, 0.8993416428565979, 0.8991902470588684, 0.8908923268318176, 0.8891472816467285, 0.8847888112068176, 0.8972108364105225, 0.8763830661773682, 0.8714781403541565, 0.8735581636428833, 0.8835680484771729, 0.8761058449745178, 0.8822444081306458, 0.8862816691398621, 0.8730825781822205, 0.8871974349021912, 0.8761381506919861, 0.8735758662223816, 0.8725711703300476, 0.8939471244812012, 0.8866405487060547, 0.9004651308059692, 0.8977519869804382, 0.8751329183578491, 0.911568284034729, 0.8865587115287781, 0.9065206050872803, 0.9058833122253418, 0.9253183007240295, 0.9068159461021423, 0.9068378210067749, 0.9147064089775085, 0.9384995698928833, 0.9200003743171692, 0.9311156272888184, 0.9644575119018555, 0.948170006275177, 0.9738211631774902, 0.980128824710846, 0.9761947989463806, 0.9815725684165955, 0.9953506588935852, 1.0068118572235107, 1.012507438659668, 1.014145851135254, 1.0361597537994385, 1.0413174629211426, 1.0445573329925537, 1.0871716737747192, 1.087433934211731, 1.0880699157714844, 1.1199935674667358, 1.122596025466919, 1.1456116437911987, 1.1753201484680176, 1.1521544456481934, 1.1870993375778198, 1.215699315071106, 1.2352514266967773, 1.263094186782837, 1.277866005897522, 1.3013370037078857, 1.3493082523345947, 1.359674334526062, 1.3882499933242798, 1.4214301109313965, 1.4455379247665405, 1.4971659183502197, 1.5214598178863525, 1.5434925556182861, 1.60105562210083, 1.6419095993041992, 1.6735694408416748, 1.7366019487380981, 1.7809618711471558, 1.8585151433944702, 1.9067806005477905, 1.9608309268951416, 2.0408999919891357, 2.1256697177886963, 2.200728178024292, 2.2875077724456787, 2.4042062759399414, 2.510003089904785, 2.6403303146362305, 2.774881362915039, 2.9336841106414795, 3.102128267288208, 3.2789149284362793, inf, inf, inf, inf, inf, inf, inf, inf, inf, inf, inf, inf, inf, inf, inf, inf, inf, inf, inf, inf, inf, inf, inf, inf, inf, inf, inf, inf, inf, 0.7927581071853638, 0.7673887014389038, 0.7798388600349426, 0.7708029747009277, inf, inf, inf, inf, inf, inf, inf, inf, inf, inf, inf, inf, inf, inf, inf, inf, inf, inf, inf, inf, inf, inf, inf, inf, inf, inf, inf, inf, inf, inf, inf]),0.01749303564429283,3406993000000,
array('f', [inf, inf, inf, inf, inf, inf, inf, inf, inf, inf, inf, inf, inf, inf, inf, inf, inf, inf, inf, inf, inf, inf, inf, inf, inf, inf, inf, inf, inf, inf, inf, inf, inf, inf, inf, inf, inf, inf, inf, inf, inf, inf, inf, inf, inf, inf, inf, inf, inf, inf, inf, inf, inf, inf, inf, inf, inf, inf, inf, inf, inf, inf, inf, inf, inf, inf, inf, inf, inf, inf, inf, inf, inf, inf, inf, inf, inf, inf, inf, inf, inf, inf, inf, inf, inf, inf, inf, inf, inf, inf, inf, inf, inf, inf, inf, inf, inf, inf, inf, inf, inf, inf, inf, inf, inf, inf, inf, inf, inf, inf, inf, inf, inf, inf, inf, inf, inf, inf, inf, inf, inf, inf, inf, inf, inf, inf, inf, inf, inf, inf, inf, inf, inf, inf, inf, inf, inf, inf, inf, inf, inf, inf, inf, inf, inf, 3.2983386516571045, 3.1374220848083496, 2.9729061126708984, 2.8330180644989014, 2.696331739425659, 2.57470440864563, 2.4733686447143555, 2.3654141426086426, 2.286057472229004, 2.186997413635254, 2.1185741424560547, 2.0313265323638916, 1.9691874980926514, 1.8966807126998901, 1.8367948532104492, 1.795880675315857, 1.7346336841583252, 1.711228609085083, 1.6428248882293701, 1.6218549013137817, 1.580288290977478, 1.5738075971603394, 1.6173038482666016, 1.632075548171997, 1.665608525276184, inf, inf, inf, 2.8896002769470215, 2.8538968563079834, 2.8075809478759766, 2.7499310970306396, 2.7183406352996826, 2.689056158065796, 2.6344921588897705, 2.6125545501708984, 2.571606397628784, 2.5481696128845215, 2.4874303340911865, 2.469045877456665, 2.4511332511901855, 2.4222466945648193, 2.3800487518310547, 2.3522441387176514, 2.329779863357544, 2.3318076133728027, 2.3182671070098877, 2.284205675125122, 2.261045455932617, 2.229649782180786, 2.2251338958740234, 2.209179162979126, 2.20137619972229, 1.0113813877105713, 0.9768211245536804, 1.0045359134674072, 0.9599738121032715, 0.9687448143959045, 0.9595921039581299, 0.9751147031784058, 0.9652969241142273, 0.9631261825561523, 0.9532821178436279, 0.955620527267456, 0.9770673513412476, 0.9427778124809265, 0.9426682591438293, 0.9445346593856812, 0.9539757966995239, 0.9474876523017883, 0.9314249157905579, 0.9363535642623901, 0.9504895210266113, 0.9305413365364075, 0.9495314359664917, 0.9299143552780151, 0.9530661702156067, 0.9260568618774414, 0.9440810680389404, 0.9359722137451172, 0.9642282724380493, 0.9343250393867493, 0.9559239149093628, 0.9499417543411255, 0.9616293907165527, 0.9613038897514343, 0.9570252895355225, 0.9756160974502563, 0.9538888931274414, 0.9758608937263489, 0.9997968673706055, 0.9973300695419312, 0.9918977618217468, 0.9860115051269531, 1.012797236442566, 1.0093727111816406, 1.0224342346191406, 1.0471895933151245, 1.0442495346069336, 1.015772819519043, 1.0418016910552979, 1.0363880395889282, 1.0571386814117432, 1.0850986242294312, 1.096898078918457, 1.086989402770996, 1.0933396816253662, 1.120368242263794, 1.1473240852355957, 1.1495635509490967, 1.1788742542266846, 1.1795835494995117, 1.1988147497177124, 1.2186827659606934, 1.2200876474380493, 1.244367241859436, 1.2964674234390259, 1.2977564334869385, 1.3108584880828857, 1.3406829833984375, 1.3814764022827148, 1.3865572214126587, 1.4297491312026978, 1.4588611125946045, 1.4686996936798096, 1.5137341022491455, 1.5220152139663696, 1.5651775598526, 1.6397368907928467, 1.6677656173706055, 1.7152987718582153, 1.7450637817382812, 1.8240662813186646, 1.8542132377624512, 1.9161475896835327, 1.977218508720398, 2.0176000595092773, 2.1157078742980957, 2.2052345275878906, 2.286182403564453, 2.3838891983032227, 2.4816462993621826, 2.5830252170562744, 2.699716091156006, 2.8469388484954834, 2.999765634536743, 3.177046537399292, 3.342597246170044, inf, inf, inf, inf, inf, inf, inf, inf, inf, inf, inf, inf, inf, inf, inf, inf, inf, inf, inf, inf, inf, inf, inf, inf, inf, inf, 0.7441565990447998, 0.7229264974594116, 0.7509415149688721, 0.7444605827331543, inf, inf, inf, inf, inf, inf, inf, inf, inf, inf, inf, inf, inf, inf, inf, inf, inf, inf, inf, inf, inf, inf, inf, inf, inf, inf, inf, inf, inf, inf, inf, inf, inf, inf, inf, inf, inf]),0.01749303564429283,3407193000000,
array('f', [inf, inf, inf, inf, inf, inf, inf, inf, inf, inf, inf, inf, inf, inf, inf, inf, inf, inf, inf, inf, inf, inf, inf, inf, inf, inf, inf, inf, inf, inf, inf, inf, inf, inf, inf, inf, inf, inf, inf, inf, inf, inf, inf, inf, inf, inf, inf, inf, inf, inf, inf, inf, inf, inf, inf, inf, inf, inf, inf, inf, inf, inf, inf, inf, inf, inf, inf, inf, inf, inf, inf, inf, inf, inf, inf, inf, inf, inf, inf, inf, inf, inf, inf, inf, inf, inf, inf, inf, inf, inf, inf, inf, inf, inf, inf, inf, inf, inf, inf, inf, inf, inf, inf, inf, inf, inf, inf, inf, inf, inf, inf, inf, inf, inf, inf, inf, inf, inf, inf, inf, inf, inf, inf, inf, inf, inf, inf, inf, inf, inf, inf, inf, inf, inf, inf, inf, inf, inf, inf, inf, inf, inf, inf, 3.4551212787628174, 3.2839787006378174, 3.1104066371917725, 2.9586269855499268, 2.826242446899414, 2.7033421993255615, 2.5842843055725098, 2.4706192016601562, 2.375659227371216, 2.286681890487671, 2.2068474292755127, 2.145275592803955, 2.0795340538024902, 1.980812907218933, 1.9414011240005493, 1.9151779413223267, 1.8403937816619873, 1.7802107334136963, 1.7617628574371338, 1.6942291259765625, 1.6637345552444458, 1.6819671392440796, 1.6804155111312866, 1.6818550825119019, 1.7336273193359375, inf, inf, inf, 2.966564416885376, 2.9165053367614746, 2.8708648681640625, 2.8517777919769287, 2.7780308723449707, 2.7405030727386475, 2.7207908630371094, 2.67722225189209, 2.6242623329162598, 2.595343589782715, 2.5699610710144043, 2.526784658432007, 2.497300863265991, 2.478471040725708, 2.455019235610962, 2.4169178009033203, 2.397826910018921, 2.376720428466797, 2.3665285110473633, 2.3265089988708496, 2.313523292541504, 2.276035785675049, 2.2642269134521484, 1.1022948026657104, 1.0659204721450806, 1.0614086389541626, 1.0435420274734497, 1.0607516765594482, 1.0420422554016113, 1.0370323657989502, 1.034123182296753, 1.028540015220642, 1.0035711526870728, 1.0105334520339966, 1.0182658433914185, 1.0127077102661133, 1.0131813287734985, 0.9921129941940308, 1.003272533416748, 0.9917050004005432, 1.000152349472046, 0.9765744209289551, 0.9916093349456787, 0.9893562197685242, 1.0051275491714478, 0.9810960292816162, 1.0097302198410034, 0.9822124242782593, 1.0106996297836304, 1.0051178932189941, 1.0023378133773804, 1.0102072954177856, 1.015511393547058, 1.0115348100662231, 0.9946284890174866, 1.001349687576294, 0.9948700070381165, 1.0342682600021362, 1.0093960762023926, 1.0078026056289673, 1.024444341659546, 1.0505340099334717, 1.0499017238616943, 1.0494168996810913, 1.0380427837371826, 1.063692331314087, 1.0486024618148804, 1.0669279098510742, 1.0871880054473877, 1.1009507179260254, 1.0850937366485596, 1.132598638534546, 1.125661849975586, 1.130642056465149, 1.1479697227478027, 1.1533524990081787, 1.1468709707260132, 1.158496618270874, 1.189504861831665, 1.2134608030319214, 1.2227013111114502, 1.2323706150054932, 1.2525774240493774, 1.2676950693130493, 1.277959942817688, 1.3082027435302734, 1.323081135749817, 1.33473539352417, 1.3604357242584229, 1.3912005424499512, 1.3960717916488647, 1.4170852899551392, 1.470330834388733, 1.4718257188796997, 1.5066323280334473, 1.546484351158142, 1.5885180234909058, 1.6256991624832153, 1.6595040559768677, 1.698372721672058, 1.7341351509094238, 1.7731046676635742, 1.8333827257156372, 1.8712478876113892, 1.9387805461883545, 1.9948804378509521, 2.050788402557373, 2.1229536533355713, 2.196258306503296, 2.2720248699188232, 2.3646633625030518, 2.4441025257110596, 2.538940906524658, 2.655113935470581, 2.7874393463134766, 2.905722141265869, 3.0623598098754883, 3.240213394165039, 3.4161171913146973, inf, inf, inf, inf, inf, inf, inf, inf, inf, inf, inf, inf, inf, inf, inf, inf, inf, inf, inf, inf, inf, inf, inf, 0.6988012194633484, 0.680500328540802, 0.6869987845420837, 0.6990949511528015, inf, inf, inf, inf, inf, inf, inf, inf, inf, inf, inf, inf, inf, inf, inf, inf, inf, inf, inf, inf, inf, inf, inf, inf, inf, inf, inf, inf, inf, inf, inf, inf, inf, inf, inf, inf, inf, inf, inf, inf, inf, inf, inf]),0.01749303564429283,3407393000000,
array('f', [inf, inf, inf, inf, inf, inf, inf, inf, inf, inf, inf, inf, inf, inf, inf, inf, inf, inf, inf, inf, inf, inf, inf, inf, inf, inf, inf, inf, inf, inf, inf, inf, inf, inf, inf, inf, inf, inf, inf, inf, inf, inf, inf, inf, inf, inf, inf, inf, inf, inf, inf, inf, inf, inf, inf, inf, inf, inf, inf, inf, inf, inf, inf, inf, inf, inf, inf, inf, inf, inf, inf, inf, inf, inf, inf, inf, inf, inf, inf, inf, inf, inf, inf, inf, inf, inf, inf, inf, inf, inf, inf, inf, inf, inf, inf, inf, inf, inf, inf, inf, inf, inf, inf, inf, inf, inf, inf, inf, inf, inf, inf, inf, inf, inf, inf, inf, inf, inf, inf, inf, inf, inf, inf, inf, inf, inf, inf, inf, inf, inf, inf, inf, inf, inf, inf, inf, inf, inf, inf, inf, inf, inf, 3.4386208057403564, 3.2426891326904297, 3.0956361293792725, 2.9374916553497314, 2.8227579593658447, 2.686953544616699, 2.599307060241699, 2.527017593383789, 2.42287540435791, 2.3043458461761475, 2.2533621788024902, 2.1796677112579346, 2.129185914993286, 2.0382561683654785, 2.0004162788391113, 1.9232043027877808, 1.9195207357406616, 1.8499804735183716, 1.7956475019454956, 1.7469364404678345, 1.7144007682800293, 1.746238112449646, 1.7676554918289185, 1.8003590106964111, inf, inf, inf, 3.029686450958252, 2.974139451980591, 2.9484193325042725, 2.9188625812530518, 2.8413312435150146, 2.838303327560425, 2.7642204761505127, 2.740100860595703, 2.708446741104126, 2.6569690704345703, 2.6347625255584717, 2.6129965782165527, 2.568256139755249, 2.5453972816467285, 2.5103516578674316, 2.4668362140655518, 2.484764575958252, 2.4252798557281494, 2.4213345050811768, 2.4050304889678955, 2.3747804164886475, 2.3618080615997314, 1.139050006866455, 1.1236867904663086, 1.1340371370315552, 1.1089199781417847, 1.1406793594360352, 1.1139955520629883, 1.105642557144165, 1.1024377346038818, 1.087153673171997, 1.0920531749725342, 1.0764819383621216, 1.0721415281295776, 1.0795817375183105, 1.0907257795333862, 1.0752956867218018, 1.0677467584609985, 1.052597165107727, 1.0710463523864746, 1.0570513010025024, 1.080657720565796, 1.0569249391555786, 1.0523536205291748, 1.0763671398162842, 1.050045132637024, 1.059377670288086, 1.0643630027770996, 1.0423418283462524, 1.074097752571106, 1.0624104738235474, 1.064653992652893, 1.062997817993164, 1.0631517171859741, 1.0653800964355469, 1.0739690065383911, 1.0777997970581055, 1.081634759902954, 1.0935869216918945, 1.0778976678848267, 1.094534158706665, 1.1044652462005615, 1.1168440580368042, 1.1225911378860474, 1.1253689527511597, 1.127576470375061, 1.1407392024993896, 1.1342777013778687, 1.1591095924377441, 1.167059063911438, 1.178385615348816, 1.1833175420761108, 1.2036718130111694, 1.2093887329101562, 1.2187916040420532, 1.2187926769256592, 1.2409554719924927, 1.259176254272461, 1.2652047872543335, 1.2766733169555664, 1.2999036312103271, 1.300784945487976, 1.320847988128662, 1.3472102880477905, 1.3619909286499023, 1.3679885864257812, 1.4049196243286133, 1.4099962711334229, 1.4478377103805542, 1.4848203659057617, 1.4877744913101196, 1.5190843343734741, 1.5556455850601196, 1.5746968984603882, 1.6176376342773438, 1.653313398361206, 1.6791666746139526, 1.735504150390625, 1.768931269645691, 1.8035346269607544, 1.857853889465332, 1.9096617698669434, 1.945037603378296, 2.0116641521453857, 2.0701687335968018, 2.142331600189209, 2.1950340270996094, 2.280975341796875, 2.3371849060058594, 2.432403326034546, 2.5333852767944336, 2.642329692840576, 2.7340919971466064, 2.83038330078125, 2.9929349422454834, 3.1522839069366455, 3.2997817993164062, 3.4640378952026367, inf, inf, inf, inf, inf, inf, inf, inf, inf, inf, inf, inf, inf, inf, inf, inf, inf, inf, inf, 0.662645161151886, 0.6628519892692566, 0.6557512283325195, 0.6696255803108215, inf, inf, inf, inf, inf, inf, inf, inf, inf, inf, inf, inf, inf, inf, inf, inf, inf, inf, inf, inf, inf, inf, inf, inf, inf, inf, inf, inf, inf, inf, inf, inf, inf, inf, inf, inf, inf, inf, inf, inf, inf, inf, inf, inf, inf, inf, inf, inf, inf, inf]),0.01749303564429283,3407593000000,
array('f', [inf, inf, inf, inf, inf, inf, inf, inf, inf, inf, inf, inf, inf, inf, inf, inf, inf, inf, inf, inf, inf, inf, inf, inf, inf, inf, inf, inf, inf, inf, inf, inf, inf, inf, inf, inf, inf, inf, inf, inf, inf, inf, inf, inf, inf, inf, inf, inf, inf, inf, inf, inf, inf, inf, inf, inf, inf, inf, inf, inf, inf, inf, inf, inf, inf, inf, inf, inf, inf, inf, inf, inf, inf, inf, inf, inf, inf, inf, inf, inf, inf, inf, inf, inf, inf, inf, inf, inf, inf, inf, inf, inf, inf, inf, inf, inf, inf, inf, inf, inf, inf, inf, inf, inf, inf, inf, inf, inf, inf, inf, inf, inf, inf, inf, inf, inf, inf, inf, inf, inf, inf, inf, inf, inf, inf, inf, inf, inf, inf, inf, inf, inf, inf, inf, inf, inf, inf, inf, inf, inf, inf, 3.3902134895324707, 3.215810537338257, 3.1089203357696533, 2.964555501937866, 2.825064182281494, 2.703801393508911, 2.6210289001464844, 2.512407064437866, 2.4333062171936035, 2.3628807067871094, 2.2807064056396484, 2.227771043777466, 2.1500682830810547, 2.09397554397583, 2.04719877243042, 1.9875291585922241, 1.924269199371338, 1.8946573734283447, 1.8215045928955078, 1.8180763721466064, 1.8158462047576904, 1.8276597261428833, 1.8395100831985474, inf, inf, inf, 3.1224558353424072, 3.072676658630371, 3.0223546028137207, 2.9671788215637207, 2.944692373275757, 2.883233070373535, 2.824333429336548, 2.8182880878448486, 2.7702925205230713, 2.7266836166381836, 2.702767848968506, 2.6740550994873047, 2.635173797607422, 2.6377952098846436, 2.5686492919921875, 2.5453083515167236, 2.5331032276153564, 2.518174409866333, 2.494392156600952, 2.478287696838379, 2.43898606300354, 1.2149137258529663, 1.203718900680542, 1.1953825950622559, 1.216463565826416, 1.1931689977645874, 1.1908046007156372, 1.1842663288116455, 1.1672263145446777, 1.1706278324127197, 1.1710540056228638, 1.1529908180236816, 1.1514220237731934, 1.1333684921264648, 1.1454648971557617, 1.141491413116455, 1.1393533945083618, 1.129464864730835, 1.1312352418899536, 1.1110625267028809, 1.1307090520858765, 1.1148098707199097, 1.1361643075942993, 1.1099047660827637, 1.1234638690948486, 1.1025012731552124, 1.107517123222351, 1.1329965591430664, 1.106532096862793, 1.1267014741897583, 1.1215605735778809, 1.1178526878356934, 1.141353964805603, 1.1267191171646118, 1.1359355449676514, 1.1355963945388794, 1.163710117340088, 1.126114010810852, 1.1534978151321411, 1.1379389762878418, 1.165683627128601, 1.1801886558532715, 1.1735833883285522, 1.2011123895645142, 1.1941946744918823, 1.2027860879898071, 1.1997044086456299, 1.2035131454467773, 1.2226436138153076, 1.2330360412597656, 1.24887216091156, 1.268202781677246, 1.2655518054962158, 1.2594218254089355, 1.289136528968811, 1.299066185951233, 1.309585452079773, 1.3409730195999146, 1.352418303489685, 1.3576610088348389, 1.3794182538986206, 1.4016472101211548, 1.4100888967514038, 1.4371262788772583, 1.4392192363739014, 1.4780635833740234, 1.4805501699447632, 1.5195226669311523, 1.5461559295654297, 1.5686087608337402, 1.6070835590362549, 1.6252541542053223, 1.6556627750396729, 1.683153748512268, 1.7069692611694336, 1.7647480964660645, 1.803115963935852, 1.8463966846466064, 1.8721182346343994, 1.923272967338562, 2.0014727115631104, 2.037220001220703, 2.1043503284454346, 2.16129994392395, 2.2166707515716553, 2.2819840908050537, 2.35554838180542, 2.433811902999878, 2.5068366527557373, 2.6066694259643555, 2.6992764472961426, 2.8090837001800537, 2.9337050914764404, 3.0712969303131104, 3.208400249481201, 3.372584104537964, inf, inf, inf, inf, inf, inf, inf, inf, inf, inf, inf, inf, inf, inf, inf, 0.6610195636749268, 0.6363133788108826, 0.6330242156982422, 0.6314427256584167, 0.6348753571510315, inf, inf, inf, inf, inf, inf, inf, inf, inf, inf, inf, inf, inf, inf, inf, inf, inf, inf, inf, inf, inf, inf, inf, inf, inf, inf, inf, inf, inf, inf, inf, inf, inf, inf, inf, inf, inf, inf, inf, inf, inf, inf, inf, inf, inf, inf, inf, inf, inf, inf, inf, inf, inf, inf, inf, inf, inf]),0.01749303564429283,3407793000000,
array('f', [inf, inf, inf, inf, inf, inf, inf, inf, inf, inf, inf, inf, inf, inf, inf, inf, inf, inf, inf, inf, inf, inf, inf, inf, inf, inf, inf, inf, inf, inf, inf, inf, inf, inf, inf, inf, inf, inf, inf, inf, inf, inf, inf, inf, inf, inf, inf, inf, inf, inf, inf, inf, inf, inf, inf, inf, inf, inf, inf, inf, inf, inf, inf, inf, inf, inf, inf, inf, inf, inf, inf, inf, inf, inf, inf, inf, inf, inf, inf, inf, inf, inf, inf, inf, inf, inf, inf, inf, inf, inf, inf, inf, inf, inf, inf, inf, inf, inf, inf, inf, inf, inf, inf, inf, inf, inf, inf, inf, inf, inf, inf, inf, inf, inf, inf, inf, inf, inf, inf, inf, inf, inf, inf, inf, inf, inf, inf, inf, inf, inf, inf, inf, inf, inf, inf, inf, inf, inf, inf, inf, 3.3764050006866455, 3.2222635746002197, 3.080495595932007, 2.957261323928833, 2.824951171875, 2.7503631114959717, 2.6451003551483154, 2.5618045330047607, 2.4848361015319824, 2.382528781890869, 2.3325023651123047, 2.264813184738159, 2.1803996562957764, 2.1493194103240967, 2.079726219177246, 2.0400588512420654, 1.9943301677703857, 1.9407038688659668, 1.879642128944397, 1.8555095195770264, 1.8972179889678955, 1.9253467321395874, 1.9605636596679688, inf, inf, 3.1877269744873047, 3.139561176300049, 3.0779054164886475, 3.0455660820007324, 2.987976312637329, 2.9498000144958496, 2.9076225757598877, 2.855973720550537, 2.837385416030884, 2.808692455291748, 2.7541041374206543, 2.738022804260254, 2.7002406120300293, 2.6814849376678467, 2.6453123092651367, 2.6152257919311523, 2.592416286468506, 2.577294111251831, 2.537353038787842, 2.520460367202759, 1.305511713027954, 1.3027305603027344, 1.2831226587295532, 1.291488766670227, 1.2781697511672974, 1.2713897228240967, 1.2502689361572266, 1.233351469039917, 1.2351583242416382, 1.2302882671356201, 1.2344775199890137, 1.2073264122009277, 1.221835732460022, 1.207516074180603, 1.2039927244186401, 1.2182756662368774, 1.1980843544006348, 1.1913288831710815, 1.2004225254058838, 1.185809850692749, 1.2009809017181396, 1.2029335498809814, 1.186724066734314, 1.180888056755066, 1.1912463903427124, 1.1784043312072754, 1.1811479330062866, 1.1901507377624512, 1.1950714588165283, 1.2007784843444824, 1.1960355043411255, 1.2135038375854492, 1.197495460510254, 1.196319341659546, 1.1856454610824585, 1.2210018634796143, 1.2009068727493286, 1.2457798719406128, 1.2179558277130127, 1.2121219635009766, 1.2302213907241821, 1.2438440322875977, 1.2371329069137573, 1.2510311603546143, 1.257178783416748, 1.286718726158142, 1.2719961404800415, 1.292877435684204, 1.3132646083831787, 1.3026225566864014, 1.3342024087905884, 1.319183111190796, 1.3235896825790405, 1.3518805503845215, 1.360230803489685, 1.372332215309143, 1.382758617401123, 1.417309284210205, 1.4212150573730469, 1.4489741325378418, 1.4686824083328247, 1.4811965227127075, 1.5045452117919922, 1.5417367219924927, 1.545123815536499, 1.5714465379714966, 1.5914201736450195, 1.6118892431259155, 1.6448423862457275, 1.6700427532196045, 1.6947001218795776, 1.7235946655273438, 1.773085355758667, 1.7888799905776978, 1.8420119285583496, 1.8746620416641235, 1.930700659751892, 1.9647587537765503, 2.0033369064331055, 2.042590379714966, 2.117387533187866, 2.1608235836029053, 2.220869541168213, 2.2955381870269775, 2.3716588020324707, 2.4316048622131348, 2.5179250240325928, 2.5960853099823, 2.6927249431610107, 2.8064727783203125, 2.8975579738616943, 3.0155818462371826, 3.1524741649627686, 3.279677391052246, 3.4528470039367676, inf, inf, inf, inf, inf, inf, inf, inf, inf, inf, inf, 0.6301731467247009, 0.6176943182945251, 0.6202594041824341, 0.6364830732345581, inf, inf, inf, inf, inf, inf, inf, inf, inf, inf, inf, inf, inf, inf, inf, inf, inf, inf, inf, inf, inf, inf, inf, inf, inf, inf, inf, inf, inf, inf, inf, inf, inf, inf, inf, inf, inf, inf, inf, inf, inf, inf, inf, inf, inf, inf, inf, inf, inf, inf, inf, inf, inf, inf, inf, inf, inf, inf, inf, inf, inf, inf, inf, inf, inf]),0.01749303564429283,3407993000000,
array('f', [inf, inf, inf, inf, inf, inf, inf, inf, inf, inf, inf, inf, inf, inf, inf, inf, inf, inf, inf, inf, inf, inf, inf, inf, inf, inf, inf, inf, inf, inf, inf, inf, inf, inf, inf, inf, inf, inf, inf, inf, inf, inf, inf, inf, inf, inf, inf, inf, inf, inf, inf, inf, inf, inf, inf, inf, inf, inf, inf, inf, inf, inf, inf, inf, inf, inf, inf, inf, inf, inf, inf, inf, inf, inf, inf, inf, inf, inf, inf, inf, inf, inf, inf, inf, inf, inf, inf, inf, inf, inf, inf, inf, inf, inf, inf, inf, inf, inf, inf, inf, inf, inf, inf, inf, inf, inf, inf, inf, inf, inf, inf, inf, inf, inf, inf, inf, inf, inf, inf, inf, inf, inf, inf, inf, inf, inf, inf, inf, inf, inf, inf, inf, inf, inf, inf, inf, inf, inf, inf, 3.373832941055298, 3.2227439880371094, 3.1001665592193604, 2.970015525817871, 2.87937593460083, 2.768773317337036, 2.673607587814331, 2.5961055755615234, 2.5244410037994385, 2.431593656539917, 2.3568146228790283, 2.3044445514678955, 2.2510910034179688, 2.188535451889038, 2.139355182647705, 2.072434186935425, 2.040226697921753, 1.9766528606414795, 1.9471834897994995, 1.9735169410705566, 1.9803154468536377, 2.018650770187378, inf, inf, 3.290562391281128, 3.227816104888916, 3.1646969318389893, 3.1187546253204346, 3.0722765922546387, 3.0427908897399902, 3.005587339401245, 2.9279444217681885, 2.9205687046051025, 2.874361515045166, 2.850590705871582, 2.79917573928833, 2.7763874530792236, 2.736572504043579, 2.726046323776245, 2.6822311878204346, 2.6546506881713867, 2.622953414916992, 2.611893653869629, 2.6189630031585693, 1.364099383354187, 1.3778876066207886, 1.354467749595642, 1.345741629600525, 1.3194829225540161, 1.3116360902786255, 1.3236110210418701, 1.3234649896621704, 1.3171536922454834, 1.3001500368118286, 1.2869000434875488, 1.280242681503296, 1.2730768918991089, 1.2639962434768677, 1.2601393461227417, 1.2772512435913086, 1.2641549110412598, 1.244384765625, 1.2607805728912354, 1.2506201267242432, 1.2590744495391846, 1.2653547525405884, 1.2692312002182007, 1.23866605758667, 1.2631410360336304, 1.2527886629104614, 1.2738791704177856, 1.2420750856399536, 1.2503694295883179, 1.2435966730117798, 1.270632028579712, 1.2531988620758057, 1.270263671875, 1.2651352882385254, 1.2843748331069946, 1.2739101648330688, 1.2899419069290161, 1.2788102626800537, 1.3075623512268066, 1.3036742210388184, 1.2945080995559692, 1.313820481300354, 1.3300303220748901, 1.315206527709961, 1.3323783874511719, 1.3348240852355957, 1.374141812324524, 1.351814866065979, 1.36090886592865, 1.3635923862457275, 1.4021393060684204, 1.4119449853897095, 1.4102783203125, 1.4396963119506836, 1.4229847192764282, 1.4721935987472534, 1.4910920858383179, 1.4954099655151367, 1.5103827714920044, 1.5394954681396484, 1.553257703781128, 1.5576059818267822, 1.581592321395874, 1.6049920320510864, 1.6480991840362549, 1.656274437904358, 1.697932243347168, 1.732745885848999, 1.7556833028793335, 1.7658026218414307, 1.8171883821487427, 1.8365356922149658, 1.8612329959869385, 1.9258487224578857, 1.9434776306152344, 1.989754557609558, 2.048783540725708, 2.082859992980957, 2.135927677154541, 2.2000081539154053, 2.2565855979919434, 2.3207502365112305, 2.3748130798339844, 2.443960428237915, 2.5151450634002686, 2.6001973152160645, 2.684314727783203, 2.7536778450012207, 2.8745038509368896, 2.9721999168395996, 3.100154399871826, 3.2406504154205322, 3.379441022872925, inf, inf, inf, inf, inf, inf, 0.6109517216682434, 0.6245702505111694, 0.60834801197052, 0.5949368476867676, 0.6719121336936951, inf, inf, inf, inf, inf, inf, inf, inf, inf, inf, inf, inf, inf, inf, inf, inf, inf, inf, inf, inf, inf, inf, inf, inf, inf, inf, inf, inf, inf, inf, inf, inf, inf, inf, inf, inf, inf, inf, inf, inf, inf, inf, inf, inf, inf, inf, inf, inf, inf, inf, inf, inf, inf, inf, inf, inf, inf, inf, inf, inf, inf, inf, inf, inf, inf, inf, inf, inf, inf, inf, inf, inf, inf]),0.01749303564429283,3408193000000,
array('f', [inf, inf, inf, inf, inf, inf, inf, inf, inf, inf, inf, inf, inf, inf, inf, inf, inf, inf, inf, inf, inf, inf, inf, inf, inf, inf, inf, inf, inf, inf, inf, inf, inf, inf, inf, inf, inf, inf, inf, inf, inf, inf, inf, inf, inf, inf, inf, inf, inf, inf, inf, inf, inf, inf, inf, inf, inf, inf, inf, inf, inf, inf, inf, inf, inf, inf, inf, inf, inf, inf, inf, inf, inf, inf, inf, inf, inf, inf, inf, inf, inf, inf, inf, inf, inf, inf, inf, inf, inf, inf, inf, inf, inf, inf, inf, inf, inf, inf, inf, inf, inf, inf, inf, inf, inf, inf, inf, inf, inf, inf, inf, inf, inf, inf, inf, inf, inf, inf, inf, inf, inf, inf, inf, inf, inf, inf, inf, inf, inf, inf, inf, inf, inf, inf, inf, inf, inf, inf, 3.338557243347168, 3.2160465717315674, 3.117466449737549, 2.996265411376953, 2.888960123062134, 2.7928850650787354, 2.708728790283203, 2.656984567642212, 2.5539467334747314, 2.482067108154297, 2.4028518199920654, 2.3662400245666504, 2.2788164615631104, 2.2591404914855957, 2.185157060623169, 2.1563897132873535, 2.109372854232788, 2.0593063831329346, 2.011047124862671, 2.045060396194458, 2.064718723297119, 2.1112327575683594, inf, 3.369645357131958, 3.294520139694214, 3.243434429168701, 3.2218611240386963, 3.1663994789123535, 3.0834264755249023, 3.075288772583008, 3.037100076675415, 2.998687505722046, 2.968600273132324, 2.928459405899048, 2.8774912357330322, 2.8498411178588867, 2.8174893856048584, 2.8010740280151367, 2.77786922454834, 2.739360809326172, 2.71537446975708, 2.681283712387085, 1.43997323513031, 1.4229378700256348, 1.429184079170227, 1.4221041202545166, 1.406133770942688, 1.4158931970596313, 1.3889957666397095, 1.374459147453308, 1.3822274208068848, 1.374011516571045, 1.3744326829910278, 1.364526629447937, 1.361486554145813, 1.349669337272644, 1.3166584968566895, 1.3495829105377197, 1.3310668468475342, 1.3332712650299072, 1.332247257232666, 1.3297768831253052, 1.320008397102356, 1.3285032510757446, 1.3095719814300537, 1.338573932647705, 1.3274167776107788, 1.3245452642440796, 1.3162344694137573, 1.3109301328659058, 1.3146218061447144, 1.3310141563415527, 1.3136298656463623, 1.31927490234375, 1.3212008476257324, 1.3580454587936401, 1.3394286632537842, 1.3303459882736206, 1.346897840499878, 1.3623390197753906, 1.353969693183899, 1.3686704635620117, 1.3685110807418823, 1.3813592195510864, 1.384924054145813, 1.3827677965164185, 1.4029313325881958, 1.414527416229248, 1.426276683807373, 1.419701337814331, 1.4423012733459473, 1.4546568393707275, 1.4547617435455322, 1.4726933240890503, 1.481472373008728, 1.487077236175537, 1.4983384609222412, 1.5353474617004395, 1.5493125915527344, 1.5502980947494507, 1.5688390731811523, 1.5967204570770264, 1.6382414102554321, 1.6585053205490112, 1.6721241474151611, 1.6888035535812378, 1.7170673608779907, 1.7432067394256592, 1.7739958763122559, 1.7774717807769775, 1.808728575706482, 1.8690814971923828, 1.8783894777297974, 1.9127392768859863, 1.9562071561813354, 2.0042967796325684, 2.0207300186157227, 2.069312334060669, 2.1328494548797607, 2.1652991771698, 2.2095980644226074, 2.258246660232544, 2.325258493423462, 2.4005255699157715, 2.4489352703094482, 2.495884895324707, 2.605390787124634, 2.67889142036438, 2.7645888328552246, 2.870568037033081, 2.9480388164520264, 3.0526187419891357, 3.184708595275879, 3.302889823913574, 3.434797763824463, inf, 0.6155977845191956, 0.6326464414596558, 0.6276159882545471, 0.6017550826072693, 0.6670778393745422, inf, inf, inf, inf, inf, inf, inf, inf, inf, inf, inf, inf, inf, inf, inf, inf, inf, inf, inf, inf, inf, inf, inf, inf, inf, inf, inf, inf, inf, inf, inf, inf, inf, inf, inf, inf, inf, inf, inf, inf, inf, inf, inf, inf, inf, inf, inf, inf, inf, inf, inf, inf, inf, inf, inf, inf, inf, inf, inf, inf, inf, inf, inf, inf, inf, inf, inf, inf, inf, inf, inf, inf, inf, inf, inf, inf, inf, inf, inf, inf, inf]),0.01749303564429283,3408393000000,
array('f', [inf, inf, inf, inf, inf, inf, inf, inf, inf, inf, inf, inf, inf, inf, inf, inf, inf, inf, inf, inf, inf, inf, inf, inf, inf, inf, inf, inf, inf, inf, inf, inf, inf, inf, inf, inf, inf, inf, inf, inf, inf, inf, inf, inf, inf, inf, inf, inf, inf, inf, inf, inf, inf, inf, inf, inf, inf, inf, inf, inf, inf, inf, inf, inf, inf, inf, inf, inf, inf, inf, inf, inf, inf, inf, inf, inf, inf, inf, inf, inf, inf, inf, inf, inf, inf, inf, inf, inf, inf, inf, inf, inf, inf, inf, inf, inf, inf, inf, inf, inf, inf, inf, inf, inf, inf, inf, inf, inf, inf, inf, inf, inf, inf, inf, inf, inf, inf, inf, inf, inf, inf, inf, inf, inf, inf, inf, inf, inf, inf, inf, inf, inf, inf, inf, inf, inf, 3.4967195987701416, 3.3535995483398438, 3.2305638790130615, 3.1509063243865967, 3.0149128437042236, 2.928204298019409, 2.820814609527588, 2.723348379135132, 2.6727757453918457, 2.6068148612976074, 2.522719144821167, 2.47514009475708, 2.386899948120117, 2.3367040157318115, 2.294971466064453, 2.216747283935547, 2.188730239868164, 2.1349451541900635, 2.113572359085083, 2.0907211303710938, 2.1228439807891846, 2.1553471088409424, inf, inf, 3.3736608028411865, 3.3412740230560303, 3.258723258972168, 3.242161750793457, 3.17510986328125, 3.141535758972168, 3.0782835483551025, 3.046968698501587, 3.018279790878296, 2.9859635829925537, 2.943082094192505, 2.9318442344665527, 2.895833969116211, 2.8414013385772705, 2.830474376678467, 2.7970666885375977, 2.7713851928710938, 2.76356840133667, 1.5363049507141113, 1.5209401845932007, 1.4978848695755005, 1.4854575395584106, 1.4917618036270142, 1.4799391031265259, 1.4691061973571777, 1.4670695066452026, 1.4563995599746704, 1.44135582447052, 1.4385313987731934, 1.4462378025054932, 1.4204188585281372, 1.4212846755981445, 1.414145588874817, 1.405877709388733, 1.4065765142440796, 1.4107555150985718, 1.4026821851730347, 1.3919581174850464, 1.401048183441162, 1.3732317686080933, 1.401147723197937, 1.3988747596740723, 1.3876938819885254, 1.384876012802124, 1.3945602178573608, 1.3891783952713013, 1.4037506580352783, 1.3772976398468018, 1.3864376544952393, 1.4021496772766113, 1.4064329862594604, 1.4178577661514282, 1.4039076566696167, 1.4167792797088623, 1.4196856021881104, 1.4271273612976074, 1.4218882322311401, 1.4309732913970947, 1.4545042514801025, 1.433371663093567, 1.4547147750854492, 1.4948564767837524, 1.4649791717529297, 1.4966028928756714, 1.492301344871521, 1.506839394569397, 1.5223280191421509, 1.5420302152633667, 1.5383827686309814, 1.5280890464782715, 1.5723130702972412, 1.5703139305114746, 1.6108494997024536, 1.6122738122940063, 1.6236578226089478, 1.6509610414505005, 1.666920781135559, 1.6897412538528442, 1.7124555110931396, 1.7344145774841309, 1.7560994625091553, 1.7639272212982178, 1.8209559917449951, 1.8514750003814697, 1.8470096588134766, 1.8997026681900024, 1.9406155347824097, 1.9484072923660278, 1.9909347295761108, 2.0199897289276123, 2.0813608169555664, 2.1191182136535645, 2.1588432788848877, 2.1996970176696777, 2.257563591003418, 2.2855124473571777, 2.3267476558685303, 2.4059085845947266, 2.4672980308532715, 2.5522563457489014, 2.6044399738311768, 2.67939829826355, 2.7737107276916504, 2.8192267417907715, 2.921841621398926, 0.6562774181365967, 0.6376922726631165, 0.626575231552124, 0.6153386831283569, 0.6423639059066772, 0.6797418594360352, inf, inf, inf, inf, inf, inf, inf, inf, inf, inf, inf, inf, inf, inf, inf, inf, inf, inf, inf, inf, inf, inf, inf, inf, inf, inf, inf, inf, inf, inf, inf, inf, inf, inf, inf, inf, inf, inf, inf, inf, inf, inf, inf, inf, inf, inf, inf, inf, inf, inf, inf, inf, inf, inf, inf, inf, inf, inf, inf, inf, inf, inf, inf, inf, inf, inf, inf, inf, inf, inf, inf, inf, inf, inf, inf, inf, inf, inf, inf, inf, inf, inf, inf, inf, inf, inf, inf, inf, inf]),0.01749303564429283,3408593000000,
array('f', [inf, inf, inf, inf, inf, inf, inf, inf, inf, inf, inf, inf, inf, inf, inf, inf, inf, inf, inf, inf, inf, inf, inf, inf, inf, inf, inf, inf, inf, inf, inf, inf, inf, inf, inf, inf, inf, inf, inf, inf, inf, inf, inf, inf, inf, inf, inf, inf, inf, inf, inf, inf, inf, inf, inf, inf, inf, inf, inf, inf, inf, inf, inf, inf, inf, inf, inf, inf, inf, inf, inf, inf, inf, inf, inf, inf, inf, inf, inf, inf, inf, inf, inf, inf, inf, inf, inf, inf, inf, inf, inf, inf, inf, inf, inf, inf, inf, inf, inf, inf, inf, inf, inf, inf, inf, inf, inf, inf, inf, inf, inf, inf, inf, inf, inf, inf, inf, inf, inf, inf, inf, inf, inf, inf, inf, inf, inf, inf, inf, inf, inf, inf, inf, inf, inf, 3.5, 3.367210626602173, 3.2811694145202637, 3.1461589336395264, 3.045776844024658, 2.944323778152466, 2.8666675090789795, 2.7816710472106934, 2.714402437210083, 2.6246769428253174, 2.5696964263916016, 2.5046050548553467, 2.464338779449463, 2.383586883544922, 2.3193628787994385, 2.2940287590026855, 2.229461669921875, 2.203101873397827, 2.158006191253662, 2.167182445526123, 2.2167129516601562, inf, inf, 3.4599502086639404, 3.4112045764923096, 3.362236261367798, 3.3088033199310303, 3.2671620845794678, 3.20341420173645, 3.1913950443267822, 3.150852918624878, 3.0949296951293945, 3.0659544467926025, 3.0100061893463135, 2.9840734004974365, 2.962888240814209, 2.948274612426758, 2.9204282760620117, 2.8921358585357666, 2.853306770324707, 2.8427579402923584, 1.6165281534194946, 1.588919997215271, 1.5880063772201538, 1.582680583000183, 1.5567065477371216, 1.5409581661224365, 1.531403660774231, 1.5341081619262695, 1.5203921794891357, 1.5022988319396973, 1.5117125511169434, 1.517932653427124, 1.5035836696624756, 1.503279685974121, 1.4863014221191406, 1.4829468727111816, 1.463600754737854, 1.4833208322525024, 1.4735292196273804, 1.4840888977050781, 1.446536660194397, 1.4811911582946777, 1.4739108085632324, 1.4573012590408325, 1.4639664888381958, 1.4656546115875244, 1.4674259424209595, 1.4627846479415894, 1.4657530784606934, 1.4685935974121094, 1.480866551399231, 1.464963674545288, 1.4762102365493774, 1.485716462135315, 1.494827151298523, 1.475490927696228, 1.5085567235946655, 1.4948533773422241, 1.5000202655792236, 1.5095840692520142, 1.5377240180969238, 1.5238291025161743, 1.5391349792480469, 1.5531805753707886, 1.5685884952545166, 1.5622432231903076, 1.567464828491211, 1.6002126932144165, 1.6004997491836548, 1.6161500215530396, 1.6175354719161987, 1.6537199020385742, 1.6409502029418945, 1.6808300018310547, 1.7016867399215698, 1.7014873027801514, 1.722678542137146, 1.7557754516601562, 1.7547842264175415, 1.7963483333587646, 1.8182271718978882, 1.8440830707550049, 1.8551009893417358, 1.9044617414474487, 1.8968276977539062, 1.9422557353973389, 1.9728997945785522, 1.9975793361663818, 2.0306482315063477, 2.0806400775909424, 2.0974245071411133, 2.1596667766571045, 2.1769845485687256, 2.222939968109131, 2.2857089042663574, 2.3467164039611816, 2.3596439361572266, 2.433253526687622, 2.489530324935913, 2.5641632080078125, 2.612042188644409, 0.6737454533576965, 0.6601905822753906, 0.6543704271316528, 0.6534150242805481, 0.6788759827613831, 0.7044579386711121, 3.219001293182373, 3.3378825187683105, 3.4488728046417236, inf, inf, inf, inf, inf, inf, inf, inf, inf, inf, inf, inf, inf, inf, inf, inf, inf, inf, inf, inf, inf, inf, inf, inf, inf, inf, inf, inf, inf, inf, inf, inf, inf, inf, inf, inf, inf, inf, inf, inf, inf, inf, inf, inf, inf, inf, inf, inf, inf, inf, inf, inf, inf, inf, inf, inf, inf, inf, inf, inf, inf, inf, inf, inf, inf, inf, inf, inf, inf, inf, inf, inf, inf, inf, inf, inf, inf, inf, inf, inf, inf, inf, inf, inf, inf, inf, inf, inf, inf, inf, inf, inf, inf, inf]),0.01749303564429283,3408793000000,
array('f', [inf, inf, inf, inf, inf, inf, inf, inf, inf, inf, inf, inf, inf, inf, inf, inf, inf, inf, inf, inf, inf, inf, inf, inf, inf, inf, inf, inf, inf, inf, inf, inf, inf, inf, inf, inf, inf, inf, inf, inf, inf, inf, inf, inf, inf, inf, inf, inf, inf, inf, inf, inf, inf, inf, inf, inf, inf, inf, inf, inf, inf, inf, inf, inf, inf, inf, inf, inf, inf, inf, inf, inf, inf, inf, inf, inf, inf, inf, inf, inf, inf, inf, inf, inf, inf, inf, inf, inf, inf, inf, inf, inf, inf, inf, inf, inf, inf, inf, inf, inf, inf, inf, inf, inf, inf, inf, inf, inf, inf, inf, inf, inf, inf, inf, inf, inf, inf, inf, inf, inf, inf, inf, inf, inf, inf, inf, inf, inf, inf, inf, inf, inf, inf, inf, inf, 3.3947067260742188, 3.2700183391571045, 3.187317132949829, 3.071927070617676, 2.9789581298828125, 2.8930304050445557, 2.8317739963531494, 2.749089479446411, 2.6585841178894043, 2.611572742462158, 2.5400760173797607, 2.4845712184906006, 2.460369825363159, 2.4082672595977783, 2.346205472946167, 2.279318332672119, 2.2688660621643066, 2.2269511222839355, 2.2723095417022705, 2.29982590675354, inf, inf, 3.4794647693634033, 3.4312634468078613, 3.3796284198760986, 3.3646557331085205, 3.315250873565674, 3.235471487045288, 3.218963384628296, 3.1729469299316406, 3.1507277488708496, 3.1069865226745605, 3.0573830604553223, 3.0346596240997314, 3.012535810470581, 2.9790422916412354, 2.962916612625122, 2.9175493717193604, 2.9039225578308105, 1.6711268424987793, 1.6762715578079224, 1.6549931764602661, 1.6567875146865845, 1.6355949640274048, 1.616599202156067, 1.6264890432357788, 1.6115251779556274, 1.5997843742370605, 1.5795987844467163, 1.5976101160049438, 1.5594722032546997, 1.5759642124176025, 1.5859748125076294, 1.550467848777771, 1.5435739755630493, 1.563231348991394, 1.546085000038147, 1.553900122642517, 1.545677900314331, 1.53285813331604, 1.5423686504364014, 1.5441340208053589, 1.533515214920044, 1.5275630950927734, 1.5416157245635986, 1.528041124343872, 1.555091142654419, 1.5519163608551025, 1.5489883422851562, 1.5534635782241821, 1.5506290197372437, 1.5516340732574463, 1.542052149772644, 1.5598143339157104, 1.5579721927642822, 1.5662156343460083, 1.5944486856460571, 1.5896106958389282, 1.5717947483062744, 1.608052372932434, 1.6254669427871704, 1.6143239736557007, 1.6339657306671143, 1.6289851665496826, 1.6419110298156738, 1.6657295227050781, 1.6816202402114868, 1.6638147830963135, 1.6974997520446777, 1.7126716375350952, 1.723321557044983, 1.7409982681274414, 1.7614021301269531, 1.7793470621109009, 1.7964160442352295, 1.803874135017395, 1.8433829545974731, 1.8615282773971558, 1.8842159509658813, 1.9098474979400635, 1.9130386114120483, 1.9519164562225342, 1.9997694492340088, 2.0119526386260986, 2.0398528575897217, 2.0731923580169678, 2.108654022216797, 2.156958818435669, 2.186128854751587, 2.2320284843444824, 2.257197856903076, 2.317715644836426, 2.352729320526123, 2.4109907150268555, 2.4697277545928955, 0.6981501579284668, 0.6975336074829102, 0.6881088614463806, 0.6942680478096008, 0.7231879234313965, 0.7648054957389832, 2.9344630241394043, 3.0133657455444336, 3.125041961669922, 3.2179839611053467, 3.3159844875335693, 3.4231536388397217, inf, inf, inf, inf, inf, inf, inf, inf, inf, inf, inf, inf, inf, inf, inf, inf, inf, inf, inf, inf, inf, inf, inf, inf, inf, inf, inf, inf, inf, inf, inf, inf, inf, inf, inf, inf, inf, inf, inf, inf, inf, inf, inf, inf, inf, inf, inf, inf, inf, inf, inf, inf, inf, inf, inf, inf, inf, inf, inf, inf, inf, inf, inf, inf, inf, inf, inf, inf, inf, inf, inf, inf, inf, inf, inf, inf, inf, inf, inf, inf, inf, inf, inf, inf, inf, inf, inf, inf, inf, inf, inf, inf, inf, inf, inf, inf, inf, inf]),0.01749303564429283,3408993000000,
array('f', [inf, inf, inf, inf, inf, inf, inf, inf, inf, inf, inf, inf, inf, inf, inf, inf, inf, inf, inf, inf, inf, inf, inf, inf, inf, inf, inf, inf, inf, inf, inf, inf, inf, inf, inf, inf, inf, inf, inf, inf, inf, inf, inf, inf, inf, inf, inf, inf, inf, inf, inf, inf, inf, inf, inf, inf, inf, inf, inf, inf, inf, inf, inf, inf, inf, inf, inf, inf, inf, inf, inf, inf, inf, inf, inf, inf, inf, inf, inf, inf, inf, inf, inf, inf, inf, inf, inf, inf, inf, inf, inf, inf, inf, inf, inf, inf, inf, inf, inf, inf, inf, inf, inf, inf, inf, inf, inf, inf, inf, inf, inf, inf, inf, inf, inf, inf, inf, inf, inf, inf, inf, inf, inf, inf, inf, inf, inf, inf, inf, inf, inf, inf, inf, inf, 3.3867714405059814, 3.285029649734497, 3.176039695739746, 3.1193044185638428, 3.0177767276763916, 2.9389374256134033, 2.8564093112945557, 2.7846603393554688, 2.7200586795806885, 2.6631851196289062, 2.599735975265503, 2.555356502532959, 2.502268075942993, 2.4602646827697754, 2.3821024894714355, 2.3344931602478027, 2.2976503372192383, 2.309436321258545, 2.3741183280944824, inf, inf, inf, inf, 3.479992628097534, 3.4124011993408203, 3.395862102508545, 3.349318742752075, 3.292447090148926, 3.2534141540527344, 3.218553304672241, 3.1937313079833984, 3.1460962295532227, 3.129591941833496, 3.0824458599090576, 3.0484721660614014, 3.026611804962158, 3.017805814743042, 2.9942076206207275, 1.758393406867981, 1.7390432357788086, 1.730972409248352, 1.7280617952346802, 1.707903504371643, 1.703216552734375, 1.689786434173584, 1.6803209781646729, 1.6848762035369873, 1.6793785095214844, 1.6857110261917114, 1.6488839387893677, 1.6535815000534058, 1.6497539281845093, 1.6250159740447998, 1.6292831897735596, 1.631434440612793, 1.6130460500717163, 1.6237324476242065, 1.6248054504394531, 1.6123738288879395, 1.6118801832199097, 1.6232554912567139, 1.6184918880462646, 1.6171995401382446, 1.6231467723846436, 1.6251590251922607, 1.615502953529358, 1.6257133483886719, 1.6311477422714233, 1.644804835319519, 1.6347366571426392, 1.6238608360290527, 1.6328781843185425, 1.6293206214904785, 1.6528254747390747, 1.6473050117492676, 1.6626430749893188, 1.6684761047363281, 1.6572704315185547, 1.6917259693145752, 1.6990010738372803, 1.7217756509780884, 1.7196052074432373, 1.7277652025222778, 1.737004041671753, 1.7515095472335815, 1.771692156791687, 1.7737170457839966, 1.7990987300872803, 1.8104196786880493, 1.8197208642959595, 1.8333604335784912, 1.8509429693222046, 1.8538039922714233, 1.896073341369629, 1.9273321628570557, 1.939322590827942, 1.9703866243362427, 1.9719399213790894, 2.02567458152771, 2.0483198165893555, 2.075773239135742, 2.118459701538086, 2.122774124145508, 2.168153762817383, 2.1812634468078613, 2.2273142337799072, 2.2760610580444336, 2.318491220474243, 2.3518993854522705, 0.7335899472236633, 0.7436960339546204, 0.7397866249084473, 0.7619203329086304, 0.7566962838172913, 0.8109758496284485, 2.740884780883789, 2.7677624225616455, 2.853041410446167, 2.9220709800720215, 3.0014569759368896, 3.1149933338165283, 3.1953747272491455, 3.3067688941955566, 3.394089460372925, inf, inf, inf, inf, inf, inf, inf, inf, inf, inf, inf, inf, inf, inf, inf, inf, inf, inf, inf, inf, inf, inf, inf, inf, inf, inf, inf, inf, inf, inf, inf, inf, inf, inf, inf, inf, inf, inf, inf, inf, inf, inf, inf, inf, inf, inf, inf, inf, inf, inf, inf, inf, inf, inf, inf, inf, inf, inf, inf, inf, inf, inf, inf, inf, inf, inf, inf, inf, inf, inf, inf, inf, inf, inf, inf, inf, inf, inf, inf, inf, inf, inf, inf, inf, inf, inf, inf, inf, inf, inf, inf, inf, inf, inf, inf, inf, inf, inf, inf, inf, inf, inf]),0.01749303564429283,3409195000000,
array('f', [inf, inf, inf, inf, inf, inf, inf, inf, inf, inf, inf, inf, inf, inf, inf, inf, inf, inf, inf, inf, inf, inf, inf, inf, inf, inf, inf, inf, inf, inf, inf, inf, inf, inf, inf, inf, inf, inf, inf, inf, inf, inf, inf, inf, inf, inf, inf, inf, inf, inf, inf, inf, inf, inf, inf, inf, inf, inf, inf, inf, inf, inf, inf, inf, inf, inf, inf, inf, inf, inf, inf, inf, inf, inf, inf, inf, inf, inf, inf, inf, inf, inf, inf, inf, inf, inf, inf, inf, inf, inf, inf, inf, inf, inf, inf, inf, inf, inf, inf, inf, inf, inf, inf, inf, inf, inf, inf, inf, inf, inf, inf, inf, inf, inf, inf, inf, inf, inf, inf, inf, inf, inf, inf, inf, inf, inf, inf, inf, inf, inf, inf, inf, inf, 3.4328370094299316, 3.325016498565674, 3.202845335006714, 3.1321170330047607, 3.039407253265381, 2.973809242248535, 2.9037649631500244, 2.832156181335449, 2.7723402976989746, 2.702178478240967, 2.6489810943603516, 2.605724334716797, 2.5349459648132324, 2.5006651878356934, 2.444394826889038, 2.395932197570801, 2.363619804382324, 2.3800594806671143, 2.452226400375366, inf, inf, inf, inf, inf, 3.4576992988586426, 3.4310455322265625, 3.368924617767334, 3.3333241939544678, 3.3109562397003174, 3.2527408599853516, 3.2334160804748535, 3.209465503692627, 3.149465560913086, 3.141714096069336, 3.1183083057403564, 3.1049094200134277, 3.066821336746216, 1.8345307111740112, 1.8207403421401978, 1.8257999420166016, 1.814041018486023, 1.8001598119735718, 1.758846402168274, 1.773891568183899, 1.7539268732070923, 1.7425482273101807, 1.7348662614822388, 1.7340699434280396, 1.7329553365707397, 1.7368375062942505, 1.7188692092895508, 1.7142139673233032, 1.6867856979370117, 1.687705397605896, 1.6990138292312622, 1.7097711563110352, 1.6896008253097534, 1.692024827003479, 1.672055721282959, 1.7019922733306885, 1.6988006830215454, 1.6810550689697266, 1.6951450109481812, 1.6937447786331177, 1.700704574584961, 1.7126684188842773, 1.6793946027755737, 1.6982063055038452, 1.718976616859436, 1.6916824579238892, 1.713890790939331, 1.7223525047302246, 1.7309402227401733, 1.7400274276733398, 1.7350149154663086, 1.7268240451812744, 1.752174735069275, 1.763765811920166, 1.7649863958358765, 1.783449411392212, 1.7891703844070435, 1.8094673156738281, 1.822052001953125, 1.830009937286377, 1.8602584600448608, 1.853702187538147, 1.8651957511901855, 1.905582070350647, 1.901161551475525, 1.930374026298523, 1.9365601539611816, 1.9732441902160645, 1.975555658340454, 2.0192501544952393, 2.027535915374756, 2.0373306274414062, 2.081017255783081, 2.1023824214935303, 2.137200355529785, 2.1809003353118896, 2.2066140174865723, 2.2410106658935547, 2.2439215183258057, 0.7917269468307495, 0.8038750886917114, 0.7967320084571838, 0.7754805088043213, 0.8003491759300232, 0.8274773359298706, 0.8629385232925415, 2.6341657638549805, 2.684607744216919, 2.7236459255218506, 2.8023056983947754, 2.8763394355773926, 2.9387688636779785, 3.0129201412200928, 3.0830745697021484, 3.185662269592285, 3.2752232551574707, 3.3412835597991943, 3.48168683052063, inf, inf, inf, inf, inf, inf, inf, inf, inf, inf, inf, inf, inf, inf, inf, inf, inf, inf, inf, inf, inf, inf, inf, inf, inf, inf, inf, inf, inf, inf, inf, inf, inf, inf, inf, inf, inf, inf, inf, inf, inf, inf, inf, inf, inf, inf, inf, inf, inf, inf, inf, inf, inf, inf, inf, inf, inf, inf, inf, inf, inf, inf, inf, inf, inf, inf, inf, inf, inf, inf, inf, inf, inf, inf, inf, inf, inf, inf, inf, inf, inf, inf, inf, inf, inf, inf, inf, inf, inf, inf, inf, inf, inf, inf, inf, inf, inf, inf, inf, inf, inf, inf, inf, inf, inf]),0.01749303564429283,3409395000000,
array('f', [inf, inf, inf, inf, inf, inf, inf, inf, inf, inf, inf, inf, inf, inf, inf, inf, inf, inf, inf, inf, inf, inf, inf, inf, inf, inf, inf, inf, inf, inf, inf, inf, inf, inf, inf, inf, inf, inf, inf, inf, inf, inf, inf, inf, inf, inf, inf, inf, inf, inf, inf, inf, inf, inf, inf, inf, inf, inf, inf, inf, inf, inf, inf, inf, inf, inf, inf, inf, inf, inf, inf, inf, inf, inf, inf, inf, inf, inf, inf, inf, inf, inf, inf, inf, inf, inf, inf, inf, inf, inf, inf, inf, inf, inf, inf, inf, inf, inf, inf, inf, inf, inf, inf, inf, inf, inf, inf, inf, inf, inf, inf, inf, inf, inf, inf, inf, inf, inf, inf, inf, inf, inf, inf, inf, inf, inf, inf, inf, inf, inf, inf, inf, 3.433290481567383, 3.3293275833129883, 3.2578394412994385, 3.159842014312744, 3.106048345565796, 3.0112624168395996, 2.932342052459717, 2.8672757148742676, 2.808117628097534, 2.7381060123443604, 2.6952836513519287, 2.669790506362915, 2.592831611633301, 2.553203582763672, 2.502669334411621, 2.4456992149353027, 2.4391729831695557, 2.4990062713623047, 2.539332628250122, inf, inf, inf, inf, inf, inf, 3.476027488708496, 3.414970874786377, 3.3669424057006836, 3.3653061389923096, 3.3139727115631104, 3.2902698516845703, 3.2500059604644775, 3.208677291870117, 3.2061946392059326, 3.169206380844116, 3.173229455947876, 1.9202189445495605, 1.9008450508117676, 1.9068329334259033, 1.8719347715377808, 1.8823329210281372, 1.861241340637207, 1.8491251468658447, 1.8484747409820557, 1.8550522327423096, 1.8042213916778564, 1.8299295902252197, 1.8134342432022095, 1.803263783454895, 1.7943798303604126, 1.7848339080810547, 1.7792574167251587, 1.7685682773590088, 1.7716739177703857, 1.7756860256195068, 1.7927100658416748, 1.7764220237731934, 1.7809545993804932, 1.7600278854370117, 1.7635924816131592, 1.755691409111023, 1.7633501291275024, 1.7706245183944702, 1.756886601448059, 1.765547275543213, 1.7715866565704346, 1.8126792907714844, 1.792052149772644, 1.7942655086517334, 1.7916667461395264, 1.788249135017395, 1.8113553524017334, 1.825412631034851, 1.808416485786438, 1.8228222131729126, 1.8457858562469482, 1.847651481628418, 1.8670815229415894, 1.854562759399414, 1.8748317956924438, 1.9022984504699707, 1.9103537797927856, 1.9517834186553955, 1.9438285827636719, 1.9526898860931396, 1.980844497680664, 1.9869043827056885, 2.008744478225708, 2.023664712905884, 2.0447542667388916, 2.0672447681427, 2.0844802856445312, 2.1220836639404297, 2.146463632583618, 2.1561217308044434, 2.165649890899658, 2.219038963317871, 2.252373695373535, 2.297187328338623, 0.8637274503707886, 0.8639758229255676, 0.8668795228004456, 0.8952981233596802, 0.8931716084480286, 0.9095415472984314, 2.5689895153045654, 2.596526622772217, 2.640852451324463, 2.7069318294525146, 2.7493815422058105, 2.8050949573516846, 2.896406888961792, 2.959289312362671, 3.047105550765991, 3.0903046131134033, 3.1775124073028564, 3.279020309448242, 3.3584139347076416, 3.4595911502838135, inf, inf, inf, inf, inf, inf, inf, inf, inf, inf, inf, inf, inf, inf, inf, inf, inf, inf, inf, inf, inf, inf, inf, inf, inf, inf, inf, inf, inf, inf, inf, inf, inf, inf, inf, inf, inf, inf, inf, inf, inf, inf, inf, inf, inf, inf, inf, inf, inf, inf, inf, inf, inf, inf, inf, inf, inf, inf, inf, inf, inf, inf, inf, inf, inf, inf, inf, inf, inf, inf, inf, inf, inf, inf, inf, inf, inf, inf, inf, inf, inf, inf, inf, inf, inf, inf, inf, inf, inf, inf, inf, inf, inf, inf, inf, inf, inf, inf, inf, inf, inf, inf, inf, inf, inf, inf, inf, inf, inf]),0.01749303564429283,3409597000000,
array('f', [inf, inf, inf, inf, inf, inf, inf, inf, inf, inf, inf, inf, inf, inf, inf, inf, inf, inf, inf, inf, inf, inf, inf, inf, inf, inf, inf, inf, inf, inf, inf, inf, inf, inf, inf, inf, inf, inf, inf, inf, inf, inf, inf, inf, inf, inf, inf, inf, inf, inf, inf, inf, inf, inf, inf, inf, inf, inf, inf, inf, inf, inf, inf, inf, inf, inf, inf, inf, inf, inf, inf, inf, inf, inf, inf, inf, inf, inf, inf, inf, inf, inf, inf, inf, inf, inf, inf, inf, inf, inf, inf, inf, inf, inf, inf, inf, inf, inf, inf, inf, inf, inf, inf, inf, inf, inf, inf, inf, inf, inf, inf, inf, inf, inf, inf, inf, inf, inf, inf, inf, inf, inf, inf, inf, inf, inf, inf, inf, inf, inf, inf, 3.469475030899048, 3.3623251914978027, 3.283499002456665, 3.201735019683838, 3.1025686264038086, 3.0629758834838867, 2.984924554824829, 2.9144091606140137, 2.856313705444336, 2.8149044513702393, 2.746058464050293, 2.6824445724487305, 2.641353130340576, 2.609488010406494, 2.5443015098571777, 2.492147207260132, 2.5164968967437744, 2.5837059020996094, inf, inf, inf, inf, inf, inf, inf, inf, 3.4658868312835693, 3.4260599613189697, 3.3821945190429688, 3.374265670776367, 3.3318841457366943, 3.2848217487335205, 3.267571210861206, 3.2415366172790527, 3.224914073944092, 2.019871950149536, 1.9853413105010986, 1.9655308723449707, 1.9774796962738037, 1.9365843534469604, 1.9416025876998901, 1.9214258193969727, 1.9189060926437378, 1.8994749784469604, 1.9049198627471924, 1.8964869976043701, 1.8925669193267822, 1.8730076551437378, 1.8626818656921387, 1.8630660772323608, 1.8502479791641235, 1.8572169542312622, 1.8590840101242065, 1.8659225702285767, 1.858271837234497, 1.8542968034744263, 1.8565870523452759, 1.8288609981536865, 1.8371027708053589, 1.8417043685913086, 1.8367478847503662, 1.8484315872192383, 1.8700770139694214, 1.8562864065170288, 1.8562833070755005, 1.855762004852295, 1.8712466955184937, 1.8785816431045532, 1.8851587772369385, 1.8870525360107422, 1.8952913284301758, 1.8910484313964844, 1.9180970191955566, 1.9107422828674316, 1.926063060760498, 1.9375102519989014, 1.937965989112854, 1.975124478340149, 1.9813878536224365, 1.9842969179153442, 2.003871440887451, 2.0145158767700195, 2.0354154109954834, 2.0494680404663086, 2.0498294830322266, 2.0880022048950195, 2.098440170288086, 2.116734743118286, 2.1503398418426514, 2.1467831134796143, 2.177438735961914, 2.209510087966919, 2.24871563911438, 2.298130750656128, 2.301269054412842, 0.9332993626594543, 0.9298825860023499, 0.9090343117713928, 0.9464597702026367, 0.9736291766166687, 0.9906340837478638, 2.548379898071289, 2.5867154598236084, 2.621589183807373, 2.6705145835876465, 2.716266393661499, 2.7789294719696045, 2.8405838012695312, 2.8968043327331543, 2.958117961883545, 3.035273790359497, 3.1096932888031006, 3.1881728172302246, 3.262188673019409, 3.347994804382324, 3.4400267601013184, inf, inf, inf, inf, inf, inf, inf, inf, inf, inf, inf, inf, inf, inf, inf, inf, inf, inf, inf, inf, inf, inf, inf, inf, inf, inf, inf, inf, inf, inf, inf, inf, inf, inf, inf, inf, inf, inf, inf, inf, inf, inf, inf, inf, inf, inf, inf, inf, inf, inf, inf, inf, inf, inf, inf, inf, inf, inf, inf, inf, inf, inf, inf, inf, inf, inf, inf, inf, inf, inf, inf, inf, inf, inf, inf, inf, inf, inf, inf, inf, inf, inf, inf, inf, inf, inf, inf, inf, inf, inf, inf, inf, inf, inf, inf, inf, inf, inf, inf, inf, inf, inf, inf, inf, inf, inf, inf, inf, inf, inf, inf, inf, inf]),0.01749303564429283,3409797000000,
array('f', [inf, inf, inf, inf, inf, inf, inf, inf, inf, inf, inf, inf, inf, inf, inf, inf, inf, inf, inf, inf, inf, inf, inf, inf, inf, inf, inf, inf, inf, inf, inf, inf, inf, inf, inf, inf, inf, inf, inf, inf, inf, inf, inf, inf, inf, inf, inf, inf, inf, inf, inf, inf, inf, inf, inf, inf, inf, inf, inf, inf, inf, inf, inf, inf, inf, inf, inf, inf, inf, inf, inf, inf, inf, inf, inf, inf, inf, inf, inf, inf, inf, inf, inf, inf, inf, inf, inf, inf, inf, inf, inf, inf, inf, inf, inf, inf, inf, inf, inf, inf, inf, inf, inf, inf, inf, inf, inf, inf, inf, inf, inf, inf, inf, inf, inf, inf, inf, inf, inf, inf, inf, inf, inf, inf, inf, inf, inf, inf, inf, inf, 3.5, 3.3882217407226562, 3.3099822998046875, 3.228487253189087, 3.1495728492736816, 3.1006035804748535, 3.0358707904815674, 2.9671053886413574, 2.902937889099121, 2.844334602355957, 2.7937607765197754, 2.744554042816162, 2.7004544734954834, 2.6607840061187744, 2.633073329925537, 2.565732002258301, 2.6031928062438965, 2.6777002811431885, inf, inf, inf, inf, inf, inf, inf, inf, inf, 3.487299680709839, 3.4219143390655518, 3.412343740463257, 3.393150568008423, 3.349304676055908, 3.318449020385742, 3.3019776344299316, 2.086441993713379, 2.0740368366241455, 2.0402660369873047, 2.0343494415283203, 2.0250799655914307, 2.009669303894043, 1.9876608848571777, 1.9998328685760498, 2.003458023071289, 1.9870208501815796, 1.9870946407318115, 1.9641488790512085, 1.9578039646148682, 1.960999846458435, 1.935492992401123, 1.9498316049575806, 1.9347317218780518, 1.9217714071273804, 1.9334368705749512, 1.9275504350662231, 1.9382973909378052, 1.9330627918243408, 1.946398138999939, 1.939131498336792, 1.9249870777130127, 1.9270304441452026, 1.9140572547912598, 1.9588954448699951, 1.9422111511230469, 1.9198060035705566, 1.9324599504470825, 1.9492536783218384, 1.9475551843643188, 1.9554803371429443, 1.9626425504684448, 1.969679832458496, 1.9796212911605835, 1.9719605445861816, 1.9910811185836792, 1.989525556564331, 2.023529529571533, 2.036261796951294, 2.04612398147583, 2.0534253120422363, 2.0760252475738525, 2.0876731872558594, 2.1153783798217773, 2.104546070098877, 2.138491153717041, 2.1546008586883545, 2.1740520000457764, 2.192758083343506, 2.2060165405273438, 2.2415661811828613, 2.2605679035186768, 2.2787275314331055, 2.3345723152160645, 1.005506157875061, 1.0010826587677002, 0.9903172254562378, 1.0339572429656982, 1.0292266607284546, 1.0476781129837036, 2.5172054767608643, 2.5984859466552734, 2.6254653930664062, 2.6728789806365967, 2.7316761016845703, 2.7579023838043213, 2.7985072135925293, 2.8516056537628174, 2.929941415786743, 2.9822232723236084, 3.0501866340637207, 3.102724552154541, 3.182255268096924, 3.256692409515381, 3.345951557159424, 3.428154945373535, inf, inf, inf, inf, inf, inf, inf, inf, inf, inf, inf, inf, inf, inf, inf, inf, inf, inf, inf, inf, inf, inf, inf, inf, inf, inf, inf, inf, inf, inf, inf, inf, inf, inf, inf, inf, inf, inf, inf, inf, inf, inf, inf, inf, inf, inf, inf, inf, inf, inf, inf, inf, inf, inf, inf, inf, inf, inf, inf, inf, inf, inf, inf, inf, inf, inf, inf, inf, inf, inf, inf, inf, inf, inf, inf, inf, inf, inf, inf, inf, inf, inf, inf, inf, inf, inf, inf, inf, inf, inf, inf, inf, inf, inf, inf, inf, inf, inf, inf, inf, inf, inf, inf, inf, inf, inf, inf, inf, inf, inf, inf, inf, inf, inf, inf, inf, inf]),0.01749303564429283,3409997000000,
array('f', [inf, inf, inf, inf, inf, inf, inf, inf, inf, inf, inf, inf, inf, inf, inf, inf, inf, inf, inf, inf, inf, inf, inf, inf, inf, inf, inf, inf, inf, inf, inf, inf, inf, inf, inf, inf, inf, inf, inf, inf, inf, inf, inf, inf, inf, inf, inf, inf, inf, inf, inf, inf, inf, inf, inf, inf, inf, inf, inf, inf, inf, inf, inf, inf, inf, inf, inf, inf, inf, inf, inf, inf, inf, inf, inf, inf, inf, inf, inf, inf, inf, inf, inf, inf, inf, inf, inf, inf, inf, inf, inf, inf, inf, inf, inf, inf, inf, inf, inf, inf, inf, inf, inf, inf, inf, inf, inf, inf, inf, inf, inf, inf, inf, inf, inf, inf, inf, inf, inf, inf, inf, inf, inf, inf, inf, inf, inf, inf, inf, inf, 3.4369680881500244, 3.343841314315796, 3.2608656883239746, 3.2050373554229736, 3.1322033405303955, 3.0779950618743896, 3.0092432498931885, 2.9407002925872803, 2.8891632556915283, 2.838575839996338, 2.811223030090332, 2.743473529815674, 2.724807024002075, 2.6609816551208496, 2.65090012550354, 2.6998095512390137, inf, inf, inf, inf, inf, inf, inf, inf, inf, inf, inf, 3.4871597290039062, 3.443891763687134, 3.4109861850738525, 3.3954684734344482, 3.37850284576416, 3.3504281044006348, 2.1449875831604004, 2.1159751415252686, 2.130401611328125, 2.0996341705322266, 2.1177752017974854, 2.073533058166504, 2.0685312747955322, 2.066502571105957, 2.0554041862487793, 2.0488476753234863, 2.0520122051239014, 2.0328712463378906, 2.0144565105438232, 2.032036304473877, 2.0090794563293457, 2.0196917057037354, 2.0038816928863525, 2.0149171352386475, 2.013460397720337, 2.004646062850952, 2.0189270973205566, 2.013882637023926, 1.9956178665161133, 2.0021026134490967, 1.9877657890319824, 2.0116782188415527, 2.012265682220459, 2.0335566997528076, 2.026731252670288, 2.0300533771514893, 2.0338551998138428, 2.0422327518463135, 2.0520312786102295, 2.0451431274414062, 2.045032501220703, 2.0666136741638184, 2.0729925632476807, 2.090275764465332, 2.1032395362854004, 2.096841812133789, 2.1253058910369873, 2.1303184032440186, 2.131084442138672, 2.15464186668396, 2.1847000122070312, 2.2084052562713623, 2.2056386470794678, 2.230604887008667, 2.243204355239868, 2.2774486541748047, 2.285975694656372, 2.3177053928375244, 2.3419644832611084, 2.382819175720215, 1.1029739379882812, 1.0880945920944214, 1.0844576358795166, 1.1142984628677368, 1.1385009288787842, 1.15866219997406, 2.5690534114837646, 2.6148269176483154, 2.665593147277832, 2.7040016651153564, 2.7444088459014893, 2.7820777893066406, 2.863568067550659, 1.4760409593582153, 1.442618727684021, 1.4504350423812866, 1.432732105255127, 1.4383066892623901, 3.1970081329345703, 3.2798731327056885, 3.339459180831909, 3.4112396240234375, inf, inf, inf, inf, inf, inf, inf, inf, inf, inf, inf, inf, inf, inf, inf, inf, inf, inf, inf, inf, inf, inf, inf, inf, inf, inf, inf, inf, inf, inf, inf, inf, inf, inf, inf, inf, inf, inf, inf, inf, inf, inf, inf, inf, inf, inf, inf, inf, inf, inf, inf, inf, inf, inf, inf, inf, inf, inf, inf, inf, inf, inf, inf, inf, inf, inf, inf, inf, inf, inf, inf, inf, inf, inf, inf, inf, inf, inf, inf, inf, inf, inf, inf, inf, inf, inf, inf, inf, inf, inf, inf, inf, inf, inf, inf, inf, inf, inf, inf, inf, inf, inf, inf, inf, inf, inf, inf, inf, inf, inf, inf, inf, inf, inf, inf, inf, inf, inf, inf, inf, inf]),0.01749303564429283,3410197000000,
array('f', [inf, inf, inf, inf, inf, inf, inf, inf, inf, inf, inf, inf, inf, inf, inf, inf, inf, inf, inf, inf, inf, inf, inf, inf, inf, inf, inf, inf, inf, inf, inf, inf, inf, inf, inf, inf, inf, inf, inf, inf, inf, inf, inf, inf, inf, inf, inf, inf, inf, inf, inf, inf, inf, inf, inf, inf, inf, inf, inf, inf, inf, inf, inf, inf, inf, inf, inf, inf, inf, inf, inf, inf, inf, inf, inf, inf, inf, inf, inf, inf, inf, inf, inf, inf, inf, inf, inf, inf, inf, inf, inf, inf, inf, inf, inf, inf, inf, inf, inf, inf, inf, inf, inf, inf, inf, inf, inf, inf, inf, inf, inf, inf, inf, inf, inf, inf, inf, inf, inf, inf, inf, inf, inf, inf, inf, inf, inf, inf, inf, 3.4659903049468994, 3.390376091003418, 3.3099191188812256, 3.2358148097991943, 3.1792900562286377, 3.11639404296875, 3.055044412612915, 2.99692702293396, 2.9337751865386963, 2.9030680656433105, 2.8516578674316406, 2.821613311767578, 2.763268232345581, 2.735795021057129, 2.709920883178711, 2.7803404331207275, inf, inf, inf, inf, inf, inf, inf, inf, inf, inf, inf, inf, inf, 3.480973243713379, 3.4606244564056396, 3.4210240840911865, 2.232551097869873, 2.227295398712158, 2.2129101753234863, 2.1942083835601807, 2.205915927886963, 2.192147731781006, 2.152650833129883, 2.1500766277313232, 2.146751642227173, 2.1259114742279053, 2.1269919872283936, 2.1287684440612793, 2.1108617782592773, 2.120562791824341, 2.0983402729034424, 2.103050708770752, 2.086341142654419, 2.0987353324890137, 2.0984230041503906, 2.0933303833007812, 2.071017265319824, 2.0918490886688232, 2.0728366374969482, 2.1050162315368652, 2.0838515758514404, 2.072690963745117, 2.0984091758728027, 2.0978360176086426, 2.0979175567626953, 2.114220142364502, 2.1330392360687256, 2.1233632564544678, 2.1377036571502686, 2.1485188007354736, 2.139902114868164, 2.154470205307007, 2.1595871448516846, 2.172139883041382, 2.1861231327056885, 2.194997549057007, 2.214092969894409, 2.226060152053833, 2.2312967777252197, 2.257009506225586, 2.257742404937744, 2.2779946327209473, 2.3190016746520996, 2.3191299438476562, 2.343189239501953, 2.368816614151001, 2.3939356803894043, 2.4035451412200928, 1.1890573501586914, 1.176255226135254, 1.1697945594787598, 1.1976548433303833, 1.218571424484253, 1.2405614852905273, 2.643312454223633, 2.6459569931030273, 2.6996521949768066, 2.7371506690979004, 2.765194892883301, 2.8299171924591064, 1.5133345127105713, 1.506819725036621, 1.5032488107681274, 1.4695639610290527, 1.4979050159454346, 1.5282710790634155, 3.20236873626709, 3.281264543533325, 3.347370147705078, 3.4127418994903564, 3.4973196983337402, inf, inf, inf, inf, inf, inf, inf, inf, inf, inf, inf, inf, inf, inf, inf, inf, inf, inf, inf, inf, inf, inf, inf, inf, inf, inf, inf, inf, inf, inf, inf, inf, inf, inf, inf, inf, inf, inf, inf, inf, inf, inf, inf, inf, inf, inf, inf, inf, inf, inf, inf, inf, inf, inf, inf, inf, inf, inf, inf, inf, inf, inf, inf, inf, inf, inf, inf, inf, inf, inf, inf, inf, inf, inf, inf, inf, inf, inf, inf, inf, inf, inf, inf, inf, inf, inf, inf, inf, inf, inf, inf, inf, inf, inf, inf, inf, inf, inf, inf, inf, inf, inf, inf, inf, inf, inf, inf, inf, inf, inf, inf, inf, inf, inf, inf, inf, inf, inf, inf, inf, inf, inf, inf, inf]),0.01749303564429283,3410397000000,
array('f', [inf, inf, inf, inf, inf, inf, inf, inf, inf, inf, inf, inf, inf, inf, inf, inf, inf, inf, inf, inf, inf, inf, inf, inf, inf, inf, inf, inf, inf, inf, inf, inf, inf, inf, inf, inf, inf, inf, inf, inf, inf, inf, inf, inf, inf, inf, inf, inf, inf, inf, inf, inf, inf, inf, inf, inf, inf, inf, inf, inf, inf, inf, inf, inf, inf, inf, inf, inf, inf, inf, inf, inf, inf, inf, inf, inf, inf, inf, inf, inf, inf, inf, inf, inf, inf, inf, inf, inf, inf, inf, inf, inf, inf, inf, inf, inf, inf, inf, inf, inf, inf, inf, inf, inf, inf, inf, inf, inf, inf, inf, inf, inf, inf, inf, inf, inf, inf, inf, inf, inf, inf, inf, inf, inf, inf, inf, inf, inf, 3.496239423751831, 3.4183404445648193, 3.3433594703674316, 3.282712697982788, 3.2251739501953125, 3.155747890472412, 3.099459409713745, 3.0661253929138184, 3.0035595893859863, 2.9652352333068848, 2.9108004570007324, 2.8624916076660156, 2.7898733615875244, 2.7945823669433594, 2.8202831745147705, 2.8823211193084717, inf, inf, inf, inf, inf, inf, inf, inf, inf, inf, inf, inf, inf, inf, inf, 3.490445613861084, 2.2934727668762207, 2.304927110671997, 2.262131690979004, 2.2624666690826416, 2.2672455310821533, 2.225874185562134, 2.2443671226501465, 2.234253168106079, 2.2204911708831787, 2.2302961349487305, 2.203066349029541, 2.1971969604492188, 2.1792142391204834, 2.1752514839172363, 2.1759567260742188, 2.1787359714508057, 2.188567638397217, 2.181062936782837, 2.167377471923828, 2.175657272338867, 2.1651203632354736, 2.1655242443084717, 2.1776134967803955, 2.1681737899780273, 2.1748828887939453, 2.183018445968628, 2.1800849437713623, 2.1962690353393555, 2.1944611072540283, 2.1979761123657227, 2.1915838718414307, 2.216407299041748, 2.211963653564453, 2.2308621406555176, 2.2393229007720947, 2.2558345794677734, 2.265423059463501, 2.279186248779297, 2.2814443111419678, 2.3083620071411133, 2.319883346557617, 2.3481695652008057, 2.336209774017334, 2.3647687435150146, 2.405669689178467, 2.41157603263855, 2.425097703933716, 2.4543001651763916, 2.471181869506836, 2.4959635734558105, 1.2845213413238525, 1.274032473564148, 1.2889729738235474, 1.3310221433639526, 1.3370976448059082, 2.6586508750915527, 2.6908435821533203, 2.7511544227600098, 2.776556968688965, 2.8152527809143066, 1.5791571140289307, 1.5580427646636963, 1.5553747415542603, 1.5380882024765015, 1.54765784740448, 1.6143227815628052, 1.631057858467102, 3.222482442855835, 3.2784225940704346, 3.3470237255096436, 3.425574541091919, 3.5, inf, inf, inf, inf, inf, inf, inf, inf, inf, inf, inf, inf, inf, inf, inf, inf, inf, inf, inf, inf, inf, inf, inf, inf, inf, inf, inf, inf, inf, inf, inf, inf, inf, inf, inf, inf, inf, inf, inf, inf, inf, inf, inf, inf, inf, inf, inf, inf, inf, inf, inf, inf, inf, inf, inf, inf, inf, inf, inf, inf, inf, inf, inf, inf, inf, inf, inf, inf, inf, inf, inf, inf, inf, inf, inf, inf, inf, inf, inf, inf, inf, inf, inf, inf, inf, inf, inf, inf, inf, inf, inf, inf, inf, inf, inf, inf, inf, inf, inf, inf, inf, inf, inf, inf, inf, inf, inf, inf, inf, inf, inf, inf, inf, inf, inf, inf, inf, inf, inf, inf, inf, inf, inf, inf, inf, inf, inf, inf]),0.01749303564429283,3410597000000,
array('f', [inf, inf, inf, inf, inf, inf, inf, inf, inf, inf, inf, inf, inf, inf, inf, inf, inf, inf, inf, inf, inf, inf, inf, inf, inf, inf, inf, inf, inf, inf, inf, inf, inf, inf, inf, inf, inf, inf, inf, inf, inf, inf, inf, inf, inf, inf, inf, inf, inf, inf, inf, inf, inf, inf, inf, inf, inf, inf, inf, inf, inf, inf, inf, inf, inf, inf, inf, inf, inf, inf, inf, inf, inf, inf, inf, inf, inf, inf, inf, inf, inf, inf, inf, inf, inf, inf, inf, inf, inf, inf, inf, inf, inf, inf, inf, inf, inf, inf, inf, inf, inf, inf, inf, inf, inf, inf, inf, inf, inf, inf, inf, inf, inf, inf, inf, inf, inf, inf, inf, inf, inf, inf, inf, inf, inf, inf, inf, inf, 3.451199531555176, 3.4089767932891846, 3.3242921829223633, 3.265685796737671, 3.2044742107391357, 3.1251230239868164, 3.089303970336914, 3.0612268447875977, 2.9847185611724854, 2.9440503120422363, 2.9021291732788086, 2.869180917739868, 2.8378562927246094, 2.8984341621398926, inf, inf, inf, inf, inf, inf, inf, inf, inf, inf, inf, inf, inf, inf, inf, inf, 2.3813893795013428, 2.36264705657959, 2.371005058288574, 2.3305327892303467, 2.3375065326690674, 2.312638759613037, 2.3374085426330566, 2.3125805854797363, 2.2949600219726562, 2.2871007919311523, 2.29782772064209, 2.269364356994629, 2.2857983112335205, 2.2659599781036377, 2.281578302383423, 2.2620110511779785, 2.260993003845215, 2.2527482509613037, 2.2434425354003906, 2.270155906677246, 2.2387752532958984, 2.2584216594696045, 2.2494125366210938, 2.2304189205169678, 2.2582569122314453, 2.2516870498657227, 2.2817585468292236, 2.279599189758301, 2.281066656112671, 2.278296947479248, 2.285874605178833, 2.286635160446167, 2.3187122344970703, 2.294699192047119, 2.3179941177368164, 2.3490407466888428, 2.354869842529297, 2.377946615219116, 2.3958749771118164, 2.3869388103485107, 2.400226593017578, 2.4276554584503174, 2.4421379566192627, 2.446697473526001, 2.4743404388427734, 2.5121445655822754, 2.533743143081665, 2.5550620555877686, 2.5668256282806396, 1.3763738870620728, 1.384268045425415, 1.416375994682312, 1.434659481048584, 1.430354118347168, 2.7435011863708496, 2.7921130657196045, 2.819145917892456, 2.8494067192077637, 1.6358730792999268, 1.620031714439392, 1.6163417100906372, 1.6044036149978638, 1.6468943357467651, 1.6940255165100098, 3.157482862472534, 3.2294232845306396, 3.3092498779296875, 3.3675427436828613, 3.415531873703003, 3.495628595352173, inf, inf, inf, inf, inf, inf, inf, inf, inf, inf, inf, inf, inf, inf, inf, inf, inf, inf, inf, inf, inf, inf, inf, inf, inf, inf, inf, inf, inf, inf, inf, inf, inf, inf, inf, inf, inf, inf, inf, inf, inf, inf, inf, inf, inf, inf, inf, inf, inf, inf, inf, inf, inf, inf, inf, inf, inf, inf, inf, inf, inf, inf, inf, inf, inf, inf, inf, inf, inf, inf, inf, inf, inf, inf, inf, inf, inf, inf, inf, inf, inf, inf, inf, inf, inf, inf, inf, inf, inf, inf, inf, inf, inf, inf, inf, inf, inf, inf, inf, inf, inf, inf, inf, inf, inf, inf, inf, inf, inf, inf, inf, inf, inf, inf, inf, inf, inf, inf, inf, inf, inf, inf, inf, inf, inf, inf, inf, inf, inf, inf, inf, inf]),0.01749303564429283,3410797000000,
array('f', [inf, inf, inf, inf, inf, inf, inf, inf, inf, inf, inf, inf, inf, inf, inf, inf, inf, inf, inf, inf, inf, inf, inf, inf, inf, inf, inf, inf, inf, inf, inf, inf, inf, inf, inf, inf, inf, inf, inf, inf, inf, inf, inf, inf, inf, inf, inf, inf, inf, inf, inf, inf, inf, inf, inf, inf, inf, inf, inf, inf, inf, inf, inf, inf, inf, inf, inf, inf, inf, inf, inf, inf, inf, inf, inf, inf, inf, inf, inf, inf, inf, inf, inf, inf, inf, inf, inf, inf, inf, inf, inf, inf, inf, inf, inf, inf, inf, inf, inf, inf, inf, inf, inf, inf, inf, inf, inf, inf, inf, inf, inf, inf, inf, inf, inf, inf, inf, inf, inf, inf, inf, inf, inf, inf, inf, inf, inf, 3.4894771575927734, 3.4216830730438232, 3.356173276901245, 3.3113632202148438, 3.2386720180511475, 3.1893603801727295, 3.1509249210357666, 3.1042516231536865, 3.0352206230163574, 3.0088560581207275, 2.9495761394500732, 2.92391300201416, 2.9099676609039307, 2.98703932762146, inf, inf, inf, inf, inf, inf, inf, inf, inf, inf, inf, inf, inf, inf, inf, 2.4799656867980957, 2.4546525478363037, 2.4306437969207764, 2.4245967864990234, 2.405252456665039, 2.393970012664795, 2.3976378440856934, 2.390505075454712, 2.364131212234497, 2.3787684440612793, 2.354475975036621, 2.3503479957580566, 2.343142509460449, 2.3407726287841797, 2.3497350215911865, 2.344529867172241, 2.3503198623657227, 2.3178112506866455, 2.32999849319458, 2.3435556888580322, 2.335024833679199, 2.319204092025757, 2.322870969772339, 2.3456430435180664, 2.3389434814453125, 2.34686279296875, 2.3545196056365967, 2.3465969562530518, 2.369354486465454, 2.3635292053222656, 2.3688113689422607, 2.3962526321411133, 2.395068645477295, 2.4016332626342773, 2.4173550605773926, 2.43454647064209, 2.4487509727478027, 2.442384719848633, 2.4622673988342285, 2.4925167560577393, 2.498708963394165, 2.506085157394409, 2.5403032302856445, 2.546854257583618, 2.5808358192443848, 2.599438190460205, 2.6343460083007812, 2.6312735080718994, 1.4931895732879639, 1.4775866270065308, 1.500855565071106, 1.5308185815811157, 1.554623007774353, 2.8322107791900635, 2.8690123558044434, 2.8997864723205566, 1.7124654054641724, 1.7097313404083252, 1.6684104204177856, 1.6885628700256348, 1.7205928564071655, 1.7647449970245361, 3.2020134925842285, 3.251647472381592, 3.312373161315918, 3.354660987854004, 3.4128925800323486, inf, inf, inf, inf, inf, inf, inf, inf, inf, inf, inf, inf, inf, inf, inf, inf, inf, inf, inf, inf, inf, inf, inf, inf, inf, inf, inf, inf, inf, inf, inf, inf, inf, inf, inf, inf, inf, inf, inf, inf, inf, inf, inf, inf, inf, inf, inf, inf, inf, inf, inf, inf, inf, inf, inf, inf, inf, inf, inf, inf, inf, inf, inf, inf, inf, inf, inf, inf, inf, inf, inf, inf, inf, inf, inf, inf, inf, inf, inf, inf, inf, inf, inf, inf, inf, inf, inf, inf, inf, inf, inf, inf, inf, inf, inf, inf, inf, inf, inf, inf, inf, inf, inf, inf, inf, inf, inf, inf, inf, inf, inf, inf, inf, inf, inf, inf, inf, inf, inf, inf, inf, inf, inf, inf, inf, inf, inf, inf, inf, inf, inf, inf, inf, inf, inf, inf, inf]),0.01749303564429283,3410997000000,
array('f', [inf, inf, inf, inf, inf, inf, inf, inf, inf, inf, inf, inf, inf, inf, inf, inf, inf, inf, inf, inf, inf, inf, inf, inf, inf, inf, inf, inf, inf, inf, inf, inf, inf, inf, inf, inf, inf, inf, inf, inf, inf, inf, inf, inf, inf, inf, inf, inf, inf, inf, inf, inf, inf, inf, inf, inf, inf, inf, inf, inf, inf, inf, inf, inf, inf, inf, inf, inf, inf, inf, inf, inf, inf, inf, inf, inf, inf, inf, inf, inf, inf, inf, inf, inf, inf, inf, inf, inf, inf, inf, inf, inf, inf, inf, inf, inf, inf, inf, inf, inf, inf, inf, inf, inf, inf, inf, inf, inf, inf, inf, inf, inf, inf, inf, inf, inf, inf, inf, inf, inf, inf, inf, inf, inf, inf, inf, inf, 3.472811698913574, 3.388200521469116, 3.334524154663086, 3.292417287826538, 3.246241807937622, 3.2040631771087646, 3.1396429538726807, 3.087953567504883, 3.0581185817718506, 3.0294928550720215, 2.975473403930664, 2.9831645488739014, 3.077364683151245, inf, inf, inf, inf, inf, inf, inf, inf, inf, inf, inf, inf, inf, inf, inf, 2.5291025638580322, 2.519341230392456, 2.515904664993286, 2.4950761795043945, 2.4890644550323486, 2.462340831756592, 2.4522008895874023, 2.4538233280181885, 2.4466352462768555, 2.463238477706909, 2.4400532245635986, 2.4502127170562744, 2.423666000366211, 2.421283721923828, 2.4237914085388184, 2.42240834236145, 2.4110991954803467, 2.416794776916504, 2.4227259159088135, 2.4227662086486816, 2.4205386638641357, 2.433962345123291, 2.4135303497314453, 2.429979085922241, 2.4438836574554443, 2.443221092224121, 2.440542221069336, 2.447683334350586, 2.4706525802612305, 2.469531297683716, 2.4739198684692383, 2.4977142810821533, 2.5127432346343994, 2.5138208866119385, 2.504446506500244, 2.5546185970306396, 2.565523624420166, 2.562382459640503, 2.582399845123291, 2.5998783111572266, 2.628732442855835, 2.6386077404022217, 2.657580614089966, 2.6914548873901367, 2.7002203464508057, 2.7328600883483887, 1.6126675605773926, 1.5626866817474365, 1.6082220077514648, 1.6192755699157715, 1.63865327835083, 2.898521900177002, 2.9335944652557373, 1.7987946271896362, 1.7781087160110474, 1.7551934719085693, 1.761273980140686, 1.798122763633728, 1.8489383459091187, 3.2454724311828613, 3.261540651321411, 3.32680606842041, 3.38289213180542, 3.4419946670532227, inf, inf, inf, inf, inf, inf, inf, inf, inf, inf, inf, inf, inf, inf, inf, inf, inf, inf, inf, inf, inf, inf, inf, inf, inf, inf, inf, inf, inf, inf, inf, inf, inf, inf, inf, inf, inf, inf, inf, inf, inf, inf, inf, inf, inf, inf, inf, inf, inf, inf, inf, inf, inf, inf, inf, inf, inf, inf, inf, inf, inf, inf, inf, inf, inf, inf, inf, inf, inf, inf, inf, inf, inf, inf, inf, inf, inf, inf, inf, inf, inf, inf, inf, inf, inf, inf, inf, inf, inf, inf, inf, inf, inf, inf, inf, inf, inf, inf, inf, inf, inf, inf, inf, inf, inf, inf, inf, inf, inf, inf, inf, inf, inf, inf, inf, inf, inf, inf, inf, inf, inf, inf, inf, inf, inf, inf, inf, inf, inf, inf, inf, inf, inf, inf, inf, inf, inf, inf, inf, inf, inf]),0.01749303564429283,3411197000000,
array('f', [inf, inf, inf, inf, inf, inf, inf, inf, inf, inf, inf, inf, inf, inf, inf, inf, inf, inf, inf, inf, inf, inf, inf, inf, inf, inf, inf, inf, inf, inf, inf, inf, inf, inf, inf, inf, inf, inf, inf, inf, inf, inf, inf, inf, inf, inf, inf, inf, inf, inf, inf, inf, inf, inf, inf, inf, inf, inf, inf, inf, inf, inf, inf, inf, inf, inf, inf, inf, inf, inf, inf, inf, inf, inf, inf, inf, inf, inf, inf, inf, inf, inf, inf, inf, inf, inf, inf, inf, inf, inf, inf, inf, inf, inf, inf, inf, inf, inf, inf, inf, inf, inf, inf, inf, inf, inf, inf, inf, inf, inf, inf, inf, inf, inf, inf, inf, inf, inf, inf, inf, inf, inf, inf, inf, inf, inf, inf, 3.4412381649017334, 3.378227710723877, 3.3298232555389404, 3.286510467529297, 3.261608362197876, 3.189666509628296, 3.1524274349212646, 3.1044387817382812, 3.0766284465789795, 3.0350170135498047, 3.068561315536499, inf, inf, inf, inf, inf, inf, inf, inf, inf, inf, inf, inf, inf, inf, inf, 2.643498659133911, 2.5967302322387695, 2.580854654312134, 2.594865083694458, 2.5757715702056885, 2.5554897785186768, 2.5481069087982178, 2.5458059310913086, 2.555379867553711, 2.536870241165161, 2.52657413482666, 2.520099401473999, 2.5066494941711426, 2.4991629123687744, 2.5064961910247803, 2.5003902912139893, 2.4989142417907715, 2.503168821334839, 2.4938602447509766, 2.507277727127075, 2.5106935501098633, 2.4996397495269775, 2.5070033073425293, 2.5333704948425293, 2.519787073135376, 2.5381088256835938, 2.5244715213775635, 2.538902759552002, 2.5402307510375977, 2.5804238319396973, 2.582521438598633, 2.5620250701904297, 2.579216241836548, 2.5848028659820557, 2.610107898712158, 2.6217637062072754, 2.6331546306610107, 2.656602144241333, 2.6788229942321777, 2.6908721923828125, 2.693397283554077, 2.731874942779541, 2.759751081466675, 2.7699496746063232, 2.787306308746338, 2.816074848175049, 1.6752463579177856, 1.7023910284042358, 1.7089320421218872, 1.739436149597168, 2.9676449298858643, 1.865439534187317, 1.8589507341384888, 1.8042904138565063, 1.843830943107605, 1.868870735168457, 1.8923982381820679, 3.2523722648620605, 3.294980049133301, 3.350780725479126, 3.397308826446533, 3.473689079284668, inf, inf, inf, inf, inf, inf, inf, inf, inf, inf, inf, inf, inf, inf, inf, inf, inf, inf, inf, inf, inf, inf, inf, inf, inf, inf, inf, inf, inf, inf, inf, inf, inf, inf, inf, inf, inf, inf, inf, inf, inf, inf, inf, inf, inf, inf, inf, inf, inf, inf, inf, inf, inf, inf, inf, inf, inf, inf, inf, inf, inf, inf, inf, inf, inf, inf, inf, inf, inf, inf, inf, inf, inf, inf, inf, inf, inf, inf, inf, inf, inf, inf, inf, inf, inf, inf, inf, inf, inf, inf, inf, inf, inf, inf, inf, inf, inf, inf, inf, inf, inf, inf, inf, inf, inf, inf, inf, inf, inf, inf, inf, inf, inf, inf, inf, inf, inf, inf, inf, inf, inf, inf, inf, inf, inf, inf, inf, inf, inf, inf, inf, inf, inf, inf, inf, inf, inf, inf, inf, inf, inf, inf, inf, inf, inf]),0.01749303564429283,3411400000000,
array('f', [inf, inf, inf, inf, inf, inf, inf, inf, inf, inf, inf, inf, inf, inf, inf, inf, inf, inf, inf, inf, inf, inf, inf, inf, inf, inf, inf, inf, inf, inf, inf, inf, inf, inf, inf, inf, inf, inf, inf, inf, inf, inf, inf, inf, inf, inf, inf, inf, inf, inf, inf, inf, inf, inf, inf, inf, inf, inf, inf, inf, inf, inf, inf, inf, inf, inf, inf, inf, inf, inf, inf, inf, inf, inf, inf, inf, inf, inf, inf, inf, inf, inf, inf, inf, inf, inf, inf, inf, inf, inf, inf, inf, inf, inf, inf, inf, inf, inf, inf, inf, inf, inf, inf, inf, inf, inf, inf, inf, inf, inf, inf, inf, inf, inf, inf, inf, inf, inf, inf, inf, inf, inf, inf, inf, inf, inf, 3.475417137145996, 3.421053647994995, 3.3987276554107666, 3.338911533355713, 3.278935194015503, 3.254666805267334, 3.2086305618286133, 3.175572395324707, 3.1168577671051025, 3.078610420227051, 3.1599268913269043, inf, inf, inf, inf, inf, inf, inf, inf, inf, inf, inf, inf, inf, inf, inf, 2.669262409210205, 2.6839802265167236, 2.6663641929626465, 2.650560140609741, 2.6437325477600098, 2.6253981590270996, 2.6163699626922607, 2.6103100776672363, 2.6078662872314453, 2.606018543243408, 2.602708578109741, 2.593674421310425, 2.594635486602783, 2.586733102798462, 2.5950465202331543, 2.5806565284729004, 2.5967698097229004, 2.5816588401794434, 2.58735990524292, 2.5867433547973633, 2.5871922969818115, 2.5909106731414795, 2.5913758277893066, 2.6005795001983643, 2.6143288612365723, 2.6161084175109863, 2.6221914291381836, 2.607680559158325, 2.626271963119507, 2.648613691329956, 2.641270399093628, 2.6644771099090576, 2.6708011627197266, 2.6851911544799805, 2.7225987911224365, 2.736341714859009, 2.7556312084198, 2.766042470932007, 2.789977550506592, 2.8026955127716064, 2.8428971767425537, 2.844916343688965, 2.8800437450408936, 2.87282657623291, 1.8020802736282349, 1.7900794744491577, 1.809509038925171, 1.8392337560653687, 1.8695752620697021, 1.9638922214508057, 1.9282958507537842, 1.9025319814682007, 1.9270565509796143, 1.9651967287063599, 3.281358480453491, 3.339615821838379, 3.3675014972686768, 3.4305217266082764, 3.475264310836792, inf, inf, inf, inf, inf, inf, inf, inf, inf, inf, inf, inf, inf, inf, inf, inf, inf, inf, inf, inf, inf, inf, inf, inf, inf, inf, inf, inf, inf, inf, inf, inf, inf, inf, inf, inf, inf, inf, inf, inf, inf, inf, inf, inf, inf, inf, inf, inf, inf, inf, inf, inf, inf, inf, inf, inf, inf, inf, inf, inf, inf, inf, inf, inf, inf, inf, inf, inf, inf, inf, inf, inf, inf, inf, inf, inf, inf, inf, inf, inf, inf, inf, inf, inf, inf, inf, inf, inf, inf, inf, inf, inf, inf, inf, inf, inf, inf, inf, inf, inf, inf, inf, inf, inf, inf, inf, inf, inf, inf, inf, inf, inf, inf, inf, inf, inf, inf, inf, inf, inf, inf, inf, inf, inf, inf, inf, inf, inf, inf, inf, inf, inf, inf, inf, inf, inf, inf, inf, inf, inf, inf, inf, inf, inf, inf, inf, inf, inf, inf]),0.01749303564429283,3411600000000,
array('f', [inf, inf, inf, inf, inf, inf, inf, inf, inf, inf, inf, inf, inf, inf, inf, inf, inf, inf, inf, inf, inf, inf, inf, inf, inf, inf, inf, inf, inf, inf, inf, inf, inf, inf, inf, inf, inf, inf, inf, inf, inf, inf, inf, inf, inf, inf, inf, inf, inf, inf, inf, inf, inf, inf, inf, inf, inf, inf, inf, inf, inf, inf, inf, inf, inf, inf, inf, inf, inf, inf, inf, inf, inf, inf, inf, inf, inf, inf, inf, inf, inf, inf, inf, inf, inf, inf, inf, inf, inf, inf, inf, inf, inf, inf, inf, inf, inf, inf, inf, inf, inf, inf, inf, inf, inf, inf, inf, inf, inf, inf, inf, inf, inf, inf, inf, inf, inf, inf, inf, inf, inf, inf, inf, inf, inf, inf, 3.4648025035858154, 3.4310555458068848, 3.3593099117279053, 3.3221819400787354, 3.279379367828369, 3.2402608394622803, 3.1999740600585938, 3.1654391288757324, 3.1490650177001953, 3.2343404293060303, inf, inf, inf, inf, inf, inf, inf, inf, inf, inf, inf, inf, inf, inf, 2.760239839553833, 2.7473249435424805, 2.7311248779296875, 2.7292041778564453, 2.715251922607422, 2.7090566158294678, 2.703549861907959, 2.7088799476623535, 2.7127058506011963, 2.6917784214019775, 2.6953530311584473, 2.6860828399658203, 2.6706929206848145, 2.6667580604553223, 2.678734540939331, 2.676492929458618, 2.6714437007904053, 2.6776914596557617, 2.668574094772339, 2.678521156311035, 2.6574058532714844, 2.6727867126464844, 2.6723744869232178, 2.6867165565490723, 2.7114996910095215, 2.700573682785034, 2.725611448287964, 2.7271649837493896, 2.716442346572876, 2.736520528793335, 2.767110586166382, 2.7453389167785645, 2.7939229011535645, 2.8081765174865723, 2.8065314292907715, 2.8147482872009277, 2.856996774673462, 2.8827075958251953, 2.886807680130005, 2.8999195098876953, 2.9268882274627686, 2.951423406600952, 2.957658290863037, 2.9990501403808594, 1.8582146167755127, 1.8903499841690063, 1.9146466255187988, 1.9523284435272217, 2.0501296520233154, 1.9878402948379517, 2.006298542022705, 2.036898136138916, 2.073273181915283, 3.3442726135253906, 3.410278797149658, 3.4606637954711914, 3.5, inf, inf, inf, inf, inf, inf, inf, inf, inf, inf, inf, inf, inf, inf, inf, inf, inf, inf, inf, inf, inf, inf, inf, inf, inf, inf, inf, inf, inf, inf, inf, inf, inf, inf, inf, inf, inf, inf, inf, inf, inf, inf, inf, inf, inf, inf, inf, inf, inf, inf, inf, inf, inf, inf, inf, inf, inf, inf, inf, inf, inf, inf, inf, inf, inf, inf, inf, inf, inf, inf, inf, inf, inf, inf, inf, inf, inf, inf, inf, inf, inf, inf, inf, inf, inf, inf, inf, inf, inf, inf, inf, inf, inf, inf, inf, inf, inf, inf, inf, inf, inf, inf, inf, inf, inf, inf, inf, inf, inf, inf, inf, inf, inf, inf, inf, inf, inf, inf, inf, inf, inf, inf, inf, inf, inf, inf, inf, inf, inf, inf, inf, inf, inf, inf, inf, inf, inf, inf, inf, inf, inf, inf, inf, inf, inf, inf, inf, inf, inf, inf, inf, inf, inf]),0.01749303564429283,3411800000000,
array('f', [inf, inf, inf, inf, inf, inf, inf, inf, inf, inf, inf, inf, inf, inf, inf, inf, inf, inf, inf, inf, inf, inf, inf, inf, inf, inf, inf, inf, inf, inf, inf, inf, inf, inf, inf, inf, inf, inf, inf, inf, inf, inf, inf, inf, inf, inf, inf, inf, inf, inf, inf, inf, inf, inf, inf, inf, inf, inf, inf, inf, inf, inf, inf, inf, inf, inf, inf, inf, inf, inf, inf, inf, inf, inf, inf, inf, inf, inf, inf, inf, inf, inf, inf, inf, inf, inf, inf, inf, inf, inf, inf, inf, inf, inf, inf, inf, inf, inf, inf, inf, inf, inf, inf, inf, inf, inf, inf, inf, inf, inf, inf, inf, inf, inf, inf, inf, inf, inf, inf, inf, inf, inf, inf, inf, inf, inf, 3.4629719257354736, 3.4026174545288086, 3.3787078857421875, 3.338364839553833, 3.3034491539001465, 3.263620615005493, 3.229523181915283, 3.2266836166381836, 3.312264919281006, inf, inf, inf, inf, inf, inf, inf, inf, inf, inf, inf, inf, inf, inf, 2.832118034362793, 2.830333709716797, 2.823749303817749, 2.8032984733581543, 2.802736520767212, 2.7726807594299316, 2.7848262786865234, 2.7823920249938965, 2.765598773956299, 2.766566276550293, 2.746142864227295, 2.7569079399108887, 2.742755651473999, 2.7427093982696533, 2.7527921199798584, 2.7601535320281982, 2.7562079429626465, 2.768730640411377, 2.759758234024048, 2.7354068756103516, 2.7644095420837402, 2.7638916969299316, 2.783534049987793, 2.7804512977600098, 2.779308795928955, 2.7983076572418213, 2.809614658355713, 2.8197972774505615, 2.8291022777557373, 2.8479819297790527, 2.862419366836548, 2.8695454597473145, 2.8791584968566895, 2.904763698577881, 2.9162933826446533, 2.9432222843170166, 2.969543218612671, 2.9662978649139404, 2.9983904361724854, 3.0157809257507324, 3.0347886085510254, 3.064188003540039, 3.1174750328063965, 1.979209303855896, 2.0078015327453613, 2.031684637069702, 2.0814192295074463, 2.0643105506896973, 2.086652994155884, 2.132887363433838, 2.165346145629883, 3.4315035343170166, 3.4594781398773193, inf, inf, inf, inf, inf, inf, inf, inf, inf, inf, inf, inf, inf, inf, inf, inf, inf, inf, inf, inf, inf, inf, inf, inf, inf, inf, inf, inf, inf, inf, inf, inf, inf, inf, inf, inf, inf, inf, inf, inf, inf, inf, inf, inf, inf, inf, inf, inf, inf, inf, inf, inf, inf, inf, inf, inf, inf, inf, inf, inf, inf, inf, inf, inf, inf, inf, inf, inf, inf, inf, inf, inf, inf, inf, inf, inf, inf, inf, inf, inf, inf, inf, inf, inf, inf, inf, inf, inf, inf, inf, inf, inf, inf, inf, inf, inf, inf, inf, inf, inf, inf, inf, inf, inf, inf, inf, inf, inf, inf, inf, inf, inf, inf, inf, inf, inf, inf, inf, inf, inf, inf, inf, inf, inf, inf, inf, inf, inf, inf, inf, inf, inf, inf, inf, inf, inf, inf, inf, inf, inf, inf, inf, inf, inf, inf, inf, inf, inf, inf, inf, inf, inf, inf, inf, inf, inf, inf, inf]),0.01749303564429283,3412000000000,
array('f', [inf, inf, inf, inf, inf, inf, inf, inf, inf, inf, inf, inf, inf, inf, inf, inf, inf, inf, inf, inf, inf, inf, inf, inf, inf, inf, inf, inf, inf, inf, inf, inf, inf, inf, inf, inf, inf, inf, inf, inf, inf, inf, inf, inf, inf, inf, inf, inf, inf, inf, inf, inf, inf, inf, inf, inf, inf, inf, inf, inf, inf, inf, inf, inf, inf, inf, inf, inf, inf, inf, inf, inf, inf, inf, inf, inf, inf, inf, inf, inf, inf, inf, inf, inf, inf, inf, inf, inf, inf, inf, inf, inf, inf, inf, inf, inf, inf, inf, inf, inf, inf, inf, inf, inf, inf, inf, inf, inf, inf, inf, inf, inf, inf, inf, inf, inf, inf, inf, inf, inf, inf, inf, inf, inf, inf, inf, 3.4456753730773926, 3.4232542514801025, 3.3898773193359375, 3.363353967666626, 3.3032071590423584, 3.2586514949798584, 3.309931755065918, inf, inf, inf, inf, inf, inf, inf, inf, inf, inf, inf, inf, inf, inf, inf, 2.938091516494751, 2.8858940601348877, 2.883413553237915, 2.8613381385803223, 2.8737733364105225, 2.847261667251587, 2.8477115631103516, 2.8428127765655518, 2.84698224067688, 2.8326058387756348, 2.821272134780884, 2.835566759109497, 2.808601140975952, 2.8321712017059326, 2.824758291244507, 2.8146142959594727, 2.8299856185913086, 2.83302903175354, 2.835369825363159, 2.839054584503174, 2.8335702419281006, 2.8602943420410156, 2.8570396900177, 2.876054048538208, 2.8917500972747803, 2.885209798812866, 2.908074140548706, 2.911031484603882, 2.9298415184020996, 2.942509651184082, 2.951772689819336, 2.966815710067749, 3.0005571842193604, 3.000929355621338, 3.021050214767456, 3.0488054752349854, 3.078763246536255, 3.0905728340148926, 3.1409225463867188, 3.1378886699676514, 3.173776149749756, 2.094965696334839, 2.077380895614624, 2.0975656509399414, 2.1328647136688232, 2.1601531505584717, 2.168874502182007, 2.1839113235473633, 2.237809658050537, 3.5, inf, inf, inf, inf, inf, inf, inf, inf, inf, inf, inf, inf, inf, inf, inf, inf, inf, inf, inf, inf, inf, inf, inf, inf, inf, inf, inf, inf, inf, inf, inf, inf, inf, inf, inf, inf, inf, inf, inf, inf, inf, inf, inf, inf, inf, inf, inf, inf, inf, inf, inf, inf, inf, inf, inf, inf, inf, inf, inf, inf, inf, inf, inf, inf, inf, inf, inf, inf, inf, inf, inf, inf, inf, inf, inf, inf, inf, inf, inf, inf, inf, inf, inf, inf, inf, inf, inf, inf, inf, inf, inf, inf, inf, inf, inf, inf, inf, inf, inf, inf, inf, inf, inf, inf, inf, inf, inf, inf, inf, inf, inf, inf, inf, inf, inf, inf, inf, inf, inf, inf, inf, inf, inf, inf, inf, inf, inf, inf, inf, inf, inf, inf, inf, inf, inf, inf, inf, inf, inf, inf, inf, inf, inf, inf, inf, inf, inf, inf, inf, inf, inf, inf, inf, inf, inf, inf, inf, inf, inf, inf, inf, inf]),0.01749303564429283,3412200000000,
array('f', [inf, inf, inf, inf, inf, inf, inf, inf, inf, inf, inf, inf, inf, inf, inf, inf, inf, inf, inf, inf, inf, inf, inf, inf, inf, inf, inf, inf, inf, inf, inf, inf, inf, inf, inf, inf, inf, inf, inf, inf, inf, inf, inf, inf, inf, inf, inf, inf, inf, inf, inf, inf, inf, inf, inf, inf, inf, inf, inf, inf, inf, inf, inf, inf, inf, inf, inf, inf, inf, inf, inf, inf, inf, inf, inf, inf, inf, inf, inf, inf, inf, inf, inf, inf, inf, inf, inf, inf, inf, inf, inf, inf, inf, inf, inf, inf, inf, inf, inf, inf, inf, inf, inf, inf, inf, inf, inf, inf, inf, inf, inf, inf, inf, inf, inf, inf, inf, inf, inf, inf, inf, inf, inf, inf, inf, inf, 3.457369565963745, 3.412275791168213, 3.385120153427124, 3.35799503326416, 3.3127546310424805, 3.3980321884155273, inf, inf, inf, inf, inf, inf, inf, inf, inf, inf, inf, inf, inf, inf, 2.975471019744873, 2.970465898513794, 2.9600608348846436, 2.955834150314331, 2.9430761337280273, 2.949802875518799, 2.9287517070770264, 2.940990447998047, 2.9114832878112793, 2.928402900695801, 2.902237892150879, 2.904890537261963, 2.928173065185547, 2.912513494491577, 2.905900239944458, 2.9176113605499268, 2.9298181533813477, 2.901392698287964, 2.9185245037078857, 2.921762228012085, 2.9326038360595703, 2.942575454711914, 2.9392364025115967, 2.9539635181427, 2.968726396560669, 2.985812187194824, 2.987297773361206, 2.998467206954956, 3.01914381980896, 3.033320665359497, 3.0510857105255127, 3.070216655731201, 3.080471992492676, 3.107560873031616, 3.1253652572631836, 3.141871690750122, 3.1718761920928955, 3.1693882942199707, 3.2084708213806152, 3.2494492530822754, 3.277576446533203, 2.1611266136169434, 2.174417018890381, 2.21282958984375, 2.2480454444885254, 2.225522041320801, 2.283848762512207, 2.298398494720459, inf, inf, inf, inf, inf, inf, inf, inf, inf, inf, inf, inf, inf, inf, inf, inf, inf, inf, inf, inf, inf, inf, inf, inf, inf, inf, inf, inf, inf, inf, inf, inf, inf, inf, inf, inf, inf, inf, inf, inf, inf, inf, inf, inf, inf, inf, inf, inf, inf, inf, inf, inf, inf, inf, inf, inf, inf, inf, inf, inf, inf, inf, inf, inf, inf, inf, inf, inf, inf, inf, inf, inf, inf, inf, inf, inf, inf, inf, inf, inf, inf, inf, inf, inf, inf, inf, inf, inf, inf, inf, inf, inf, inf, inf, inf, inf, inf, inf, inf, inf, inf, inf, inf, inf, inf, inf, inf, inf, inf, inf, inf, inf, inf, inf, inf, inf, inf, inf, inf, inf, inf, inf, inf, inf, inf, inf, inf, inf, inf, inf, inf, inf, inf, inf, inf, inf, inf, inf, inf, inf, inf, inf, inf, inf, inf, inf, inf, inf, inf, inf, inf, inf, inf, inf, inf, inf, inf, inf, inf, inf, inf, inf, inf, inf, inf, inf]),0.01749303564429283,3412400000000,
array('f', [inf, inf, inf, inf, inf, inf, inf, inf, inf, inf, inf, inf, inf, inf, inf, inf, inf, inf, inf, inf, inf, inf, inf, inf, inf, inf, inf, inf, inf, inf, inf, inf, inf, inf, inf, inf, inf, inf, inf, inf, inf, inf, inf, inf, inf, inf, inf, inf, inf, inf, inf, inf, inf, inf, inf, inf, inf, inf, inf, inf, inf, inf, inf, inf, inf, inf, inf, inf, inf, inf, inf, inf, inf, inf, inf, inf, inf, inf, inf, inf, inf, inf, inf, inf, inf, inf, inf, inf, inf, inf, inf, inf, inf, inf, inf, inf, inf, inf, inf, inf, inf, inf, inf, inf, inf, inf, inf, inf, inf, inf, inf, inf, inf, inf, inf, inf, inf, inf, inf, inf, inf, inf, inf, inf, inf, inf, 3.4626729488372803, 3.4470205307006836, 3.394670009613037, 3.363779306411743, 3.4893033504486084, inf, inf, inf, inf, inf, inf, inf, inf, inf, inf, inf, inf, inf, inf, 3.0505497455596924, 3.0410146713256836, 3.022576093673706, 3.025697946548462, 3.0174107551574707, 3.0198779106140137, 3.002534866333008, 3.008023977279663, 3.00356388092041, 2.9762399196624756, 2.9950814247131348, 2.972601890563965, 2.9674618244171143, 2.994081735610962, 2.9893417358398438, 2.984905958175659, 2.9979803562164307, 2.9935100078582764, 3.006941080093384, 3.0265443325042725, 3.0170822143554688, 3.025827646255493, 3.032205820083618, 3.036818265914917, 3.042752265930176, 3.0754306316375732, 3.091458797454834, 3.0943310260772705, 3.137042999267578, 3.1442456245422363, 3.160064220428467, 3.188924789428711, 3.1820619106292725, 3.203519105911255, 3.20759916305542, 3.265772581100464, 3.2858824729919434, 3.2877066135406494, 3.323720932006836, 3.378572702407837, 2.252833604812622, 2.2829530239105225, 2.3332343101501465, 2.2878355979919434, 2.3468940258026123, 2.3939263820648193, inf, inf, inf, inf, inf, inf, inf, inf, inf, inf, inf, inf, inf, inf, inf, inf, inf, inf, inf, inf, inf, inf, inf, inf, inf, inf, inf, inf, inf, inf, inf, inf, inf, inf, inf, inf, inf, inf, inf, inf, inf, inf, inf, inf, inf, inf, inf, inf, inf, inf, inf, inf, inf, inf, inf, inf, inf, inf, inf, inf, inf, inf, inf, inf, inf, inf, inf, inf, inf, inf, inf, inf, inf, inf, inf, inf, inf, inf, inf, inf, inf, inf, inf, inf, inf, inf, inf, inf, inf, inf, inf, inf, inf, inf, inf, inf, inf, inf, inf, inf, inf, inf, inf, inf, inf, inf, inf, inf, inf, inf, inf, inf, inf, inf, inf, inf, inf, inf, inf, inf, inf, inf, inf, inf, inf, inf, inf, inf, inf, inf, inf, inf, inf, inf, inf, inf, inf, inf, inf, inf, inf, inf, inf, inf, inf, inf, inf, inf, inf, inf, inf, inf, inf, inf, inf, inf, inf, inf, inf, inf, inf, inf, inf, inf, inf, inf, inf, inf, inf]),0.01749303564429283,3412600000000,
array('f', [inf, inf, inf, inf, inf, inf, inf, inf, inf, inf, inf, inf, inf, inf, inf, inf, inf, inf, inf, inf, inf, inf, inf, inf, inf, inf, inf, inf, inf, inf, inf, inf, inf, inf, inf, inf, inf, inf, inf, inf, inf, inf, inf, inf, inf, inf, inf, inf, inf, inf, inf, inf, inf, inf, inf, inf, inf, inf, inf, inf, inf, inf, inf, inf, inf, inf, inf, inf, inf, inf, inf, inf, inf, inf, inf, inf, inf, inf, inf, inf, inf, inf, inf, inf, inf, inf, inf, inf, inf, inf, inf, inf, inf, inf, inf, inf, inf, inf, inf, inf, inf, inf, inf, inf, inf, inf, inf, inf, inf, inf, inf, inf, inf, inf, inf, inf, inf, inf, inf, inf, inf, inf, inf, inf, inf, inf, 3.492936372756958, 3.462547779083252, 3.4202282428741455, inf, inf, inf, inf, inf, inf, inf, inf, inf, inf, inf, inf, inf, inf, 3.1165435314178467, 3.105182647705078, 3.108004570007324, 3.1036951541900635, 3.085940361022949, 3.092320680618286, 3.0763278007507324, 3.0708401203155518, 3.060058832168579, 3.067579507827759, 3.0749316215515137, 3.0708000659942627, 3.061062812805176, 3.0613927841186523, 3.059220790863037, 3.083914041519165, 3.0905845165252686, 3.0790481567382812, 3.088158369064331, 3.098439931869507, 3.1080069541931152, 3.1239304542541504, 3.1296699047088623, 3.147394895553589, 3.1463406085968018, 3.1710684299468994, 3.1691200733184814, 3.1801199913024902, 3.213308572769165, 3.2183620929718018, 3.222856044769287, 3.2607274055480957, 3.265791654586792, 3.3154592514038086, 3.3115131855010986, 3.3474385738372803, 3.37033748626709, 3.4356119632720947, 3.4478671550750732, 2.363388776779175, 2.336477041244507, 2.390134811401367, 2.408384084701538, 2.404013156890869, 2.442087411880493, 2.498927116394043, inf, inf, inf, inf, inf, inf, inf, inf, inf, inf, inf, inf, inf, inf, inf, inf, inf, inf, inf, inf, inf, inf, inf, inf, inf, inf, inf, inf, inf, inf, inf, inf, inf, inf, inf, inf, inf, inf, inf, inf, inf, inf, inf, inf, inf, inf, inf, inf, inf, inf, inf, inf, inf, inf, inf, inf, inf, inf, inf, inf, inf, inf, inf, inf, inf, inf, inf, inf, inf, inf, inf, inf, inf, inf, inf, inf, inf, inf, inf, inf, inf, inf, inf, inf, inf, inf, inf, inf, inf, inf, inf, inf, inf, inf, inf, inf, inf, inf, inf, inf, inf, inf, inf, inf, inf, inf, inf, inf, inf, inf, inf, inf, inf, inf, inf, inf, inf, inf, inf, inf, inf, inf, inf, inf, inf, inf, inf, inf, inf, inf, inf, inf, inf, inf, inf, inf, inf, inf, inf, inf, inf, inf, inf, inf, inf, inf, inf, inf, inf, inf, inf, inf, inf, inf, inf, inf, inf, inf, inf, inf, inf, inf, inf, inf, inf, inf, inf, inf, inf, inf, inf]),0.01749303564429283,3412800000000,
array('f', [inf, inf, inf, inf, inf, inf, inf, inf, inf, inf, inf, inf, inf, inf, inf, inf, inf, inf, inf, inf, inf, inf, inf, inf, inf, inf, inf, inf, inf, inf, inf, inf, inf, inf, inf, inf, inf, inf, inf, inf, inf, inf, inf, inf, inf, inf, inf, inf, inf, inf, inf, inf, inf, inf, inf, inf, inf, inf, inf, inf, inf, inf, inf, inf, inf, inf, inf, inf, inf, inf, inf, inf, inf, inf, inf, inf, inf, inf, inf, inf, inf, inf, inf, inf, inf, inf, inf, inf, inf, inf, inf, inf, inf, inf, inf, inf, inf, inf, inf, inf, inf, inf, inf, inf, inf, inf, inf, inf, inf, inf, inf, inf, inf, inf, inf, inf, inf, inf, inf, inf, inf, inf, inf, inf, inf, inf, inf, inf, inf, inf, inf, inf, inf, inf, inf, inf, inf, inf, inf, inf, inf, inf, 3.2004833221435547, 3.177156925201416, 3.1726126670837402, 3.1859188079833984, 3.159071207046509, 3.1680734157562256, 3.153041362762451, 3.1487817764282227, 3.1490471363067627, 3.150041341781616, 3.1509523391723633, 3.1638529300689697, 3.1158947944641113, 3.1541450023651123, 3.14322829246521, 3.161628484725952, 3.1774308681488037, 3.169919967651367, 3.1767168045043945, 3.2020204067230225, 3.2062900066375732, 3.216521978378296, 3.2231178283691406, 3.2218270301818848, 3.2367069721221924, 3.2682197093963623, 3.273448944091797, 3.2872607707977295, 3.3043429851531982, 3.343353033065796, 3.3675968647003174, 3.391552448272705, 3.394747734069824, 3.430285930633545, 3.4481523036956787, 3.477106809616089, inf, inf, 2.434119462966919, 2.425055742263794, 2.4772729873657227, 2.466078996658325, 2.5027976036071777, 2.5404186248779297, inf, inf, inf, inf, inf, inf, inf, inf, inf, inf, inf, inf, inf, inf, inf, inf, inf, inf, inf, inf, inf, inf, inf, inf, inf, inf, inf, inf, inf, inf, inf, inf, inf, inf, inf, inf, inf, inf, inf, inf, inf, inf, inf, inf, inf, inf, inf, inf, inf, inf, inf, inf, inf, inf, inf, inf, inf, inf, inf, inf, inf, inf, inf, inf, inf, inf, inf, inf, inf, inf, inf, inf, inf, inf, inf, inf, inf, inf, inf, inf, inf, inf, inf, inf, inf, inf, inf, inf, inf, inf, inf, inf, inf, inf, inf, inf, inf, inf, inf, inf, inf, inf, inf, inf, inf, inf, inf, inf, inf, inf, inf, inf, inf, inf, inf, inf, inf, inf, inf, inf, inf, inf, inf, inf, inf, inf, inf, inf, inf, inf, inf, inf, inf, inf, inf, inf, inf, inf, inf, inf, inf, inf, inf, inf, inf, inf, inf, inf, inf, inf, inf, inf, inf, inf, inf, inf, inf, inf, inf, inf, inf, inf, inf, inf, inf, inf, inf, inf, inf, inf, inf, inf, inf, inf]),0.01749303564429283,3413000000000,
array('f', [inf, inf, inf, inf, inf, inf, inf, inf, inf, inf, inf, inf, inf, inf, inf, inf, inf, inf, inf, inf, inf, inf, inf, inf, inf, inf, inf, inf, inf, inf, inf, inf, inf, inf, inf, inf, inf, inf, inf, inf, inf, inf, inf, inf, inf, inf, inf, inf, inf, inf, inf, inf, inf, inf, inf, inf, inf, inf, inf, inf, inf, inf, inf, inf, inf, inf, inf, inf, inf, inf, inf, inf, inf, inf, inf, inf, inf, inf, inf, inf, inf, inf, inf, inf, inf, inf, inf, inf, inf, inf, inf, inf, inf, inf, inf, inf, inf, inf, inf, inf, inf, inf, inf, inf, inf, inf, inf, inf, inf, inf, inf, inf, inf, inf, inf, inf, inf, inf, inf, inf, inf, inf, inf, inf, inf, inf, inf, inf, inf, inf, inf, inf, inf, inf, inf, inf, inf, inf, inf, inf, inf, 3.2468700408935547, 3.2627053260803223, 3.2419936656951904, 3.2458677291870117, 3.219888210296631, 3.2340993881225586, 3.2201855182647705, 3.220167875289917, 3.2274773120880127, 3.216745138168335, 3.217698812484741, 3.221670150756836, 3.2155821323394775, 3.2406694889068604, 3.2330052852630615, 3.2579967975616455, 3.2567813396453857, 3.26239013671875, 3.2740511894226074, 3.2742793560028076, 3.2827868461608887, 3.3113386631011963, 3.320934772491455, 3.2950572967529297, 3.356701374053955, 3.366513252258301, 3.3735718727111816, 3.3979170322418213, 3.436922550201416, 3.4469151496887207, 3.4657299518585205, 3.497901201248169, inf, inf, inf, inf, inf, 2.492410898208618, 2.533743381500244, 2.5559587478637695, 2.5511457920074463, 2.5994064807891846, 2.6551055908203125, inf, inf, inf, inf, inf, inf, inf, inf, inf, inf, inf, inf, inf, inf, inf, inf, inf, inf, inf, inf, inf, inf, inf, inf, inf, inf, inf, inf, inf, inf, inf, inf, inf, inf, inf, inf, inf, inf, inf, inf, inf, inf, inf, inf, inf, inf, inf, inf, inf, inf, inf, inf, inf, inf, inf, inf, inf, inf, inf, inf, inf, inf, inf, inf, inf, inf, inf, inf, inf, inf, inf, inf, inf, inf, inf, inf, inf, inf, inf, inf, inf, inf, inf, inf, inf, inf, inf, inf, inf, inf, inf, inf, inf, inf, inf, inf, inf, inf, inf, inf, inf, inf, inf, inf, inf, inf, inf, inf, inf, inf, inf, inf, inf, inf, inf, inf, inf, inf, inf, inf, inf, inf, inf, inf, inf, inf, inf, inf, inf, inf, inf, inf, inf, inf, inf, inf, inf, inf, inf, inf, inf, inf, inf, inf, inf, inf, inf, inf, inf, inf, inf, inf, inf, inf, inf, inf, inf, inf, inf, inf, inf, inf, inf, inf, inf, inf, inf, inf, inf, inf, inf, inf, inf, inf, inf, inf]),0.01749303564429283,3413200000000,
array('f', [inf, inf, inf, inf, inf, inf, inf, inf, inf, inf, inf, inf, inf, inf, inf, inf, inf, inf, inf, inf, inf, inf, inf, inf, inf, inf, inf, inf, inf, inf, inf, inf, inf, inf, inf, inf, inf, inf, inf, inf, inf, inf, inf, inf, inf, inf, inf, inf, inf, inf, inf, inf, inf, inf, inf, inf, inf, inf, inf, inf, inf, inf, inf, inf, inf, inf, inf, inf, inf, inf, inf, inf, inf, inf, inf, inf, inf, inf, inf, inf, inf, inf, inf, inf, inf, inf, inf, inf, inf, inf, inf, inf, inf, inf, inf, inf, inf, inf, inf, inf, inf, inf, inf, inf, inf, inf, inf, inf, inf, inf, inf, inf, inf, inf, inf, inf, inf, inf, inf, inf, inf, inf, inf, inf, inf, inf, inf, inf, inf, inf, inf, inf, inf, inf, inf, inf, inf, inf, inf, 3.3413031101226807, 3.3293089866638184, 3.317016363143921, 3.3063948154449463, 3.307000160217285, 3.289996862411499, 3.3019039630889893, 3.313722848892212, 3.2883455753326416, 3.3048014640808105, 3.3084216117858887, 3.30240535736084, 3.302441120147705, 3.3158183097839355, 3.311094045639038, 3.3230395317077637, 3.327127695083618, 3.3330390453338623, 3.3516252040863037, 3.3521554470062256, 3.370056390762329, 3.373258590698242, 3.3829751014709473, 3.4103636741638184, 3.430844783782959, 3.4454703330993652, 3.4783167839050293, 3.462270975112915, inf, inf, inf, inf, inf, inf, inf, inf, 2.6067757606506348, 2.5902769565582275, 2.6331398487091064, 2.6574225425720215, 2.669259786605835, 2.7038862705230713, inf, inf, inf, inf, inf, inf, inf, inf, inf, inf, inf, inf, inf, inf, inf, inf, inf, inf, inf, inf, inf, inf, inf, inf, inf, inf, inf, inf, inf, inf, inf, inf, inf, inf, inf, inf, inf, inf, inf, inf, inf, inf, inf, inf, inf, inf, inf, inf, inf, inf, inf, inf, inf, inf, inf, inf, inf, inf, inf, inf, inf, inf, inf, inf, inf, inf, inf, inf, inf, inf, inf, inf, inf, inf, inf, inf, inf, inf, inf, inf, inf, inf, inf, inf, inf, inf, inf, inf, inf, inf, inf, inf, inf, inf, inf, inf, inf, inf, inf, inf, inf, inf, inf, inf, inf, inf, inf, inf, inf, inf, inf, inf, inf, inf, inf, inf, inf, inf, inf, inf, inf, inf, inf, inf, inf, inf, inf, inf, inf, inf, inf, inf, inf, inf, inf, inf, inf, inf, inf, inf, inf, inf, inf, inf, inf, inf, inf, inf, inf, inf, inf, inf, inf, inf, inf, inf, inf, inf, inf, inf, inf, inf, inf, inf, inf, inf, inf, inf, inf, inf, inf, inf, inf, inf, inf, inf, inf, inf, inf]),0.01749303564429283,3413400000000,
array('f', [inf, inf, inf, inf, inf, inf, inf, inf, inf, inf, inf, inf, inf, inf, inf, inf, inf, inf, inf, inf, inf, inf, inf, inf, inf, inf, inf, inf, inf, inf, inf, inf, inf, inf, inf, inf, inf, inf, inf, inf, inf, inf, inf, inf, inf, inf, inf, inf, inf, inf, inf, inf, inf, inf, inf, inf, inf, inf, inf, inf, inf, inf, inf, inf, inf, inf, inf, inf, inf, inf, inf, inf, inf, inf, inf, inf, inf, inf, inf, inf, inf, inf, inf, inf, inf, inf, inf, inf, inf, inf, inf, inf, inf, inf, inf, inf, inf, inf, inf, inf, inf, inf, inf, inf, inf, inf, inf, inf, inf, inf, inf, inf, inf, inf, inf, inf, inf, inf, inf, inf, inf, inf, inf, inf, inf, inf, inf, inf, inf, inf, inf, inf, inf, inf, inf, inf, inf, inf, 3.399834156036377, 3.4017531871795654, 3.393615961074829, 3.3822951316833496, 3.378199815750122, 3.3850815296173096, 3.381594181060791, 3.3753881454467773, 3.3562095165252686, 3.3699228763580322, 3.381720542907715, 3.391191244125366, 3.395815372467041, 3.3967912197113037, 3.4102041721343994, 3.4060966968536377, 3.420381546020508, 3.4407694339752197, 3.430706739425659, 3.4452104568481445, 3.4717841148376465, 3.4703056812286377, 3.496851682662964, inf, inf, inf, inf, inf, inf, inf, inf, inf, inf, inf, inf, 2.6471970081329346, 2.6575284004211426, 2.7304930686950684, 2.749756097793579, 2.765894651412964, 2.816838502883911, inf, inf, inf, inf, inf, inf, inf, inf, inf, inf, inf, inf, inf, inf, inf, inf, inf, inf, inf, inf, inf, inf, inf, inf, inf, inf, inf, inf, inf, inf, inf, inf, inf, inf, inf, inf, inf, inf, inf, inf, inf, inf, inf, inf, inf, inf, inf, inf, inf, inf, inf, inf, inf, inf, inf, inf, inf, inf, inf, inf, inf, inf, inf, inf, inf, inf, inf, inf, inf, inf, inf, inf, inf, inf, inf, inf, inf, inf, inf, inf, inf, inf, inf, inf, inf, inf, inf, inf, inf, inf, inf, inf, inf, inf, inf, inf, inf, inf, inf, inf, inf, inf, inf, inf, inf, inf, inf, inf, inf, inf, inf, inf, inf, inf, inf, inf, inf, inf, inf, inf, inf, inf, inf, inf, inf, inf, inf, inf, inf, inf, inf, inf, inf, inf, inf, inf, inf, inf, inf, inf, inf, inf, inf, inf, inf, inf, inf, inf, inf, inf, inf, inf, inf, inf, inf, inf, inf, inf, inf, inf, inf, inf, inf, inf, inf, inf, inf, inf, inf, inf, inf, inf, inf, inf, inf, inf, inf, inf, inf, inf, inf]),0.01749303564429283,3413600000000,
array('f', [inf, inf, inf, inf, inf, inf, inf, inf, inf, inf, inf, inf, inf, inf, inf, inf, inf, inf, inf, inf, inf, inf, inf, inf, inf, inf, inf, inf, inf, inf, inf, inf, inf, inf, inf, inf, inf, inf, inf, inf, inf, inf, inf, inf, inf, inf, inf, inf, inf, inf, inf, inf, inf, inf, inf, inf, inf, inf, inf, inf, inf, inf, inf, inf, inf, inf, inf, inf, inf, inf, inf, inf, inf, inf, inf, inf, inf, inf, inf, inf, inf, inf, inf, inf, inf, inf, inf, inf, inf, inf, inf, inf, inf, inf, inf, inf, inf, inf, inf, inf, inf, inf, inf, inf, inf, inf, inf, inf, inf, inf, inf, inf, inf, inf, inf, inf, inf, inf, inf, inf, inf, inf, inf, inf, inf, inf, inf, inf, inf, inf, inf, inf, inf, inf, inf, inf, inf, 3.4481382369995117, 3.4468393325805664, 3.459841728210449, 3.4629714488983154, 3.4282095432281494, 3.445739269256592, 3.4390666484832764, 3.4370369911193848, 3.4441099166870117, 3.452155351638794, 3.4725868701934814, 3.4631094932556152, 3.4707257747650146, 3.4717328548431396, 3.4711596965789795, 3.499185562133789, inf, inf, inf, inf, inf, inf, inf, inf, inf, inf, inf, inf, inf, inf, inf, inf, inf, 2.763061285018921, 2.718447208404541, 2.7924466133117676, 2.811674118041992, 2.80755352973938, 2.8488872051239014, 2.8885719776153564, inf, inf, inf, inf, inf, inf, inf, inf, inf, inf, inf, inf, inf, inf, inf, inf, inf, inf, inf, inf, inf, inf, inf, inf, inf, inf, inf, inf, inf, inf, inf, inf, inf, inf, inf, inf, inf, inf, inf, inf, inf, inf, inf, inf, inf, inf, inf, inf, inf, inf, inf, inf, inf, inf, inf, inf, inf, inf, inf, inf, inf, inf, inf, inf, inf, inf, inf, inf, inf, inf, inf, inf, inf, inf, inf, inf, inf, inf, inf, inf, inf, inf, inf, inf, inf, inf, inf, inf, inf, inf, inf, inf, inf, inf, inf, inf, inf, inf, inf, inf, inf, inf, inf, inf, inf, inf, inf, inf, inf, inf, inf, inf, inf, inf, inf, inf, inf, inf, inf, inf, inf, inf, inf, inf, inf, inf, inf, inf, inf, inf, inf, inf, inf, inf, inf, inf, inf, inf, inf, inf, inf, inf, inf, inf, inf, inf, inf, inf, inf, inf, inf, inf, inf, inf, inf, inf, inf, inf, inf, inf, inf, inf, inf, inf, inf, inf, inf, inf, inf, inf, inf, inf, inf, inf, inf, inf, inf, inf, inf, inf, inf, inf, inf]),0.01749303564429283,3413800000000,
array('f', [inf, inf, inf, inf, inf, inf, inf, inf, inf, inf, inf, inf, inf, inf, inf, inf, inf, inf, inf, inf, inf, inf, inf, inf, inf, inf, inf, inf, inf, inf, inf, inf, inf, inf, inf, inf, inf, inf, inf, inf, inf, inf, inf, inf, inf, inf, inf, inf, inf, inf, inf, inf, inf, inf, inf, inf, inf, inf, inf, inf, inf, inf, inf, inf, inf, inf, inf, inf, inf, inf, inf, inf, inf, inf, inf, inf, inf, inf, inf, inf, inf, inf, inf, inf, inf, inf, inf, inf, inf, inf, inf, inf, inf, inf, inf, inf, inf, inf, inf, inf, inf, inf, inf, inf, inf, inf, inf, inf, inf, inf, inf, inf, inf, inf, inf, inf, inf, inf, inf, inf, inf, inf, inf, inf, inf, inf, inf, inf, inf, inf, inf, inf, inf, inf, inf, inf, inf, inf, inf, inf, inf, inf, inf, inf, inf, inf, inf, inf, inf, inf, inf, inf, inf, inf, inf, inf, inf, inf, inf, inf, inf, inf, inf, inf, inf, inf, inf, inf, 2.797771692276001, 2.8031346797943115, 2.860261917114258, 2.952824592590332, 2.876683235168457, 2.9403209686279297, 2.9995181560516357, inf, inf, inf, inf, inf, inf, inf, inf, inf, inf, inf, inf, inf, inf, inf, inf, inf, inf, inf, inf, inf, inf, inf, inf, inf, inf, inf, inf, inf, inf, inf, inf, inf, inf, inf, inf, inf, inf, inf, inf, inf, inf, inf, inf, inf, inf, inf, inf, inf, inf, inf, inf, inf, inf, inf, inf, inf, inf, inf, inf, inf, inf, inf, inf, inf, inf, inf, inf, inf, inf, inf, inf, inf, inf, inf, inf, inf, inf, inf, inf, inf, inf, inf, inf, inf, inf, inf, inf, inf, inf, inf, inf, inf, inf, inf, inf, inf, inf, inf, inf, inf, inf, inf, inf, inf, inf, inf, inf, inf, inf, inf, inf, inf, inf, inf, inf, inf, inf, inf, inf, inf, inf, inf, inf, inf, inf, inf, inf, inf, inf, inf, inf, inf, inf, inf, inf, inf, inf, inf, inf, inf, inf, inf, inf, inf, inf, inf, inf, inf, inf, inf, inf, inf, inf, inf, inf, inf, inf, inf, inf, inf, inf, inf, inf, inf, inf, inf, inf, inf, inf, inf, inf, inf, inf, inf, inf, inf, inf, inf, inf, inf, inf, inf, inf, inf]),0.01749303564429283,3414000000000,
array('f', [inf, inf, inf, inf, inf, inf, inf, inf, inf, inf, inf, inf, inf, inf, inf, inf, inf, inf, inf, inf, inf, inf, inf, inf, inf, inf, inf, inf, inf, inf, inf, inf, inf, inf, inf, inf, inf, inf, inf, inf, inf, inf, inf, inf, inf, inf, inf, inf, inf, inf, inf, inf, inf, inf, inf, inf, inf, inf, inf, inf, inf, inf, inf, inf, inf, inf, inf, inf, inf, inf, inf, inf, inf, inf, inf, inf, inf, inf, inf, inf, inf, inf, inf, inf, inf, inf, inf, inf, inf, inf, inf, inf, inf, inf, inf, inf, inf, inf, inf, inf, inf, inf, inf, inf, inf, inf, inf, inf, inf, inf, inf, inf, inf, inf, inf, inf, inf, inf, inf, inf, inf, inf, inf, inf, inf, inf, inf, inf, inf, inf, inf, inf, inf, inf, inf, inf, inf, inf, inf, inf, inf, inf, inf, inf, inf, inf, inf, inf, inf, inf, inf, inf, inf, inf, inf, inf, inf, inf, inf, inf, inf, inf, inf, inf, inf, inf, 2.8724734783172607, 2.908210039138794, 2.9420056343078613, 3.0509560108184814, 2.974461555480957, 3.0552661418914795, inf, inf, inf, inf, inf, inf, inf, inf, inf, inf, inf, inf, inf, inf, inf, inf, inf, inf, inf, inf, inf, inf, inf, inf, inf, inf, inf, inf, inf, inf, inf, inf, inf, inf, inf, inf, inf, inf, inf, inf, inf, inf, inf, inf, inf, inf, inf, inf, inf, inf, inf, inf, inf, inf, inf, inf, inf, inf, inf, inf, inf, inf, inf, inf, inf, inf, inf, inf, inf, inf, inf, inf, inf, inf, inf, inf, inf, inf, inf, inf, inf, inf, inf, inf, inf, inf, inf, inf, inf, inf, inf, inf, inf, inf, inf, inf, inf, inf, inf, inf, inf, inf, inf, inf, inf, inf, inf, inf, inf, inf, inf, inf, inf, inf, inf, inf, inf, inf, inf, inf, inf, inf, inf, inf, inf, inf, inf, inf, inf, inf, inf, inf, inf, inf, inf, inf, inf, inf, inf, inf, inf, inf, inf, inf, inf, inf, inf, inf, inf, inf, inf, inf, inf, inf, inf, inf, inf, inf, inf, inf, inf, inf, inf, inf, inf, inf, inf, inf, inf, inf, inf, inf, inf, inf, inf, inf, inf, inf, inf, inf, inf, inf, inf, inf, inf, inf, inf, inf]),0.01749303564429283,3414200000000,
array('f', [inf, inf, inf, inf, inf, inf, inf, inf, inf, inf, inf, inf, inf, inf, inf, inf, inf, inf, inf, inf, inf, inf, inf, inf, inf, inf, inf, inf, inf, inf, inf, inf, inf, inf, inf, inf, inf, inf, inf, inf, inf, inf, inf, inf, inf, inf, inf, inf, inf, inf, inf, inf, inf, inf, inf, inf, inf, inf, inf, inf, inf, inf, inf, inf, inf, inf, inf, inf, inf, inf, inf, inf, inf, inf, inf, inf, inf, inf, inf, inf, inf, inf, inf, inf, inf, inf, inf, inf, inf, inf, inf, inf, inf, inf, inf, inf, inf, inf, inf, inf, inf, inf, inf, inf, inf, inf, inf, inf, inf, inf, inf, inf, inf, inf, inf, inf, inf, inf, inf, inf, inf, inf, inf, inf, inf, inf, inf, inf, inf, inf, inf, inf, inf, inf, inf, inf, inf, inf, inf, inf, inf, inf, inf, inf, inf, inf, inf, inf, inf, inf, inf, inf, inf, inf, inf, inf, inf, inf, inf, inf, inf, inf, inf, 2.9658432006835938, 2.9310781955718994, 2.996638298034668, inf, 3.111739158630371, 3.0897133350372314, 3.1332266330718994, inf, inf, inf, inf, inf, inf, inf, inf, inf, inf, inf, inf, inf, inf, inf, inf, inf, inf, inf, inf, inf, inf, inf, inf, inf, inf, inf, inf, inf, inf, inf, inf, inf, inf, inf, inf, inf, inf, inf, inf, inf, inf, inf, inf, inf, inf, inf, inf, inf, inf, inf, inf, inf, inf, inf, inf, inf, inf, inf, inf, inf, inf, inf, inf, inf, inf, inf, inf, inf, inf, inf, inf, inf, inf, inf, inf, inf, inf, inf, inf, inf, inf, inf, inf, inf, inf, inf, inf, inf, inf, inf, inf, inf, inf, inf, inf, inf, inf, inf, inf, inf, inf, inf, inf, inf, inf, inf, inf, inf, inf, inf, inf, inf, inf, inf, inf, inf, inf, inf, inf, inf, inf, inf, inf, inf, inf, inf, inf, inf, inf, inf, inf, inf, inf, inf, inf, inf, inf, inf, inf, inf, inf, inf, inf, inf, inf, inf, inf, inf, inf, inf, inf, inf, inf, inf, inf, inf, inf, inf, inf, inf, inf, inf, inf, inf, inf, inf, inf, inf, inf, inf, inf, inf, inf, inf, inf, inf, inf, inf, inf, inf, inf, inf, inf, inf, inf, inf, inf, inf, inf]),0.01749303564429283,3414400000000,
array('f', [inf, inf, inf, inf, inf, inf, inf, inf, inf, inf, inf, inf, inf, inf, inf, inf, inf, inf, inf, inf, inf, inf, inf, inf, inf, inf, inf, inf, inf, inf, inf, inf, inf, inf, inf, inf, inf, inf, inf, inf, inf, inf, inf, inf, inf, inf, inf, inf, inf, inf, inf, inf, inf, inf, inf, inf, inf, inf, inf, inf, inf, inf, inf, inf, inf, inf, inf, inf, inf, inf, inf, inf, inf, inf, inf, inf, inf, inf, inf, inf, inf, inf, inf, inf, inf, inf, inf, inf, inf, inf, inf, inf, inf, inf, inf, inf, inf, inf, inf, inf, inf, inf, inf, inf, inf, inf, inf, inf, inf, inf, inf, inf, inf, inf, inf, inf, inf, inf, inf, inf, inf, inf, inf, inf, inf, inf, inf, inf, inf, inf, inf, inf, inf, inf, inf, inf, inf, inf, inf, inf, inf, inf, inf, inf, inf, inf, inf, inf, inf, inf, inf, inf, inf, inf, inf, inf, inf, inf, inf, inf, inf, 3.0091519355773926, 3.033825159072876, 3.0963971614837646, inf, 3.20219087600708, 3.1853482723236084, 3.2562568187713623, inf, inf, inf, inf, inf, inf, inf, inf, inf, inf, inf, inf, inf, inf, inf, inf, inf, inf, inf, inf, inf, inf, inf, inf, inf, inf, inf, inf, inf, inf, inf, inf, inf, inf, inf, inf, inf, inf, inf, inf, inf, inf, inf, inf, inf, inf, inf, inf, inf, inf, inf, inf, inf, inf, inf, inf, inf, inf, inf, inf, inf, inf, inf, inf, inf, inf, inf, inf, inf, inf, inf, inf, inf, inf, inf, inf, inf, inf, inf, inf, inf, inf, inf, inf, inf, inf, inf, inf, inf, inf, inf, inf, inf, inf, inf, inf, inf, inf, inf, inf, inf, inf, inf, inf, inf, inf, inf, inf, inf, inf, inf, inf, inf, inf, inf, inf, inf, inf, inf, inf, inf, inf, inf, inf, inf, inf, inf, inf, inf, inf, inf, inf, inf, inf, inf, inf, inf, inf, inf, inf, inf, inf, inf, inf, inf, inf, inf, inf, inf, inf, inf, inf, inf, inf, inf, inf, inf, inf, inf, inf, inf, inf, inf, inf, inf, inf, inf, inf, inf, inf, inf, inf, inf, inf, inf, inf, inf, inf, inf, inf, inf, inf, inf, inf, inf, inf, inf, inf, inf, inf, inf, inf]),0.01749303564429283,3414600000000,
array('f', [inf, inf, inf, inf, inf, inf, inf, inf, inf, inf, inf, inf, inf, inf, inf, inf, inf, inf, inf, inf, inf, inf, inf, inf, inf, inf, inf, inf, inf, inf, inf, inf, inf, inf, inf, inf, inf, inf, inf, inf, inf, inf, inf, inf, inf, inf, inf, inf, inf, inf, inf, inf, inf, inf, inf, inf, inf, inf, inf, inf, inf, inf, inf, inf, inf, inf, inf, inf, inf, inf, inf, inf, inf, inf, inf, inf, inf, inf, inf, inf, inf, inf, inf, inf, inf, inf, inf, inf, inf, inf, inf, inf, inf, inf, inf, inf, inf, inf, inf, inf, inf, inf, inf, inf, inf, inf, inf, inf, inf, inf, inf, inf, inf, inf, inf, inf, inf, inf, inf, inf, inf, inf, inf, inf, inf, inf, inf, inf, inf, inf, inf, inf, inf, inf, inf, inf, inf, inf, inf, inf, inf, inf, inf, inf, inf, inf, inf, inf, inf, inf, inf, inf, inf, inf, inf, inf, inf, inf, inf, 3.0636768341064453, 3.1207122802734375, inf, inf, 3.282457113265991, 3.2901697158813477, 3.329770088195801, inf, inf, inf, inf, inf, inf, inf, inf, inf, inf, inf, inf, inf, inf, inf, inf, inf, inf, inf, inf, inf, inf, inf, inf, inf, inf, inf, inf, inf, inf, inf, inf, inf, inf, inf, inf, inf, inf, inf, inf, inf, inf, inf, inf, inf, inf, inf, inf, inf, inf, inf, inf, inf, inf, inf, inf, inf, inf, inf, inf, inf, inf, inf, inf, inf, inf, inf, inf, inf, inf, inf, inf, inf, inf, inf, inf, inf, inf, inf, inf, inf, inf, inf, inf, inf, inf, inf, inf, inf, inf, inf, inf, inf, inf, inf, inf, inf, inf, inf, inf, inf, inf, inf, inf, inf, inf, inf, inf, inf, inf, inf, inf, inf, inf, inf, inf, inf, inf, inf, inf, inf, inf, inf, inf, inf, inf, inf, inf, inf, inf, inf, inf, inf, inf, inf, inf, inf, inf, inf, inf, inf, inf, inf, inf, inf, inf, inf, inf, inf, inf, inf, inf, inf, inf, inf, inf, inf, inf, inf, inf, inf, inf, inf, inf, inf, inf, inf, inf, inf, inf, inf, inf, inf, inf, inf, inf, inf, inf, inf, inf, inf, inf, inf, inf, inf, inf, inf, inf, inf, inf, inf, inf, inf, inf]),0.01749303564429283,3414803000000,
array('f', [inf, inf, inf, inf, inf, inf, inf, inf, inf, inf, inf, inf, inf, inf, inf, inf, inf, inf, inf, inf, inf, inf, inf, inf, inf, inf, inf, inf, inf, inf, inf, inf, inf, inf, inf, inf, inf, inf, inf, inf, inf, inf, inf, inf, inf, inf, inf, inf, inf, inf, inf, inf, inf, inf, inf, inf, inf, inf, inf, inf, inf, inf, inf, inf, inf, inf, inf, inf, inf, inf, inf, inf, inf, inf, inf, inf, inf, inf, inf, inf, inf, inf, inf, inf, inf, inf, inf, inf, inf, inf, inf, inf, inf, inf, inf, inf, inf, inf, inf, inf, inf, inf, inf, inf, inf, inf, inf, inf, inf, inf, inf, inf, inf, inf, inf, inf, inf, inf, inf, inf, inf, inf, inf, inf, inf, inf, inf, inf, inf, inf, inf, inf, inf, inf, inf, inf, inf, inf, inf, inf, inf, inf, inf, inf, inf, inf, inf, inf, inf, inf, inf, inf, inf, inf, inf, inf, inf, 3.1538729667663574, 3.1832008361816406, inf, inf, 3.428785562515259, 3.3621304035186768, 3.437342643737793, inf, inf, inf, inf, inf, inf, inf, inf, inf, inf, inf, inf, inf, inf, inf, inf, inf, inf, inf, inf, inf, inf, inf, inf, inf, inf, inf, inf, inf, inf, inf, inf, inf, inf, inf, inf, inf, inf, inf, inf, inf, inf, inf, inf, inf, inf, inf, inf, inf, inf, inf, inf, inf, inf, inf, inf, inf, inf, inf, inf, inf, inf, inf, inf, inf, inf, inf, inf, inf, inf, inf, inf, inf, inf, inf, inf, inf, inf, inf, inf, inf, inf, inf, inf, inf, inf, inf, inf, inf, inf, inf, inf, inf, inf, inf, inf, inf, inf, inf, inf, inf, inf, inf, inf, inf, inf, inf, inf, inf, inf, inf, inf, inf, inf, inf, inf, inf, inf, inf, inf, inf, inf, inf, inf, inf, inf, inf, inf, inf, inf, inf, inf, inf, inf, inf, inf, inf, inf, inf, inf, inf, inf, inf, inf, inf, inf, inf, inf, inf, inf, inf, inf, inf, inf, inf, inf, inf, inf, inf, inf, inf, inf, inf, inf, inf, inf, inf, inf, inf, inf, inf, inf, inf, inf, inf, inf, inf, inf, inf, inf, inf, inf, inf, inf, inf, inf, inf, inf, inf, inf, inf, inf, inf, inf, inf, inf]),0.01749303564429283,3415003000000,
array('f', [inf, inf, inf, inf, inf, inf, inf, inf, inf, inf, inf, inf, inf, inf, inf, inf, inf, inf, inf, inf, inf, inf, inf, inf, inf, inf, inf, inf, inf, inf, inf, inf, inf, inf, inf, inf, inf, inf, inf, inf, inf, inf, inf, inf, inf, inf, inf, inf, inf, inf, inf, inf, inf, inf, inf, inf, inf, inf, inf, inf, inf, inf, inf, inf, inf, inf, inf, inf, inf, inf, inf, inf, inf, inf, inf, inf, inf, inf, inf, inf, inf, inf, inf, inf, inf, inf, inf, inf, inf, inf, inf, inf, inf, inf, inf, inf, inf, inf, inf, inf, inf, inf, inf, inf, inf, inf, inf, inf, inf, inf, inf, inf, inf, inf, inf, inf, inf, inf, inf, inf, inf, inf, inf, inf, inf, inf, inf, inf, inf, inf, inf, inf, inf, inf, inf, inf, inf, inf, inf, inf, inf, inf, inf, inf, inf, inf, inf, inf, inf, inf, inf, inf, inf, inf, inf, 3.2370119094848633, 3.2963011264801025, inf, inf, inf, 3.4486570358276367, inf, inf, inf, inf, inf, inf, inf, inf, inf, inf, inf, inf, inf, inf, inf, inf, inf, inf, inf, inf, inf, inf, inf, inf, inf, inf, inf, inf, inf, inf, inf, inf, inf, inf, inf, inf, inf, inf, inf, inf, inf, inf, inf, inf, inf, inf, inf, inf, inf, inf, inf, inf, inf, inf, inf, inf, inf, inf, inf, inf, inf, inf, inf, inf, inf, inf, inf, inf, inf, inf, inf, inf, inf, inf, inf, inf, inf, inf, inf, inf, inf, inf, inf, inf, inf, inf, inf, inf, inf, inf, inf, inf, inf, inf, inf, inf, inf, inf, inf, inf, inf, inf, inf, inf, inf, inf, inf, inf, inf, inf, inf, inf, inf, inf, inf, inf, inf, inf, inf, inf, inf, inf, inf, inf, inf, inf, inf, inf, inf, inf, inf, inf, inf, inf, inf, inf, inf, inf, inf, inf, inf, inf, inf, inf, inf, inf, inf, inf, inf, inf, inf, inf, inf, inf, inf, inf, inf, inf, inf, inf, inf, inf, inf, inf, inf, inf, inf, inf, inf, inf, inf, inf, inf, inf, inf, inf, inf, inf, inf, inf, inf, inf, inf, inf, inf, inf, inf, inf, inf, inf, inf, inf, inf, inf, inf, inf, inf, inf, inf]),0.01749303564429283,3415203000000,
array('f', [inf, inf, inf, inf, inf, inf, inf, inf, inf, inf, inf, inf, inf, inf, inf, inf, inf, inf, inf, inf, inf, inf, inf, inf, inf, inf, inf, inf, inf, inf, inf, inf, inf, inf, inf, inf, inf, inf, inf, inf, inf, inf, inf, inf, inf, inf, inf, inf, inf, inf, inf, inf, inf, inf, inf, inf, inf, inf, inf, inf, inf, inf, inf, inf, inf, inf, inf, inf, inf, inf, inf, inf, inf, inf, inf, inf, inf, inf, inf, inf, inf, inf, inf, inf, inf, inf, inf, inf, inf, inf, inf, inf, inf, inf, inf, inf, inf, inf, inf, inf, inf, inf, inf, inf, inf, inf, inf, inf, inf, inf, inf, inf, inf, inf, inf, inf, inf, inf, inf, inf, inf, inf, inf, inf, inf, inf, inf, inf, inf, inf, inf, inf, inf, inf, inf, inf, inf, inf, inf, inf, inf, inf, inf, inf, inf, inf, inf, inf, inf, inf, inf, inf, 3.3038673400878906, 3.301618814468384, inf, inf, inf, inf, inf, inf, inf, inf, inf, inf, inf, inf, inf, inf, inf, inf, inf, inf, inf, inf, inf, inf, inf, inf, inf, inf, inf, inf, inf, inf, inf, inf, inf, inf, inf, inf, inf, inf, inf, inf, inf, inf, inf, inf, inf, inf, inf, inf, inf, inf, inf, inf, inf, inf, inf, inf, inf, inf, inf, inf, inf, inf, inf, inf, inf, inf, inf, inf, inf, inf, inf, inf, inf, inf, inf, inf, inf, inf, inf, inf, inf, inf, inf, inf, inf, inf, inf, inf, inf, inf, inf, inf, inf, inf, inf, inf, inf, inf, inf, inf, inf, inf, inf, inf, inf, inf, inf, inf, inf, inf, inf, inf, inf, inf, inf, inf, inf, inf, inf, inf, inf, inf, inf, inf, inf, inf, inf, inf, inf, inf, inf, inf, inf, inf, inf, inf, inf, inf, inf, inf, inf, inf, inf, inf, inf, inf, inf, inf, inf, inf, inf, inf, inf, inf, inf, inf, inf, inf, inf, inf, inf, inf, inf, inf, inf, inf, inf, inf, inf, inf, inf, inf, inf, inf, inf, inf, inf, inf, inf, inf, inf, inf, inf, inf, inf, inf, inf, inf, inf, inf, inf, inf, inf, inf, inf, inf, inf, inf, inf, inf, inf, inf, inf, inf, inf, inf]),0.01749303564429283,3415403000000,
array('f', [inf, inf, inf, inf, inf, inf, inf, inf, inf, inf, inf, inf, inf, inf, inf, inf, inf, inf, inf, inf, inf, inf, inf, inf, inf, inf, inf, inf, inf, inf, inf, inf, inf, inf, inf, inf, inf, inf, inf, inf, inf, inf, inf, inf, inf, inf, inf, inf, inf, inf, inf, inf, inf, inf, inf, inf, inf, inf, inf, inf, inf, inf, inf, inf, inf, inf, inf, inf, inf, inf, inf, inf, inf, inf, inf, inf, inf, inf, inf, inf, inf, inf, inf, inf, inf, inf, inf, inf, inf, inf, inf, inf, inf, inf, inf, inf, inf, inf, inf, inf, inf, inf, inf, inf, inf, inf, inf, inf, inf, inf, inf, inf, inf, inf, inf, inf, inf, inf, inf, inf, inf, inf, inf, inf, inf, inf, inf, inf, inf, inf, inf, inf, inf, inf, inf, inf, inf, inf, inf, inf, inf, inf, inf, inf, inf, inf, inf, inf, inf, inf, 3.363866090774536, 3.368431568145752, inf, inf, inf, inf, inf, inf, inf, inf, inf, inf, inf, inf, inf, inf, inf, inf, inf, inf, inf, inf, inf, inf, inf, inf, inf, inf, inf, inf, inf, inf, inf, inf, inf, inf, inf, inf, inf, inf, inf, inf, inf, inf, inf, inf, inf, inf, inf, inf, inf, inf, inf, inf, inf, inf, inf, inf, inf, inf, inf, inf, inf, inf, inf, inf, inf, inf, inf, inf, inf, inf, inf, inf, inf, inf, inf, inf, inf, inf, inf, inf, inf, inf, inf, inf, inf, inf, inf, inf, inf, inf, inf, inf, inf, inf, inf, inf, inf, inf, inf, inf, inf, inf, inf, inf, inf, inf, inf, inf, inf, inf, inf, inf, inf, inf, inf, inf, inf, inf, inf, inf, inf, inf, inf, inf, inf, inf, inf, inf, inf, inf, inf, inf, inf, inf, inf, inf, inf, inf, inf, inf, inf, inf, inf, inf, inf, inf, inf, inf, inf, inf, inf, inf, inf, inf, inf, inf, inf, inf, inf, inf, inf, inf, inf, inf, inf, inf, inf, inf, inf, inf, inf, inf, inf, inf, inf, inf, inf, inf, inf, inf, inf, inf, inf, inf, inf, inf, inf, inf, inf, inf, inf, inf, inf, inf, inf, inf, inf, inf, inf, inf, inf, inf, inf, inf, inf, inf, inf, inf]),0.01749303564429283,3415603000000,
array('f', [inf, inf, inf, inf, inf, inf, inf, inf, inf, inf, inf, inf, inf, inf, inf, inf, inf, inf, inf, inf, inf, inf, inf, inf, inf, inf, inf, inf, inf, inf, inf, inf, inf, inf, inf, inf, inf, inf, inf, inf, inf, inf, inf, inf, inf, inf, inf, inf, inf, inf, inf, inf, inf, inf, inf, inf, inf, inf, inf, inf, inf, inf, inf, inf, inf, inf, inf, inf, inf, inf, inf, inf, inf, inf, inf, inf, inf, inf, inf, inf, inf, inf, inf, inf, inf, inf, inf, inf, inf, inf, inf, inf, inf, inf, inf, inf, inf, inf, inf, inf, inf, inf, inf, inf, inf, inf, inf, inf, inf, inf, inf, inf, inf, inf, inf, inf, inf, inf, inf, inf, inf, inf, inf, inf, inf, inf, inf, inf, inf, inf, inf, inf, inf, inf, inf, inf, inf, inf, inf, inf, inf, inf, inf, inf, inf, inf, inf, inf, inf, 3.425778388977051, inf, inf, inf, inf, inf, inf, inf, inf, inf, inf, inf, inf, inf, inf, inf, inf, inf, inf, inf, inf, inf, inf, inf, inf, inf, inf, inf, inf, inf, inf, inf, inf, inf, inf, inf, inf, inf, inf, inf, inf, inf, inf, inf, inf, inf, inf, inf, inf, inf, inf, inf, inf, inf, inf, inf, inf, inf, inf, inf, inf, inf, inf, inf, inf, inf, inf, inf, inf, inf, inf, inf, inf, inf, inf, inf, inf, inf, inf, inf, inf, inf, inf, inf, inf, inf, inf, inf, inf, inf, inf, inf, inf, inf, inf, inf, inf, inf, inf, inf, inf, inf, inf, inf, inf, inf, inf, inf, inf, inf, inf, inf, inf, inf, inf, inf, inf, inf, inf, inf, inf, inf, inf, inf, inf, inf, inf, inf, inf, inf, inf, inf, inf, inf, inf, inf, inf, inf, inf, inf, inf, inf, inf, inf, inf, inf, inf, inf, inf, inf, inf, inf, inf, inf, inf, inf, inf, inf, inf, inf, inf, inf, inf, inf, inf, inf, inf, inf, inf, inf, inf, inf, inf, inf, inf, inf, inf, inf, inf, inf, inf, inf, inf, inf, inf, inf, inf, inf, inf, inf, inf, inf, inf, inf, inf, inf, inf, inf, inf, inf, inf, inf, inf, inf, inf, inf, inf, inf, inf, inf, inf]),0.01749303564429283,3415803000000,
array('f', [inf, inf, inf, inf, inf, inf, inf, inf, inf, inf, inf, inf, inf, inf, inf, inf, inf, inf, inf, inf, inf, inf, inf, inf, inf, inf, inf, inf, inf, inf, inf, inf, inf, inf, inf, inf, inf, inf, inf, inf, inf, inf, inf, inf, inf, inf, inf, inf, inf, inf, inf, inf, inf, inf, inf, inf, inf, inf, inf, inf, inf, inf, inf, inf, inf, inf, inf, inf, inf, inf, inf, inf, inf, inf, inf, inf, inf, inf, inf, inf, inf, inf, inf, inf, inf, inf, inf, inf, inf, inf, inf, inf, inf, inf, inf, inf, inf, inf, inf, inf, inf, inf, inf, inf, inf, inf, inf, inf, inf, inf, inf, inf, inf, inf, inf, inf, inf, inf, inf, inf, inf, inf, inf, inf, inf, inf, inf, inf, inf, inf, inf, inf, inf, inf, inf, inf, inf, inf, inf, inf, inf, inf, inf, inf, inf, inf, inf, 3.5, inf, inf, inf, inf, inf, inf, inf, inf, inf, inf, inf, inf, inf, inf, inf, inf, inf, inf, inf, inf, inf, inf, inf, inf, inf, inf, inf, inf, inf, inf, inf, inf, inf, inf, inf, inf, inf, inf, inf, inf, inf, inf, inf, inf, inf, inf, inf, inf, inf, inf, inf, inf, inf, inf, inf, inf, inf, inf, inf, inf, inf, inf, inf, inf, inf, inf, inf, inf, inf, inf, inf, inf, inf, inf, inf, inf, inf, inf, inf, inf, inf, inf, inf, inf, inf, inf, inf, inf, inf, inf, inf, inf, inf, inf, inf, inf, inf, inf, inf, inf, inf, inf, inf, inf, inf, inf, inf, inf, inf, inf, inf, inf, inf, inf, inf, inf, inf, inf, inf, inf, inf, inf, inf, inf, inf, inf, inf, inf, inf, inf, inf, inf, inf, inf, inf, inf, inf, inf, inf, inf, inf, inf, inf, inf, inf, inf, inf, inf, inf, inf, inf, inf, inf, inf, inf, inf, inf, inf, inf, inf, inf, inf, inf, inf, inf, inf, inf, inf, inf, inf, inf, inf, inf, inf, inf, inf, inf, inf, inf, inf, inf, inf, inf, inf, inf, inf, inf, inf, inf, inf, inf, inf, inf, inf, inf, inf, inf, inf, inf, inf, inf, inf, inf, inf, inf, inf, inf, inf, inf, inf, inf, inf]),0.01749303564429283,3416003000000,
array('f', [inf, inf, inf, inf, inf, inf, inf, inf, inf, inf, inf, inf, inf, inf, inf, inf, inf, inf, inf, inf, inf, inf, inf, inf, inf, inf, inf, inf, inf, inf, inf, inf, inf, inf, inf, inf, inf, inf, inf, inf, inf, inf, inf, inf, inf, inf, inf, inf, inf, inf, inf, inf, inf, inf, inf, inf, inf, inf, inf, inf, inf, inf, inf, inf, inf, inf, inf, inf, inf, inf, inf, inf, inf, inf, inf, inf, inf, inf, inf, inf, inf, inf, inf, inf, inf, inf, inf, inf, inf, inf, inf, inf, inf, inf, inf, inf, inf, inf, inf, inf, inf, inf, inf, inf, inf, inf, inf, inf, inf, inf, inf, inf, inf, inf, inf, inf, inf, inf, inf, inf, inf, inf, inf, inf, inf, inf, inf, inf, inf, inf, inf, inf, inf, inf, inf, inf, inf, inf, inf, inf, inf, inf, inf, inf, inf, inf, inf, inf, inf, inf, inf, inf, inf, inf, inf, inf, inf, inf, inf, inf, inf, inf, inf, inf, inf, inf, inf, inf, inf, inf, inf, inf, inf, inf, inf, inf, inf, inf, inf, inf, inf, inf, inf, inf, inf, inf, inf, inf, inf, inf, inf, inf, inf, inf, inf, inf, inf, inf, inf, inf, inf, inf, inf, inf, inf, inf, inf, inf, inf, inf, inf, inf, inf, inf, inf, inf, inf, inf, inf, inf, inf, inf, inf, inf, inf, inf, inf, inf, inf, inf, inf, inf, inf, inf, inf, inf, inf, inf, inf, inf, inf, inf, inf, inf, inf, inf, inf, inf, inf, inf, inf, inf, inf, inf, inf, inf, inf, inf, inf, inf, inf, inf, inf, inf, inf, inf, inf, inf, inf, inf, inf, inf, inf, inf, inf, inf, inf, inf, inf, inf, inf, inf, inf, inf, inf, inf, inf, inf, inf, inf, inf, inf, inf, inf, inf, inf, inf, inf, inf, inf, inf, inf, inf, inf, inf, inf, inf, inf, inf, inf, inf, inf, inf, inf, inf, inf, inf, inf, inf, inf, inf, inf, inf, inf, inf, inf, inf, inf, inf, inf, inf, inf, inf, inf, inf, inf, inf, inf, inf, inf, inf, inf, inf, inf, inf, inf, inf, inf, inf, inf, inf, inf, inf, inf, inf, inf, inf, inf, inf, inf]),0.01749303564429283,3416205000000,
array('f', [inf, inf, inf, inf, inf, inf, inf, inf, inf, inf, inf, inf, inf, inf, inf, inf, inf, inf, inf, inf, inf, inf, inf, inf, inf, inf, inf, inf, inf, inf, inf, inf, inf, inf, inf, inf, inf, inf, inf, inf, inf, inf, inf, inf, inf, inf, inf, inf, inf, inf, inf, inf, inf, inf, inf, inf, inf, inf, inf, inf, inf, inf, inf, inf, inf, inf, inf, inf, inf, inf, inf, inf, inf, inf, inf, inf, inf, inf, inf, inf, inf, inf, inf, inf, inf, inf, inf, inf, inf, inf, inf, inf, inf, inf, inf, inf, inf, inf, inf, inf, inf, inf, inf, inf, inf, inf, inf, inf, inf, inf, inf, inf, inf, inf, inf, inf, inf, inf, inf, inf, inf, inf, inf, inf, inf, inf, inf, inf, inf, inf, inf, inf, inf, inf, inf, inf, inf, inf, inf, inf, inf, inf, inf, inf, inf, inf, inf, inf, inf, inf, inf, inf, inf, inf, inf, inf, inf, inf, inf, inf, inf, inf, inf, inf, inf, inf, inf, inf, inf, inf, inf, inf, inf, inf, inf, inf, inf, inf, inf, inf, inf, inf, inf, inf, inf, inf, inf, inf, inf, inf, inf, inf, inf, inf, inf, inf, inf, inf, inf, inf, inf, inf, inf, inf, inf, inf, inf, inf, inf, inf, inf, inf, inf, inf, inf, inf, inf, inf, inf, inf, inf, inf, inf, inf, inf, inf, inf, inf, inf, inf, inf, inf, inf, inf, inf, inf, inf, inf, inf, inf, inf, inf, inf, inf, inf, inf, inf, inf, inf, inf, inf, inf, inf, inf, inf, inf, inf, inf, inf, inf, inf, inf, inf, inf, inf, inf, inf, inf, inf, inf, inf, inf, inf, inf, inf, inf, inf, inf, inf, inf, inf, inf, inf, inf, inf, inf, inf, inf, inf, inf, inf, inf, inf, inf, inf, inf, inf, inf, inf, inf, inf, inf, inf, inf, inf, inf, inf, inf, inf, inf, inf, inf, inf, inf, inf, inf, inf, inf, inf, inf, inf, inf, inf, inf, inf, inf, inf, inf, inf, inf, inf, inf, inf, inf, inf, inf, inf, inf, inf, inf, inf, inf, inf, inf, inf, inf, inf, inf, inf, inf, inf, inf, inf, inf, inf, inf, inf, inf, inf, inf]),0.01749303564429283,3416405000000,
array('f', [inf, inf, inf, inf, inf, inf, inf, inf, inf, inf, inf, inf, inf, inf, inf, inf, inf, inf, inf, inf, inf, inf, inf, inf, inf, inf, inf, inf, inf, inf, inf, inf, inf, inf, inf, inf, inf, inf, inf, inf, inf, inf, inf, inf, inf, inf, inf, inf, inf, inf, inf, inf, inf, inf, inf, inf, inf, inf, inf, inf, inf, inf, inf, inf, inf, inf, inf, inf, inf, inf, inf, inf, inf, inf, inf, inf, inf, inf, inf, inf, inf, inf, inf, inf, inf, inf, inf, inf, inf, inf, inf, inf, inf, inf, inf, inf, inf, inf, inf, inf, inf, inf, inf, inf, inf, inf, inf, inf, inf, inf, inf, inf, inf, inf, inf, inf, inf, inf, inf, inf, inf, inf, inf, inf, inf, inf, inf, inf, inf, inf, inf, inf, inf, inf, inf, inf, inf, inf, inf, inf, inf, inf, inf, inf, inf, inf, inf, inf, inf, inf, inf, inf, inf, inf, inf, inf, inf, inf, inf, inf, inf, inf, inf, inf, inf, inf, inf, inf, inf, inf, inf, inf, inf, inf, inf, inf, inf, inf, inf, inf, inf, inf, inf, inf, inf, inf, inf, inf, inf, inf, inf, inf, inf, inf, inf, inf, inf, inf, inf, inf, inf, inf, inf, inf, inf, inf, inf, inf, inf, inf, inf, inf, inf, inf, inf, inf, inf, inf, inf, inf, inf, inf, inf, inf, inf, inf, inf, inf, inf, inf, inf, inf, inf, inf, inf, inf, inf, inf, inf, inf, inf, inf, inf, inf, inf, inf, inf, inf, inf, inf, inf, inf, inf, inf, inf, inf, inf, inf, inf, inf, inf, inf, inf, inf, inf, inf, inf, inf, inf, inf, inf, inf, inf, inf, inf, inf, inf, inf, inf, inf, inf, inf, inf, inf, inf, inf, inf, inf, inf, inf, inf, inf, inf, inf, inf, inf, inf, inf, inf, inf, inf, inf, inf, inf, inf, inf, inf, inf, inf, inf, inf, inf, inf, inf, inf, inf, inf, inf, inf, inf, inf, inf, inf, inf, inf, inf, inf, inf, inf, inf, inf, inf, inf, inf, inf, inf, inf, inf, inf, inf, inf, inf, inf, inf, inf, inf, inf, inf, inf, inf, inf, inf, inf, inf, inf, inf, inf, inf, inf, inf]),0.01749303564429283,3416605000000,
array('f', [inf, inf, inf, inf, inf, inf, inf, inf, inf, inf, inf, inf, inf, 3.4900496006011963, 3.492549180984497, 3.4961462020874023, 3.475003242492676, 3.4751131534576416, 3.4886858463287354, 3.486790180206299, 3.4790122509002686, 3.473367214202881, 3.4602136611938477, 3.4727377891540527, 3.49346661567688, 3.5, inf, inf, inf, inf, inf, inf, inf, inf, inf, inf, inf, inf, inf, inf, inf, inf, inf, inf, inf, inf, inf, inf, inf, inf, inf, inf, inf, inf, inf, inf, inf, inf, inf, inf, inf, inf, inf, inf, inf, inf, inf, inf, inf, inf, inf, inf, inf, inf, inf, inf, inf, inf, inf, inf, inf, inf, inf, inf, inf, inf, inf, inf, inf, inf, inf, inf, inf, inf, inf, inf, inf, inf, inf, inf, inf, inf, inf, inf, inf, inf, inf, inf, inf, inf, inf, inf, inf, inf, inf, inf, inf, inf, inf, inf, inf, inf, inf, inf, inf, inf, inf, inf, inf, inf, inf, inf, inf, inf, inf, inf, inf, inf, inf, inf, inf, inf, inf, inf, inf, inf, inf, inf, inf, inf, inf, inf, inf, inf, inf, inf, inf, inf, inf, inf, inf, inf, inf, inf, inf, inf, inf, inf, inf, inf, inf, inf, inf, inf, inf, inf, inf, inf, inf, inf, inf, inf, inf, inf, inf, inf, inf, inf, inf, inf, inf, inf, inf, inf, inf, inf, inf, inf, inf, inf, inf, inf, inf, inf, inf, inf, inf, inf, inf, inf, inf, inf, inf, inf, inf, inf, inf, inf, inf, inf, inf, inf, inf, inf, inf, inf, inf, inf, inf, inf, inf, inf, inf, inf, inf, inf, inf, inf, inf, inf, inf, inf, inf, inf, inf, inf, inf, inf, inf, inf, inf, inf, inf, inf, inf, inf, inf, inf, inf, inf, inf, inf, inf, inf, inf, inf, inf, inf, inf, inf, inf, inf, inf, inf, inf, inf, inf, inf, inf, inf, inf, inf, inf, inf, inf, inf, inf, inf, inf, inf, inf, inf, inf, inf, inf, inf, inf, inf, inf, inf, inf, inf, inf, inf, inf, inf, inf, inf, inf, inf, inf, inf, inf, inf, inf, inf, inf, inf, inf, inf, inf, inf, inf, inf, inf, inf, inf, inf, inf, inf, inf, inf, inf, inf, inf, inf, inf, inf, inf, inf, inf, inf, inf, inf, inf, inf, inf, inf, inf, inf, inf, inf, inf, inf, inf, inf, inf, inf, inf, inf]),0.01749303564429283,3416805000000,
array('f', [inf, inf, inf, 3.4673852920532227, 3.4534003734588623, 3.458831310272217, 3.438239574432373, 3.4566030502319336, 3.425215005874634, 3.412721633911133, 3.413341760635376, 3.4125704765319824, 3.3991637229919434, 3.378973960876465, 3.389085054397583, 3.390726089477539, 3.400407075881958, 3.3892343044281006, 3.377936840057373, 3.3896026611328125, 3.404419183731079, 3.406541347503662, 3.4013664722442627, 3.4189634323120117, 3.4328227043151855, 3.433742046356201, 3.4397592544555664, 3.448399543762207, 3.46232533454895, 3.46044921875, 3.4792819023132324, inf, inf, inf, inf, inf, inf, inf, inf, inf, inf, inf, inf, inf, inf, inf, inf, inf, inf, inf, inf, inf, inf, inf, inf, inf, inf, inf, inf, inf, inf, inf, inf, inf, inf, inf, inf, inf, inf, inf, inf, inf, inf, inf, inf, inf, inf, inf, inf, inf, inf, inf, inf, inf, inf, inf, inf, inf, inf, inf, inf, inf, inf, inf, inf, inf, inf, inf, inf, inf, inf, inf, inf, inf, inf, inf, inf, inf, inf, inf, inf, inf, inf, inf, inf, inf, inf, inf, inf, inf, inf, inf, inf, inf, inf, inf, inf, inf, inf, inf, inf, inf, inf, inf, inf, inf, inf, inf, inf, inf, inf, inf, inf, inf, inf, inf, inf, inf, inf, inf, inf, inf, inf, inf, inf, inf, inf, inf, inf, inf, inf, inf, inf, inf, inf, inf, inf, inf, inf, inf, inf, inf, inf, inf, inf, inf, inf, inf, inf, inf, inf, inf, inf, inf, inf, inf, inf, inf, inf, inf, inf, inf, inf, inf, inf, inf, inf, inf, inf, inf, inf, inf, inf, inf, inf, inf, inf, inf, inf, inf, inf, inf, inf, inf, inf, inf, inf, inf, inf, inf, inf, inf, inf, inf, inf, inf, inf, inf, inf, inf, inf, inf, inf, inf, inf, inf, inf, inf, inf, inf, inf, inf, inf, inf, inf, inf, inf, inf, inf, inf, inf, inf, inf, inf, inf, inf, inf, inf, inf, inf, inf, inf, inf, inf, inf, inf, inf, inf, inf, inf, inf, inf, inf, inf, inf, inf, inf, inf, inf, inf, inf, inf, inf, inf, inf, inf, inf, inf, inf, inf, inf, inf, inf, inf, inf, inf, inf, inf, inf, inf, inf, inf, inf, inf, inf, inf, inf, inf, inf, inf, inf, inf, inf, inf, inf, inf, inf, inf, inf, inf, inf, inf, inf, inf, inf, inf, inf, inf, inf, inf, inf, inf, inf, inf, inf, inf, inf, inf, inf, inf, inf, inf, inf, inf, inf, inf, inf, inf, inf, inf, inf, inf, inf, inf, inf, inf, inf, inf, inf, inf]),0.01749303564429283,3417005000000,
array('f', [inf, 3.3963310718536377, 3.3726813793182373, 3.3554227352142334, 3.3569319248199463, 3.3353514671325684, 3.326932668685913, 3.318701982498169, 3.3156139850616455, 3.306957960128784, 3.301701545715332, 3.318821430206299, 3.2940359115600586, 3.2819037437438965, 3.290208578109741, 3.305081605911255, 3.3152458667755127, 3.2865102291107178, 3.3154540061950684, 3.303696870803833, 3.304180145263672, 3.3260486125946045, 3.308213710784912, 3.331328868865967, 3.34755802154541, 3.3592913150787354, 3.3719065189361572, 3.3849937915802, 3.4026336669921875, 3.4087367057800293, 3.427841901779175, 3.4521191120147705, 3.466996908187866, 3.4631268978118896, inf, inf, inf, inf, inf, inf, inf, inf, inf, inf, inf, inf, inf, inf, inf, inf, inf, inf, inf, inf, inf, inf, inf, inf, inf, inf, inf, inf, inf, inf, inf, inf, inf, inf, inf, inf, inf, inf, inf, inf, inf, inf, inf, inf, inf, inf, inf, inf, inf, inf, inf, inf, inf, inf, inf, inf, inf, inf, inf, inf, inf, inf, inf, inf, inf, inf, inf, inf, inf, inf, inf, inf, inf, inf, inf, inf, inf, inf, inf, inf, inf, inf, inf, inf, inf, inf, inf, inf, inf, inf, inf, inf, inf, inf, inf, inf, inf, inf, inf, inf, inf, inf, inf, inf, inf, inf, inf, inf, inf, inf, inf, inf, inf, inf, inf, inf, inf, inf, inf, inf, inf, inf, inf, inf, inf, inf, inf, inf, inf, inf, inf, inf, inf, inf, inf, inf, inf, inf, inf, inf, inf, inf, inf, inf, inf, inf, inf, inf, inf, inf, inf, inf, inf, inf, inf, inf, inf, inf, inf, inf, inf, inf, inf, inf, inf, inf, inf, inf, inf, inf, inf, inf, inf, inf, inf, inf, inf, inf, inf, inf, inf, inf, inf, inf, inf, inf, inf, inf, inf, inf, inf, inf, inf, inf, inf, inf, inf, inf, inf, inf, inf, inf, inf, inf, inf, inf, inf, inf, inf, inf, inf, inf, inf, inf, inf, inf, inf, inf, inf, inf, inf, inf, inf, inf, inf, inf, inf, inf, inf, inf, inf, inf, inf, inf, inf, inf, inf, inf, inf, inf, inf, inf, inf, inf, inf, inf, inf, inf, inf, inf, inf, inf, inf, inf, inf, inf, inf, inf, inf, inf, inf, inf, inf, inf, inf, inf, inf, inf, inf, inf, inf, inf, inf, inf, inf, inf, inf, inf, inf, inf, inf, inf, inf, inf, inf, inf, inf, inf, inf, inf, inf, inf, inf, inf, inf, inf, inf, inf, inf, inf, inf, inf, inf, inf, inf, inf, inf, inf, inf, inf, inf, inf, inf, inf, inf, inf, inf, inf, inf, inf, inf, inf, inf, inf, inf, inf]),0.01749303564429283,3417205000000,
array('f', [3.2651853561401367, 3.2521772384643555, 3.25024151802063, 3.2527432441711426, 3.238236904144287, 3.2271900177001953, 3.2243847846984863, 3.2333381175994873, 3.216387987136841, 3.1910507678985596, 3.195256233215332, 3.224443197250366, 3.191779851913452, 3.1762759685516357, 3.2078874111175537, 3.218273162841797, 3.2229719161987305, 3.2182600498199463, 3.2353248596191406, 3.227360725402832, 3.247403383255005, 3.2487542629241943, 3.2484755516052246, 3.268770456314087, 3.2835958003997803, 3.2879931926727295, 3.3109726905822754, 3.321899652481079, 3.3273515701293945, 3.3462507724761963, 3.3691465854644775, 3.396395683288574, 3.4145870208740234, 3.4267818927764893, 3.4507718086242676, 3.4991185665130615, inf, inf, inf, inf, inf, inf, inf, inf, inf, inf, inf, inf, inf, inf, inf, inf, inf, inf, inf, inf, inf, inf, inf, inf, inf, inf, inf, inf, inf, inf, inf, inf, inf, inf, inf, inf, inf, inf, inf, inf, inf, inf, inf, inf, inf, inf, inf, inf, inf, inf, inf, inf, inf, inf, inf, inf, inf, inf, inf, inf, inf, inf, inf, inf, inf, inf, inf, inf, inf, inf, inf, inf, inf, inf, inf, inf, inf, inf, inf, inf, inf, inf, inf, inf, inf, inf, inf, inf, inf, inf, inf, inf, inf, inf, inf, inf, inf, inf, inf, inf, inf, inf, inf, inf, inf, inf, inf, inf, inf, inf, inf, inf, inf, inf, inf, inf, inf, inf, inf, inf, inf, inf, inf, inf, inf, inf, inf, inf, inf, inf, inf, inf, inf, inf, inf, inf, inf, inf, inf, inf, inf, inf, inf, inf, inf, inf, inf, inf, inf, inf, inf, inf, inf, inf, inf, inf, inf, inf, inf, inf, inf, inf, inf, inf, inf, inf, inf, inf, inf, inf, inf, inf, inf, inf, inf, inf, inf, inf, inf, inf, inf, inf, inf, inf, inf, inf, inf, inf, inf, inf, inf, inf, inf, inf, inf, inf, inf, inf, inf, inf, inf, inf, inf, inf, inf, inf, inf, inf, inf, inf, inf, inf, inf, inf, inf, inf, inf, inf, inf, inf, inf, inf, inf, inf, inf, inf, inf, inf, inf, inf, inf, inf, inf, inf, inf, inf, inf, inf, inf, inf, inf, inf, inf, inf, inf, inf, inf, inf, inf, inf, inf, inf, inf, inf, inf, inf, inf, inf, inf, inf, inf, inf, inf, inf, inf, inf, inf, inf, inf, inf, inf, inf, inf, inf, inf, inf, inf, inf, inf, inf, inf, inf, inf, inf, inf, inf, inf, inf, inf, inf, inf, inf, inf, inf, inf, inf, inf, inf, inf, inf, inf, inf, inf, inf, inf, inf, inf, inf, inf, inf, inf, inf, inf, inf, inf, inf, inf, inf, inf, inf, inf, inf, 3.292936086654663, 3.2789711952209473]),0.01749303564429283,3417405000000,
array('f', [3.1286697387695312, 3.1558940410614014, 3.1264100074768066, 3.1294703483581543, 3.134646415710449, 3.107776165008545, 3.1374988555908203, 3.115518808364868, 3.101102352142334, 3.1134510040283203, 3.119581460952759, 3.1043310165405273, 3.1204915046691895, 3.107222318649292, 3.125149965286255, 3.1310505867004395, 3.1213185787200928, 3.149801015853882, 3.1381683349609375, 3.14859676361084, 3.171380043029785, 3.1744024753570557, 3.1902263164520264, 3.1911373138427734, 3.2023215293884277, 3.2317919731140137, 3.229126214981079, 3.2611074447631836, 3.2756431102752686, 3.2787532806396484, 3.3147568702697754, 3.3470051288604736, 3.363384962081909, 3.4078969955444336, 3.4089791774749756, 3.467151165008545, 3.4853451251983643, inf, inf, inf, inf, inf, inf, inf, inf, inf, inf, inf, inf, inf, inf, inf, inf, inf, inf, inf, inf, inf, inf, inf, inf, inf, inf, inf, inf, inf, inf, inf, inf, inf, inf, inf, inf, inf, inf, inf, inf, inf, inf, inf, inf, inf, inf, inf, inf, inf, inf, inf, inf, inf, inf, inf, inf, inf, inf, inf, inf, inf, inf, inf, inf, inf, inf, inf, inf, inf, inf, inf, inf, inf, inf, inf, inf, inf, inf, inf, inf, inf, inf, inf, inf, inf, inf, inf, inf, inf, inf, inf, inf, inf, inf, inf, inf, inf, inf, inf, inf, inf, inf, inf, inf, inf, inf, inf, inf, inf, inf, inf, inf, inf, inf, inf, inf, inf, inf, inf, inf, inf, inf, inf, inf, inf, inf, inf, inf, inf, inf, inf, inf, inf, inf, inf, inf, inf, inf, inf, inf, inf, inf, inf, inf, inf, inf, inf, inf, inf, inf, inf, inf, inf, inf, inf, inf, inf, inf, inf, inf, inf, inf, inf, inf, inf, inf, inf, inf, inf, inf, inf, inf, inf, inf, inf, inf, inf, inf, inf, inf, inf, inf, inf, inf, inf, inf, inf, inf, inf, inf, inf, inf, inf, inf, inf, inf, inf, inf, inf, inf, inf, inf, inf, inf, inf, inf, inf, inf, inf, inf, inf, inf, inf, inf, inf, inf, inf, inf, inf, inf, inf, inf, inf, inf, inf, inf, inf, inf, inf, inf, inf, inf, inf, inf, inf, inf, inf, inf, inf, inf, inf, inf, inf, inf, inf, inf, inf, inf, inf, inf, inf, inf, inf, inf, inf, inf, inf, inf, inf, inf, inf, inf, inf, inf, inf, inf, inf, inf, inf, inf, inf, inf, inf, inf, inf, inf, inf, inf, inf, inf, inf, inf, inf, inf, inf, inf, inf, inf, inf, inf, inf, inf, inf, inf, inf, inf, inf, inf, inf, inf, inf, inf, inf, inf, inf, inf, inf, inf, inf, inf, inf, inf, inf, inf, inf, inf, inf, inf, inf, 3.17655611038208, 3.173649549484253, 3.17655086517334, 3.1516761779785156]),0.01749303564429283,3417605000000,
array('f', [3.0537331104278564, 3.0377895832061768, 3.029266119003296, 3.023383378982544, 3.0211181640625, 3.008803367614746, 2.9974327087402344, 3.0394792556762695, 3.0126326084136963, 2.998539686203003, 3.013746976852417, 3.016787528991699, 3.0111260414123535, 3.0316362380981445, 3.0372281074523926, 3.052185535430908, 3.053684949874878, 3.0496764183044434, 3.0807533264160156, 3.0862388610839844, 3.098825693130493, 3.1134345531463623, 3.1300487518310547, 3.1283528804779053, 3.133695125579834, 3.173466920852661, 3.1664786338806152, 3.199972152709961, 3.229041337966919, 3.2418789863586426, 3.2571144104003906, 3.288905143737793, 3.3206839561462402, 3.356778621673584, 3.3741841316223145, 3.4128592014312744, 3.4361765384674072, 3.499699592590332, inf, inf, inf, inf, inf, inf, inf, inf, inf, inf, inf, inf, inf, inf, inf, inf, inf, inf, inf, inf, inf, inf, inf, inf, inf, inf, inf, inf, inf, inf, inf, inf, inf, inf, inf, inf, inf, inf, inf, inf, inf, inf, inf, inf, inf, inf, inf, inf, inf, inf, inf, inf, inf, inf, inf, inf, inf, inf, inf, inf, inf, inf, inf, inf, inf, inf, inf, inf, inf, inf, inf, inf, inf, inf, inf, inf, inf, inf, inf, inf, inf, inf, inf, inf, inf, inf, inf, inf, inf, inf, inf, inf, inf, inf, inf, inf, inf, inf, inf, inf, inf, inf, inf, inf, inf, inf, inf, inf, inf, inf, inf, inf, inf, inf, inf, inf, inf, inf, inf, inf, inf, inf, inf, inf, inf, inf, inf, inf, inf, inf, inf, inf, inf, inf, inf, inf, inf, inf, inf, inf, inf, inf, inf, inf, inf, inf, inf, inf, inf, inf, inf, inf, inf, inf, inf, inf, inf, inf, inf, inf, inf, inf, inf, inf, inf, inf, inf, inf, inf, inf, inf, inf, inf, inf, inf, inf, inf, inf, inf, inf, inf, inf, inf, inf, inf, inf, inf, inf, inf, inf, inf, inf, inf, inf, inf, inf, inf, inf, inf, inf, inf, inf, inf, inf, inf, inf, inf, inf, inf, inf, inf, inf, inf, inf, inf, inf, inf, inf, inf, inf, inf, inf, inf, inf, inf, inf, inf, inf, inf, inf, inf, inf, inf, inf, inf, inf, inf, inf, inf, inf, inf, inf, inf, inf, inf, inf, inf, inf, inf, inf, inf, inf, inf, inf, inf, inf, inf, inf, inf, inf, inf, inf, inf, inf, inf, inf, inf, inf, inf, inf, inf, inf, inf, inf, inf, inf, inf, inf, inf, inf, inf, inf, inf, inf, inf, inf, inf, inf, inf, inf, inf, inf, inf, inf, inf, inf, inf, inf, inf, inf, inf, inf, inf, inf, inf, inf, inf, inf, inf, inf, inf, inf, inf, inf, inf, 3.103848934173584, 3.0930728912353516, 3.0930016040802, 3.062321901321411, 3.056572198867798, 3.0532588958740234, 3.0364673137664795]),0.01749303564429283,3417805000000,
array('f', [2.946085214614868, 2.924816846847534, 2.9236581325531006, 2.927556276321411, 2.9180617332458496, 2.9250104427337646, 2.9009554386138916, 2.930144786834717, 2.9227964878082275, 2.9313628673553467, 2.9395127296447754, 2.9480671882629395, 2.9525468349456787, 2.936583995819092, 2.9474680423736572, 2.972616195678711, 2.9730000495910645, 2.988898277282715, 3.0086781978607178, 3.0168585777282715, 3.025217056274414, 3.0410594940185547, 3.0539143085479736, 3.077728509902954, 3.0998313426971436, 3.0965638160705566, 3.1173741817474365, 3.1491246223449707, 3.1794588565826416, 3.1939077377319336, 3.2180562019348145, 3.2581191062927246, 3.2826130390167236, 3.3146464824676514, 3.3379530906677246, 3.3770592212677, 3.407733678817749, 3.4500060081481934, 3.4675986766815186, inf, inf, inf, inf, inf, inf, inf, inf, inf, inf, inf, inf, inf, inf, inf, inf, inf, inf, inf, inf, inf, inf, inf, inf, inf, inf, inf, inf, inf, inf, inf, inf, inf, inf, inf, inf, inf, inf, inf, inf, inf, inf, inf, inf, inf, inf, inf, inf, inf, inf, inf, inf, inf, inf, inf, inf, inf, inf, inf, inf, inf, inf, inf, inf, inf, inf, inf, inf, inf, inf, inf, inf, inf, inf, inf, inf, inf, inf, inf, inf, inf, inf, inf, inf, inf, inf, inf, inf, inf, inf, inf, inf, inf, inf, inf, inf, inf, inf, inf, inf, inf, inf, inf, inf, inf, inf, inf, inf, inf, inf, inf, inf, inf, inf, inf, inf, inf, inf, inf, inf, inf, inf, inf, inf, inf, inf, inf, inf, inf, inf, inf, inf, inf, inf, inf, inf, inf, inf, inf, inf, inf, inf, inf, inf, inf, inf, inf, inf, inf, inf, inf, inf, inf, inf, inf, inf, inf, inf, inf, inf, inf, inf, inf, inf, inf, inf, inf, inf, inf, inf, inf, inf, inf, inf, inf, inf, inf, inf, inf, inf, inf, inf, inf, inf, inf, inf, inf, inf, inf, inf, inf, inf, inf, inf, inf, inf, inf, inf, inf, inf, inf, inf, inf, inf, inf, inf, inf, inf, inf, inf, inf, inf, inf, inf, inf, inf, inf, inf, inf, inf, inf, inf, inf, inf, inf, inf, inf, inf, inf, inf, inf, inf, inf, inf, inf, inf, inf, inf, inf, inf, inf, inf, inf, inf, inf, inf, inf, inf, inf, inf, inf, inf, inf, inf, inf, inf, inf, inf, inf, inf, inf, inf, inf, inf, inf, inf, inf, inf, inf, inf, inf, inf, inf, inf, inf, inf, inf, inf, inf, inf, inf, inf, inf, inf, inf, inf, inf, inf, inf, inf, inf, inf, inf, inf, inf, inf, inf, inf, inf, inf, inf, inf, inf, inf, inf, inf, inf, inf, inf, inf, inf, inf, 3.0080995559692383, 3.012096643447876, 2.9889228343963623, 2.9807322025299072, 2.9636995792388916, 2.9550390243530273, 2.9388132095336914, 2.930311679840088, 2.9168643951416016]),0.01749303564429283,3418005000000,
array('f', [2.8266022205352783, 2.8096346855163574, 2.8265419006347656, 2.811521530151367, 2.8101084232330322, 2.827077865600586, 2.8200390338897705, 2.8270487785339355, 2.8304901123046875, 2.8292312622070312, 2.8512539863586426, 2.854750394821167, 2.859098196029663, 2.871208906173706, 2.8821489810943604, 2.898792266845703, 2.915041208267212, 2.9108829498291016, 2.9194233417510986, 2.9365692138671875, 2.9525630474090576, 2.9773247241973877, 2.97896671295166, 2.998900890350342, 3.018017530441284, 3.0475687980651855, 3.0702197551727295, 3.1027660369873047, 3.1347179412841797, 3.157785415649414, 3.1719400882720947, 3.2153842449188232, 3.236905813217163, 3.277045726776123, 3.31128191947937, 3.33194637298584, 3.364870309829712, 3.4226722717285156, 3.467410087585449, inf, inf, inf, inf, inf, inf, inf, inf, inf, inf, inf, inf, inf, inf, inf, inf, inf, inf, inf, inf, inf, inf, inf, inf, inf, inf, inf, inf, inf, inf, inf, inf, inf, inf, inf, inf, inf, inf, inf, inf, inf, inf, inf, inf, inf, inf, inf, inf, inf, inf, inf, inf, inf, inf, inf, inf, inf, inf, inf, inf, inf, inf, inf, inf, inf, inf, inf, inf, inf, inf, inf, inf, inf, inf, inf, inf, inf, inf, inf, inf, inf, inf, inf, inf, inf, inf, inf, inf, inf, inf, inf, inf, inf, inf, inf, inf, inf, inf, inf, inf, inf, inf, inf, inf, inf, inf, inf, inf, inf, inf, inf, inf, inf, inf, inf, inf, inf, inf, inf, inf, inf, inf, inf, inf, inf, inf, inf, inf, inf, inf, inf, inf, inf, inf, inf, inf, inf, inf, inf, inf, inf, inf, inf, inf, inf, inf, inf, inf, inf, inf, inf, inf, inf, inf, inf, inf, inf, inf, inf, inf, inf, inf, inf, inf, inf, inf, inf, inf, inf, inf, inf, inf, inf, inf, inf, inf, inf, inf, inf, inf, inf, inf, inf, inf, inf, inf, inf, inf, inf, inf, inf, inf, inf, inf, inf, inf, inf, inf, inf, inf, inf, inf, inf, inf, inf, inf, inf, inf, inf, inf, inf, inf, inf, inf, inf, inf, inf, inf, inf, inf, inf, inf, inf, inf, inf, inf, inf, inf, inf, inf, inf, inf, inf, inf, inf, inf, inf, inf, inf, inf, inf, inf, inf, inf, inf, inf, inf, inf, inf, inf, inf, inf, inf, inf, inf, inf, inf, inf, inf, inf, inf, inf, inf, inf, inf, inf, inf, inf, inf, inf, inf, inf, inf, inf, inf, inf, inf, inf, inf, inf, inf, inf, inf, inf, inf, inf, inf, inf, inf, inf, inf, inf, inf, inf, inf, inf, inf, inf, inf, inf, inf, inf, inf, inf, inf, inf, inf, inf, inf, 2.9039385318756104, 2.8904178142547607, 2.888132095336914, 2.8801982402801514, 2.874084949493408, 2.8720386028289795, 2.8386332988739014, 2.8487226963043213, 2.840317726135254, 2.816115379333496, 2.8336498737335205, 2.814429521560669]),0.01749303564429283,3418205000000,
array('f', [2.732823133468628, 2.7146475315093994, 2.7134006023406982, 2.7232725620269775, 2.728689193725586, 2.743645191192627, 2.736410617828369, 2.7350614070892334, 2.742610216140747, 2.752053737640381, 2.7511420249938965, 2.774233102798462, 2.7702157497406006, 2.7932281494140625, 2.8117103576660156, 2.805636405944824, 2.823866844177246, 2.8447623252868652, 2.8464107513427734, 2.8751118183135986, 2.8922300338745117, 2.9191677570343018, 2.9412872791290283, 2.9381513595581055, 2.9828097820281982, 3.0119118690490723, 3.022395372390747, 3.0580339431762695, 3.06514048576355, 3.106689453125, 3.1388051509857178, 3.1718533039093018, 3.1837427616119385, 3.2222208976745605, 3.2623231410980225, 3.3175783157348633, 3.3660969734191895, 3.3972525596618652, 3.422295570373535, 3.4975979328155518, inf, inf, inf, inf, inf, inf, inf, inf, inf, inf, inf, inf, inf, inf, inf, inf, inf, inf, inf, inf, inf, inf, inf, inf, inf, inf, inf, inf, inf, inf, inf, inf, inf, inf, inf, inf, inf, inf, inf, inf, inf, inf, inf, inf, inf, inf, inf, inf, inf, inf, inf, inf, inf, inf, inf, inf, inf, inf, inf, inf, inf, inf, inf, inf, inf, inf, inf, inf, inf, inf, inf, inf, inf, inf, inf, inf, inf, inf, inf, inf, inf, inf, inf, inf, inf, inf, inf, inf, inf, inf, inf, inf, inf, inf, inf, inf, inf, inf, inf, inf, inf, inf, inf, inf, inf, inf, inf, inf, inf, inf, inf, inf, inf, inf, inf, inf, inf, inf, inf, inf, inf, inf, inf, inf, inf, inf, inf, inf, inf, inf, inf, inf, inf, inf, inf, inf, inf, inf, inf, inf, inf, inf, inf, inf, inf, inf, inf, inf, inf, inf, inf, inf, inf, inf, inf, inf, inf, inf, inf, inf, inf, inf, inf, inf, inf, inf, inf, inf, inf, inf, inf, inf, inf, inf, inf, inf, inf, inf, inf, inf, inf, inf, inf, inf, inf, inf, inf, inf, inf, inf, inf, inf, inf, inf, inf, inf, inf, inf, inf, inf, inf, inf, inf, inf, inf, inf, inf, inf, inf, inf, inf, inf, inf, inf, inf, inf, inf, inf, inf, inf, inf, inf, inf, inf, inf, inf, inf, inf, inf, inf, inf, inf, inf, inf, inf, inf, inf, inf, inf, inf, inf, inf, inf, inf, inf, inf, inf, inf, inf, inf, inf, inf, inf, inf, inf, inf, inf, inf, inf, inf, inf, inf, inf, inf, inf, inf, inf, inf, inf, inf, inf, inf, inf, inf, inf, inf, inf, inf, inf, inf, inf, inf, inf, inf, inf, inf, inf, inf, inf, inf, inf, inf, inf, inf, inf, inf, inf, inf, inf, inf, inf, inf, inf, inf, inf, 2.8113601207733154, 2.8151047229766846, 2.795233964920044, 2.773587942123413, 2.7735908031463623, 2.7753193378448486, 2.7696352005004883, 2.7393765449523926, 2.74215030670166, 2.7273972034454346, 2.7450342178344727, 2.7226147651672363, 2.729956865310669, 2.733490467071533, 2.726433515548706]),0.01749303564429283,3418405000000,
array('f', [2.6218819618225098, 2.6296162605285645, 2.642195463180542, 2.6365249156951904, 2.642151117324829, 2.652017593383789, 2.6480681896209717, 2.642549991607666, 2.64730167388916, 2.6785504817962646, 2.6903622150421143, 2.705864429473877, 2.705791711807251, 2.7121329307556152, 2.7351253032684326, 2.757458209991455, 2.754007577896118, 2.7732954025268555, 2.772113800048828, 2.8095805644989014, 2.8263096809387207, 2.8437764644622803, 2.8740665912628174, 2.904087543487549, 2.914937973022461, 2.94973087310791, 2.968783378601074, 3.004779815673828, 3.0268735885620117, 3.0633435249328613, 3.0888662338256836, 3.133007049560547, 3.1516366004943848, 3.1873462200164795, 3.2369561195373535, 3.283888816833496, 3.332001209259033, 3.38315486907959, 3.4204468727111816, 3.486983299255371, inf, inf, inf, inf, inf, inf, inf, inf, inf, inf, inf, inf, inf, inf, inf, inf, inf, inf, inf, inf, inf, inf, inf, inf, inf, inf, inf, inf, inf, inf, inf, inf, inf, inf, inf, inf, inf, inf, inf, inf, inf, inf, inf, inf, inf, inf, inf, inf, inf, inf, inf, inf, inf, inf, inf, inf, inf, inf, inf, inf, inf, inf, inf, inf, inf, inf, inf, inf, inf, inf, inf, inf, inf, inf, inf, inf, inf, inf, inf, inf, inf, inf, inf, inf, inf, inf, inf, inf, inf, inf, inf, inf, inf, inf, inf, inf, inf, inf, inf, inf, inf, inf, inf, inf, inf, inf, inf, inf, inf, inf, inf, inf, inf, inf, inf, inf, inf, inf, inf, inf, inf, inf, inf, inf, inf, inf, inf, inf, inf, inf, inf, inf, inf, inf, inf, inf, inf, inf, inf, inf, inf, inf, inf, inf, inf, inf, inf, inf, inf, inf, inf, inf, inf, inf, inf, inf, inf, inf, inf, inf, inf, inf, inf, inf, inf, inf, inf, inf, inf, inf, inf, inf, inf, inf, inf, inf, inf, inf, inf, inf, inf, inf, inf, inf, inf, inf, inf, inf, inf, inf, inf, inf, inf, inf, inf, inf, inf, inf, inf, inf, inf, inf, inf, inf, inf, inf, inf, inf, inf, inf, inf, inf, inf, inf, inf, inf, inf, inf, inf, inf, inf, inf, inf, inf, inf, inf, inf, inf, inf, inf, inf, inf, inf, inf, inf, inf, inf, inf, inf, inf, inf, inf, inf, inf, inf, inf, inf, inf, inf, inf, inf, inf, inf, inf, inf, inf, inf, inf, inf, inf, inf, inf, inf, inf, inf, inf, inf, inf, inf, inf, inf, inf, inf, inf, inf, inf, inf, inf, inf, inf, inf, inf, inf, inf, inf, inf, inf, inf, inf, inf, inf, inf, inf, inf, inf, inf, inf, inf, inf, inf, inf, inf, inf, 2.6970231533050537, 2.709355354309082, 2.681556463241577, 2.706347703933716, 2.6670186519622803, 2.6660025119781494, 2.675135612487793, 2.6446218490600586, 2.642321825027466, 2.652324914932251, 2.6411547660827637, 2.6198503971099854, 2.633357048034668, 2.6458616256713867, 2.602853298187256, 2.641160726547241, 2.626387596130371]),0.01749303564429283,3418605000000,
array('f', [2.532264232635498, 2.5296545028686523, 2.541353940963745, 2.544016122817993, 2.560772180557251, 2.5429847240448, 2.5789809226989746, 2.5827178955078125, 2.5980658531188965, 2.600597620010376, 2.6142919063568115, 2.6262876987457275, 2.641929864883423, 2.66166353225708, 2.6736366748809814, 2.664201021194458, 2.6976065635681152, 2.7167749404907227, 2.736725330352783, 2.7615699768066406, 2.7797327041625977, 2.8054327964782715, 2.82098126411438, 2.8518223762512207, 2.876288890838623, 2.890795946121216, 2.9117443561553955, 2.9512884616851807, 2.989875078201294, 3.0410890579223633, 3.0578413009643555, 3.1026015281677246, 3.1375327110290527, 3.185091972351074, 3.2286837100982666, 3.275012969970703, 3.3125863075256348, 3.369840621948242, 3.4223735332489014, 3.4677352905273438, inf, inf, inf, inf, inf, inf, inf, inf, inf, inf, inf, inf, inf, inf, inf, inf, inf, inf, inf, inf, inf, inf, inf, inf, inf, inf, inf, inf, inf, inf, inf, inf, inf, inf, inf, inf, inf, inf, inf, inf, inf, inf, inf, inf, inf, inf, inf, inf, inf, inf, inf, inf, inf, inf, inf, inf, inf, inf, inf, inf, inf, inf, inf, inf, inf, inf, inf, inf, inf, inf, inf, inf, inf, inf, inf, inf, inf, inf, inf, inf, inf, inf, inf, inf, inf, inf, inf, inf, inf, inf, inf, inf, inf, inf, inf, inf, inf, inf, inf, inf, inf, inf, inf, inf, inf, inf, inf, inf, inf, inf, inf, inf, inf, inf, inf, inf, inf, inf, inf, inf, inf, inf, inf, inf, inf, inf, inf, inf, inf, inf, inf, inf, inf, inf, inf, inf, inf, inf, inf, inf, inf, inf, inf, inf, inf, inf, inf, inf, inf, inf, inf, inf, inf, inf, inf, inf, inf, inf, inf, inf, inf, inf, inf, inf, inf, inf, inf, inf, inf, inf, inf, inf, inf, inf, inf, inf, inf, inf, inf, inf, inf, inf, inf, inf, inf, inf, inf, inf, inf, inf, inf, inf, inf, inf, inf, inf, inf, inf, inf, inf, inf, inf, inf, inf, inf, inf, inf, inf, inf, inf, inf, inf, inf, inf, inf, inf, inf, inf, inf, inf, inf, inf, inf, inf, inf, inf, inf, inf, inf, inf, inf, inf, inf, inf, inf, inf, inf, inf, inf, inf, inf, inf, inf, inf, inf, inf, inf, inf, inf, inf, inf, inf, inf, inf, inf, inf, inf, inf, inf, inf, inf, inf, inf, inf, inf, inf, inf, inf, inf, inf, inf, inf, inf, inf, inf, inf, inf, inf, inf, inf, inf, inf, inf, inf, inf, inf, inf, inf, inf, inf, inf, inf, inf, inf, inf, inf, inf, inf, inf, inf, 2.6181533336639404, 2.5992391109466553, 2.5904552936553955, 2.5884649753570557, 2.576352834701538, 2.579012155532837, 2.5587995052337646, 2.5619068145751953, 2.55718731880188, 2.517422914505005, 2.509053945541382, 2.53946590423584, 2.5372314453125, 2.5213444232940674, 2.531986713409424, 2.527021884918213, 2.536745548248291, 2.5170257091522217, 2.538973808288574, 2.535984754562378]),0.01749303564429283,3418805000000,
array('f', [2.4389421939849854, 2.4673988819122314, 2.443380355834961, 2.4794206619262695, 2.459690809249878, 2.4810683727264404, 2.4964215755462646, 2.483018159866333, 2.5063118934631348, 2.5269315242767334, 2.5112698078155518, 2.553656816482544, 2.577230930328369, 2.581352949142456, 2.6114234924316406, 2.6093592643737793, 2.6396424770355225, 2.6472625732421875, 2.6633009910583496, 2.673199415206909, 2.713823080062866, 2.7284998893737793, 2.760838270187378, 2.796929359436035, 2.809065341949463, 2.837245464324951, 2.8838114738464355, 2.9213736057281494, 2.94848895072937, 3.01177716255188, 3.0335114002227783, 3.0640316009521484, 3.0915534496307373, 3.1550490856170654, 3.1884100437164307, 3.23569655418396, 3.319366931915283, 3.3352391719818115, 3.4175384044647217, 3.479290246963501, inf, inf, inf, inf, inf, inf, inf, inf, inf, inf, inf, inf, inf, inf, inf, inf, inf, inf, inf, inf, inf, inf, inf, inf, inf, inf, inf, inf, inf, inf, inf, inf, inf, inf, inf, inf, inf, inf, inf, inf, inf, inf, inf, inf, inf, inf, inf, inf, inf, inf, inf, inf, inf, inf, inf, inf, inf, inf, inf, inf, inf, inf, inf, inf, inf, inf, inf, inf, inf, inf, inf, inf, inf, inf, inf, inf, inf, inf, inf, inf, inf, inf, inf, inf, inf, inf, inf, inf, inf, inf, inf, inf, inf, inf, inf, inf, inf, inf, inf, inf, inf, inf, inf, inf, inf, inf, inf, inf, inf, inf, inf, inf, inf, inf, inf, inf, inf, inf, inf, inf, inf, inf, inf, inf, inf, inf, inf, inf, inf, inf, inf, inf, inf, inf, inf, inf, inf, inf, inf, inf, inf, inf, inf, inf, inf, inf, inf, inf, inf, inf, inf, inf, inf, inf, inf, inf, inf, inf, inf, inf, inf, inf, inf, inf, inf, inf, inf, inf, inf, inf, inf, inf, inf, inf, inf, inf, inf, inf, inf, inf, inf, inf, inf, inf, inf, inf, inf, inf, inf, inf, inf, inf, inf, inf, inf, inf, inf, inf, inf, inf, inf, inf, inf, inf, inf, inf, inf, inf, inf, inf, inf, inf, inf, inf, inf, inf, inf, inf, inf, inf, inf, inf, inf, inf, inf, inf, inf, inf, inf, inf, inf, inf, inf, inf, inf, inf, inf, inf, inf, inf, inf, inf, inf, inf, inf, inf, inf, inf, inf, inf, inf, inf, inf, inf, inf, inf, inf, inf, inf, inf, inf, inf, inf, inf, inf, inf, inf, inf, inf, inf, inf, inf, inf, inf, inf, inf, inf, inf, inf, inf, inf, inf, inf, inf, inf, inf, inf, inf, inf, inf, inf, inf, inf, inf, inf, inf, inf, 2.5243027210235596, 2.491535186767578, 2.5114214420318604, 2.50481915473938, 2.485241174697876, 2.462461233139038, 2.4577698707580566, 2.448734998703003, 2.450962781906128, 2.470958709716797, 2.443031072616577, 2.440167188644409, 2.447641134262085, 2.4321932792663574, 2.409600019454956, 2.4257071018218994, 2.4203274250030518, 2.43283748626709, 2.4461867809295654, 2.447157382965088, 2.446399450302124, 2.4459235668182373, 2.429819107055664]),0.01749303564429283,3419005000000,
array('f', [2.365147352218628, 2.3733396530151367, 2.3649587631225586, 2.3815062046051025, 2.38432240486145, 2.416321277618408, 2.4184112548828125, 2.451637029647827, 2.442823886871338, 2.447787284851074, 2.4574544429779053, 2.4808921813964844, 2.5004632472991943, 2.5157270431518555, 2.528517007827759, 2.552814483642578, 2.5795204639434814, 2.591806650161743, 2.597695827484131, 2.633591651916504, 2.6648991107940674, 2.68147349357605, 2.7363858222961426, 2.7198562622070312, 2.7911059856414795, 2.8079447746276855, 2.847804307937622, 2.8649187088012695, 2.9108190536499023, 2.9670703411102295, 2.996204137802124, 3.046424388885498, 3.087029457092285, 3.132241725921631, 3.1767385005950928, 3.2221477031707764, 3.2952957153320312, 3.343470335006714, 3.403364896774292, 3.477055072784424, inf, inf, inf, inf, inf, inf, inf, inf, inf, inf, inf, inf, inf, inf, inf, inf, inf, inf, inf, inf, inf, inf, inf, inf, inf, inf, inf, inf, inf, inf, inf, inf, inf, inf, inf, inf, inf, inf, inf, inf, inf, inf, inf, inf, inf, inf, inf, inf, inf, inf, inf, inf, inf, inf, inf, inf, inf, inf, inf, inf, inf, inf, inf, inf, inf, inf, inf, inf, inf, inf, inf, inf, inf, inf, inf, inf, inf, inf, inf, inf, inf, inf, inf, inf, inf, inf, inf, inf, inf, inf, inf, inf, inf, inf, inf, inf, inf, inf, inf, inf, inf, inf, inf, inf, inf, inf, inf, inf, inf, inf, inf, inf, inf, inf, inf, inf, inf, inf, inf, inf, inf, inf, inf, inf, inf, inf, inf, inf, inf, inf, inf, inf, inf, inf, inf, inf, inf, inf, inf, inf, inf, inf, inf, inf, inf, inf, inf, inf, inf, inf, inf, inf, inf, inf, inf, inf, inf, inf, inf, inf, inf, inf, inf, inf, inf, inf, inf, inf, inf, inf, inf, inf, inf, inf, inf, inf, inf, inf, inf, inf, inf, inf, inf, inf, inf, inf, inf, inf, inf, inf, inf, inf, inf, inf, inf, inf, inf, inf, inf, inf, inf, inf, inf, inf, inf, inf, inf, inf, inf, inf, inf, inf, inf, inf, inf, inf, inf, inf, inf, inf, inf, inf, inf, inf, inf, inf, inf, inf, inf, inf, inf, inf, inf, inf, inf, inf, inf, inf, inf, inf, inf, inf, inf, inf, inf, inf, inf, inf, inf, inf, inf, inf, inf, inf, inf, inf, inf, inf, inf, inf, inf, inf, inf, inf, inf, inf, inf, inf, inf, inf, inf, inf, inf, inf, inf, inf, inf, inf, inf, inf, inf, inf, inf, inf, inf, inf, inf, inf, inf, inf, inf, inf, inf, 2.435795783996582, 2.433089256286621, 2.4237289428710938, 2.392090082168579, 2.3904640674591064, 2.3921425342559814, 2.374812602996826, 2.3707032203674316, 2.382582664489746, 2.3598344326019287, 2.3315258026123047, 2.347923755645752, 2.3394880294799805, 2.3335933685302734, 2.322451114654541, 2.346423864364624, 2.325366735458374, 2.336315393447876, 2.3305764198303223, 2.333702564239502, 2.3188302516937256, 2.3233394622802734, 2.351114511489868, 2.357395887374878, 2.34615159034729, 2.354562997817993, 2.3600704669952393]),0.01749303564429283,3419205000000,
