x, y, th, stamp, 
2.023896103531896,-2.697971963007898,1.73569178458908,3369422000000,
2.017726864499578,-2.664956270731834,1.7738220699435232,3369456000000,
2.0103040289123038,-2.632214672771311,1.812147291186436,3369490000000,
2.001631191813369,-2.5997912102315173,1.850597051799757,3369524000000,
1.991717509539483,-2.567727281321373,1.8890900848314516,3369558000000,
1.980571373497375,-2.5360697462577986,1.9276194410900056,3369592000000,
1.9682141744865307,-2.5048591082153107,1.9660939921795755,3369626000000,
1.955128627749721,-2.4751870657018444,2.0043837367898805,3369660000000,
1.941415538603365,-2.447056155560801,2.0424883612541054,3369694000000,
1.927181172466851,-2.4204646803105265,2.0803290696669636,3369728000000,
1.9125240628092244,-2.3953982993111427,2.117830083960038,3369762000000,
1.8975548058908842,-2.3718553936702023,2.1550630162781372,3369796000000,
1.8823781844752607,-2.3498467430598056,2.192392822099571,3369830000000,
1.8670855120952954,-2.329358350711948,2.23001972618615,3369864000000,
1.8517535512372199,-2.3103535787463714,2.2677485131507567,3369898000000,
1.8364514686039441,-2.2927803299519063,2.3050967517368894,3369932000000,
1.8212576486757674,-2.2765843982851064,2.341511418933787,3369966000000,
1.806250682553016,-2.2616884228811225,2.3768524114182408,3370000000000,
1.7915439293836664,-2.2480731512434886,2.411429205904433,3370034000000,
1.777226761376678,-2.235700678466314,2.4455498246722747,3370068000000,
1.7633795650677984,-2.224529731666839,2.4793945405461297,3370102000000,
1.75008759918218,-2.2145232615050405,2.513210033744306,3370136000000,
1.7374232308463526,-2.2056429376687663,2.547294883876365,3370170000000,
1.7254479367610174,-2.1978419956369604,2.5816411801347128,3370204000000,
1.7141904978910818,-2.1910447947144944,2.615774768604098,3370238000000,
1.7037020274846448,-2.1851836816341157,2.6496378235558375,3370272000000,
1.6940484924922208,-2.180205923312103,2.6833868388749567,3370306000000,
1.6852793179900742,-2.176050356223183,2.717227865321928,3370340000000,
1.67744926409978,-2.1726547339191935,2.751217838673268,3370374000000,
1.6705908351690522,-2.1699515910974867,2.785329314362082,3370408000000,
1.6647420144971772,-2.1678694161295287,2.8194951300560165,3370442000000,
1.6599245469884758,-2.1663350534203256,2.853673716894394,3370476000000,
1.656163165810835,-2.1652716446989007,2.8877641804060414,3370510000000,
1.6534852331054688,-2.16460553513576,2.9216904103867285,3370544000000,
1.6517800732335886,-2.164228536388075,2.954169324654318,3370578000000,
1.650909250902581,-2.1640412616540923,2.983051587705259,3370612000000,
1.6507629203181833,-2.164002154294623,3.006684596940451,3370646000000,
1.651265019071086,-2.1640517469270373,3.0241559073036637,3370680000000,
1.6513907319148944,-2.164050799605061,3.036600794537328,3370714000000,
1.6512729186690767,-2.164026101525185,3.046173426538861,3370748000000,
1.6509670698153407,-2.1639913758589358,3.0539301295144554,3370782000000,
1.6505932914454824,-2.163956110244149,3.0604332767045683,3370816000000,
1.6502144412755348,-2.163923471519015,3.067001822148846,3370850000000,
1.6498037235221201,-2.1638907682225237,3.0740349116657684,3370884000000,
1.6493936236828532,-2.163861318803311,3.0809014092316835,3370918000000,
1.6489501275559808,-2.163833092434467,3.087541026912005,3370952000000,
1.648507937574887,-2.163808014189266,3.0943234294220034,3370986000000,
1.6480669620257307,-2.1637861487866354,3.1011886500173125,3371020000000,
1.6475929484375758,-2.1637691693120793,3.107945032112857,3371054000000,
1.6471198895027523,-2.1637513289593344,3.114676967700385,3371088000000,
1.6466480473582332,-2.163737382761126,3.1214709192591825,3371122000000,
1.6461433740685876,-2.1637259489038825,3.1282611479739297,3371156000000,
1.645639770433913,-2.1637175014708254,3.135017606056558,3371190000000,
1.6451373357746129,-2.163712004329057,-3.1413991401069237,3371224000000,
1.6446021299435398,-2.1637096001608414,-3.134612884610998,3371258000000,
1.6440680879211855,-2.1637104762847383,-3.127835981990563,3371292000000,
1.643535237525655,-2.1637146465925503,-3.121064553780183,3371326000000,
1.64296966505693,-2.163722921180829,-3.1142843275342633,3371360000000,
1.6424053448379294,-2.1637347621941503,-3.1075011261113286,3371394000000,
1.6418422909054469,-2.1637501991941646,-3.1007213910500053,3371428000000,
1.641246598744102,-2.1637707423385173,-3.0939401909693585,3371462000000,
1.6406522418910745,-2.1637951427163937,-3.0871551643773976,3371496000000,
1.6400592438128092,-2.163823423524793,-3.0803695855388313,3371530000000,
1.6394337307662998,-2.163857792717073,-3.0735841165142084,3371564000000,
1.6388096449360814,-2.16389630471086,-3.0667968897176667,3371598000000,
1.638187019041891,-2.1639389742564052,-3.060007992321298,3371632000000,
1.6375320012239578,-2.1639882009710063,-3.0532183973301,3371666000000,
1.6368785480541508,-2.164042315366775,-3.0464278871475283,3371700000000,
1.6362266689748002,-2.1641008841883607,-3.039635980077917,3371734000000,
1.6355426129839599,-2.1641674638184583,-3.032842897902261,3371768000000,
1.634860216441036,-2.1642387235306835,-3.0260489229014165,3371802000000,
1.6341795175702785,-2.1643146709182677,-3.019253829993275,3371836000000,
1.6334668502951268,-2.164399574923369,-3.0124575043725104,3371870000000,
1.632755978536376,-2.164489412766472,-3.005660130277128,3371904000000,
1.6320469429448,-2.1645841895207596,-2.998861664472469,3371938000000,
1.631306173991916,-2.1646888584074775,-2.9920619674109017,3371972000000,
1.630567349028415,-2.164798706257971,-2.985261093553104,3372006000000,
1.629830511221087,-2.164913735529708,-2.978459008474331,3372040000000,
1.6290622174249856,-2.165039717416163,-2.971655591087547,3372074000000,
1.6282960126812105,-2.165170981231425,-2.9648508660261252,3372108000000,
1.6275319581035645,-2.1653076584873157,-2.958044754716423,3372142000000,
1.6267366425196492,-2.165455645307701,-2.951237125271887,3372176000000,
1.6259436738119857,-2.165609660790925,-2.9444279830544198,3372210000000,
1.6251197477084989,-2.1657761253575716,-2.937617153675161,3372244000000,
1.6242982369418644,-2.1659484567494736,-2.9308046000212773,3372278000000,
1.6234791920489493,-2.166126646805598,-2.9239900790370275,3372312000000,
1.62262951739517,-2.166318143084754,-2.9171733428851705,3372346000000,
1.6217827924673212,-2.1665154167932585,-2.9103457160347452,3372380000000,
1.6209120258794414,-2.1667128246419023,-2.9033719261359985,3372414000000,
1.6199946866402295,-2.166939360839155,-2.895956232313417,3372448000000,
1.619076834307487,-2.167173581867039,-2.8884768240317484,3372482000000,
1.6181679253306993,-2.167400952250842,-2.881248108115941,3372516000000,
1.617266437993819,-2.1676095301136886,-2.874234573759719,3372550000000,
1.616405526314103,-2.167837657387456,-2.867748621924161,3372584000000,
1.6155943259708987,-2.1680543524325575,-2.8619233352741484,3372618000000,
1.6148116060563438,-2.1682645895678863,-2.856840456550638,3372652000000,
1.6140933185977784,-2.1684555609064198,-2.852582607896292,3372686000000,
1.6134296281008143,-2.1686374419946124,-2.8492013131773017,3372720000000,
1.612772332287937,-2.1688108521425153,-2.846534253075643,3372754000000,
1.6121270078244407,-2.1689800759877262,-2.8442620064716326,3372788000000,
1.6114674496313626,-2.1691527662690846,-2.8419670348164012,3372822000000,
1.6107328254520525,-2.1693554464228693,-2.839211558983811,3372856000000,
1.6099168612121788,-2.1695708310086035,-2.8355384821608056,3372890000000,
1.6089030468771628,-2.169173372862005,-2.8305655410917177,3372924000000,
1.607809746154582,-2.1673757067914723,-2.8246878506318884,3372958000000,
1.6068592912523063,-2.1655218464836854,-2.8182801913721414,3372992000000,
1.6058952039119672,-2.163665379725404,-2.8115647428901585,3373026000000,
1.6048577972337683,-2.1618356752078562,-2.804636779278644,3373060000000,
1.6037993388102232,-2.160015284391933,-2.7975603686942643,3373094000000,
1.6027397622705315,-2.1582337272570347,-2.790388549975608,3373128000000,
1.6016660657060775,-2.1564622366470694,-2.7831599664691047,3373162000000,
1.6006034109967933,-2.1553241166123853,-2.7757653754198564,3373196000000,
1.5995404495861412,-2.1539341760508885,-2.7681998283910136,3373230000000,
1.598453864167817,-2.1523051396795765,-2.760619044367519,3373264000000,
1.5973619824246068,-2.1504505433310652,-2.753034169400827,3373298000000,
1.5962607374722573,-2.1486275184079893,-2.7453951952023985,3373332000000,
1.5951215017481333,-2.1475402286382455,-2.7379631565848332,3373366000000,
1.5939858067875101,-2.146403757044147,-2.7309193112004433,3373400000000,
1.5928476107795237,-2.145175887656658,-2.7240140186200303,3373434000000,
1.5916929859894637,-2.143888877732168,-2.7171071279890926,3373468000000,
1.59055190381321,-2.142727589256372,-2.71013409816148,3373502000000,
1.589395794124193,-2.1416715517040448,-2.7027928636704486,3373536000000,
1.588237682798558,-2.1403349575875006,-2.6952759013515215,3373570000000,
1.5870696968948321,-2.1390151141489615,-2.687752390998473,3373604000000,
1.5858707975485433,-2.1376819258472657,-2.6803198489769553,3373638000000,
1.5846724951785645,-2.1363280702446796,-2.6729840230831816,3373672000000,
1.583456792375459,-2.1351494121153363,-2.6657011768015795,3373706000000,
1.5822245314275127,-2.134679801053545,-2.658662042323748,3373740000000,
1.5809998774617573,-2.1350778246655917,-2.652093956220636,3373774000000,
1.5797813073343787,-2.135716823529483,-2.645400035630791,3373808000000,
1.5785387328025078,-2.1363835635345985,-2.638432501392915,3373842000000,
1.5772971012650843,-2.1370722988828446,-2.6315772516790505,3373876000000,
1.5760576823969144,-2.137779771680141,-2.6248305145839055,3373910000000,
1.5747950454674946,-2.1385090594425886,-2.6180205361112336,3373944000000,
1.5735367048869302,-2.1392487996648435,-2.6111876820357227,3373978000000,
1.5722812886548518,-2.139961818925644,-2.6044173688466707,3374012000000,
1.5710051161311618,-2.140712459279674,-2.59810546513745,3374046000000,
1.5697283717636,-2.141503046653754,-2.5915250071078435,3374080000000,
1.5684569478377968,-2.1423035905913035,-2.584424141343908,3374114000000,
1.5671601493630818,-2.143130577553127,-2.5775953409286503,3374148000000,
1.565866284369512,-2.143966050933883,-2.5709759127850202,3374182000000,
1.5645784710152566,-2.1448119917232535,-2.564144727984133,3374216000000,
1.563268519676519,-2.1456823431557313,-2.5572653349235877,3374250000000,
1.5619613945289879,-2.1465645673790266,-2.550525654282471,3374284000000,
1.560658274282452,-2.1474553123862896,-2.5437563669818735,3374318000000,
1.559333913672431,-2.1483740117404513,-2.53691307871086,3374352000000,
1.5580140964487457,-2.1493027191374487,-2.5301161257726092,3374386000000,
1.556698875739721,-2.150241620024759,-2.523342841534009,3374420000000,
1.5553618927773638,-2.151201877228895,-2.5165368680255793,3374454000000,
1.5540308352574497,-2.1521671885132903,-2.5097255551305673,3374488000000,
1.5527059038373836,-2.1531413306953384,-2.5029258698962322,3374522000000,
1.5513599953267625,-2.154144600651477,-2.496125535560209,3374556000000,
1.5500204588909265,-2.1551570365391863,-2.4893213735489432,3374590000000,
1.5486875825279758,-2.1561786535125456,-2.4825381226013725,3374624000000,
1.5473355551306829,-2.157228756264785,-2.4757651472532696,3374658000000,
1.5459915336593593,-2.1582869942361964,-2.4689447658433017,3374692000000,
1.544655551607248,-2.159353434318355,-2.462127050937995,3374726000000,
1.5433012682428637,-2.1604494793884745,-2.455334768677569,3374760000000,
1.5419552776450047,-2.161553776049822,-2.448534351145037,3374794000000,
1.5406176697163168,-2.1626662903400584,-2.4417218956463542,3374828000000,
1.5392625769468817,-2.163808977528663,-2.434917498714093,3374862000000,
1.5379161175308615,-2.164959990381281,-2.4281184989466285,3374896000000,
1.5365783709561018,-2.1661192626087056,-2.421314521061601,3374930000000,
1.5352239430131178,-2.1673092465345283,-2.4145099373939805,3374964000000,
1.5338785017362881,-2.1685075842148027,-2.407709683853564,3374998000000,
1.5325169619194723,-2.169737044097363,-2.4009101763891625,3375032000000,
1.5311646962716023,-2.170974911668354,-2.3941097578774895,3375066000000,
1.52982176902071,-2.172221133584853,-2.387310953773302,3375100000000,
1.528463559865357,-2.1734989926025654,-2.3805141341625005,3375134000000,
1.5271149708178975,-2.1747852573389883,-2.3737178977687785,3375168000000,
1.5257760668752531,-2.17607986602496,-2.3669224054911298,3375202000000,
1.524422708454818,-2.1774065976270944,-2.3601284120253205,3375236000000,
1.5230793179316633,-2.1787417175671497,-2.353335663847215,3375270000000,
1.5217459589781464,-2.1800851586989975,-2.3465437345737503,3375304000000,
1.5203989826922943,-2.1814611839731373,-2.339752814514258,3375338000000,
1.5190623230971123,-2.1828455649191696,-2.3329630549075504,3375372000000,
1.51773604258531,-2.1842382310965562,-2.3261741755567753,3375406000000,
1.5163969923518998,-2.1856639197043495,-2.3193860424234445,3375440000000,
1.5150686085769978,-2.187097917665619,-2.312598752043317,3375474000000,
1.513750952915325,-2.1885401517420795,-2.305812168295377,3375508000000,
1.5124213863602438,-2.1900158238550294,-2.299026105488202,3375542000000,
1.5111028376405,-2.191499746501011,-2.2922405517344897,3375576000000,
1.5097953680612746,-2.1929918436358253,-2.285455391424252,3375610000000,
1.5084768581498018,-2.194517771826359,-2.278670464109324,3375644000000,
1.5071697198180047,-2.196051879809282,-2.271885714277897,3375678000000,
1.5058740142385165,-2.197594088773781,-2.2651010015837456,3375712000000,
1.504568150947882,-2.1991704994099552,-2.2583161794156323,3375746000000,
1.5032740158590554,-2.2007550074875426,-2.2515311903544992,3375780000000,
1.5019916700750346,-2.202347531501819,-2.2447458769011,3375814000000,
1.5007000612274437,-2.203974605431904,-2.2379600913965594,3375848000000,
1.499420540140054,-2.2056096828926224,-2.2311737848609363,3375882000000,
1.4981531678143485,-2.207252679683566,-2.2243867978268157,3375916000000,
1.496877438762439,-2.2089305519843445,-2.217598980413399,3375950000000,
1.4956141598281953,-2.2106163221277066,-2.2108102930261153,3375984000000,
1.4943633919626786,-2.2123099032068474,-2.2040205830393234,3376018000000,
1.4931052342787685,-2.2140382581364233,-2.1972227633906605,3376052000000,
1.4918593386006493,-2.2157757891906957,-2.1903879174012912,3376086000000,
1.4906248325810676,-2.2175225530773157,-2.1835953039427767,3376120000000,
1.489382599819761,-2.219306131500774,-2.1768189735707333,3376154000000,
1.4881522299076948,-2.2210989363896867,-2.1700069661631742,3376188000000,
1.4869343022630965,-2.222900676531204,-2.163193768407508,3376222000000,
1.4857099381025365,-2.224734583758424,-2.1564108152372423,3376256000000,
1.4844979380692487,-2.2265728994864786,-2.1495963017005537,3376290000000,
1.4832984181831643,-2.2284245742183777,-2.1427777967608663,3376324000000,
1.4820935581581913,-2.2303194631568046,-2.1359884627448897,3376358000000,
1.4809004975361315,-2.232229951579333,-2.1291988753324196,3376392000000,
1.4797194750112255,-2.2341556186969607,-2.1224070809972098,3376426000000,
1.47853310837258,-2.2361112951803963,-2.1156859864507283,3376460000000,
1.4773594354808894,-2.238068587775367,-2.108893450881095,3376494000000,
1.4761872892334715,-2.240066308821262,-2.1020194593159314,3376528000000,
1.4750273023349496,-2.2421002597578505,-2.0948435328485395,3376562000000,
1.4738796218407766,-2.2441470709832405,-2.087671162578828,3376596000000,
1.4727210499841454,-2.2462247411166776,-2.080733314407305,3376630000000,
1.4715778684053256,-2.248296439442763,-2.073880373124169,3376664000000,
1.4704485447800228,-2.250362147907946,-2.0670438754678875,3376698000000,
1.4693193707585583,-2.2524603432166135,-2.0602817032345304,3376732000000,
1.4682020679036833,-2.2545786494833333,-2.0535750291857213,3376766000000,
1.4670984404994272,-2.256708935494031,-2.0467796033143064,3376800000000,
1.4659931984491823,-2.2588738072352768,-2.0399894271171024,3376834000000,
1.4649015245040793,-2.2610444868661697,-2.033211217484315,3376868000000,
1.4638246574741294,-2.2632241654354868,-2.026394283896682,3376902000000,
1.4627485899535553,-2.265443668496841,-2.0195916815594184,3376936000000,
1.4616941652554245,-2.2676580687091348,-2.0127436084455423,3376970000000,
1.460656808698802,-2.269879202038897,-2.0055894017512492,3377004000000,
1.459621001892025,-2.2721322768612113,-1.9985406722231478,3377038000000,
1.4585975250642709,-2.2744015598474494,-1.9915840600116388,3377072000000,
1.4575917674097,-2.2766848889188656,-1.9846258963474668,3377106000000,
1.4565855760952842,-2.2790143570788803,-1.9777292094102334,3377140000000,
1.455593790221324,-2.2813542403947995,-1.9709922903074093,3377174000000,
1.4546167850120864,-2.2837015885184284,-1.9642174392569045,3377208000000,
1.4536434818770527,-2.286086479695985,-1.9573624318378515,3377242000000,
1.4526852943014503,-2.288479824677846,-1.9505536552858185,3377276000000,
1.4517426448706217,-2.290880952885986,-1.943776595811156,3377310000000,
1.4508044790548797,-2.293319093114335,-1.9369704988210072,3377344000000,
1.4498820210182237,-2.2957646916387695,-1.930159672177108,3377378000000,
1.4489751783152935,-2.298217570175619,-1.9233631953127235,3377412000000,
1.4480734132088524,-2.3007078021537466,-1.916561805209791,3377446000000,
1.4471879408067658,-2.303205640553876,-1.90975678259784,3377480000000,
1.4463187934009443,-2.305710412899925,-1.9029602534873529,3377514000000,
1.4454556427690664,-2.3082521151144757,-1.8961644362963257,3377548000000,
1.4446089194270455,-2.31080103011086,-1.8893626446237763,3377582000000,
1.4437787997434608,-2.3133567744905976,-1.8825617092946931,3377616000000,
1.442955734180359,-2.315949551601756,-1.8757644695125721,3377650000000,
1.442149579067893,-2.31854917746793,-1.8689673301644227,3377684000000,
1.4413604102293256,-2.3211551951669374,-1.86216955783776,3377718000000,
1.4405791828449388,-2.323798094756177,-1.8553714194073332,3377752000000,
1.4398151464597955,-2.3264476164940033,-1.8485727330058808,3377786000000,
1.4390684818532165,-2.3291032933534526,-1.841774498880581,3377820000000,
1.4383310076305484,-2.3317962857005408,-1.8349769405130463,3377854000000,
1.4376110683784884,-2.334495026239298,-1.828185816939327,3377888000000,
1.4369088735472046,-2.337198613286782,-1.821389309550095,3377922000000,
1.43621632583658,-2.3399400697853943,-1.8145846384205306,3377956000000,
1.435541975846358,-2.342686491075549,-1.8077844499632418,3377990000000,
1.4348858548919274,-2.345437707566085,-1.8009870594332968,3378024000000,
1.4342403696561594,-2.3482266473884974,-1.7941857325421247,3378058000000,
1.4336134743257356,-2.351020220029819,-1.7873838059063254,3378092000000,
1.432998170270127,-2.3538502603846077,-1.780590518820449,3378126000000,
1.4324020335400969,-2.3566831487113036,-1.7737906534071481,3378160000000,
1.4318251356129983,-2.359518776990681,-1.766984454151258,3378194000000,
1.4312610081354946,-2.3623903822493415,-1.760182849765441,3378228000000,
1.4307164161334769,-2.365264538939883,-1.753383108982857,3378262000000,
1.4301914022779223,-2.3681411067221276,-1.7465798780330308,3378296000000,
1.429680182092882,-2.3710534301307122,-1.7397761754222558,3378330000000,
1.4291888449403192,-2.3739679604838755,-1.7329744348816025,3378364000000,
1.4287174217489267,-2.376884558782437,-1.7261724579406212,3378398000000,
1.4282608024966168,-2.379836670126276,-1.7193695727741605,3378432000000,
1.427824393511214,-2.382790624586331,-1.7125673684775435,3378466000000,
1.4274082219897415,-2.3857462841597994,-1.7057659201629065,3378500000000,
1.4270078558229207,-2.388737187942205,-1.6989644371169135,3378534000000,
1.426628011306701,-2.3917295576621815,-1.692163238323887,3378568000000,
1.4262687125379672,-2.3947232529203455,-1.685362756978061,3378602000000,
1.4259262101839982,-2.3977518946738243,-1.6785627905161746,3378636000000,
1.425604528268745,-2.40078161212282,-1.6717632720344435,3378670000000,
1.4253036870811888,-2.40381226134724,-1.664964362314478,3378704000000,
1.425020623007695,-2.406877530731854,-1.6581661023603633,3378738000000,
1.4247586672256078,-2.4099434720507316,-1.6513684719466066,3378772000000,
1.4245178361404232,-2.4130099381819017,-1.6445714364027966,3378806000000,
1.4242957533746499,-2.4161106705437745,-1.6377750129250672,3378840000000,
1.4240950565398958,-2.4192116577718474,-1.630979246441286,3378874000000,
1.4239157584639792,-2.4223127499766197,-1.624184048087864,3378908000000,
1.4237561710868634,-2.4254477275596997,-1.617389363200615,3378942000000,
1.4236182376074635,-2.42858253009455,-1.6105952332287592,3378976000000,
1.4235019675252696,-2.4317170051391988,-1.6038015592146222,3379010000000,
1.423406361795326,-2.434884958154022,-1.5970082421758174,3379044000000,
1.4233326681350336,-2.438052293835601,-1.5902152894094446,3379078000000,
1.4232808923289335,-2.4412188573303584,-1.5834225854865778,3379112000000,
1.4232507242134798,-2.444418465220109,-1.576630006683839,3379146000000,
1.423242203345834,-2.4476165402238355,-1.569835113628546,3379180000000,
1.4232561440773621,-2.450814652670005,-1.5629733692373255,3379214000000,
1.4232929738084954,-2.4540474564733326,-1.5561695418394619,3379248000000,
1.4233520038914724,-2.457280627510249,-1.5494231317966347,3379282000000,
1.423433211689463,-2.4605137697701434,-1.5426280181986245,3379316000000,
1.4235378152194027,-2.4637806973790775,-1.5358109045699468,3379350000000,
1.4236649517753897,-2.4670474726274705,-1.5290238418265374,3379384000000,
1.4238145457684908,-2.4703138615752924,-1.5222397006724784,3379418000000,
1.4239873043222762,-2.4736125323596787,-1.5154363792483236,3379452000000,
1.424179595442455,-2.476907913206432,-1.5085930370352099,3379486000000,
1.4244009041778214,-2.480209150012745,-1.5017553992572534,3379520000000,
1.4246501748446305,-2.4835442334862328,-1.4950384388186386,3379554000000,
1.4249186017179456,-2.486876108218719,-1.4883326682727824,3379588000000,
1.425206095366727,-2.4902042141417557,-1.481482891463744,3379622000000,
1.4255196788692046,-2.4935642879864197,-1.4745912434580029,3379656000000,
1.4258592861238797,-2.4969268506564486,-1.4677950275569198,3379690000000,
1.4262272949348802,-2.5003219445633764,-1.4610531757671303,3379724000000,
1.426617618960096,-2.503714774735204,-1.454278029231021,3379758000000,
1.4270290506360277,-2.5071043154255817,-1.447459113906545,3379792000000,
1.427467308890732,-2.5105240755017704,-1.4406291865903778,3379826000000,
1.427930484011357,-2.513944010669909,-1.4338192830990704,3379860000000,
1.42841825119123,-2.517362856478252,-1.427036811322621,3379894000000,
1.428933746472404,-2.520810517484226,-1.420256296165801,3379928000000,
1.4294718591157682,-2.5242554250536893,-1.413452914036923,3379962000000,
1.4300332114518326,-2.527698067747838,-1.4066357397345286,3379996000000,
1.4306240234052572,-2.531170321206967,-1.3998283607777218,3380030000000,
1.4312392650388697,-2.5346404705049608,-1.3930362096940918,3380064000000,
1.431878180926255,-2.5381073498687683,-1.3862462207304038,3380098000000,
1.4325462782040284,-2.541602068861294,-1.3794466465395558,3380132000000,
1.4332380933151156,-2.545093917540406,-1.3726397611342456,3380166000000,
1.4339539916602884,-2.54858265576173,-1.365835722659968,3380200000000,
1.4347006403358527,-2.5520990639247954,-1.3590386738167075,3380234000000,
1.435471406715492,-2.5556117728508183,-1.3522441834829446,3380268000000,
1.436265939439422,-2.5591203012602715,-1.3454464985021632,3380302000000,
1.4370915170977807,-2.5626557422192664,-1.3386444934876907,3380336000000,
1.437941386114282,-2.5661872667095076,-1.3318425123088533,3380370000000,
1.4388155009541526,-2.5697142617911175,-1.325044334422356,3380404000000,
1.4397215793275144,-2.573267297531752,-1.3182479863852283,3380438000000,
1.4406518940574493,-2.576815604893663,-1.3114500924434846,3380472000000,
1.4416063256066376,-2.5803588029674125,-1.3046503957150555,3380506000000,
1.4425934323657308,-2.58392747530481,-1.2978501976268164,3380540000000,
1.443605037287534,-2.5874909310538943,-1.2910511055829756,3380574000000,
1.4446409587118296,-2.591048615449821,-1.2842534926147082,3380608000000,
1.4457102168538825,-2.594630904249139,-1.277455309929863,3380642000000,
1.446804798965968,-2.5982077745017245,-1.2706596890129171,3380676000000,
1.4479226629631117,-2.6017771669611345,-1.2638690434428215,3380710000000,
1.4490749840380222,-2.6053716240197895,-1.2570653429414425,3380744000000,
1.4502516247830455,-2.6089586550164334,-1.2502604234835402,3380778000000,
1.451452507168006,-2.612538076813194,-1.2434627566764926,3380812000000,
1.4526885782800711,-2.6161418088308515,-1.2366635593248652,3380846000000,
1.4539490065378844,-2.619737546206122,-1.2298603196962006,3380880000000,
1.4552337288976447,-2.623325092958471,-1.2230583590083184,3380914000000,
1.4565543515434782,-2.6269361505449433,-1.216257568221976,3380948000000,
1.4578993513854845,-2.630538271051547,-1.2094610223877535,3380982000000,
1.4592680154754427,-2.6341301548611966,-1.2026673613097956,3381016000000,
1.4606727430193305,-2.637743242336568,-1.1958617667023994,3381050000000,
1.4621014050248857,-2.64134564284317,-1.189056838808212,3381084000000,
1.4635539325174307,-2.644937201647948,-1.18225825926604,3381118000000,
1.4650432269091467,-2.6485491343080025,-1.1754576293708496,3381152000000,
1.4665564830219324,-2.652149783154295,-1.168654066061442,3381186000000,
1.4681070447741784,-2.6557701976814676,-1.161852587727993,3381220000000,
1.4696816559981993,-2.659378905796315,-1.155052592624645,3381254000000,
1.4712802483857141,-2.662975729464707,-1.1482515072296602,3381288000000,
1.4729167945506942,-2.6665914337899985,-1.1414504325421657,3381322000000,
1.4745774056718912,-2.6701948224114704,-1.1346506790955697,3381356000000,
1.4762620074183472,-2.6737857216882315,-1.1278513460024038,3381390000000,
1.4779851912844364,-2.677394603186451,-1.1210519975436408,3381424000000,
1.479732435451353,-2.6809905568552526,-1.1142533517862405,3381458000000,
1.4815036627085438,-2.6845734101538334,-1.1074554747679473,3381492000000,
1.4833140800880813,-2.6881733301023725,-1.1006579746123746,3381526000000,
1.4851485360987116,-2.6917597068431762,-1.0938609685085803,3381560000000,
1.487006949263328,-2.695332367548913,-1.0870646053599324,3381594000000,
1.488905136860909,-2.6989211618285784,-1.0802687658093626,3381628000000,
1.4908273233068665,-2.702495793755992,-1.0734734054742625,3381662000000,
1.4927734208753736,-2.7060560904985786,-1.0666785189199217,3381696000000,
1.4947598496095897,-2.709631571612826,-1.059884073850038,3381730000000,
1.4967702159963925,-2.7131922681056397,-1.0530900483273016,3381764000000,
1.4988044252514896,-2.716738007781136,-1.0462963413410362,3381798000000,
1.5008791571421738,-2.720297906615974,-1.0395019754046608,3381832000000,
1.5029782419477944,-2.723843085607796,-1.032652692416172,3381866000000,
1.5051022044227746,-2.7273741670433664,-1.0258317837007087,3381900000000,
1.507268520574566,-2.730920256598936,-1.0190674606869083,3381934000000,
1.509459321267373,-2.7344519176006234,-1.012283336606965,3381968000000,
1.51167452421108,-2.7379690676969544,-1.0054749190019219,3382002000000,
1.5139323600210361,-2.741499689306595,-0.9986801147360527,3382036000000,
1.5162146248178912,-2.7450158550909345,-0.99189322650545,3382070000000,
1.5185211858166958,-2.748516351462347,-0.9850935454973203,3382104000000,
1.5208708000684044,-2.7520293273444465,-0.9782953470312208,3382138000000,
1.5232447190957443,-2.755527196178897,-0.971502464595063,3382172000000,
1.5256421934111408,-2.759009011860008,-0.9647043466262963,3382206000000,
1.5280799805461838,-2.7625022446277976,-0.9578885288055101,3382240000000,
1.5305446226062815,-2.7659796981723987,-0.9510449688497412,3382274000000,
1.5330389161389573,-2.7694413019670776,-0.9442570198175715,3382308000000,
1.5355767099271933,-2.772913215582291,-0.9375466337889954,3382342000000,
1.5381342963248392,-2.7763692911908957,-0.9307821142734347,3382376000000,
1.540713601073024,-2.779808736025872,-0.923909002173269,3382410000000,
1.5433383448571991,-2.78325710186442,-0.9170555275819723,3382444000000,
1.5459906102788146,-2.7866890281628014,-0.9102876593835011,3382478000000,
1.5486674622842076,-2.7901037012424528,-0.9035352192850526,3382512000000,
1.5513861021834023,-2.793525983650385,-0.8967395904354452,3382546000000,
1.5541274573893507,-2.7969312793601553,-0.8899136470002286,3382580000000,
1.5568933948425063,-2.8003191976003565,-0.8830926374459512,3382614000000,
1.5597049872290956,-2.8037137737811713,-0.8762959863479428,3382648000000,
1.5625409962813173,-2.8070902128035238,-0.8695156713818218,3382682000000,
1.565421040709902,-2.8104732985625622,-0.8627258639122319,3382716000000,
1.568324397072159,-2.8138384175562234,-0.8559155047321674,3382750000000,
1.5712511936939053,-2.8171845370715065,-0.8491015253257124,3382784000000,
1.5742229860914183,-2.8205351884563408,-0.8423012763593655,3382818000000,
1.577218841836757,-2.823866800193929,-0.8355111313201764,3382852000000,
1.5802379393881487,-2.827179279901116,-0.8287170694268403,3382886000000,
1.5833015187314121,-2.8304958182988877,-0.8219131213973004,3382920000000,
1.58638841018918,-2.833792667159643,-0.8151060924660598,3382954000000,
1.5894985526594978,-2.8370693180702466,-0.8083047713773659,3382988000000,
1.5926550782598807,-2.840348653577495,-0.8015131737263441,3383022000000,
1.595833259866275,-2.843607730791974,-0.7947272356223818,3383056000000,
1.5990336389794224,-2.8468455560142663,-0.7879195771511909,3383090000000,
1.602280162966089,-2.8500859274970423,-0.7811111723642011,3383124000000,
1.605548847308887,-2.853304633166903,-0.7743150316972718,3383158000000,
1.6088394734381084,-2.8565014964680375,-0.7675163221053406,3383192000000,
1.6121764001667434,-2.85969982657395,-0.7607114416748723,3383226000000,
1.6155351800942328,-2.862875865826014,-0.7539094092926168,3383260000000,
1.6189156164295027,-2.866029453409445,-0.7471098713676038,3383294000000,
1.6223425195473962,-2.8691834132656844,-0.7403078332291946,3383328000000,
1.6257909540102775,-2.8723144782401464,-0.7335047569888733,3383362000000,
1.6292607324428323,-2.875422482085164,-0.7267029492787805,3383396000000,
1.6327768856733882,-2.8785293474256397,-0.7199098057999449,3383430000000,
1.6363129304416153,-2.881611757478317,-0.7131176990298368,3383464000000,
1.6398687859172794,-2.884669395517437,-0.7063110545569665,3383498000000,
1.6434702683259879,-2.8877240636754644,-0.6995067815915397,3383532000000,
1.647091445109091,-2.8907535085557727,-0.6927102584044736,3383566000000,
1.6507321315017405,-2.8937575775164843,-0.6859106471211794,3383600000000,
1.6544185402352065,-2.896757533217405,-0.6791077700451684,3383634000000,
1.6581243095425249,-2.8997316280472822,-0.6723078575745642,3383668000000,
1.6618492623779337,-2.9026797227227115,-0.6655094538898418,3383702000000,
1.6656200201549811,-2.905622552567897,-0.6587095222198351,3383736000000,
1.6694097755603723,-2.9085389026998967,-0.6519097791213284,3383770000000,
1.6732183552098845,-2.9114286325108427,-0.6451115313892913,3383804000000,
1.6770727942407784,-2.9143119370795825,-0.6383135498189296,3383838000000,
1.6809458493470786,-2.917168155373801,-0.6315155142096148,3383872000000,
1.6848373424550327,-2.9199971482441773,-0.6247181996498461,3383906000000,
1.6887747143688299,-2.9228185569308986,-0.617921608173811,3383940000000,
1.6927303015053377,-2.9256122836022227,-0.6111253581442221,3383974000000,
1.6967039189330608,-2.9283781928437564,-0.6043295050740316,3384008000000,
1.7007234007978242,-2.9311353614564895,-0.5975342201209793,3384042000000,
1.7047606771850374,-2.9338642606613634,-0.5907394327157596,3384076000000,
1.7088155573670942,-2.936564758942889,-0.5839449687904211,3384110000000,
1.7129159646610057,-2.9392559889477763,-0.5771101544555379,3384144000000,
1.7170356538783813,-2.9419187029193674,-0.5702562759425325,3384178000000,
1.7211742925348161,-2.9445534569671508,-0.5634932140949661,3384212000000,
1.7253599059299003,-2.9471783687546083,-0.5567286437238472,3384246000000,
1.7295637305504494,-2.949774897642329,-0.5499128098822954,3384280000000,
1.7338146896619133,-2.952360494027957,-0.5431086170701649,3384314000000,
1.7380837167652268,-2.9549173299530964,-0.5363280062096801,3384348000000,
1.7423705099398932,-2.957445247969143,-0.5295338311088615,3384382000000,
1.7467042564246174,-2.959961105224212,-0.5227288979905959,3384416000000,
1.751055590771512,-2.9624475774661274,-0.515933093609703,3384450000000,
1.7554242448556618,-2.9649045596840713,-0.509140094903073,3384484000000,
1.759839690103506,-2.9673483600409534,-0.5023406207774797,3384518000000,
1.764272196428575,-2.9697622291453887,-0.4955406173445616,3384552000000,
1.768721518870425,-2.972146055324478,-0.4887437839316767,3384586000000,
1.7732174518640895,-2.974515567222719,-0.4819459440314177,3384620000000,
1.7777299119649377,-2.9768546315805837,-0.47514626012845773,3384654000000,
1.78225793144154,-2.979163911185945,-0.4683462780785806,3384688000000,
1.786831904699028,-2.98145846423613,-0.46153182948435756,3384722000000,
1.7914221003344106,-2.9837212655552054,-0.45469235843788397,3384756000000,
1.7960310716441912,-2.985950562847542,-0.4478977535056669,3384790000000,
1.800687047534243,-2.988163687794341,-0.441172852655403,3384824000000,
1.8053576875922686,-2.990348243078551,-0.4344016019722782,3384858000000,
1.8100418383375618,-2.9925022762417695,-0.42754594472932284,3384892000000,
1.8147707427587259,-2.9946370360466736,-0.420704265802329,3384926000000,
1.819517394423531,-2.9967391440866815,-0.4139252030103451,3384960000000,
1.824280490322645,-2.9988094782541053,-0.40716038549300737,3384994000000,
1.829087231074356,-3.0008613755508584,-0.4003663418205408,3385028000000,
1.8339086253400778,-3.0028811665515605,-0.3935517794062538,3385062000000,
1.8387439481553127,-3.0048684106440873,-0.38675070764379793,3385096000000,
1.8436245320290356,-3.006835705927427,-0.3799562602276078,3385130000000,
1.8485187785988,-3.00877004714121,-0.37315286219871807,3385164000000,
1.853426443263021,-3.010671310396197,-0.3663482744547888,3385198000000,
1.8583790241661706,-3.0125514805595888,-0.35954895820322325,3385232000000,
1.8633446728932963,-3.014398234631394,-0.35274908716194214,3385266000000,
1.8683231192517393,-3.0162114662430786,-0.3459465022227528,3385300000000,
1.8733461011574515,-3.0180024935117076,-0.3391447947883659,3385334000000,
1.8783815385728504,-3.019759643220273,-0.3323442965155671,3385368000000,
1.8834291551497413,-3.021482825771901,-0.3255429077575574,3385402000000,
1.8885209066437896,-3.02318270589861,-0.31874083528717095,3385436000000,
1.8936244847927912,-3.02484825824813,-0.3119392174483093,3385470000000,
1.8987396133164232,-3.0264793980681746,-0.3051376117570807,3385504000000,
1.9038984554203322,-3.028086135005042,-0.2983353803828056,3385538000000,
1.9090684830095328,-3.0296580980422605,-0.2915329674448885,3385572000000,
1.9142494179104215,-3.031195202455626,-0.28473057626021825,3385606000000,
1.9194731346415357,-3.0327064839714,-0.27794011168670973,3385640000000,
1.9247057284790232,-3.0341822759396404,-0.2711490419342874,3385674000000,
1.9299470006132642,-3.035622264730536,-0.2643409011009108,3385708000000,
1.9352295848438428,-3.0370351005968286,-0.2575369717621479,3385742000000,
1.9405204827493494,-3.0384117662796766,-0.25074206242691566,3385776000000,
1.9458194230188657,-3.0397521940339,-0.24394303214085092,3385810000000,
1.9511591630464158,-3.041064375908295,-0.23714055128664327,3385844000000,
1.956506539321723,-3.0423399260406905,-0.2303419102181133,3385878000000,
1.9618943940487326,-3.0435864392727074,-0.2235448799341991,3385912000000,
1.967289431821833,-3.044795975486907,-0.21674600925291038,3385946000000,
1.9726914064423746,-3.0459684649819354,-0.20994741094284733,3385980000000,
1.9781333177989113,-3.047110821665054,-0.2031505051847069,3386014000000,
1.983581714772687,-3.048215795181226,-0.1963538020465737,3386048000000,
1.9890363414731829,-3.049283324894374,-0.18955684726815705,3386082000000,
1.9945303293928152,-3.050319643165947,-0.18276058484809357,3386116000000,
2.0000300869111616,-3.0513181809137335,-0.17596506492510666,3386150000000,
2.00553535341426,-3.0522788845170674,-0.16916969366654772,3386184000000,
2.011079076418393,-3.053207983193069,-0.16235215268766062,3386218000000,
2.016629602006685,-3.054098347142451,-0.15548318410122333,3386252000000,
2.022186872886231,-3.0549506094987735,-0.14870137663040361,3386286000000,
2.0277839347747104,-3.055770174587773,-0.14194885543403027,3386320000000,
2.0333868804018405,-3.05655171407976,-0.13513917219480634,3386354000000,
2.0389955354634974,-3.057294978585917,-0.12832572826463967,3386388000000,
2.04464336459184,-3.058004277176698,-0.12154305348209388,3386422000000,
2.0502964290381307,-3.058675191037605,-0.11475374021254241,3386456000000,
2.0559544166186794,-3.0593075949279913,-0.1079482275039618,3386490000000,
2.061650857880752,-3.059904980667904,-0.10114942323123241,3386524000000,
2.0673517963250485,-3.06046360360202,-0.0943571308781033,3386558000000,
2.0730569030737294,-3.060983433280447,-0.08755891924970227,3386592000000,
2.0787997339168505,-3.061467271450197,-0.08075793176369182,3386626000000,
2.0845462745222783,-3.06191202313453,-0.07396034470893101,3386660000000,
2.0902962099031788,-3.062317680395581,-0.0671629649864113,3386694000000,
2.0960831322208278,-3.062686380076504,-0.06036315855585227,3386728000000,
2.1018729634087574,-3.063015707155072,-0.05356344589429576,3386762000000,
2.107665394312345,-3.0633056518087827,-0.04676469677890021,3386796000000,
2.1134940536747426,-3.0635576770996567,-0.03996528315787623,3386830000000,
2.1193248161695126,-3.063770070281653,-0.033165253574850624,3386864000000,
2.125157371189994,-3.0639428271337277,-0.02636552739407519,3386898000000,
2.1310253669366452,-3.064076732982771,-0.019565804374214246,3386932000000,
2.1368946522428964,-3.0641707738840633,-0.012765764890590676,3386966000000,
2.1427649148581125,-3.064224951486373,-0.005965681589302354,3387000000000,
2.1486698156281467,-3.0642393589945245,0.0008344056167762996,3387034000000,
2.154575185900461,-3.064213683333486,0.007634569498501939,3387068000000,
2.1604807105617114,-3.064147930780443,0.014434824345792295,3387102000000,
2.166420043771661,-3.064041501843518,0.021235223368417974,3387136000000,
2.172359017189592,-3.0638947735928665,0.028035688978669072,3387170000000,
2.1782973145088627,-3.0637077526328667,0.034836245540040826,3387204000000,
2.1842685690524637,-3.063479147795757,0.04163703615549778,3387238000000,
2.1902386265054097,-3.0632100286650443,0.048437958211189514,3387272000000,
2.196207169461867,-3.062900405735905,0.05523898271897395,3387306000000,
2.2022077966404674,-3.062548301865693,0.06204026128521353,3387340000000,
2.208206381894508,-3.0621554855965765,0.06884169293149983,3387374000000,
2.2142026070123344,-3.061721978952796,0.07564321720391859,3387408000000,
2.220230022144087,-3.061245126765453,0.08244497221144703,3387442000000,
2.226254543404346,-3.0607274002551783,0.08924686221896469,3387476000000,
2.2323096375885365,-3.0601656961105754,0.09604887646187804,3387510000000,
2.2383612566923556,-3.0595629519872105,0.10285101947164996,3387544000000,
2.2444090807343495,-3.0589192082661367,0.1096533000176132,3387578000000,
2.250486480290251,-3.0582306184732846,0.11645317756954805,3387612000000,
2.2565585661335437,-3.057500944981254,0.12323879511747562,3387646000000,
2.2626243501185397,-3.056730500962071,0.13003488660364385,3387680000000,
2.268717209201005,-3.0559145701530963,0.13684353171971653,3387714000000,
2.2748032051928955,-3.0550574426062505,0.14364328806076468,3387748000000,
2.280882055707644,-3.0541591993043027,0.15043769257873443,3387782000000,
2.2869870259363934,-3.053214656660974,0.1572378700181917,3387816000000,
2.293084234793916,-3.0522287821690504,0.16403896753000183,3387850000000,
2.2991734066586518,-3.051201615894055,0.17083597982414603,3387884000000,
2.3052877092024864,-3.0501273202465313,0.17763285492820963,3387918000000,
2.3113933598072434,-3.0490115834161085,0.18443132263732342,3387952000000,
2.3174900744915004,-3.0478544460665358,0.19122871739922698,3387986000000,
2.3236108993668916,-3.046649396673167,0.19802469665764538,3388020000000,
2.3297221756563053,-3.045402831867905,0.20482076571540297,3388054000000,
2.3358235405195624,-3.0441151639595216,0.2116177694529593,3388088000000,
2.341948520219278,-3.042778555252304,0.21845502434906408,3388122000000,
2.3480645680084544,-3.0413997795937435,0.22529503301893922,3388156000000,
2.3541717214668845,-3.0399789703414513,0.23207177846615956,3388190000000,
2.3603026014982675,-3.0385087212622275,0.2388457425429846,3388224000000,
2.366423792691157,-3.036996689237158,0.2456543196907909,3388258000000,
2.3725350175049025,-3.0354428178846997,0.2524575271093271,3388292000000,
2.37866887915594,-3.033838667079952,0.2592445654331172,3388326000000,
2.3847921874568807,-3.0321926905181784,0.26603972845229057,3388360000000,
2.390904604888974,-3.0305049036879423,0.272842808235518,3388394000000,
2.3970385406270127,-3.0287661132754087,0.279640505891987,3388428000000,
2.403161007083618,-3.026985449256392,0.28643600722888285,3388462000000,
2.409271670905563,-3.0251630010046084,0.2932356963321802,3388496000000,
2.4154027433372467,-3.023288918251734,0.30003622147667064,3388530000000,
2.4215214121746507,-3.0213729838527064,0.3068347093413152,3388564000000,
2.427627367398463,-3.019415316096972,0.3136335749165546,3388598000000,
2.4337525891990714,-3.0174054313579433,0.32043376053803957,3388632000000,
2.4398644863530548,-3.0153537739819707,0.32723360917521305,3388666000000,
2.445962747091367,-3.013260469505014,0.33403288548717885,3388700000000,
2.452079113810665,-3.011114387871031,0.34083266507437826,3388734000000,
2.458181236396915,-3.0089266320566312,0.3476327582835476,3388768000000,
2.464268798847881,-3.0066973212686645,0.35443268303243,3388802000000,
2.4703733050662087,-3.0044146765899025,0.3612328109873119,3388836000000,
2.4764626393995406,-3.0020904553868166,0.36803329934935175,3388870000000,
2.482568103576161,-2.9997124626556775,0.37483400936538214,3388904000000,
2.4886577460932,-2.997292891882515,0.38163488136899915,3388938000000,
2.4947312490489164,-2.9948318693644684,0.38843601819488127,3388972000000,
2.500819694552307,-2.9923165506171556,0.3952374880439684,3389006000000,
2.5068913861115973,-2.9897597809700986,0.4020390982535066,3389040000000,
2.512946006951332,-2.9871616980138196,0.4088408026446032,3389074000000,
2.5190143685514648,-2.9845088314788013,0.4156427240222263,3389108000000,
2.5250650424725403,-2.9818146751824037,0.42244470356899305,3389142000000,
2.53109771381915,-2.9790793761221304,0.42924666251138593,3389176000000,
2.5371429124235414,-2.9762888390478177,0.4360487680946177,3389210000000,
2.543169477853263,-2.9734571165454504,0.4428498781655736,3389244000000,
2.5491764669616948,-2.970584789560509,0.4496378629621852,3389278000000,
2.5551935092876064,-2.9676574134755036,0.45642817205643144,3389312000000,
2.5611894499530066,-2.9646899035122387,0.46323384542078994,3389346000000,
2.567163997265949,-2.9616822395683147,0.47003681425746247,3389380000000,
2.573147138240697,-2.9586191017439822,0.4768312861439523,3389414000000,
2.579108245300308,-2.955515926522026,0.4836288260290653,3389448000000,
2.585047019690045,-2.9523728215282743,0.49042974571983017,3389482000000,
2.5909931043223042,-2.949173816108528,0.4972274401610167,3389516000000,
2.5969162079292665,-2.945934963861973,0.5040233234389213,3389550000000,
2.6028160417571704,-2.942656411553318,0.5108207128213617,3389584000000,
2.608721902951855,-2.939321589548989,0.517617909878617,3389618000000,
2.6146039991197596,-2.935947579241109,0.5244236070046082,3389652000000,
2.62046248966648,-2.9325333125657402,0.5312647223918229,3389686000000,
2.626327013513287,-2.929061314974162,0.5380883514869014,3389720000000,
2.6321682772786867,-2.9255490586815105,0.5448596158347392,3389754000000,
2.6379859941698505,-2.9219970264189516,0.5516439132822518,3389788000000,
2.6438086146430253,-2.91838735050779,0.558455280647579,3389822000000,
2.649606963314903,-2.914737769364482,0.5652542231137464,3389856000000,
2.655380793841674,-2.9110485593182394,0.572042633240305,3389890000000,
2.661158272427177,-2.90730144057077,0.5788415765038735,3389924000000,
2.6669105379560714,-2.9035147784103055,0.5856445611307584,3389958000000,
2.672637317302073,-2.899688774985432,0.5924415322747913,3389992000000,
2.678366440108495,-2.895804596560572,0.5992384997439899,3390026000000,
2.6840694375578478,-2.8918812453394,0.606039272077522,3390060000000,
2.689746013902249,-2.887918916597428,0.6128395086391006,3390094000000,
2.6954236081662555,-2.8838981938978576,0.6196382077613208,3390128000000,
2.7010741643514633,-2.879838674998372,0.6264378826955779,3390162000000,
2.7066973807492536,-2.8757405628541735,0.6332384634597884,3390196000000,
2.7123202858040996,-2.8715838735634325,0.6400386840466322,3390230000000,
2.717915227390201,-2.8673887658201282,0.6468388473656194,3390264000000,
2.7234819133169776,-2.8631554593836683,0.6536395917530418,3390298000000,
2.7290469545498133,-2.858863424592768,0.6604406658476754,3390332000000,
2.7345831144765125,-2.8545333790997547,0.6672416861854227,3390366000000,
2.7400901065973033,-2.8501655531725434,0.6740428600711705,3390400000000,
2.7455941181049424,-2.845738884590984,0.6808443986932058,3390434000000,
2.75106834064515,-2.8412746453645723,0.6876460271256178,3390468000000,
2.756512492683879,-2.836773074038097,0.6944476706181666,3390502000000,
2.761952326079119,-2.8322125807575036,0.7012495469327921,3390536000000,
2.767361471179201,-2.827614979902375,0.7080515373652134,3390570000000,
2.772765067085055,-2.822958401544037,0.7148451653189098,3390604000000,
2.778136554226518,-2.8182658401932126,0.7216321662666729,3390638000000,
2.7834752268035867,-2.8135378127989643,0.7284294727421119,3390672000000,
2.7888059937066365,-2.80875172333418,0.7352352070026125,3390706000000,
2.794103195870913,-2.8039302828702457,0.7420331990270549,3390740000000,
2.799366605759123,-2.7990737491448874,0.748827835806209,3390774000000,
2.804620757280379,-2.794159130261055,0.7556270309438153,3390808000000,
2.8098404282896654,-2.7892096601600427,0.7624262101256732,3390842000000,
2.815025383581344,-2.7842255708441135,0.7692220756004181,3390876000000,
2.8201999582313757,-2.7791837213787596,0.7760275599935664,3390910000000,
2.8253393671139055,-2.7741064390937282,0.7828589277599004,3390944000000,
2.8304442747630447,-2.768994434443167,0.7896825441545785,3390978000000,
2.8355382831679794,-2.763822810641354,0.7964688827708604,3391012000000,
2.8405974574058663,-2.7586163520834237,0.8032508646823265,3391046000000,
2.845621436507664,-2.7533753030975276,0.8100557897663296,3391080000000,
2.850633263515545,-2.7480751477937027,0.8168586760348036,3391114000000,
2.855609309359212,-2.7427406282376454,0.8236505872681262,3391148000000,
2.860549312186077,-2.7373720571309117,0.8304473299592282,3391182000000,
2.8654758056724354,-2.731944522060426,0.8372498571111974,3391216000000,
2.870365611205411,-2.7264831981239177,0.8440491353550945,3391250000000,
2.8752184901041336,-2.7209883881067736,0.8508468102509112,3391284000000,
2.8800564982345644,-2.715434765595561,0.8576473966603912,3391318000000,
2.884856966338612,-2.7098479820261874,0.8644486897372043,3391352000000,
2.8896196533904743,-2.704228329041622,0.871248633217608,3391386000000,
2.894366106656698,-2.6985500403820373,0.8780489094952638,3391420000000,
2.8990741915977036,-2.6928392386115836,0.8848500539940265,3391454000000,
2.9037436689667486,-2.6870962215425753,0.8916509611773643,3391488000000,
2.9083955554000913,-2.6812947852982276,0.8984516926699112,3391522000000,
2.9130082572485314,-2.6754615008296407,0.9052527975301484,3391556000000,
2.9175815378586956,-2.6695966710245407,0.9120541780056984,3391590000000,
2.922135867801151,-2.6636736654663205,0.9188557100651471,3391624000000,
2.9266500677380747,-2.6577195969784984,0.9256519707605513,3391658000000,
2.9311235360830863,-2.6517352300524473,0.9324418211409027,3391692000000,
2.9355759743811722,-2.64569406875725,0.939236289453964,3391726000000,
2.9399865977820694,-2.6396237895091756,0.9460359008526911,3391760000000,
2.944355114028751,-2.633524633983412,0.9528359901471909,3391794000000,
2.948700913175407,-2.6273691241067194,0.9596332845588481,3391828000000,
2.953004019900735,-2.6211851667469444,0.9664301438868134,3391862000000,
2.9572644620040904,-2.6149732077348706,0.973234176609503,3391896000000,
2.9615007956091453,-2.608704446276705,0.9800513511673579,3391930000000,
2.9656943635198676,-2.6024073840881106,0.9868655176671143,3391964000000,
2.969844938983502,-2.5960814485593784,0.9936760938641095,3391998000000,
2.973971006857411,-2.5896983771121156,1.000470203368865,3392032000000,
2.9780539177871006,-2.583286969749324,1.0072599008656555,3392066000000,
2.982093410724589,-2.57684756489275,1.0140610437958713,3392100000000,
2.9861070886263814,-2.5703515435644233,1.0208629343498505,3392134000000,
2.9900767796494554,-2.5638279217478606,1.027659277561921,3392168000000,
2.994019724344505,-2.5572479505833856,1.0344573891052034,3392202000000,
2.99791809903282,-2.5506408825970253,1.0412587525422727,3392236000000,
3.001771701371607,-2.5440070510359165,1.0480589311811173,3392270000000,
3.0055972043061674,-2.5373173092375882,1.0548582175612347,3392304000000,
3.009377406576845,-2.5306012802622404,1.0616588389216166,3392338000000,
3.013112112110906,-2.5238593079675264,1.0684600530583084,3392372000000,
3.01681739316413,-2.5170619095058364,1.0752608879384062,3392406000000,
3.0204766612908176,-2.5102390529370213,1.082061915263965,3392440000000,
3.024089638709705,-2.5033911387372645,1.0888600857389732,3392474000000,
3.027671650001157,-2.496488744108747,1.09565267906035,3392508000000,
3.031206528037265,-2.4895626224900664,1.1024479098466258,3392542000000,
3.034693951602101,-2.482613386773595,1.1092468880290671,3392576000000,
3.0381486969762554,-2.4756110572246337,1.1160442677795483,3392610000000,
3.041555202511283,-2.4685862311715403,1.1228420870180855,3392644000000,
3.044913464492252,-2.4615393077734007,1.129645467972156,3392678000000,
3.0482377535548992,-2.4544396217777558,1.1364515785258478,3392712000000,
3.0515135729937484,-2.4473179919922305,1.143259267542231,3392746000000,
3.054740338619935,-2.44017394009591,1.150067730961957,3392780000000,
3.057932562133967,-2.4329771670984575,1.1568743521837015,3392814000000,
3.0610757299608844,-2.4257582131328665,1.163674877180216,3392848000000,
3.0641699392737265,-2.418517587227301,1.1704695077984169,3392882000000,
3.067228180024628,-2.4112243655163446,1.1772677136850915,3392916000000,
3.0702369557817297,-2.403910040874552,1.1840693222491399,3392950000000,
3.073196111183823,-2.3965749822767988,1.190868967439127,3392984000000,
3.0761180004279054,-2.389187981797859,1.1976679481976984,3393018000000,
3.078989802069131,-2.381780814759537,1.204468625022622,3393052000000,
3.081811366064588,-2.374353858392059,1.2112695808441574,3393086000000,
3.084594368320833,-2.3668756266403315,1.2180698213857566,3393120000000,
3.087326659508897,-2.359378389422655,1.224864886738838,3393154000000,
3.0900078974343526,-2.3518627437125277,1.231659259386397,3393188000000,
3.092649305445325,-2.3442974734643536,1.2384575215543558,3393222000000,
3.0952388481012822,-2.3367147241087918,1.2452570418651954,3393256000000,
3.097776624305056,-2.3291152259422407,1.252054508098707,3393290000000,
3.100272997814522,-2.321467047585329,1.258854218181007,3393324000000,
3.1027172627008937,-2.3138027960699468,1.2656576542146811,3393358000000,
3.1051088769792923,-2.306122398394337,1.2724616508618745,3393392000000,
3.1074581941818984,-2.2983939032322604,1.2792674171517993,3393426000000,
3.1097544164922986,-2.290649391940543,1.2860734308638073,3393460000000,
3.1119982249234,-2.2828895070935102,1.292878253920259,3393494000000,
3.1141982820335343,-2.275081394342356,1.2996810036151496,3393528000000,
3.1163453401322316,-2.2672579889403504,1.3064797665156913,3393562000000,
3.1184393208420023,-2.259419696919399,1.3132760442612275,3393596000000,
3.1204886604265942,-2.2515340573173748,1.3200757569248422,3393630000000,
3.1224844895325883,-2.2436341696614064,1.3268767416134912,3393664000000,
3.124426698568398,-2.235720469041314,1.333674890547078,3393698000000,
3.126322994745589,-2.2277604637774626,1.340470470787269,3393732000000,
3.12816516855016,-2.2197876807219155,1.3472683431037313,3393766000000,
3.129960595964116,-2.2117696023429807,1.3540688087845285,3393800000000,
3.1317012365037167,-2.203739657959122,1.3608673695535223,3393834000000,
3.133387331432503,-2.1956985215021945,1.3676663767389172,3393868000000,
3.135025264369546,-2.1876132348175013,1.3744665607733981,3393902000000,
3.13660800357084,-2.179517341603616,1.3812687764556884,3393936000000,
3.1381358515088595,-2.17141139855372,1.3880704264029855,3393970000000,
3.139614206182551,-2.163261907865498,1.3948736288063124,3394004000000,
3.141037241100778,-2.155102755894542,1.4016760738638057,3394038000000,
3.142404775124992,-2.1469340570143034,1.4084797596196383,3394072000000,
3.1437220092348803,-2.138722517285534,1.415281972912703,3394106000000,
3.1449833782406027,-2.1305018818514614,1.4220824948176103,3394140000000,
3.146188898286595,-2.122272509069511,1.4288832693430893,3394174000000,
3.1473430997488006,-2.1140011173847526,1.4356831611722107,3394208000000,
3.148441184922734,-2.105721746701956,1.442482132284126,3394242000000,
3.149482810706765,-2.097434767089971,1.4492809134805484,3394276000000,
3.150472309443212,-2.089107124267208,1.456079250416168,3394310000000,
3.1514051644089625,-2.0807728761599353,1.4628783060967028,3394344000000,
3.1522812127654256,-2.0724325153458354,1.4696775975395036,3394378000000,
3.153103840624931,-2.064052761074838,1.4764765932045816,3394412000000,
3.1538697166214797,-2.0556679451346165,1.4832759376624358,3394446000000,
3.1545782474985553,-2.047278272393889,1.4900763623421995,3394480000000,
3.1552325147301614,-2.0388504327823362,1.496877618996109,3394514000000,
3.1558294782608383,-2.030418587184032,1.503678702704852,3394548000000,
3.156368906273771,-2.0219829452072857,1.5104818030605487,3394582000000,
3.1568529072254545,-2.0135100465564086,1.5172838605428474,3394616000000,
3.1572792948128643,-2.005033985186347,1.5240863323420257,3394650000000,
3.157647897431759,-1.9965550730405202,1.5308880524474675,3394684000000,
3.1579600507723296,-1.9880397380800863,1.5376899826680022,3394718000000,
3.158214284659035,-1.9795222076209658,1.5444902008767953,3394752000000,
3.1584106160684007,-1.9710029070814075,1.5512894930679688,3394786000000,
3.1585496038435497,-1.9624483197402427,1.5580893469211923,3394820000000,
3.158630463316822,-1.9538928010023282,1.5648880619731125,3394854000000,
3.1586530244199618,-1.9453368100625799,1.5716871564490826,3394888000000,
3.158617486696152,-1.9367469036105733,1.5784866908231208,3394922000000,
3.158523573997665,-1.9281575051756894,1.5852850992563665,3394956000000,
3.1583710585346734,-1.9195689789271013,1.592085577899363,3394990000000,
3.1581596399255876,-1.9109480199779383,1.5988857499569555,3395024000000,
3.1578892807746373,-1.90232874390082,1.6056872309372516,3395058000000,
3.157560503151781,-1.8937117474189897,1.6124880632427645,3395092000000,
3.1571713121003637,-1.8850633247586557,1.6192902666825044,3395126000000,
3.15672368988458,-1.8764178956304483,1.6260916238210568,3395160000000,
3.1562169438440493,-1.867775667092442,1.6328930902506413,3395194000000,
3.1556493863232387,-1.8591032437357795,1.6396944606571024,3395228000000,
3.1550228307417236,-1.8504347430626609,1.6464956176106709,3395262000000,
3.1543346227879274,-1.841736751335152,1.653295887298414,3395296000000,
3.1535872805694662,-1.8330434544591006,1.6600968105664715,3395330000000,
3.1527807380532353,-1.8243552772994645,1.6668972246893654,3395364000000,
3.1519118681478804,-1.8156388669157166,1.673696243424986,3395398000000,
3.150983748069903,-1.8069284218021906,1.6804961183561373,3395432000000,
3.149996181459128,-1.7982244028556313,1.6872969095399173,3395466000000,
3.1489457542808115,-1.7894936147347078,1.694096586685275,3395500000000,
3.147835656823781,-1.7807701193510608,1.700896638876324,3395534000000,
3.146666516068131,-1.7720545200409024,1.70769629124443,3395568000000,
3.145433224473,-1.7633134846390877,1.7144976453294114,3395602000000,
3.144140770749988,-1.7545811749256135,1.7212979561657102,3395636000000,
3.1427886720348575,-1.7458579261386384,1.7280980442846035,3395670000000,
3.1413722441544767,-1.7371106497012359,1.7348988056833725,3395704000000,
3.139895943812017,-1.7283732585359035,1.7417002572470028,3395738000000,
3.1383605997254778,-1.7196461385281883,1.7485014497916007,3395772000000,
3.136759598259768,-1.7108962209803313,1.7553034255554494,3395806000000,
3.1350992200778514,-1.702157374021546,1.7621043417773732,3395840000000,
3.1333794336913283,-1.6934299002808917,1.7689053186772317,3395874000000,
3.131593418229233,-1.6846809752858507,1.77570619517699,3395908000000,
3.1297478125890157,-1.6759443052465604,1.7825068345992219,3395942000000,
3.1278431180246864,-1.667220283385455,1.7893067656919595,3395976000000,
3.1258715941343436,-1.6584762098910708,1.7961069555092586,3396010000000,
3.1238403401406996,-1.6497456705268645,1.8029068730510687,3396044000000,
3.12175017951576,-1.6410291243356268,1.8097063817178016,3396078000000,
3.1195924316090897,-1.6322940373856931,1.8165072297636249,3396112000000,
3.117375396013999,-1.6235738619853566,1.8233066563383598,3396146000000,
3.115099229941229,-1.614868972332263,1.8301076730496284,3396180000000,
3.1127547972870584,-1.6061471002466066,1.8369087717560475,3396214000000,
3.1103514932307093,-1.5974413353621852,1.8437095536554868,3396248000000,
3.1078886647290975,-1.588752192614737,1.8505102815515697,3396282000000,
3.1053577216459978,-1.580047456207944,1.8573115269938114,3396316000000,
3.10276730746699,-1.5713600938194978,1.864113064726381,3396350000000,
3.1001181626352765,-1.5626905269572045,1.870913774247189,3396384000000,
3.0973996424282406,-1.5540067777265858,1.8777141989896458,3396418000000,
3.094622428818171,-1.5453416306521743,1.8845150430860802,3396452000000,
3.0917859440635294,-1.5366955074234345,1.8913161645418164,3396486000000,
3.0888802917949967,-1.528036666545779,1.8981163466124498,3396520000000,
3.0859155163186553,-1.5193976940839082,1.9049173351174713,3396554000000,
3.0828921889213587,-1.5107790147632711,1.9117169851631048,3396588000000,
3.0797988756748,-1.5021491545436263,1.9185171141254715,3396622000000,
3.076646813420853,-1.4935405020548995,1.9253184977194238,3396656000000,
3.073436466343697,-1.4849534618934,1.9321184984437314,3396690000000,
3.070155670917936,-1.4763567670399047,1.9389189469922405,3396724000000,
3.066816357077347,-1.4677825756178613,1.9457195591039775,3396758000000,
3.063418825520812,-1.4592313060824573,1.9525205411342461,3396792000000,
3.0599504368115835,-1.450671891348648,1.959321193448184,3396826000000,
3.0564240810408108,-1.4421362586573692,1.9661221702155032,3396860000000,
3.052826579208402,-1.43359350913975,1.972922848534799,3396894000000,
3.0491709968223693,-1.4250754319667611,1.979723939636785,3396928000000,
3.0454572562157765,-1.416582435898973,1.986525132945069,3396962000000,
3.0416723951608735,-1.4080838254643664,1.9933257936962014,3396996000000,
3.0378298554457346,-1.399611135467714,2.0001268167304955,3397030000000,
3.0339294663902514,-1.3911647393036428,2.0069272565402927,3397064000000,
3.029957615836045,-1.3827142745621508,2.01372755994371,3397098000000,
3.0259280221214753,-1.3742909699308192,2.020528161183718,3397132000000,
3.021841555920015,-1.3658951962546415,2.0273288633160815,3397166000000,
3.017682744036406,-1.3574969933200873,2.034129169070181,3397200000000,
3.0134670796511296,-1.3491272033012374,2.040930263325941,3397234000000,
3.0091943842574858,-1.3407863038517183,2.047730673812742,3397268000000,
3.0048495472684884,-1.3324445423718558,2.054531604649153,3397302000000,
3.000447872766145,-1.3241325403761914,2.061332556865998,3397336000000,
2.99598982894938,-1.3158506874595854,2.0681334226974992,3397370000000,
2.9914594691099965,-1.3075695364518116,2.0749338188134776,3397404000000,
2.9868729495267705,-1.2993193587880372,2.081734087297145,3397438000000,
2.982230119429875,-1.2911006481314757,2.088534397169714,3397472000000,
2.977514981617131,-1.2828842008261168,2.0953353549944596,3397506000000,
2.972743765836351,-1.274700032159142,2.102136933052625,3397540000000,
2.96791714355294,-1.2665484533704714,2.108938469808181,3397574000000,
2.9630176156719967,-1.2584007882537052,2.1157387636987512,3397608000000,
2.9580627975961247,-1.2502865690436953,2.1225403026863177,3397642000000,
2.9530527363907955,-1.2422062498839808,2.129341360892695,3397676000000,
2.947969891285145,-1.2341314007952273,2.1361420679392324,3397710000000,
2.942832072219787,-1.2260912912617472,2.14294210037415,3397744000000,
2.937639761854805,-1.218086276799688,2.1497427733147374,3397778000000,
2.932374595301637,-1.2100883386105616,2.1565429355448953,3397812000000,
2.927054867123444,-1.2021264469075952,2.1633428493111864,3397846000000,
2.9216814813245655,-1.194200812050507,2.1701428885329053,3397880000000,
2.916234974502663,-1.1862839946746278,2.17694456307682,3397914000000,
2.910734487284987,-1.178404478827714,2.1837463202350538,3397948000000,
2.905180748567988,-1.1705624888500947,2.1905468902425573,3397982000000,
2.8995540915323503,-1.1627308740465787,2.1973485769267724,3398016000000,
2.893873937602657,-1.1549377945173136,2.204150224740411,3398050000000,
2.8881413085893506,-1.1471833569836174,2.2109510801702,3398084000000,
2.8823354091162456,-1.1394410182204495,2.2177507613529337,3398118000000,
2.876477032520354,-1.1317382759087966,2.224551501109942,3398152000000,
2.8705665281442996,-1.1240754729454334,2.231351813834037,3398186000000,
2.8645828847133044,-1.1164263774020675,2.23815250557809,3398220000000,
2.8585476443676887,-1.1088179911674807,2.244953531671135,3398254000000,
2.8524604255155537,-1.101250974806427,2.251753644343818,3398288000000,
2.8463008099902547,-1.0936990684936492,2.2585554890816977,3398322000000,
2.840089662775508,-1.0861893285897715,2.265356400358764,3398356000000,
2.8338275647391913,-1.0787220205068506,2.2721577903112364,3398390000000,
2.827492983313564,-1.071271549476628,2.278957708593987,3398424000000,
2.821107917028945,-1.0638643024789105,2.28575967701324,3398458000000,
2.814672499843613,-1.0565006967166133,2.2925598583043283,3398492000000,
2.808164782084818,-1.049155546551491,2.2993602380354137,3398526000000,
2.8016070600749305,-1.0418548673336703,2.3061613109840593,3398560000000,
2.794976924326645,-1.0345738630640313,2.3129626090707864,3398594000000,
2.788297662849109,-1.0273379432579244,2.319762873623088,3398628000000,
2.7815690541179285,-1.020147733407779,2.3265639496619426,3398662000000,
2.774768490157086,-1.0129787279107223,2.3333657968974064,3398696000000,
2.7679191561579914,-1.0058561927296212,2.340165553603909,3398730000000,
2.7610217550880614,-0.9987802933787792,2.346966627536557,3398764000000,
2.754052313098465,-0.9917274359107635,2.3537679596252565,3398798000000,
2.7470350095285756,-0.9847221319343242,2.360568683907252,3398832000000,
2.7399705535056533,-0.9777645107193648,2.3673692518713034,3398866000000,
2.732834340522301,-0.9708315961544333,2.374169945675911,3398900000000,
2.725651081091146,-0.9639473655978632,2.3809708791564406,3398934000000,
2.718421247856998,-0.9571120970917183,2.387772133565974,3398968000000,
2.7111203636452164,-0.9503029410629659,2.394572936701273,3399002000000,
2.7037730105763074,-0.9435437636803105,2.4013740904513683,3399036000000,
2.696380214912842,-0.9368344851456387,2.408174476146682,3399070000000,
2.6889163753639984,-0.9301531771897977,2.4149764776395344,3399104000000,
2.6814074991026864,-0.9235225751704509,2.4217773952460577,3399138000000,
2.673853371999587,-0.916943381735039,2.4285774859396363,3399172000000,
2.6662292267559735,-0.9103933843608186,2.4353779561895013,3399206000000,
2.6585605906300636,-0.9038954298589383,2.4421796636250717,3399240000000,
2.6508477335818434,-0.8974499242338848,2.4489806381336066,3399274000000,
2.6430653150935406,-0.8910352142804265,2.455781379336499,3399308000000,
2.6352391144278475,-0.8846737699227576,2.4625828043597595,3399342000000,
2.627370084800908,-0.8783655155357738,2.4693829501923688,3399376000000,
2.619431668814045,-0.8720898863732137,2.4761844383750615,3399410000000,
2.61145052396291,-0.8658685043858011,2.482985216812654,3399444000000,
2.6034274763547196,-0.8597013637176948,2.4897854669403685,3399478000000,
2.5953353804839385,-0.8535686032826386,2.4965869690349733,3399512000000,
2.5872019320370194,-0.8474908452869948,2.503388029940668,3399546000000,
2.579027349596503,-0.8414685166584828,2.5101891652376174,3399580000000,
2.57078424200289,-0.8354822184492896,2.516990466777052,3399614000000,
2.5625009254678868,-0.8295518308611716,2.5237914085346134,3399648000000,
2.554177352995302,-0.8236779788178621,2.5305929968753014,3399682000000,
2.5457860316821552,-0.8178415778213278,2.5373936838520743,3399716000000,
2.537355303333763,-0.8120622191788847,2.5441940331456463,3399750000000,
2.528885225489123,-0.8063405384780458,2.550994069710648,3399784000000,
2.520348492777108,-0.8006574908222521,2.5577951214111536,3399818000000,
2.5117729964976574,-0.7950328671026954,2.5645966567805702,3399852000000,
2.503159686873877,-0.7894664780801994,2.571397517307027,3399886000000,
2.4944799026123152,-0.7839407423876683,2.5781996343753413,3399920000000,
2.4857627514743914,-0.7784741189173606,2.585000732618414,3399954000000,
2.477008735712571,-0.7730667712206759,2.591802470339029,3399988000000,
2.4681889490424873,-0.7677016159245226,2.598603250286512,3400022000000,
2.459332953532351,-0.7623964212322613,2.605403041715347,3400056000000,
2.450411655347977,-0.7571344925483925,2.6122041537440848,3400090000000,
2.4414549953930407,-0.7519330931087153,2.6190050094059636,3400124000000,
2.4324630856428597,-0.7467927743912889,2.6258054471689056,3400158000000,
2.4234066211113503,-0.7416973026258603,2.6326065352051278,3400192000000,
2.4143160148856864,-0.7366631998214429,2.6394084196524843,3400226000000,
2.4051910258952893,-0.7316913957475119,2.64621040903695,3400260000000,
2.396002817436008,-0.7267654047534652,2.6530106425049365,3400294000000,
2.3867811958905683,-0.7219021074719703,2.659812165564946,3400328000000,
2.3775265044524794,-0.7171018683603797,2.666613692862962,3400362000000,
2.368209393977752,-0.712348944982633,2.6734136806293622,3400396000000,
2.3588601041905846,-0.7076594950370438,2.680214548200277,3400430000000,
2.349478887148497,-0.7030340156953531,2.6870152798896276,3400464000000,
2.3400361939144982,-0.6984572393399491,2.693815892986285,3400498000000,
2.330562324063162,-0.6939450338297832,2.7006181277868637,3400532000000,
2.3210581682642526,-0.6894971304641485,2.7074192952112415,3400566000000,
2.3114929875811336,-0.6850999935366936,2.714220281650919,3400600000000,
2.3018980906921116,-0.6807680227934302,2.7210217800625407,3400634000000,
2.292274036514204,-0.6765012832460522,2.727823813866324,3400668000000,
2.2825898583686977,-0.6722868311850823,2.734624118082205,3400702000000,
2.272877473687594,-0.6681379526765215,2.741424464476322,3400736000000,
2.2631368584199985,-0.664055502274532,2.748225481234874,3400770000000,
2.253337520103245,-0.660026154347162,2.7550267339698524,3400804000000,
2.2435107203683535,-0.6560638420041649,2.7618273937498077,3400838000000,
2.2336574145110073,-0.6521681397040782,2.768627776781555,3400872000000,
2.2237460313356037,-0.6483275202276216,2.7754303741694053,3400906000000,
2.2138087690223722,-0.6445543719469601,2.7822319543415746,3400940000000,
2.2038461510396608,-0.6408487555197955,2.789032974614877,3400974000000,
2.1938264545779607,-0.6371996859647234,2.7958344187419177,3401008000000,
2.1837823520967823,-0.6336184925311759,2.8026353724342665,3401042000000,
2.1737140487366595,-0.6301057592569296,2.8094360000155887,3401076000000,
2.163589784013654,-0.6266508525523053,2.8162368699621787,3401110000000,
2.1534424924656297,-0.6232644343499845,2.823037792330778,3401144000000,
2.143272122005247,-0.6199475095686106,2.829839202756381,3401178000000,
2.1330473173007447,-0.6166891353920835,2.8366395091720205,3401212000000,
2.122800484277547,-0.6135005151687917,2.8434414117891285,3401246000000,
2.112532040363659,-0.6103819654061976,2.8502435411405966,3401280000000,
2.1022102703216956,-0.6073233475318329,2.8570443254756412,3401314000000,
2.0918678651817983,-0.6043350353488672,2.863845903741595,3401348000000,
2.0815051845100463,-0.6014174726451632,2.8706469215978063,3401382000000,
2.071090395693895,-0.5985609901569847,2.8774473931959075,3401416000000,
2.0606561988382173,-0.5957756682711917,2.884249224384741,3401450000000,
2.0502034388838397,-0.593061065419878,2.8910498216661895,3401484000000,
2.039699428611275,-0.5904095195508376,2.897850358527814,3401518000000,
2.029177597956216,-0.5878294964443997,2.9046517648991683,3401552000000,
2.0186054959498816,-0.5853131460829286,2.911453654203152,3401586000000,
2.00801634979984,-0.5828690269605574,2.918255766430688,3401620000000,
1.9974109612570419,-0.5804966361054676,2.9250572044670076,3401654000000,
1.9867563253884397,-0.5781896491044769,2.9318568036597044,3401688000000,
1.976086401379214,-0.5759547393310046,2.93865790322044,3401722000000,
1.9654013443154836,-0.5737927958086779,2.945459703569813,3401756000000,
1.9546686660549724,-0.571696743543712,2.952260146727403,3401790000000,
1.9439218955387774,-0.5696738189121613,2.9590613856209473,3401824000000,
1.9331614746469579,-0.5677243524836858,2.9658632578222113,3401858000000,
1.9223547910650083,-0.5658418920022952,2.972664034871422,3401892000000,
1.911535445849204,-0.5640331037689539,2.9794660264977746,3401926000000,
1.9007039413393614,-0.5622982298206807,2.9862671280111104,3401960000000,
1.8898274505321027,-0.5606316378765005,2.9930678971558082,3401994000000,
1.8789398001205568,-0.5590390529228855,2.9998699979333456,3402028000000,
1.8680415049001768,-0.5575207469908169,3.006670153811526,3402062000000,
1.857099586164659,-0.5560717593306226,3.0134707294938856,3402096000000,
1.8461478689238315,-0.5546976716729453,3.0202728631067703,3402130000000,
1.835187234566782,-0.5533975950513013,3.027073442945698,3402164000000,
1.8241840937814353,-0.5521687866440436,3.0338754947143842,3402198000000,
1.8131729721007206,-0.5510144837418713,3.04067635836381,3402232000000,
1.8021541998122799,-0.549935121210805,3.0474780118030997,3402266000000,
1.7910944406167537,-0.5489279759771074,3.054279039005241,3402300000000,
1.7800281474581667,-0.5479956364090013,3.0610811210375313,3402334000000,
1.7689556554202066,-0.5471390155371575,3.0678808932304618,3402368000000,
1.7578438396606306,-0.5463548670942717,3.0746819692804115,3402402000000,
1.7467268006176624,-0.545646707258498,3.0814842864860013,3402436000000,
1.7356053015882542,-0.5450139150801772,3.088285113509416,3402470000000,
1.7244457979773182,-0.5444551005276428,3.0950874027028195,3402504000000,
1.713282704906571,-0.5439722524275246,3.101888400385536,3402538000000,
1.702116525505811,-0.5435654335389438,3.1086889958865878,3402572000000,
1.6909139652534821,-0.5432334034676131,3.1154894650195275,3402606000000,
1.6797092882670492,-0.5429778184845477,3.1222920946727952,3402640000000,
1.668503252711856,-0.5427980173163149,3.129092914313719,3402674000000,
1.6572622128288204,-0.5426945728121956,3.135893705550659,3402708000000,
1.6460207698246643,-0.5426671971968896,-3.1404896267740434,3402742000000,
1.6347793107058948,-0.5427167507503193,-3.13368810067031,3402776000000,
1.6235045879184482,-0.5428426619556491,-3.1268871668286526,3402810000000,
1.612230863277518,-0.5430456559802824,-3.1200850438606444,3402844000000,
1.6009588109234578,-0.5433249340678025,-3.1132846685820343,3402878000000,
1.5896549177530852,-0.5436823794349895,-3.1064842990738435,3402912000000,
1.5783537719787546,-0.5441162136169875,-3.0996824583450335,3402946000000,
1.5670557542131356,-0.544627327483993,-3.092880146286435,3402980000000,
1.5557276505694435,-0.5452167476869687,-3.086079785002737,3403014000000,
1.5444037526315122,-0.5458832276122466,-3.0792778333199133,3403048000000,
1.5330846084526086,-0.5466271558513486,-3.0724759274387505,3403082000000,
1.521736973252749,-0.5474499586986462,-3.0656750138093303,3403116000000,
1.5103950869493092,-0.5483502643567096,-3.058873063415493,3403150000000,
1.4990596244468615,-0.5493273204554613,-3.0520725020867245,3403184000000,
1.4876971973787823,-0.5503850204139107,-3.04527227836853,3403218000000,
1.4763422472735483,-0.5515194785901011,-3.0384711651162726,3403252000000,
1.4649614630356609,-0.5527351805540005,-3.031668436813986,3403286000000,
1.4535892488660425,-0.5540280464774483,-3.024867173429852,3403320000000,
1.4422260217241318,-0.5553982303394437,-3.0180645518837217,3403354000000,
1.4308387112058747,-0.5568502450159181,-3.0112642157614395,3403388000000,
1.4194615028507622,-0.5583792631634554,-3.004463345382221,3403422000000,
1.4080949221018155,-0.559986018303352,-2.9976616065620663,3403456000000,
1.396706000386571,-0.5616746271373658,-2.9908609714671286,3403490000000,
1.3853287701876245,-0.5634407380774843,-2.984059873691367,3403524000000,
1.373963812107971,-0.5652843828406544,-2.977257974618747,3403558000000,
1.3625781166525919,-0.5672108897070797,-2.9704557117066472,3403592000000,
1.3512058000361955,-0.5692147145891576,-2.9636553697723196,3403626000000,
1.3398473153205752,-0.5712961630131129,-2.956853488782623,3403660000000,
1.328469956768983,-0.5734606948556553,-2.9500514849551904,3403694000000,
1.317107532965043,-0.575702953696315,-2.943250161871789,3403728000000,
1.305760640099864,-0.5780222746185018,-2.9364500589226887,3403762000000,
1.2943965825723314,-0.5804256838681656,-2.929647470770007,3403796000000,
1.2830490789771847,-0.5829062158877847,-2.922846536181937,3403830000000,
1.2717186410036534,-0.5854641845544045,-2.916045845653087,3403864000000,
1.260372851526517,-0.5881064693532343,-2.909243705303877,3403898000000,
1.2490451913318454,-0.5908263071073526,-2.902442137680857,3403932000000,
1.2377363220904107,-0.5936230175567732,-2.8956401922315536,3403966000000,
1.226413837407176,-0.5965050349490322,-2.8888396797644265,3404000000000,
1.2151112003149498,-0.599463692383249,-2.882038248820705,3404034000000,
1.2038289704026994,-0.6024992303644467,-2.8752368448432826,3404068000000,
1.1925349426825211,-0.6056208018871512,-2.86843532816861,3404102000000,
1.181262323732272,-0.6088185710318359,-2.8616343340286443,3404136000000,
1.1700117106847774,-0.6120933913254673,-2.8548326613301604,3404170000000,
1.1587510875106135,-0.6154539790695469,-2.8480307012124504,3404204000000,
1.147513525872751,-0.6188914689917869,-2.841228920930428,3404238000000,
1.1362996080345766,-0.6224053947340231,-2.8344263807292345,3404272000000,
1.1250774540544017,-0.6260055668201626,-2.827625931876713,3404306000000,
1.1138800550522379,-0.6296824206402047,-2.8208252458662546,3404340000000,
1.102707907850581,-0.6334347922456456,-2.814025149151474,3404374000000,
1.0915294591748872,-0.637274168122434,-2.80722358209877,3404408000000,
1.0803773728246207,-0.641189793810988,-2.8004217874894617,3404442000000,
1.0692521377435982,-0.6451807347021387,-2.7936190699469607,3404476000000,
1.0581224401171665,-0.6492593194589537,-2.786817485277813,3404510000000,
1.0470207097641924,-0.6534136117214077,-2.7800151807018927,3404544000000,
1.0359474145454335,-0.657643018848113,-2.773214199268546,3404578000000,
1.0248715680535794,-0.6619604312397426,-2.766412891344515,3404612000000,
1.0138252595497814,-0.6663524575021111,-2.7596115741514646,3404646000000,
1.002777668878489,-0.6708327273198074,-2.7528109217782974,3404680000000,
0.9917607442875821,-0.6753876712738655,-2.7460097481499983,3404714000000,
0.9807751177411687,-0.6800179031126183,-2.7392083084760266,3404748000000,
0.9697899432765612,-0.6847356349678219,-2.732406046063389,3404782000000,
0.9588371388018695,-0.6895284822773076,-2.725603324107996,3404816000000,
0.9479171075288358,-0.6943953309809929,-2.718801529412951,3404850000000,
0.9369995771653141,-0.6993507419660204,-2.7120013425430183,3404884000000,
0.9261159473704478,-0.7043801089088366,-2.705199167056313,3404918000000,
0.9152667846287298,-0.7094834492080508,-2.6983984041060487,3404952000000,
0.9044219492309564,-0.7146749894977517,-2.69159744600379,3404986000000,
0.8936126393826991,-0.719940186192862,-2.6847963094337226,3405020000000,
0.8828394208236376,-0.7252790222442731,-2.6779935709102882,3405054000000,
0.8720723492396713,-0.7307059017538746,-2.671191555825786,3405088000000,
0.861342484233172,-0.7362062843418152,-2.6643913872233655,3405122000000,
0.8506502081733976,-0.7417792537392539,-2.6575883794917567,3405156000000,
0.8399661627842473,-0.7474409782778904,-2.6507871044519455,3405190000000,
0.8293208493778622,-0.7531752519194005,-2.6439855807988204,3405224000000,
0.8187146801108617,-0.7589814836414474,-2.637184942106121,3405258000000,
0.808118695869406,-0.7648766456367213,-2.630383342855999,3405292000000,
0.7975629018181271,-0.7708432604612664,-2.623582086234199,3405326000000,
0.787048026974856,-0.7768819408668494,-2.616779080141961,3405360000000,
0.7765450259804583,-0.7830088094013306,-2.6099783677009833,3405394000000,
0.7660840505988739,-0.7892074487040663,-2.603177042725911,3405428000000,
0.7556653013123219,-0.7954765045858306,-2.596374613050796,3405462000000,
0.745260621520699,-0.8018344569901191,-2.5895730797633036,3405496000000,
0.734899290989809,-0.8082627006415435,-2.5827719398849935,3405530000000,
0.7245820116201095,-0.8147615684875683,-2.575971016462691,3405564000000,
0.7142805044103573,-0.821348548469849,-2.569168218036751,3405598000000,
0.7040240133561998,-0.8280055428378287,-2.562366692134396,3405632000000,
0.6938131113086387,-0.8347324018969176,-2.5555651746918953,3405666000000,
0.683619778083508,-0.8415469292604557,-2.548764566675621,3405700000000,
0.6734731858957805,-0.8484311088888521,-2.541962443963841,3405734000000,
0.6633735028715374,-0.8553837329624419,-2.5351604092451696,3405768000000,
0.6532936639120887,-0.8624247271580319,-2.5283595211339094,3405802000000,
0.6432617850532651,-0.8695337863231586,-2.5215571112149697,3405836000000,
0.6332785300613907,-0.8767110773181024,-2.514755140543921,3405870000000,
0.6233169400655739,-0.8839762296200959,-2.507954094819578,3405904000000,
0.6134049136082628,-0.8913088631641211,-2.5011534689638593,3405938000000,
0.6035157958269288,-0.8987289978803992,-2.4943507114482277,3405972000000,
0.593677519667914,-0.9062166755681685,-2.48754863216544,3406006000000,
0.5838901482264848,-0.9137705784191683,-2.4807471235679626,3406040000000,
0.5741278276278353,-0.9214122550191566,-2.4739465429939407,3406074000000,
0.5644175506380037,-0.9291198711494449,-2.467144836898277,3406108000000,
0.5547599817235561,-0.9368934792706195,-2.46034319067132,3406142000000,
0.5451292482118681,-0.9447541265388932,-2.453540446419968,3406176000000,
0.5355521057432354,-0.9526799625395322,-2.4467395986134357,3406210000000,
0.5260292211520643,-0.9606710167268907,-2.4399372814692604,3406244000000,
0.5165348173157137,-0.9687482246602146,-2.433135943870057,3406278000000,
0.5070957466485977,-0.9768902819909625,-2.4263340767909125,3406312000000,
0.4977120458831638,-0.9850959780926578,-2.4195326651726003,3406346000000,
0.48835915856390766,-0.9933882026292261,-2.412731800139851,3406380000000,
0.4790627993477851,-1.0017437550004265,-2.405929309424823,3406414000000,
0.46982354015659455,-1.0101624088370742,-2.3991281755510987,3406448000000,
0.4606166898758375,-1.0186664772633398,-2.3923262975874198,3406482000000,
0.45146802548242054,-1.0272332484810072,-2.3855235067415608,3406516000000,
0.4423777022943053,-1.035861843094303,-2.3787220443026476,3406550000000,
0.43332196778098864,-1.0445759164675967,-2.3719209025782586,3406584000000,
0.42432543881630147,-1.0533510319166315,-2.3651195263428666,3406618000000,
0.41538900937857764,-1.0621875068316948,-2.358318338498833,3406652000000,
0.4064888419330537,-1.0711084832181867,-2.3515156910940753,3406686000000,
0.3976495994922859,-1.0800898712884595,-2.3447144416191774,3406720000000,
0.38887150285265953,-1.089130914022016,-2.337912413667519,3406754000000,
0.3801316967470524,-1.0982560569560442,-2.3311102970326103,3406788000000,
0.37145434614656164,-1.1074407838474538,-2.3243082999834264,3406822000000,
0.3628393171687745,-1.1166838433062258,-2.317507430320811,3406856000000,
0.3542646252102022,-1.1260106851831388,-2.310705876535808,3406890000000,
0.34575328104715286,-1.1353953071138545,-2.3039038297280197,3406924000000,
0.33730617167786575,-1.1448379257530403,-2.297101813168223,3406958000000,
0.32890105454405755,-1.154363315191996,-2.2902986370949203,3406992000000,
0.32056069850277163,-1.1639454106983267,-2.2834979103896256,3407026000000,
0.3122859145860809,-1.173584295672998,-2.2766965181337695,3407060000000,
0.30405479868831015,-1.1833049360345642,-2.269895912659002,3407094000000,
0.2958898917553895,-1.1930812381875988,-2.2630945959547475,3407128000000,
0.28779170707738416,-1.2029129110260501,-2.2562928434834384,3407162000000,
0.27973928509592627,-1.21282589899042,-2.2494903160798647,3407196000000,
0.27175456729993924,-1.2227936208918995,-2.242686765310297,3407230000000,
0.2638375016242,-1.232815050359605,-2.2358847310980483,3407264000000,
0.25596819595231785,-1.2429172326710232,-2.2290830933685504,3407298000000,
0.24816769488799448,-1.2530726943717263,-2.2222806012916734,3407332000000,
0.2404363331396697,-1.2632808554626547,-2.2154812370502577,3407366000000,
0.23275425600541122,-1.27356856059555,-2.208680373913249,3407400000000,
0.2251425779741952,-1.28390859540545,-2.2018785893309296,3407434000000,
0.2176010946579922,-1.294299780151832,-2.1950768696110448,3407468000000,
0.21011073933463825,-1.3047696439033516,-2.1882734545024864,3407502000000,
0.2026920978624104,-1.3152906169100134,-2.1814702991387365,3407536000000,
0.19532541367483605,-1.3258892657125059,-2.1746678089980587,3407570000000,
0.1880312509763565,-1.3365381468471929,-2.1678669376634967,3407604000000,
0.1808095903298476,-1.3472363472218143,-2.161065351955267,3407638000000,
0.17364193529806426,-1.3580115875358778,-2.1542653065855184,3407672000000,
0.16654791879247713,-1.3688355979055042,-2.147463949944664,3407706000000,
0.15952740559752407,-1.379707288109454,-2.1406629566851487,3407740000000,
0.15256283058630754,-1.390655135312146,-2.133859793079417,3407774000000,
0.1456731502583128,-1.4016503963620313,-2.1270557552373175,3407808000000,
0.13885809709145422,-1.4126919706215175,-2.1202533725848256,3407842000000,
0.13210095076152065,-1.4238089536985448,-2.1134521625602325,3407876000000,
0.1254193291710345,-1.4349715087792025,-2.106650608400444,3407910000000,
0.11881384507810612,-1.4461793227813693,-2.0998509180139204,3407944000000,
0.11226773292090451,-1.4574612106975295,-2.093048561482419,3407978000000,
0.10579837901466627,-1.4687872661424533,-2.0862466459098052,3408012000000,
0.09940634932262318,-1.4801571834616527,-2.079444024951765,3408046000000,
0.09307522141590147,-1.4915998694022032,-2.0726414963926145,3408080000000,
0.08682241891138003,-1.5030856984538827,-2.0658390157940465,3408114000000,
0.08064746693699264,-1.5146134373541265,-2.0590383008371314,3408148000000,
0.07453533120442811,-1.5262130466274733,-2.0522360423947585,3408182000000,
0.06850245629228685,-1.5378542036426908,-2.0454343959912524,3408216000000,
0.0625486416520115,-1.5495359714317465,-2.03863174279725,3408250000000,
0.05665934241891326,-1.5612884173096733,-2.0318317440480085,3408284000000,
0.05085000324625472,-1.573080603065288,-2.0250295376618928,3408318000000,
0.04512130544629754,-1.5849122085972365,-2.0182272569775277,3408352000000,
0.039458225216793166,-1.5968128380760183,-2.011425227737876,3408386000000,
0.03387629388931638,-1.6087518168873742,-2.0046223713596856,3408420000000,
0.02837600943295766,-1.6207287297580895,-1.9978206281614495,3408454000000,
0.022942909145172326,-1.6327734516901184,-1.9910182886065482,3408488000000,
0.017592140893876975,-1.6448551166217211,-1.984217278205448,3408522000000,
0.012323703365117749,-1.6569729580629733,-1.9774148466093644,3408556000000,
0.007124201390634748,-1.6691573766424321,-1.9706138956865682,3408590000000,
0.0020079939510824992,-1.6813771252320346,-1.9638118583457431,3408624000000,
-0.003025165044931964,-1.6936312228850186,-1.9570105677140106,3408658000000,
-0.007987651978956546,-1.7059506897948757,-1.9502082562969763,3408692000000,
-0.012865933441062334,-1.7183038617664412,-1.9434051266538446,3408726000000,
-0.017660475076204194,-1.7306897162258785,-1.9366022970036019,3408760000000,
-0.022382369939665143,-1.7431398538609106,-1.929801244323031,3408794000000,
-0.02701944905639105,-1.7556219207606796,-1.9229989684701245,3408828000000,
-0.031583422365549466,-1.768166951019086,-1.9161981882347872,3408862000000,
-0.036061651349244,-1.7807429729400113,-1.9093963261700004,3408896000000,
-0.040454431605625896,-1.7933490027871188,-1.9025951111837038,3408930000000,
-0.044772456381389956,-1.8060166814488172,-1.8957917334335046,3408964000000,
-0.04900393536133736,-1.8187136388436338,-1.8889888502369514,3408998000000,
-0.053149014317939745,-1.8314390915489305,-1.882186234839966,3409032000000,
-0.05721785337082512,-1.8442247304390407,-1.8753860110107963,3409066000000,
-0.06119935923564535,-1.857037964341776,-1.8685840723901042,3409100000000,
-0.06509399084475674,-1.869877746773771,-1.861783167172907,3409134000000,
-0.06891083093179995,-1.8827762867287197,-1.8549799792169717,3409168000000,
-0.07263947885369931,-1.8957007123567284,-1.8481774771867279,3409202000000,
-0.0762805931791977,-1.9086500141437894,-1.8413746780479463,3409236000000,
-0.07984215384359711,-1.921656704425245,-1.8345732547554938,3409270000000,
-0.08331528891421298,-1.9346873238853115,-1.8277710830876417,3409304000000,
-0.08669969751955728,-1.9477412626057486,-1.820970223385236,3409338000000,
-0.09000363558360287,-1.9608507886379403,-1.814168317327988,3409372000000,
-0.09321803275578278,-1.9739826536864833,-1.8073661199050286,3409406000000,
-0.09634339254562561,-1.987135888155368,-1.8005646765534489,3409440000000,
-0.09938667899421712,-2.000343271837116,-1.7937603209656139,3409474000000,
-0.1023402026076417,-2.0135710240680775,-1.7869587359310208,3409508000000,
-0.10520333913845614,-2.0268187317507316,-1.7801567467617625,3409542000000,
-0.10798366254021201,-2.0401186895902,-1.7733547186588796,3409576000000,
-0.11067304756546138,-2.0534374491030016,-1.7665534682865363,3409610000000,
-0.11327217465179878,-2.066774047963518,-1.7597527337221812,3409644000000,
-0.11578672648727967,-2.0801613949485716,-1.752950202184634,3409678000000,
-0.11820978552406497,-2.0935656983297513,-1.7461480970203664,3409712000000,
-0.12054220399685583,-2.10698597457963,-1.7393440452201085,3409746000000,
-0.12278839065236044,-2.120455468037187,-1.7325418877994563,3409780000000,
-0.12494298696283407,-2.133939974828128,-1.7257393391412326,3409814000000,
-0.127005958419994,-2.1474387581808227,-1.7189386617739917,3409848000000,
-0.1289819705839141,-2.160984861067537,-1.712136735247204,3409882000000,
-0.13086542165653814,-2.174544254903776,-1.7053354193746444,3409916000000,
-0.13265718163565685,-2.1881159330662787,-1.698533914983464,3409950000000,
-0.13436035982340602,-2.201733335121039,-1.6917303383278726,3409984000000,
-0.13597135114548822,-2.2153619024679654,-1.6849272739469883,3410018000000,
-0.13748911918333567,-2.2290012725579063,-1.6781252695211502,3410052000000,
-0.13891767829909346,-2.242684435840685,-1.6713220309333339,3410086000000,
-0.1402530722109981,-2.2563770114441217,-1.6645223657279797,3410120000000,
-0.14149567820445433,-2.270078272766088,-1.6577213248814262,3410154000000,
-0.14264780746502054,-2.2838215139423372,-1.6509187416086435,3410188000000,
-0.14370609850719768,-2.297572384138986,-1.6441162485025804,3410222000000,
-0.14467132681660413,-2.311330053901784,-1.6373125205762848,3410256000000,
-0.14554466427728727,-2.3251279499513453,-1.6305106904623694,3410290000000,
-0.14632423685165352,-2.3389315055265802,-1.623708184058686,3410324000000,
-0.14701155476480723,-2.3527739313406832,-1.6169068993159774,3410358000000,
-0.14760482648496492,-2.366620725613098,-1.6101050975337887,3410392000000,
-0.14810359516256336,-2.380471301343608,-1.6033034070641747,3410426000000,
-0.14850965923772128,-2.3943587735292926,-1.5965003665416877,3410460000000,
-0.14882081427138127,-2.4082488389527525,-1.5896986086785576,3410494000000,
-0.14903774060399852,-2.4221406962775203,-1.582895948873773,3410528000000,
-0.14916026630745485,-2.4360676701704196,-1.5760935482763145,3410562000000,
-0.1491879286344697,-2.4499952447004154,-1.5692904564901382,3410596000000,
-0.1491210648931576,-2.4639225952032935,-1.5624901790450192,3410630000000,
-0.1489592616800146,-2.4778831118363125,-1.5556886782394543,3410664000000,
-0.14870244504829297,-2.4918422376581204,-1.5488863967963453,3410698000000,
-0.14835028590948443,-2.505799326233706,-1.5420847417087247,3410732000000,
-0.1479027371164097,-2.519787563478657,-1.535280093065555,3410766000000,
-0.1473595031221059,-2.533772545461537,-1.528477357492603,3410800000000,
-0.14672122484496244,-2.547753555058109,-1.5216747867218872,3410834000000,
-0.14598625387122688,-2.5617637755063933,-1.5148729053374597,3410868000000,
-0.14515585281663965,-2.57576874928701,-1.5080722871433407,3410902000000,
-0.14423001691484588,-2.5897677328923057,-1.501271972161602,3410936000000,
-0.143207106838617,-2.60379390069734,-1.4944697533592957,3410970000000,
-0.14208867305722145,-2.6178128319482425,-1.4876656460681197,3411004000000,
-0.14087450166317866,-2.631823833621018,-1.4808627929385378,3411038000000,
-0.1395621681343406,-2.645860104131169,-1.474058653740312,3411072000000,
-0.13815425662307199,-2.6598871548082577,-1.4672572402006872,3411106000000,
-0.13665076908753657,-2.6739043580921464,-1.460456514724198,3411140000000,
-0.13504854826193963,-2.6879446770063615,-1.453656233080221,3411174000000,
-0.13335086091572412,-2.701973818207762,-1.4468539929080588,3411208000000,
-0.13155733193968416,-2.7159911036698627,-1.4400502463925682,3411242000000,
-0.12966455521448267,-2.7300294632870843,-1.433247113190244,3411276000000,
-0.12767572915581818,-2.7440546934933874,-1.4264437740367923,3411310000000,
-0.12559203398053442,-2.7580661467341696,-1.4196412770238294,3411344000000,
-0.123407421192156,-2.7720966059932066,-1.4128411109686705,3411378000000,
-0.12112777594504309,-2.7861119378960724,-1.4060398008908772,3411412000000,
-0.11875256856585137,-2.8001114307671324,-1.3992373954724957,3411446000000,
-0.11627645397580368,-2.814127804831191,-1.392435380046488,3411480000000,
-0.11370505303846712,-2.828127120299485,-1.3856309498131785,3411514000000,
-0.11103220214780189,-2.842141935265304,-1.3788281434432792,3411548000000,
-0.10826365598032237,-2.8561383432785417,-1.372025916665213,3411582000000,
-0.105400482073043,-2.8701156217895525,-1.3652234453934973,3411616000000,
-0.10243464414147442,-2.884106276513631,-1.3584234913287958,3411650000000,
-0.09937428551959186,-2.898076495729749,-1.3516225720464323,3411684000000,
-0.09621895825909405,-2.9120255236224755,-1.344819383587638,3411718000000,
-0.0929606914793411,-2.9259858077777166,-1.3380153710654215,3411752000000,
-0.08960799337523831,-2.939923697258924,-1.331211887996147,3411786000000,
-0.08616008272383327,-2.9538384757769047,-1.3244100710473268,3411820000000,
-0.08260961365393922,-2.96776238103563,-1.3176086836112488,3411854000000,
-0.07896413567628936,-2.9816618664923262,-1.310807485013947,3411888000000,
-0.07522456041247545,-2.9955362079047707,-1.3040057820001787,3411922000000,
-0.07138145200413591,-3.0094174917885423,-1.2972025897474742,3411956000000,
-0.06744385741279917,-3.0232723371787094,-1.2904002116179527,3411990000000,
-0.06341255621042012,-3.0371001061051137,-1.283595347325824,3412024000000,
-0.05927711102490349,-3.0509326622436905,-1.2767936813878307,3412058000000,
-0.05504759928690731,-3.064736805452278,-1.2699917021840725,3412092000000,
-0.050724624671479576,-3.078511929709312,-1.2631914918196727,3412126000000,
-0.046297661005081425,-3.092289618191866,-1.2563894705033367,3412160000000,
-0.0417767753413925,-3.106036858318654,-1.249585723664518,3412194000000,
-0.037162531852736026,-3.1197530338737525,-1.2427838710698698,3412228000000,
-0.03244448832701399,-3.1334696418468324,-1.235979866684502,3412262000000,
-0.02763273100097865,-3.1471538462177033,-1.2291770170948828,3412296000000,
-0.02272809899077713,-3.160805031039133,-1.2223751265305027,3412330000000,
-0.017719175342496788,-3.174454468455148,-1.2155745342586668,3412364000000,
-0.012617518824621464,-3.188069535967134,-1.2087728297467455,3412398000000,
-0.007422998881264872,-3.2016495053056655,-1.2019693150561788,3412432000000,
-0.0021241961227620315,-3.215225511535091,-1.19516702529954,3412466000000,
0.003266651890595241,-3.2287651838173947,-1.188364158863169,3412500000000,
0.008749907862512488,-3.2422678369317848,-1.1815605650470598,3412534000000,
0.014337584659859624,-3.2557643104417395,-1.174758308951032,3412568000000,
0.02001705955574792,-3.2692225132213597,-1.1679574065409408,3412602000000,
0.025788095798208985,-3.2826417574763154,-1.1611546944361566,3412636000000,
0.03166390533070014,-3.2960525351857477,-1.154353571239477,3412670000000,
0.03763044970966832,-3.30942309722193,-1.147550516260329,3412704000000,
0.04368794156638361,-3.3227527365845155,-1.1407473458651876,3412738000000,
0.04985056763989421,-3.3360715666557335,-1.1339454009783696,3412772000000,
0.05610316092136236,-3.349348324045042,-1.1271427782543917,3412806000000,
0.06244644407050516,-3.3625821369197926,-1.1203389266272372,3412840000000,
0.06889391736740315,-3.3758031868266163,-1.1135372458663375,3412874000000,
0.07543170394444289,-3.3889800048479204,-1.1067350041011308,3412908000000,
0.08205868275909617,-3.4021121420054405,-1.0999319720221756,3412942000000,
0.08879083501948416,-3.415228936358226,-1.0931312196310443,3412976000000,
0.09561149174482782,-3.4282998206640083,-1.086329545080836,3413010000000,
0.1025209080087061,-3.441323982276295,-1.0795268993842426,3413044000000,
0.10953505838762997,-3.4543306550439112,-1.0727240660151227,3413078000000,
0.11663757211600533,-3.467289337138288,-1.0659206222196072,3413112000000,
0.12384463740931567,-3.4802290656643446,-1.0591153772537008,3413146000000,
0.13113942250029495,-3.493119583721345,-1.0523144075778064,3413180000000,
0.13852209755352646,-3.50596009412906,-1.0455128719226012,3413214000000,
0.14600854890265985,-3.5187795866117706,-1.0387101817658486,3413248000000,
0.15358264944831476,-3.531547675583212,-1.031910323099393,3413282000000,
0.16124286831901033,-3.544264145571342,-1.0251087270051702,3413316000000,
0.16900716900158,-3.556957126782563,-1.0183039612887894,3413350000000,
0.17685787830381705,-3.5695969406508747,-1.01149982543286,3413384000000,
0.1847944118239021,-3.5821830505325787,-1.0046972383120745,3413418000000,
0.1928346843358742,-3.5947434885478753,-0.9978934831392317,3413452000000,
0.20096004014184415,-3.6072490781469218,-0.9910935768368982,3413486000000,
0.20917074036283256,-3.619698948935378,-0.9842923968047762,3413520000000,
0.21748410359692366,-3.6321211939733304,-0.9774899178559403,3413554000000,
0.2258824449697401,-3.644486341257348,-0.9706862723710094,3413588000000,
0.23436442119720305,-3.6567941909826267,-0.9638833375801173,3413622000000,
0.24294924597249515,-3.6690719124180475,-0.957080500416064,3413656000000,
0.2516174946018691,-3.681290934960872,-0.9502782296018997,3413690000000,
0.2603688491139894,-3.6934506341117244,-0.9434756388713671,3413724000000,
0.269222797532236,-3.7055779399860134,-0.9366732171678197,3413758000000,
0.27815866508623566,-3.717644985731626,-0.929871715586372,3413792000000,
0.28717697884800325,-3.7296507202237636,-0.9230681373062352,3413826000000,
0.2962968455994263,-3.7416220603123227,-0.9162661601976949,3413860000000,
0.3054980741056537,-3.753531045343298,-0.9094627838868871,3413894000000,
0.3147804283304538,-3.765376972091163,-0.9026601867038999,3413928000000,
0.32416392586682385,-3.77718623824233,-0.895859971796073,3413962000000,
0.33362738204755815,-3.7889314918296693,-0.8890583274801924,3413996000000,
0.3431709833443301,-3.8006118642491677,-0.8822525519180497,3414030000000,
0.3528149791417497,-3.8122534899459466,-0.8754483429488601,3414064000000,
0.36253845866149687,-3.823829033559557,-0.8686466051411517,3414098000000,
0.37234037996072356,-3.835338240050876,-0.8618434205240737,3414132000000,
0.3822424920559289,-3.846806247219336,-0.85504355177512,3414166000000,
0.3922222276908424,-3.858206747774812,-0.8482430773297531,3414200000000,
0.40227943824345536,-3.8695390012258684,-0.8414391321187532,3414234000000,
0.4124364486324372,-3.880827645720395,-0.8346357887372039,3414268000000,
0.42266947451495346,-3.892047280819578,-0.8278323069774379,3414302000000,
0.43297917988660867,-3.9031967079490824,-0.8210269215820757,3414336000000,
0.44338720769343,-3.9143008692050762,-0.814225050703626,3414370000000,
0.45387118751480204,-3.925333616829369,-0.8074258525063015,3414404000000,
0.46442932895653316,-3.9362952041272714,-0.8006253672182446,3414438000000,
0.4750856278833412,-3.947208905050568,-0.7938208457091701,3414472000000,
0.4858162734286372,-3.9580496811238923,-0.7870154890919169,3414506000000,
0.4966202004103642,-3.9688173907004547,-0.7802120551656566,3414540000000,
0.5075216907580485,-3.9795349107006923,-0.7734124402270613,3414574000000,
0.5184953189342337,-3.9901783983028363,-0.7666099745641928,3414608000000,
0.5295412252278587,-4.000746902341601,-0.7598065510108994,3414642000000,
0.5406838343143822,-4.011263050668673,-0.7530040277212043,3414676000000,
0.5518972030994186,-4.021703606275292,-0.7462004706093458,3414710000000,
0.563206796578581,-4.032090294608812,-0.7393979894795962,3414744000000,
0.574586755387105,-4.042399900360126,-0.7325942471781915,3414778000000,
0.586036545036121,-4.052631896001771,-0.725793464577139,3414812000000,
0.597580992061503,-4.062808319843104,-0.7189919379696004,3414846000000,
0.6091945700554698,-4.072905879031261,-0.7121881702164954,3414880000000,
0.6208767640793524,-4.082924019425508,-0.7053860585525509,3414914000000,
0.6326522202698698,-4.092884813815914,-0.6985834105576467,3414948000000,
0.6444957273672355,-4.102764875569345,-0.6917779586379491,3414982000000,
0.6564057229239099,-4.112564554491851,-0.6849753802241451,3415016000000,
0.6684088831230623,-4.122304057727169,-0.6781741099985275,3415050000000,
0.6804777989574627,-4.131961957809639,-0.6713717047021801,3415084000000,
0.6926125393156555,-4.141537164633104,-0.6645704503704832,3415118000000,
0.7048384700766379,-4.151050841790162,-0.657767748601835,3415152000000,
0.7171288804615468,-4.160481112775602,-0.6509642180491281,3415186000000,
0.7294833144026602,-4.169827409044222,-0.6441610046752744,3415220000000,
0.7419282652821904,-4.179109715517749,-0.6373578105952047,3415254000000,
0.7544361335591816,-4.188307179774102,-0.6305531368370955,3415288000000,
0.7670061628090998,-4.1974195116422255,-0.6237524134866561,3415322000000,
0.7796659192559036,-4.206465506419896,-0.6169501753205284,3415356000000,
0.7923864428644541,-4.215425659903503,-0.6101490712725745,3415390000000,
0.8051677347067311,-4.224298970991316,-0.6033454756284106,3415424000000,
0.8180373261213366,-4.23310405518787,-0.596541632900984,3415458000000,
0.8309664865515745,-4.241821440620049,-0.5897401838735172,3415492000000,
0.843954369217828,-4.250450962142231,-0.5829379008819191,3415526000000,
0.857029404386924,-4.25901017764303,-0.5761318502061789,3415560000000,
0.8701620982419421,-4.267480602199475,-0.5693288555547558,3415594000000,
0.88335247331703,-4.275861159386985,-0.5625277844373591,3415628000000,
0.8966281328241248,-4.284170080035013,-0.5557246357781944,3415662000000,
0.9099602361251388,-4.292388305648481,-0.5489238145421969,3415696000000,
0.9233476717270905,-4.300515949369053,-0.5421224267086633,3415730000000,
0.9368192804514813,-4.308569660820649,-0.5353174688402605,3415764000000,
0.9503457158826001,-4.316531154325644,-0.5285135856356666,3415798000000,
0.9639255950493297,-4.324400891472707,-0.5217119236055202,3415832000000,
0.9775881919281164,-4.332194879024852,-0.5149094725620245,3415866000000,
0.9913038171753397,-4.339895432940561,-0.5081048738883074,3415900000000,
1.0050711925279114,-4.347502969020274,-0.5013021449657745,3415934000000,
1.0189201233073166,-4.355032549553207,-0.49450114615864854,3415968000000,
1.0328200592851382,-4.3624677120360955,-0.4876965340012151,3416002000000,
1.0467700475357848,-4.369808398702892,-0.4808946819535422,3416036000000,
1.060799806688472,-4.377069607031059,-0.47409265100969195,3416070000000,
1.0748789240315755,-4.384234867143055,-0.4672902021354453,3416104000000,
1.0890364199637173,-4.391319891999391,-0.4604883530675576,3416138000000,
1.1032418991290218,-4.398308340108172,-0.45368492398949317,3416172000000,
1.1174948220822076,-4.405199627558521,-0.4468804776655887,3416206000000,
1.1318246693564484,-4.412008821815443,-0.4400748346299382,3416240000000,
1.14620083469507,-4.418719991279037,-0.4332731969307979,3416274000000,
1.160622388388141,-4.4253331920354295,-0.426470858364034,3416308000000,
1.1751192984328618,-4.431862509720804,-0.41966898956450366,3416342000000,
1.1896605830366425,-4.438292732593628,-0.41286838377304164,3416376000000,
1.2042452025369623,-4.444623942784941,-0.4060663484663605,3416410000000,
1.2189035739505338,-4.450869381972844,-0.3992611053422998,3416444000000,
1.2336042089138926,-4.457014791372644,-0.3924565835725398,3416478000000,
1.248346521693297,-4.463059697331044,-0.385654098298053,3416512000000,
1.2631608476452028,-4.469017264741801,-0.378852550255089,3416546000000,
1.278015530826971,-4.474873801165637,-0.3720479571296286,3416580000000,
1.2929096343936226,-4.480629347959389,-0.36524691636569295,3416614000000,
1.307874538824806,-4.486295083779262,-0.35844396177363164,3416648000000,
1.3228774223958712,-4.491859344302294,-0.3516384052841098,3416682000000,
1.3379181700334026,-4.497320776007339,-0.34483643282786686,3416716000000,
1.353027361242576,-4.502691793860256,-0.3380357365855894,3416750000000,
1.368173052442525,-4.507959382073322,-0.33123392654338524,3416784000000,
1.3833538712528635,-4.513124466017989,-0.3244314704256617,3416818000000,
1.3986017874158696,-4.5181966460151965,-0.3176270684438009,3416852000000,
1.4138840436290931,-4.523164615876112,-0.3108222079927825,3416886000000,
1.429199625536213,-4.528028772600303,-0.30401624103701574,3416920000000,
1.4445804888534457,-4.532798561193333,-0.29721533481332996,3416954000000,
1.4599936464773646,-4.537463379793343,-0.2904139278022318,3416988000000,
1.4754379204176007,-4.54202377588197,-0.2836145994763924,3417022000000,
1.4909454885512758,-4.546488403667354,-0.27681112651280837,3417056000000,
1.5064831920913668,-4.550847181364111,-0.27000540057869926,3417090000000,
1.5220502923836012,-4.555099820344889,-0.263201882332901,3417124000000,
1.5376785010390899,-4.559255759341695,-0.2563992969071385,3417158000000,
1.5533348315159177,-4.563304965219742,-0.2495941849223591,3417192000000,
1.5690182820129468,-4.56724783051032,-0.2427929720855376,3417226000000,
1.5847613681420931,-4.571091634390083,-0.2359921258315825,3417260000000,
1.600530075893222,-4.5748288003028,-0.22918791933518207,3417294000000,
1.6163241197385612,-4.578457871146129,-0.2223848859171659,3417328000000,
1.632175368703566,-4.581987320704561,-0.21558186451198766,3417362000000,
1.6480503082481026,-4.585408837852429,-0.20877841389461846,3417396000000,
1.6639814579920806,-4.588729046799132,-0.20197616567127807,3417430000000,
1.6799348888855374,-4.59194073529342,-0.19517506697884307,3417464000000,
1.6959096424642859,-4.595044311242033,-0.18836926952945438,3417498000000,
1.7119387052462627,-4.598044892899723,-0.18156580238450953,3417532000000,
1.7279879171558268,-4.600936238334415,-0.17476219364424758,3417566000000,
1.7440562860215512,-4.603718759837082,-0.167960480797791,3417600000000,
1.760176751554262,-4.606397348120165,-0.1611591291217287,3417634000000,
1.7763152481801276,-4.608965843729348,-0.1543569630177902,3417668000000,
1.7924706130774113,-4.611425094491022,-0.1475547454637934,3417702000000,
1.8086759459935944,-4.613779183467578,-0.1407511492531784,3417736000000,
1.8248970102319,-4.6160227109229295,-0.13394649454026403,3417770000000,
1.8411329596789408,-4.618155889845525,-0.12714187558915846,3417804000000,
1.8574168719111144,-4.620182444952117,-0.1203392491029896,3417838000000,
1.873714067101813,-4.622098857594842,-0.11353855496319382,3417872000000,
1.8900241098756976,-4.623903811716787,-0.1067379451721005,3417906000000,
1.9063796835438698,-4.625601620911782,-0.09993492358875193,3417940000000,
1.9227464273026704,-4.627188181391514,-0.09313025106447335,3417974000000,
1.939123616125126,-4.62866320892345,-0.08632697536329051,3418008000000,
1.9555443873353142,-4.630029253357948,-0.0795250305452906,3418042000000,
1.971973946300633,-4.631284219455209,-0.07272048885960819,3418076000000,
1.9884118219779454,-4.632426960928371,-0.06591897647021215,3418110000000,
2.004890998862822,-4.6334600627510545,-0.059116442025560746,3418144000000,
2.0213768140218877,-4.634381205755794,-0.05231290887770965,3418178000000,
2.037868581830963,-4.635189950932654,-0.045510412189396464,3418212000000,
2.054399420106151,-4.635887735015424,-0.038709044156833516,3418246000000,
2.070934483795017,-4.636473695304227,-0.031906725273824134,3418280000000,
2.087473247946635,-4.63694670299216,-0.025104444834940388,3418314000000,
2.1040487735782403,-4.637308039501023,-0.018300494742636658,3418348000000,
2.1206263267967547,-4.637556846016808,-0.011497162202614526,3418382000000,
2.137205318659619,-4.637692387952708,-0.004692682314938604,3418416000000,
2.153818752967926,-4.63771567172979,0.002109351350436403,3418450000000,
2.170432085857876,-4.637625563928362,0.008911050058814254,3418484000000,
2.187044410421291,-4.63742266929389,0.01571233367595396,3418518000000,
2.2036889384485714,-4.637105905524367,0.022515178222802242,3418552000000,
2.2203309036071004,-4.636675977659857,0.029318223901445974,3418586000000,
2.2369695638612823,-4.636133018220588,0.03612163580181509,3418620000000,
2.253638019219761,-4.635475630790506,0.04292365964121068,3418654000000,
2.270301677030352,-4.6347047143226225,0.049725679040496386,3418688000000,
2.286959725806206,-4.633820308165011,0.056529897327619774,3418722000000,
2.303645237796283,-4.632820890253325,0.06333382011062502,3418756000000,
2.320323663617324,-4.631707645420986,0.07013558881557055,3418790000000,
2.3370280288622056,-4.630478684843755,0.07693833163547309,3418824000000,
2.3537236788019524,-4.629136023713216,0.08374009029997367,3418858000000,
2.370409820894888,-4.6276799266231174,0.09054140731167609,3418892000000,
2.387119476273938,-4.6261069875919265,0.09734496553484813,3418926000000,
2.4038180105695406,-4.624420449911656,0.10414796404022932,3418960000000,
2.4205047030780955,-4.622620602853531,0.11095022384767522,3418994000000,
2.4372124966849613,-4.620703332220226,0.11775257357186295,3419028000000,
2.45390689548522,-4.618672243088099,0.12455522611676904,3419062000000,
2.4705870694552705,-4.616527975391731,0.1313599002203795,3419096000000,
2.48728594637914,-4.6142653762130665,0.13816255830546398,3419130000000,
2.503969158553001,-4.611889390894544,0.1449652904551893,3419164000000,
2.5206358254415298,-4.609399903711179,0.15176819550275994,3419198000000,
2.5373187389920746,-4.606791752873977,0.1585705977716788,3419232000000,
2.553983547800847,-4.604070264563637,0.16536980372363674,3419266000000,
